order_id,order_date,customer_id,customer_segment,customer_age,is_first_order,channel,device,region,product_category,unit_price,units,discount_pct,revenue,cost,margin,shipping_method,shipping_days,returned,rating,payment_method,gift_wrap
ORD-00001,2024-01-01,C0298,Small Business,53,True,Email,Mobile,South,Toys,36.42,3,25,81.94,59.2,22.74,Standard,4,False,5.0,PayPal,False
ORD-00002,2024-01-01,C0032,Consumer,45,True,Email,Tablet,North,Electronics,266.26,2,25,399.39,360.49,38.9,Economy,5,False,4.0,Card,False
ORD-00003,2024-01-01,C0400,Consumer,24,True,Organic Search,Mobile,West,Beauty,25.96,1,25,19.47,12.17,7.3,Standard,8,False,,Apple Pay,False
ORD-00004,2024-01-02,C0954,Consumer,23,True,Organic Search,Desktop,West,Sports,61.17,1,15,51.99,36.28,15.71,Standard,8,False,2.0,Bank Transfer,False
ORD-00005,2024-01-02,C0246,Small Business,35,True,Social,Desktop,West,Sports,71.43,1,30,50.0,45.17,4.83,Standard,7,False,4.0,PayPal,False
ORD-00006,2024-01-02,C1052,Consumer,73,True,Social,Mobile,South,Apparel,59.2,1,0,59.2,31.58,27.62,Standard,3,False,5.0,Card,True
ORD-00007,2024-01-02,C0671,Consumer,70,True,Organic Search,Desktop,North,Toys,49.18,1,10,44.26,28.17,16.09,Standard,6,False,,Card,False
ORD-00008,2024-01-02,C0728,Consumer,35,True,Social,Tablet,West,Apparel,43.6,2,20,69.76,45.51,24.25,Economy,8,False,3.0,PayPal,False
ORD-00009,2024-01-02,C0674,Consumer,73,True,Paid Search,Desktop,West,Apparel,70.14,1,10,63.13,36.95,26.18,Economy,9,False,3.0,Card,True
ORD-00010,2024-01-03,C0529,Consumer,42,True,Paid Search,Mobile,North,Electronics,148.08,1,25,111.06,102.37,8.69,Standard,4,False,3.0,PayPal,False
ORD-00011,2024-01-03,C0400,Consumer,24,False,Organic Search,Mobile,South,Home,86.38,3,0,259.14,148.32,110.82,Express,2,False,,PayPal,False
ORD-00012,2024-01-03,C0906,Enterprise,70,True,Organic Search,Mobile,West,Home,48.72,6,15,248.47,165.47,83.0,Express,4,False,5.0,Apple Pay,True
ORD-00013,2024-01-03,C0153,Consumer,44,True,Email,Mobile,East,Electronics,243.96,2,0,487.92,337.64,150.28,Express,1,True,,PayPal,False
ORD-00014,2024-01-03,C0923,Small Business,24,True,Paid Search,Mobile,South,Apparel,31.74,5,10,142.83,88.46,54.37,Standard,3,False,,Card,False
ORD-00015,2024-01-04,C0268,Consumer,19,True,Direct,Desktop,West,Sports,173.97,2,0,347.94,210.9,137.04,Standard,6,False,,Card,False
ORD-00016,2024-01-04,C1052,Consumer,73,False,Direct,Mobile,South,Home,116.19,1,5,110.38,70.21,40.17,Standard,5,False,3.0,PayPal,False
ORD-00017,2024-01-04,C1088,Consumer,46,True,Direct,Desktop,South,Apparel,79.36,3,15,202.37,121.14,81.23,Express,3,False,5.0,PayPal,True
ORD-00018,2024-01-04,C0885,Consumer,48,True,Social,Desktop,South,Apparel,51.06,4,25,153.18,107.47,45.71,Economy,5,False,3.0,Card,False
ORD-00019,2024-01-04,C0947,Consumer,26,True,Organic Search,Desktop,North,Home,95.41,2,30,133.57,111.59,21.98,Standard,5,False,4.0,Card,True
ORD-00020,2024-01-04,C0954,Consumer,23,False,Direct,Desktop,West,Apparel,44.54,2,10,80.17,47.65,32.52,Economy,8,True,2.0,Card,False
ORD-00021,2024-01-04,C0207,Consumer,48,True,Organic Search,Mobile,East,Sports,61.2,1,20,48.96,35.07,13.89,Standard,4,False,4.0,Card,False
ORD-00022,2024-01-04,C0202,Small Business,18,True,Organic Search,Mobile,East,Beauty,23.61,3,0,70.83,32.54,38.29,Express,3,False,3.0,Card,False
ORD-00023,2024-01-05,C0865,Consumer,54,True,Organic Search,Desktop,South,Apparel,41.36,2,10,74.45,42.57,31.88,Economy,8,False,,Card,False
ORD-00024,2024-01-06,C1147,Small Business,19,True,Social,Mobile,North,Sports,93.1,2,25,139.65,111.29,28.36,Express,3,False,4.0,Apple Pay,True
ORD-00025,2024-01-06,C0106,Consumer,40,True,Social,Desktop,West,Home,82.68,2,0,165.36,97.96,67.4,Express,6,True,2.0,PayPal,False
ORD-00026,2024-01-06,C0062,Enterprise,36,True,Paid Search,Mobile,West,Home,97.14,4,20,310.85,228.25,82.6,Economy,10,False,,Card,False
ORD-00027,2024-01-06,C0800,Consumer,34,True,Social,Desktop,East,Electronics,247.03,1,30,172.92,163.69,9.23,Standard,3,False,4.0,Apple Pay,False
ORD-00028,2024-01-06,C0188,Small Business,33,True,Social,Mobile,North,Home,88.58,1,0,88.58,47.28,41.3,Express,1,False,5.0,Bank Transfer,False
ORD-00029,2024-01-07,C1052,Consumer,73,False,Organic Search,Mobile,North,Electronics,196.77,1,5,186.93,140.18,46.75,Express,3,False,,Card,False
ORD-00030,2024-01-07,C0558,Small Business,22,True,Paid Search,Tablet,East,Electronics,268.77,3,20,645.05,558.43,86.62,Standard,4,False,,PayPal,False
ORD-00031,2024-01-08,C0728,Consumer,35,False,Direct,Mobile,North,Electronics,333.73,1,0,333.73,223.43,110.3,Economy,6,False,3.0,Card,False
ORD-00032,2024-01-08,C0400,Consumer,24,False,Email,Mobile,North,Beauty,39.47,2,15,67.1,36.25,30.85,Economy,6,False,4.0,Card,True
ORD-00033,2024-01-08,C0106,Consumer,40,False,Social,Mobile,West,Apparel,57.37,2,10,103.27,59.53,43.74,Standard,8,False,,Bank Transfer,False
ORD-00034,2024-01-08,C0819,Consumer,52,True,Organic Search,Desktop,South,Home,112.35,1,10,101.12,62.61,38.51,Standard,3,False,5.0,Card,False
ORD-00035,2024-01-08,C0459,Consumer,38,True,Social,Desktop,East,Home,64.8,1,0,64.8,38.49,26.31,Standard,3,False,4.0,Card,False
ORD-00036,2024-01-09,C0670,Consumer,29,True,Paid Search,Desktop,North,Electronics,269.3,3,5,767.5,519.11,248.39,Standard,4,False,,Card,False
ORD-00037,2024-01-09,C1052,Consumer,73,False,Email,Mobile,South,Home,91.01,1,25,68.26,53.0,15.26,Standard,3,False,4.0,Card,False
ORD-00038,2024-01-09,C0921,Consumer,53,True,Email,Mobile,West,Home,102.92,2,10,185.26,118.44,66.82,Standard,8,False,,Card,False
ORD-00039,2024-01-09,C0265,Consumer,47,True,Paid Search,Mobile,West,Apparel,31.58,3,0,94.74,48.63,46.11,Economy,8,False,3.0,PayPal,False
ORD-00040,2024-01-09,C1052,Consumer,73,False,Paid Search,Desktop,West,Sports,58.1,1,0,58.1,34.57,23.53,Standard,6,False,,Card,False
ORD-00041,2024-01-09,C1052,Consumer,73,False,Organic Search,Mobile,East,Apparel,73.85,3,5,210.47,110.56,99.91,Economy,7,False,3.0,PayPal,False
ORD-00042,2024-01-10,C0469,Small Business,56,True,Paid Search,Desktop,East,Electronics,208.37,2,10,375.07,285.91,89.16,Express,2,False,5.0,Card,False
ORD-00043,2024-01-10,C0270,Small Business,21,True,Social,Desktop,North,Apparel,54.07,2,10,97.33,57.35,39.98,Express,1,False,5.0,PayPal,False
ORD-00044,2024-01-10,C0226,Consumer,36,True,Email,Desktop,South,Home,54.97,3,10,148.42,93.85,54.57,Standard,3,False,4.0,Card,True
ORD-00045,2024-01-11,C1096,Small Business,55,True,Affiliate,Mobile,North,Home,100.39,3,0,301.17,174.1,127.07,Standard,4,False,,Card,False
ORD-00046,2024-01-11,C0822,Consumer,25,True,Affiliate,Mobile,North,Sports,61.69,4,0,246.76,151.89,94.87,Standard,3,False,4.0,Card,False
ORD-00047,2024-01-11,C0152,Consumer,46,True,Direct,Mobile,East,Home,78.42,1,10,70.58,45.27,25.31,Express,3,False,5.0,PayPal,False
ORD-00048,2024-01-11,C0431,Consumer,64,True,Affiliate,Desktop,East,Sports,108.9,2,10,196.02,140.19,55.83,Standard,5,True,3.0,Card,False
ORD-00049,2024-01-11,C0728,Consumer,35,False,Email,Desktop,South,Beauty,34.25,1,0,34.25,15.9,18.35,Standard,3,False,5.0,Apple Pay,False
ORD-00050,2024-01-11,C0781,Consumer,47,True,Direct,Desktop,South,Beauty,31.42,2,0,62.84,28.75,34.09,Standard,3,False,,Card,False
ORD-00051,2024-01-11,C0237,Small Business,74,True,Paid Search,Desktop,South,Home,55.45,2,15,94.26,65.58,28.68,Standard,4,False,5.0,Apple Pay,False
ORD-00052,2024-01-12,C0555,Consumer,73,True,Paid Search,Mobile,West,Apparel,32.67,1,0,32.67,15.89,16.78,Standard,7,False,5.0,Card,False
ORD-00053,2024-01-12,C0175,Consumer,26,True,Direct,Desktop,South,Apparel,42.77,2,10,76.99,43.78,33.21,Standard,6,False,4.0,Apple Pay,False
ORD-00054,2024-01-12,C0947,Consumer,26,False,Paid Search,Desktop,North,Beauty,42.12,2,0,84.24,38.41,45.83,Express,3,False,,Card,False
ORD-00055,2024-01-12,C0302,Consumer,50,True,Social,Mobile,East,Sports,83.29,2,25,124.94,103.32,21.62,Standard,6,False,,Card,False
ORD-00056,2024-01-12,C0327,Consumer,61,True,Affiliate,Mobile,West,Electronics,216.32,1,5,205.5,149.28,56.22,Standard,6,False,,Card,False
ORD-00057,2024-01-12,C0362,Small Business,46,True,Email,Mobile,North,Apparel,47.96,4,0,191.84,99.68,92.16,Standard,5,False,3.0,Card,False
ORD-00058,2024-01-12,C0822,Consumer,25,False,Organic Search,Mobile,East,Electronics,174.71,1,0,174.71,121.73,52.98,Standard,5,False,4.0,PayPal,False
ORD-00059,2024-01-12,C0948,Small Business,31,True,Paid Search,Mobile,North,Home,118.29,1,10,106.46,69.92,36.54,Express,3,False,5.0,Card,False
ORD-00060,2024-01-12,C0819,Consumer,52,False,Email,Mobile,South,Beauty,32.98,2,5,62.66,30.59,32.07,Express,1,False,,Apple Pay,False
ORD-00061,2024-01-12,C0964,Small Business,67,True,Affiliate,Mobile,North,Home,123.41,3,10,333.21,214.83,118.38,Standard,3,False,5.0,Card,False
ORD-00062,2024-01-12,C0679,Consumer,63,True,Organic Search,Mobile,West,Toys,27.53,1,20,22.02,14.97,7.05,Standard,7,False,4.0,PayPal,False
ORD-00063,2024-01-12,C1097,Enterprise,52,True,Social,Mobile,West,Sports,52.59,6,30,220.88,196.99,23.89,Standard,6,True,2.0,Card,False
ORD-00064,2024-01-13,C0671,Consumer,70,False,Direct,Mobile,South,Beauty,32.1,2,15,54.57,30.03,24.54,Express,2,False,5.0,Apple Pay,False
ORD-00065,2024-01-13,C0744,Consumer,28,True,Direct,Desktop,South,Apparel,67.57,3,30,141.9,103.9,38.0,Economy,6,False,,Card,False
ORD-00066,2024-01-13,C0655,Consumer,21,True,Paid Search,Desktop,South,Apparel,64.87,1,0,64.87,34.29,30.58,Standard,3,False,5.0,PayPal,False
ORD-00067,2024-01-13,C0856,Consumer,43,True,Social,Mobile,South,Toys,39.83,2,0,79.66,44.08,35.58,Standard,4,False,,Card,False
ORD-00068,2024-01-13,C0424,Consumer,68,True,Social,Mobile,South,Electronics,158.5,3,20,380.4,319.84,60.56,Standard,4,True,3.0,Card,False
ORD-00069,2024-01-13,C0409,Consumer,24,True,Social,Desktop,South,Beauty,55.93,2,10,100.67,52.58,48.09,Express,1,False,5.0,Card,False
ORD-00070,2024-01-13,C1156,Consumer,49,True,Direct,Mobile,North,Electronics,166.82,2,15,283.59,226.19,57.4,Standard,3,False,5.0,Card,True
ORD-00071,2024-01-14,C0106,Consumer,40,False,Organic Search,Mobile,North,Home,144.5,3,0,433.5,254.33,179.17,Express,4,False,5.0,Card,False
ORD-00072,2024-01-14,C0301,Consumer,20,True,Paid Search,Mobile,North,Apparel,55.7,2,20,89.12,59.92,29.2,Standard,3,False,4.0,Apple Pay,True
ORD-00073,2024-01-14,C0916,Consumer,38,True,Paid Search,Mobile,West,Beauty,39.49,2,0,78.98,35.04,43.94,Economy,8,False,3.0,Apple Pay,False
ORD-00074,2024-01-14,C1073,Consumer,60,True,Direct,Desktop,West,Beauty,33.93,1,0,33.93,14.8,19.13,Express,4,False,,Bank Transfer,False
ORD-00075,2024-01-15,C1052,Consumer,73,False,Social,Mobile,North,Electronics,222.59,1,5,211.46,149.2,62.26,Standard,4,True,,Bank Transfer,False
ORD-00076,2024-01-15,C0840,Consumer,43,True,Organic Search,Mobile,West,Apparel,47.84,3,5,136.34,72.68,63.66,Standard,7,False,,PayPal,True
ORD-00077,2024-01-15,C0365,Consumer,25,True,Organic Search,Mobile,North,Home,66.07,4,20,211.42,158.17,53.25,Standard,3,False,,PayPal,False
ORD-00078,2024-01-15,C0106,Consumer,40,False,Social,Mobile,North,Sports,54.68,1,5,51.95,32.88,19.07,Standard,3,False,5.0,Card,False
ORD-00079,2024-01-15,C0563,Consumer,73,True,Email,Tablet,East,Home,58.49,2,20,93.58,65.55,28.03,Standard,4,False,4.0,PayPal,False
ORD-00080,2024-01-15,C0613,Enterprise,66,True,Affiliate,Desktop,North,Beauty,40.16,4,5,152.61,71.44,81.17,Economy,6,False,4.0,Card,False
ORD-00081,2024-01-16,C1140,Consumer,45,True,Email,Mobile,East,Apparel,33.45,3,0,100.35,52.59,47.76,Economy,6,False,,Apple Pay,False
ORD-00082,2024-01-16,C0265,Consumer,47,False,Organic Search,Desktop,South,Apparel,37.27,5,25,139.76,104.26,35.5,Express,3,False,,Card,False
ORD-00083,2024-01-16,C0454,Small Business,53,True,Paid Search,Desktop,West,Apparel,39.22,2,10,70.6,40.81,29.79,Standard,8,True,2.0,Apple Pay,False
ORD-00084,2024-01-16,C1052,Consumer,73,False,Social,Mobile,West,Apparel,46.37,1,10,41.73,24.66,17.07,Standard,7,False,,Card,True
ORD-00085,2024-01-16,C0534,Consumer,68,True,Social,Mobile,East,Home,97.94,1,0,97.94,57.02,40.92,Economy,6,False,4.0,PayPal,False
ORD-00086,2024-01-16,C0152,Consumer,46,False,Paid Search,Mobile,West,Beauty,40.0,1,20,32.0,18.4,13.6,Standard,6,False,4.0,Card,True
ORD-00087,2024-01-16,C0083,Enterprise,60,True,Organic Search,Mobile,South,Sports,95.95,7,10,604.48,402.67,201.81,Economy,7,True,3.0,Card,False
ORD-00088,2024-01-16,C0153,Consumer,44,False,Email,Mobile,North,Apparel,37.39,1,15,31.78,18.82,12.96,Economy,5,False,4.0,Card,False
ORD-00089,2024-01-16,C0529,Consumer,42,False,Organic Search,Mobile,South,Toys,27.73,3,5,79.03,46.09,32.94,Express,2,False,5.0,Card,False
ORD-00090,2024-01-17,C1052,Consumer,73,False,Social,Mobile,North,Apparel,40.97,1,10,36.87,21.13,15.74,Standard,4,True,3.0,Card,False
ORD-00091,2024-01-17,C0728,Consumer,35,False,Social,Desktop,West,Toys,41.55,1,5,39.47,22.88,16.59,Express,4,False,,PayPal,False
ORD-00092,2024-01-17,C1140,Consumer,45,False,Paid Search,Mobile,West,Apparel,48.44,1,0,48.44,25.57,22.87,Express,4,False,3.0,PayPal,False
ORD-00093,2024-01-17,C0188,Small Business,33,False,Organic Search,Desktop,East,Electronics,251.27,3,25,565.36,487.21,78.15,Express,1,False,,Card,False
ORD-00094,2024-01-17,C0298,Small Business,53,False,Email,Mobile,South,Apparel,47.87,2,25,71.8,49.44,22.36,Express,1,True,5.0,PayPal,False
ORD-00095,2024-01-17,C0265,Consumer,47,False,Email,Desktop,North,Home,79.35,1,0,79.35,45.19,34.16,Standard,4,False,3.0,Card,False
ORD-00096,2024-01-17,C1045,Enterprise,66,True,Email,Mobile,North,Home,75.41,5,10,339.34,209.24,130.1,Economy,7,False,4.0,PayPal,True
ORD-00097,2024-01-17,C1052,Consumer,73,False,Organic Search,Mobile,East,Apparel,52.13,2,30,72.98,55.33,17.65,Standard,4,False,5.0,Card,False
ORD-00098,2024-01-18,C0384,Consumer,33,True,Organic Search,Mobile,East,Apparel,28.35,1,15,24.1,14.46,9.64,Standard,3,False,3.0,Card,False
ORD-00099,2024-01-18,C1052,Consumer,73,False,Direct,Desktop,West,Toys,43.55,1,5,41.37,22.44,18.93,Economy,9,False,,Card,False
ORD-00100,2024-01-18,C0499,Enterprise,37,True,Direct,Mobile,East,Beauty,27.22,7,0,190.54,87.59,102.95,Standard,4,True,,PayPal,False
ORD-00101,2024-01-18,C0558,Small Business,22,False,Paid Search,Desktop,East,Toys,43.12,1,5,40.96,22.93,18.03,Standard,4,False,5.0,Card,False
ORD-00102,2024-01-18,C0497,Consumer,37,True,Email,Mobile,North,Electronics,300.63,2,20,481.01,415.44,65.57,Standard,3,False,,Card,False
ORD-00103,2024-01-18,C0547,Consumer,59,True,Organic Search,Mobile,South,Sports,83.88,3,0,251.64,151.88,99.76,Express,2,False,5.0,Card,False
ORD-00104,2024-01-19,C0117,Small Business,42,True,Organic Search,Mobile,East,Apparel,38.91,1,0,38.91,21.66,17.25,Standard,5,False,5.0,Bank Transfer,False
ORD-00105,2024-01-19,C0405,Consumer,43,True,Organic Search,Desktop,East,Apparel,41.83,1,15,35.56,21.74,13.82,Economy,5,False,,Card,False
ORD-00106,2024-01-19,C0695,Consumer,22,True,Direct,Tablet,North,Home,100.78,2,20,161.25,120.29,40.96,Economy,5,False,5.0,Card,True
ORD-00107,2024-01-20,C0558,Small Business,22,False,Direct,Desktop,West,Beauty,27.48,5,0,137.4,63.63,73.77,Express,5,False,4.0,Card,False
ORD-00108,2024-01-20,C0351,Consumer,74,True,Organic Search,Mobile,North,Apparel,41.58,2,20,66.53,41.38,25.15,Economy,6,False,,Card,False
ORD-00109,2024-01-20,C0188,Small Business,33,False,Social,Desktop,North,Sports,72.0,4,5,273.6,172.29,101.31,Express,2,False,5.0,Apple Pay,False
ORD-00110,2024-01-20,C0236,Consumer,59,True,Paid Search,Mobile,South,Home,79.29,2,25,118.94,92.4,26.54,Standard,4,False,4.0,Apple Pay,False
ORD-00111,2024-01-21,C0670,Consumer,29,False,Social,Mobile,South,Sports,96.02,2,5,182.44,119.54,62.9,Standard,4,False,4.0,Apple Pay,False
ORD-00112,2024-01-21,C0323,Consumer,25,True,Social,Desktop,North,Electronics,198.76,2,20,318.02,266.2,51.82,Standard,3,False,5.0,PayPal,True
ORD-00113,2024-01-21,C0604,Consumer,25,True,Paid Search,Desktop,West,Apparel,40.47,2,20,64.75,41.31,23.44,Express,6,False,,Card,True
ORD-00114,2024-01-21,C0106,Consumer,40,False,Direct,Desktop,North,Electronics,226.5,3,10,611.55,468.87,142.68,Economy,5,False,,Card,False
ORD-00115,2024-01-21,C0643,Consumer,65,True,Email,Desktop,North,Home,51.4,2,15,87.38,60.17,27.21,Standard,3,True,,Card,False
ORD-00116,2024-01-22,C0676,Small Business,50,True,Organic Search,Desktop,North,Toys,31.1,2,15,52.87,36.9,15.97,Express,2,False,5.0,Card,False
ORD-00117,2024-01-22,C0558,Small Business,22,False,Organic Search,Mobile,South,Beauty,27.34,3,10,73.82,38.07,35.75,Express,3,False,5.0,PayPal,False
ORD-00118,2024-01-22,C0297,Consumer,66,True,Email,Desktop,South,Home,50.03,1,0,50.03,27.95,22.08,Standard,4,False,5.0,PayPal,False
ORD-00119,2024-01-23,C0393,Consumer,42,True,Organic Search,Desktop,South,Home,47.68,1,0,47.68,27.62,20.06,Standard,4,False,,Card,False
ORD-00120,2024-01-23,C0236,Consumer,59,False,Paid Search,Mobile,South,Beauty,46.74,2,20,74.78,41.5,33.28,Express,3,True,,Card,False
ORD-00121,2024-01-23,C0987,Consumer,55,True,Organic Search,Mobile,North,Toys,38.35,2,5,72.86,41.35,31.51,Express,1,False,,Card,False
ORD-00122,2024-01-23,C0496,Consumer,60,True,Email,Desktop,South,Toys,30.41,1,20,24.33,16.44,7.89,Standard,6,False,,Bank Transfer,False
ORD-00123,2024-01-23,C0210,Consumer,19,True,Paid Search,Tablet,East,Home,125.09,1,15,106.33,71.5,34.83,Standard,6,False,5.0,Card,False
ORD-00124,2024-01-24,C0756,Consumer,29,True,Affiliate,Mobile,West,Home,77.35,2,10,139.23,89.5,49.73,Standard,7,False,,Apple Pay,False
ORD-00125,2024-01-24,C1074,Consumer,29,True,Social,Mobile,West,Electronics,241.76,1,5,229.67,170.04,59.63,Economy,9,False,,Card,False
ORD-00126,2024-01-25,C0188,Small Business,33,False,Email,Desktop,West,Sports,75.15,1,10,67.64,46.88,20.76,Economy,9,False,,Apple Pay,False
ORD-00127,2024-01-25,C0966,Enterprise,29,True,Email,Desktop,West,Electronics,234.27,6,15,1194.78,980.01,214.77,Standard,7,False,3.0,Apple Pay,False
ORD-00128,2024-01-25,C0298,Small Business,53,False,Direct,Mobile,South,Beauty,38.12,5,15,162.01,81.25,80.76,Express,3,False,5.0,Card,False
ORD-00129,2024-01-25,C0676,Small Business,50,False,Organic Search,Desktop,East,Home,82.23,2,20,131.57,97.47,34.1,Standard,3,False,5.0,PayPal,True
ORD-00130,2024-01-25,C0655,Consumer,21,False,Organic Search,Desktop,South,Apparel,66.09,2,0,132.18,64.72,67.46,Standard,3,False,4.0,Card,False
ORD-00131,2024-01-25,C0062,Enterprise,36,False,Direct,Mobile,West,Sports,84.14,5,15,357.6,252.57,105.03,Express,4,True,3.0,Card,False
ORD-00132,2024-01-25,C0021,Consumer,39,True,Organic Search,Desktop,West,Electronics,291.67,1,25,218.75,190.8,27.95,Economy,8,False,,Card,False
ORD-00133,2024-01-26,C0756,Consumer,29,False,Direct,Mobile,South,Home,111.62,1,5,106.04,66.51,39.53,Standard,4,False,4.0,Card,False
ORD-00134,2024-01-26,C0153,Consumer,44,False,Affiliate,Mobile,West,Home,84.54,2,5,160.63,96.92,63.71,Express,6,False,3.0,Card,False
ORD-00135,2024-01-26,C0122,Consumer,54,True,Paid Search,Mobile,West,Sports,97.24,3,10,262.55,178.81,83.74,Economy,9,False,3.0,Card,True
ORD-00136,2024-01-26,C1052,Consumer,73,False,Organic Search,Mobile,East,Sports,100.94,2,15,171.6,120.61,50.99,Express,2,False,5.0,Card,True
ORD-00137,2024-01-27,C1085,Small Business,33,True,Social,Tablet,North,Beauty,29.91,2,5,56.83,27.7,29.13,Express,1,False,5.0,Card,False
ORD-00138,2024-01-27,C0339,Consumer,41,True,Direct,Mobile,South,Beauty,25.33,1,5,24.06,11.39,12.67,Express,3,False,5.0,PayPal,True
ORD-00139,2024-01-27,C0298,Small Business,53,False,Direct,Desktop,East,Beauty,38.35,4,30,107.38,68.13,39.25,Standard,4,False,5.0,Card,True
ORD-00140,2024-01-27,C1041,Enterprise,31,True,Organic Search,Mobile,South,Beauty,44.05,4,0,176.2,80.68,95.52,Standard,3,False,,Card,False
ORD-00141,2024-01-27,C0763,Small Business,26,True,Paid Search,Mobile,North,Apparel,46.02,4,30,128.86,96.23,32.63,Standard,3,False,4.0,Bank Transfer,False
ORD-00142,2024-01-28,C0943,Small Business,52,True,Social,Desktop,North,Beauty,35.39,3,15,90.24,45.58,44.66,Standard,5,False,,Card,False
ORD-00143,2024-01-28,C0619,Consumer,31,True,Email,Mobile,North,Home,74.73,1,15,63.52,43.43,20.09,Economy,5,False,5.0,Card,False
ORD-00144,2024-01-28,C1134,Consumer,20,True,Social,Mobile,East,Toys,33.86,1,0,33.86,18.26,15.6,Express,2,False,5.0,Apple Pay,False
ORD-00145,2024-01-28,C1169,Consumer,38,True,Email,Desktop,East,Sports,68.54,3,5,195.34,126.36,68.98,Standard,3,False,4.0,Apple Pay,False
ORD-00146,2024-01-28,C0692,Small Business,50,True,Paid Search,Mobile,East,Electronics,238.71,2,10,429.68,309.3,120.38,Express,1,False,5.0,Card,False
ORD-00147,2024-01-28,C0529,Consumer,42,False,Organic Search,Mobile,South,Toys,37.6,1,20,30.08,20.09,9.99,Express,2,False,5.0,Card,False
ORD-00148,2024-01-28,C1010,Consumer,39,True,Email,Tablet,East,Beauty,42.01,2,0,84.02,36.73,47.29,Standard,5,False,4.0,PayPal,True
ORD-00149,2024-01-28,C0090,Small Business,55,True,Affiliate,Mobile,East,Toys,43.91,1,10,39.52,25.08,14.44,Express,1,False,5.0,Card,False
ORD-00150,2024-01-29,C0418,Consumer,67,True,Paid Search,Mobile,North,Sports,92.94,2,0,185.88,110.66,75.22,Standard,6,False,3.0,Card,False
ORD-00151,2024-01-29,C0469,Small Business,56,False,Email,Mobile,East,Electronics,244.63,1,10,220.17,173.88,46.29,Economy,6,False,4.0,Card,False
ORD-00152,2024-01-29,C0400,Consumer,24,False,Organic Search,Desktop,West,Toys,41.39,2,20,66.22,47.52,18.7,Standard,6,False,4.0,Card,False
ORD-00153,2024-01-29,C0947,Consumer,26,False,Organic Search,Tablet,North,Home,65.54,3,0,196.62,112.31,84.31,Standard,4,False,,Bank Transfer,False
ORD-00154,2024-01-29,C1134,Consumer,20,False,Social,Mobile,West,Sports,91.09,1,0,91.09,55.39,35.7,Standard,7,False,4.0,Card,False
ORD-00155,2024-01-29,C0283,Consumer,55,True,Social,Mobile,West,Apparel,50.27,1,0,50.27,25.21,25.06,Standard,6,False,4.0,Bank Transfer,False
ORD-00156,2024-01-29,C0558,Small Business,22,False,Paid Search,Mobile,East,Home,76.27,3,10,205.93,131.06,74.87,Standard,3,False,5.0,Card,True
ORD-00157,2024-01-29,C0518,Consumer,27,True,Direct,Mobile,West,Home,82.75,2,10,148.95,100.14,48.81,Standard,7,False,2.0,Card,False
ORD-00158,2024-01-30,C0728,Consumer,35,False,Social,Desktop,East,Electronics,181.3,3,15,462.32,356.97,105.35,Standard,4,False,4.0,Card,False
ORD-00159,2024-01-30,C0298,Small Business,53,False,Direct,Mobile,North,Apparel,37.45,3,25,84.26,56.51,27.75,Standard,4,False,5.0,Card,False
ORD-00160,2024-01-30,C0785,Consumer,54,True,Organic Search,Mobile,West,Sports,147.9,1,25,110.93,86.9,24.03,Standard,6,True,2.0,Card,False
ORD-00161,2024-01-30,C1052,Consumer,73,False,Email,Mobile,East,Toys,24.94,3,30,52.37,41.97,10.4,Standard,4,False,5.0,Card,False
ORD-00162,2024-01-30,C0789,Small Business,64,True,Social,Mobile,North,Toys,29.49,3,20,70.78,46.84,23.94,Express,2,False,5.0,Apple Pay,False
ORD-00163,2024-01-30,C0679,Consumer,63,False,Organic Search,Mobile,South,Home,89.83,2,20,143.73,106.86,36.87,Standard,4,False,,Card,True
ORD-00164,2024-01-31,C0152,Consumer,46,False,Affiliate,Desktop,West,Home,107.68,1,5,102.3,61.91,40.39,Standard,6,False,4.0,Apple Pay,False
ORD-00165,2024-01-31,C0744,Consumer,28,False,Paid Search,Mobile,South,Beauty,40.44,2,25,60.66,36.46,24.2,Express,3,False,,Card,False
ORD-00166,2024-01-31,C0180,Consumer,36,True,Social,Mobile,North,Sports,63.88,1,20,51.1,38.67,12.43,Standard,3,False,5.0,Card,True
ORD-00167,2024-02-01,C1052,Consumer,73,False,Organic Search,Desktop,South,Sports,55.61,2,0,111.22,67.13,44.09,Express,1,False,,Card,True
ORD-00168,2024-02-01,C0414,Consumer,35,True,Organic Search,Desktop,North,Electronics,168.69,1,5,160.26,115.69,44.57,Standard,4,False,5.0,PayPal,False
ORD-00169,2024-02-01,C0789,Small Business,64,False,Social,Mobile,East,Apparel,33.58,1,10,30.22,17.07,13.15,Express,2,True,,PayPal,False
ORD-00170,2024-02-01,C0670,Consumer,29,False,Social,Mobile,East,Home,127.63,1,5,121.25,73.76,47.49,Economy,7,False,3.0,Card,True
ORD-00171,2024-02-01,C0568,Small Business,53,True,Social,Desktop,West,Apparel,39.95,2,0,79.9,42.28,37.62,Economy,8,False,2.0,Card,False
ORD-00172,2024-02-02,C0851,Consumer,18,True,Social,Desktop,West,Electronics,162.12,3,0,486.36,332.51,153.85,Express,7,True,2.0,PayPal,False
ORD-00173,2024-02-02,C0202,Small Business,18,False,Email,Desktop,East,Home,72.17,1,0,72.17,42.06,30.11,Standard,5,False,3.0,Bank Transfer,False
ORD-00174,2024-02-02,C0237,Small Business,74,False,Paid Search,Mobile,West,Home,91.93,3,0,275.79,157.78,118.01,Express,5,False,4.0,Card,False
ORD-00175,2024-02-02,C0210,Consumer,19,False,Social,Mobile,West,Apparel,53.36,2,10,96.05,54.77,41.28,Standard,11,False,,PayPal,False
ORD-00176,2024-02-02,C0096,Consumer,52,True,Social,Desktop,South,Apparel,53.12,2,10,95.62,53.33,42.29,Standard,3,False,,Card,False
ORD-00177,2024-02-02,C0643,Consumer,65,False,Paid Search,Mobile,South,Sports,76.7,1,10,69.03,46.01,23.02,Economy,8,False,4.0,Bank Transfer,False
ORD-00178,2024-02-03,C0424,Consumer,68,False,Paid Search,Mobile,North,Electronics,221.83,1,0,221.83,160.28,61.55,Standard,4,False,,Card,False
ORD-00179,2024-02-03,C0811,Consumer,42,True,Social,Mobile,West,Home,86.88,1,0,86.88,50.64,36.24,Economy,8,False,,Apple Pay,False
ORD-00180,2024-02-03,C0833,Consumer,58,True,Email,Mobile,West,Beauty,49.32,1,30,34.52,20.95,13.57,Standard,7,False,3.0,PayPal,False
ORD-00181,2024-02-04,C0115,Consumer,58,True,Paid Search,Mobile,East,Toys,53.04,1,20,42.43,28.5,13.93,Standard,3,False,,PayPal,False
ORD-00182,2024-02-04,C0202,Small Business,18,False,Paid Search,Desktop,East,Sports,95.03,2,15,161.55,115.39,46.16,Express,2,False,,PayPal,True
ORD-00183,2024-02-04,C1052,Consumer,73,False,Paid Search,Mobile,West,Toys,35.53,1,0,35.53,18.74,16.79,Standard,7,False,3.0,PayPal,False
ORD-00184,2024-02-04,C0325,Consumer,21,True,Organic Search,Mobile,North,Electronics,223.04,1,10,200.74,163.17,37.57,Standard,4,False,,Card,False
ORD-00185,2024-02-04,C0457,Small Business,24,True,Organic Search,Mobile,South,Electronics,154.23,3,20,370.15,312.66,57.49,Economy,5,False,4.0,Apple Pay,False
ORD-00186,2024-02-04,C0907,Consumer,27,True,Organic Search,Mobile,West,Home,67.02,1,0,67.02,37.21,29.81,Express,5,False,5.0,Card,False
ORD-00187,2024-02-05,C0685,Consumer,32,True,Email,Desktop,South,Electronics,209.74,3,30,440.45,428.48,11.97,Standard,3,False,5.0,Card,False
ORD-00188,2024-02-05,C0728,Consumer,35,False,Organic Search,Mobile,East,Apparel,60.17,2,5,114.32,63.0,51.32,Standard,4,False,3.0,Card,False
ORD-00189,2024-02-05,C0623,Consumer,51,True,Organic Search,Desktop,West,Home,79.2,2,20,126.72,92.33,34.39,Standard,8,False,3.0,Card,False
ORD-00190,2024-02-06,C0019,Consumer,22,True,Organic Search,Desktop,North,Beauty,51.22,2,5,97.32,48.68,48.64,Express,1,False,3.0,Card,False
ORD-00191,2024-02-06,C0400,Consumer,24,False,Organic Search,Desktop,East,Home,59.57,2,10,107.23,71.75,35.48,Standard,4,False,,Bank Transfer,False
ORD-00192,2024-02-06,C0954,Consumer,23,False,Social,Mobile,East,Toys,36.06,1,0,36.06,20.13,15.93,Express,1,False,,Apple Pay,True
ORD-00193,2024-02-06,C1010,Consumer,39,False,Email,Desktop,East,Home,72.33,2,15,122.96,81.0,41.96,Express,3,False,4.0,Apple Pay,False
ORD-00194,2024-02-06,C0822,Consumer,25,False,Social,Desktop,East,Electronics,165.44,1,15,140.62,112.38,28.24,Express,2,False,4.0,Card,True
ORD-00195,2024-02-06,C1052,Consumer,73,False,Paid Search,Desktop,West,Home,75.08,1,0,75.08,44.78,30.3,Standard,8,False,4.0,Apple Pay,True
ORD-00196,2024-02-06,C1012,Consumer,36,True,Social,Mobile,South,Home,67.72,1,20,54.18,40.12,14.06,Standard,6,False,4.0,PayPal,True
ORD-00197,2024-02-06,C0595,Enterprise,22,True,Paid Search,Tablet,North,Home,92.9,2,0,185.8,105.72,80.08,Standard,4,False,4.0,PayPal,False
ORD-00198,2024-02-07,C1098,Small Business,70,True,Direct,Tablet,North,Electronics,257.22,3,15,655.91,532.03,123.88,Standard,3,False,,Card,False
ORD-00199,2024-02-07,C0188,Small Business,33,False,Social,Mobile,North,Home,93.23,1,5,88.57,52.46,36.11,Standard,3,False,5.0,Card,False
ORD-00200,2024-02-07,C0667,Consumer,43,True,Direct,Mobile,South,Electronics,234.67,1,0,234.67,152.49,82.18,Standard,4,False,4.0,Card,False
ORD-00201,2024-02-08,C0646,Consumer,19,True,Email,Desktop,South,Beauty,24.11,2,25,36.16,21.56,14.6,Express,1,False,5.0,Card,False
ORD-00202,2024-02-08,C0188,Small Business,33,False,Direct,Mobile,South,Home,96.6,2,10,173.88,108.1,65.78,Economy,5,False,3.0,Card,False
ORD-00203,2024-02-08,C0364,Consumer,28,True,Paid Search,Mobile,West,Toys,35.06,2,0,70.12,37.75,32.37,Standard,9,False,3.0,Card,False
ORD-00204,2024-02-08,C1052,Consumer,73,False,Organic Search,Mobile,South,Beauty,28.67,2,5,54.47,25.76,28.71,Standard,4,False,4.0,Card,False
ORD-00205,2024-02-08,C0647,Consumer,25,True,Email,Mobile,North,Electronics,274.55,3,0,823.65,545.7,277.95,Standard,5,False,4.0,PayPal,False
ORD-00206,2024-02-08,C1052,Consumer,73,False,Email,Mobile,South,Sports,49.02,1,0,49.02,28.84,20.18,Economy,8,False,,Apple Pay,False
ORD-00207,2024-02-08,C0558,Small Business,22,False,Email,Desktop,North,Home,58.2,4,15,197.88,129.98,67.9,Express,1,False,,Card,False
ORD-00208,2024-02-08,C0237,Small Business,74,False,Email,Mobile,South,Home,80.94,2,10,145.69,86.5,59.19,Express,2,False,,Card,False
ORD-00209,2024-02-09,C0755,Consumer,38,True,Organic Search,Mobile,South,Toys,35.55,2,0,71.1,39.99,31.11,Economy,5,False,,Card,False
ORD-00210,2024-02-09,C0207,Consumer,48,False,Direct,Mobile,East,Home,114.1,1,30,79.87,65.29,14.58,Standard,3,False,5.0,Card,False
ORD-00211,2024-02-09,C0694,Consumer,66,True,Paid Search,Desktop,West,Beauty,28.83,1,0,28.83,13.46,15.37,Standard,7,False,3.0,Card,False
ORD-00212,2024-02-09,C0032,Consumer,45,False,Organic Search,Desktop,North,Beauty,29.55,2,0,59.1,26.73,32.37,Express,2,False,5.0,Card,True
ORD-00213,2024-02-09,C1052,Consumer,73,False,Organic Search,Desktop,East,Sports,62.48,6,0,374.88,225.0,149.88,Standard,5,False,5.0,PayPal,False
ORD-00214,2024-02-10,C0606,Small Business,62,True,Social,Desktop,South,Toys,46.74,4,0,186.96,96.4,90.56,Standard,3,False,,Bank Transfer,False
ORD-00215,2024-02-10,C0728,Consumer,35,False,Paid Search,Mobile,East,Sports,88.89,2,0,177.78,103.41,74.37,Standard,4,False,5.0,Card,False
ORD-00216,2024-02-10,C0298,Small Business,53,False,Direct,Mobile,East,Home,89.45,2,15,152.06,105.54,46.52,Economy,5,False,,Card,False
ORD-00217,2024-02-10,C0856,Consumer,43,False,Email,Mobile,North,Apparel,70.66,1,15,60.06,36.11,23.95,Economy,5,False,,PayPal,False
ORD-00218,2024-02-10,C1169,Consumer,38,False,Paid Search,Desktop,East,Sports,103.57,3,0,310.71,196.61,114.1,Standard,6,False,,Card,True
ORD-00219,2024-02-10,C0641,Consumer,43,True,Email,Mobile,North,Apparel,43.11,2,10,77.6,45.86,31.74,Economy,8,False,3.0,PayPal,False
ORD-00220,2024-02-10,C0478,Consumer,23,True,Paid Search,Tablet,North,Electronics,191.3,1,0,191.3,131.14,60.16,Standard,3,False,4.0,Apple Pay,False
ORD-00221,2024-02-10,C1134,Consumer,20,False,Affiliate,Mobile,East,Apparel,58.0,1,30,40.6,29.31,11.29,Standard,5,False,5.0,PayPal,False
ORD-00222,2024-02-11,C0688,Consumer,65,True,Social,Mobile,East,Toys,37.89,3,15,96.62,61.09,35.53,Economy,6,False,4.0,PayPal,False
ORD-00223,2024-02-11,C0609,Consumer,56,True,Paid Search,Mobile,North,Sports,41.51,2,0,83.02,49.54,33.48,Standard,5,False,,Card,False
ORD-00224,2024-02-11,C0926,Consumer,60,True,Paid Search,Desktop,South,Home,117.7,3,5,335.44,200.23,135.21,Economy,6,False,5.0,Card,False
ORD-00225,2024-02-11,C0469,Small Business,56,False,Email,Desktop,West,Sports,45.29,3,15,115.49,82.01,33.48,Economy,10,False,,Card,False
ORD-00226,2024-02-12,C0372,Consumer,27,True,Organic Search,Desktop,North,Electronics,274.78,1,20,219.82,184.17,35.65,Standard,6,False,4.0,Card,False
ORD-00227,2024-02-12,C0676,Small Business,50,False,Email,Desktop,South,Apparel,33.71,2,10,60.68,34.78,25.9,Standard,3,False,,Card,True
ORD-00228,2024-02-12,C0990,Consumer,23,True,Affiliate,Mobile,East,Toys,42.73,1,0,42.73,22.97,19.76,Standard,3,True,,PayPal,False
ORD-00229,2024-02-12,C0095,Consumer,73,True,Paid Search,Mobile,South,Apparel,46.52,2,0,93.04,48.28,44.76,Standard,3,False,,Card,False
ORD-00230,2024-02-13,C0591,Consumer,73,True,Direct,Desktop,South,Toys,28.93,3,0,86.79,44.6,42.19,Standard,3,False,5.0,Card,False
ORD-00231,2024-02-13,C0210,Consumer,19,False,Organic Search,Desktop,North,Electronics,205.82,2,10,370.48,281.71,88.77,Economy,5,False,3.0,Card,False
ORD-00232,2024-02-13,C0685,Consumer,32,False,Social,Mobile,East,Home,98.77,3,0,296.31,178.24,118.07,Standard,3,False,,Card,False
ORD-00233,2024-02-14,C1134,Consumer,20,False,Organic Search,Mobile,North,Home,97.83,2,10,176.09,118.36,57.73,Economy,10,False,,PayPal,False
ORD-00234,2024-02-14,C0378,Consumer,20,True,Paid Search,Mobile,West,Sports,48.83,1,0,48.83,30.88,17.95,Standard,8,True,,Card,False
ORD-00235,2024-02-14,C0643,Consumer,65,False,Affiliate,Mobile,South,Apparel,50.91,1,5,48.36,26.7,21.66,Express,3,False,4.0,Bank Transfer,False
ORD-00236,2024-02-14,C1140,Consumer,45,False,Paid Search,Tablet,South,Electronics,291.99,1,0,291.99,200.39,91.6,Express,2,False,,Apple Pay,True
ORD-00237,2024-02-14,C0393,Consumer,42,False,Organic Search,Mobile,North,Electronics,221.75,2,5,421.32,291.02,130.3,Standard,3,True,5.0,Card,False
ORD-00238,2024-02-14,C0728,Consumer,35,False,Organic Search,Desktop,East,Apparel,34.69,1,5,32.96,17.25,15.71,Express,2,False,5.0,Bank Transfer,False
ORD-00239,2024-02-15,C0671,Consumer,70,False,Social,Mobile,West,Sports,66.86,2,10,120.35,83.69,36.66,Standard,7,False,4.0,PayPal,False
ORD-00240,2024-02-15,C1134,Consumer,20,False,Paid Search,Mobile,West,Apparel,53.48,1,30,37.44,27.02,10.42,Standard,7,False,4.0,PayPal,False
ORD-00241,2024-02-15,C0337,Consumer,65,True,Organic Search,Mobile,East,Beauty,45.49,3,30,95.53,60.77,34.76,Standard,4,False,,Bank Transfer,False
ORD-00242,2024-02-15,C0473,Enterprise,57,True,Direct,Mobile,North,Electronics,274.4,5,5,1303.4,924.01,379.39,Standard,3,False,4.0,Bank Transfer,False
ORD-00243,2024-02-16,C0529,Consumer,42,False,Organic Search,Desktop,East,Electronics,256.61,1,10,230.95,177.47,53.48,Express,2,False,5.0,Card,False
ORD-00244,2024-02-16,C0676,Small Business,50,False,Affiliate,Mobile,West,Sports,67.98,4,0,271.92,163.96,107.96,Express,5,False,,Card,False
ORD-00245,2024-02-16,C0011,Consumer,30,True,Direct,Mobile,East,Toys,34.51,3,0,103.53,56.11,47.42,Economy,6,False,3.0,Card,False
ORD-00246,2024-02-17,C0086,Small Business,50,True,Paid Search,Desktop,North,Apparel,52.31,4,25,156.93,106.41,50.52,Express,1,False,5.0,PayPal,False
ORD-00247,2024-02-17,C1045,Enterprise,66,False,Paid Search,Mobile,West,Apparel,45.68,5,0,228.4,119.17,109.23,Express,6,False,4.0,Card,False
ORD-00248,2024-02-17,C1012,Consumer,36,False,Email,Mobile,East,Toys,65.17,2,20,104.27,72.13,32.14,Standard,6,False,,Card,False
ORD-00249,2024-02-17,C0356,Consumer,42,True,Paid Search,Desktop,East,Toys,43.31,3,0,129.93,74.2,55.73,Express,3,True,4.0,Bank Transfer,True
ORD-00250,2024-02-17,C0558,Small Business,22,False,Email,Desktop,West,Apparel,71.83,3,30,150.84,108.47,42.37,Standard,7,False,,PayPal,False
ORD-00251,2024-02-17,C0188,Small Business,33,False,Affiliate,Desktop,North,Apparel,41.42,4,5,157.4,84.4,73.0,Standard,4,False,4.0,PayPal,False
ORD-00252,2024-02-18,C0207,Consumer,48,False,Organic Search,Desktop,South,Sports,67.1,2,5,127.49,79.37,48.12,Standard,3,True,3.0,Apple Pay,False
ORD-00253,2024-02-18,C1140,Consumer,45,False,Social,Desktop,East,Apparel,42.56,2,10,76.61,44.19,32.42,Standard,4,False,,PayPal,True
ORD-00254,2024-02-18,C0298,Small Business,53,False,Paid Search,Desktop,South,Home,110.08,1,20,88.06,63.64,24.42,Express,2,False,5.0,Card,True
ORD-00255,2024-02-18,C0574,Enterprise,48,True,Direct,Mobile,East,Home,93.05,4,10,334.98,212.34,122.64,Standard,4,False,5.0,Card,False
ORD-00256,2024-02-18,C0012,Consumer,31,True,Paid Search,Mobile,South,Electronics,318.21,2,5,604.6,445.66,158.94,Economy,6,False,5.0,Card,False
ORD-00257,2024-02-19,C0519,Consumer,72,True,Email,Mobile,East,Toys,41.02,1,0,41.02,23.79,17.23,Standard,3,False,5.0,PayPal,True
ORD-00258,2024-02-19,C0671,Consumer,70,False,Affiliate,Tablet,South,Toys,38.22,3,10,103.19,63.42,39.77,Standard,3,True,4.0,PayPal,False
ORD-00259,2024-02-19,C0806,Consumer,40,True,Organic Search,Mobile,South,Home,116.31,2,0,232.62,135.73,96.89,Economy,9,False,2.0,Card,False
ORD-00260,2024-02-20,C0910,Consumer,18,True,Email,Desktop,South,Home,77.87,1,0,77.87,46.36,31.51,Express,3,False,,Card,False
ORD-00261,2024-02-20,C0298,Small Business,53,False,Organic Search,Mobile,West,Home,60.66,2,0,121.32,72.13,49.19,Express,5,False,4.0,Card,False
ORD-00262,2024-02-20,C1140,Consumer,45,False,Direct,Mobile,East,Beauty,23.23,2,5,44.14,21.04,23.1,Express,3,False,5.0,Bank Transfer,False
ORD-00263,2024-02-20,C0930,Small Business,55,True,Affiliate,Mobile,North,Electronics,186.56,2,15,317.15,250.96,66.19,Standard,3,False,,Card,True
ORD-00264,2024-02-20,C0655,Consumer,21,False,Organic Search,Mobile,North,Sports,50.59,2,20,80.94,57.72,23.22,Standard,3,False,5.0,Apple Pay,False
ORD-00265,2024-02-20,C0298,Small Business,53,False,Email,Desktop,East,Beauty,25.09,2,0,50.18,22.61,27.57,Economy,5,False,4.0,Card,False
ORD-00266,2024-02-20,C0095,Consumer,73,False,Paid Search,Mobile,South,Home,86.33,1,0,86.33,50.07,36.26,Standard,3,False,,Apple Pay,False
ORD-00267,2024-02-21,C0544,Consumer,67,True,Direct,Mobile,West,Toys,62.36,3,5,177.73,104.14,73.59,Standard,6,False,,Apple Pay,False
ORD-00268,2024-02-21,C0424,Consumer,68,False,Affiliate,Desktop,West,Home,52.39,2,0,104.78,57.93,46.85,Standard,6,False,3.0,Card,False
ORD-00269,2024-02-21,C1052,Consumer,73,False,Direct,Desktop,South,Sports,65.41,2,15,111.2,79.52,31.68,Express,1,False,5.0,PayPal,False
ORD-00270,2024-02-21,C0666,Consumer,61,True,Direct,Tablet,West,Apparel,53.4,1,10,48.06,27.93,20.13,Standard,7,False,2.0,PayPal,False
ORD-00271,2024-02-21,C1097,Enterprise,52,False,Organic Search,Mobile,North,Apparel,59.92,4,0,239.68,122.66,117.02,Standard,6,False,4.0,Card,False
ORD-00272,2024-02-22,C0570,Consumer,51,True,Affiliate,Mobile,North,Electronics,202.18,1,25,151.64,132.6,19.04,Standard,3,False,5.0,PayPal,False
ORD-00273,2024-02-22,C0840,Consumer,43,False,Paid Search,Desktop,East,Apparel,49.71,1,15,42.25,26.98,15.27,Standard,4,False,5.0,PayPal,False
ORD-00274,2024-02-22,C0195,Small Business,18,True,Organic Search,Mobile,North,Sports,97.29,4,20,311.33,228.28,83.05,Standard,4,False,,Card,False
ORD-00275,2024-02-22,C1052,Consumer,73,False,Social,Desktop,South,Electronics,255.71,1,20,204.57,167.03,37.54,Economy,7,False,,Apple Pay,False
ORD-00276,2024-02-22,C0646,Consumer,19,False,Paid Search,Mobile,North,Apparel,59.7,3,0,179.1,91.37,87.73,Economy,5,False,,Card,False
ORD-00277,2024-02-22,C1052,Consumer,73,False,Social,Mobile,South,Apparel,50.42,1,25,37.82,26.03,11.79,Express,2,False,,PayPal,False
ORD-00278,2024-02-22,C1137,Small Business,70,True,Social,Mobile,East,Beauty,22.36,2,25,33.54,19.36,14.18,Standard,4,False,4.0,Card,False
ORD-00279,2024-02-22,C0814,Small Business,60,True,Direct,Mobile,East,Apparel,36.75,1,5,34.91,18.82,16.09,Standard,5,False,4.0,Apple Pay,False
ORD-00280,2024-02-23,C0421,Consumer,73,True,Organic Search,Mobile,North,Electronics,293.03,1,10,263.73,203.59,60.14,Standard,4,False,4.0,Card,True
ORD-00281,2024-02-23,C1187,Consumer,73,True,Organic Search,Tablet,West,Toys,27.61,2,10,49.7,30.55,19.15,Economy,9,False,,Card,False
ORD-00282,2024-02-23,C0646,Consumer,19,False,Direct,Desktop,South,Electronics,271.74,4,10,978.26,691.03,287.23,Express,1,False,5.0,Card,False
ORD-00283,2024-02-23,C0202,Small Business,18,False,Direct,Mobile,East,Sports,94.22,1,5,89.51,55.88,33.63,Standard,4,False,4.0,Bank Transfer,False
ORD-00284,2024-02-23,C1147,Small Business,19,False,Organic Search,Mobile,North,Sports,80.36,4,25,241.08,197.67,43.41,Standard,3,True,3.0,Bank Transfer,False
ORD-00285,2024-02-23,C0728,Consumer,35,False,Paid Search,Mobile,West,Home,111.53,1,0,111.53,65.74,45.79,Standard,6,False,3.0,PayPal,False
ORD-00286,2024-02-23,C0728,Consumer,35,False,Social,Tablet,North,Sports,91.37,2,15,155.33,107.27,48.06,Standard,4,False,,Card,True
ORD-00287,2024-02-23,C0245,Consumer,52,True,Paid Search,Mobile,North,Electronics,219.61,1,20,175.69,157.48,18.21,Standard,5,False,,PayPal,False
ORD-00288,2024-02-24,C0670,Consumer,29,False,Organic Search,Desktop,South,Electronics,197.4,2,30,276.36,276.16,0.2,Standard,4,False,5.0,Bank Transfer,False
ORD-00289,2024-02-24,C0265,Consumer,47,False,Email,Desktop,South,Electronics,249.91,2,10,449.84,336.29,113.55,Express,1,True,4.0,PayPal,True
ORD-00290,2024-02-24,C0439,Small Business,73,True,Email,Desktop,East,Apparel,76.02,3,10,205.25,110.34,94.91,Economy,6,False,4.0,PayPal,False
ORD-00291,2024-02-24,C0935,Consumer,74,True,Email,Mobile,West,Toys,40.14,2,30,56.2,43.29,12.91,Standard,9,False,3.0,Card,False
ORD-00292,2024-02-24,C0728,Consumer,35,False,Email,Mobile,East,Toys,42.03,2,10,75.65,47.55,28.1,Express,3,False,5.0,PayPal,True
ORD-00293,2024-02-24,C0887,Consumer,36,True,Direct,Mobile,West,Sports,54.89,2,5,104.29,66.66,37.63,Economy,8,False,,Card,False
ORD-00294,2024-02-25,C0828,Consumer,72,True,Direct,Desktop,West,Home,73.19,2,20,117.1,81.58,35.52,Economy,10,False,,Card,False
ORD-00295,2024-02-25,C0534,Consumer,68,False,Direct,Mobile,East,Sports,110.85,1,5,105.31,66.76,38.55,Express,3,False,5.0,PayPal,False
ORD-00296,2024-02-25,C1052,Consumer,73,False,Paid Search,Mobile,North,Electronics,231.98,1,0,231.98,167.41,64.57,Economy,5,False,4.0,Card,False
ORD-00297,2024-02-25,C0529,Consumer,42,False,Organic Search,Mobile,North,Electronics,168.94,2,10,304.09,219.72,84.37,Economy,5,False,4.0,Card,False
ORD-00298,2024-02-25,C1054,Consumer,36,True,Direct,Desktop,East,Apparel,62.2,2,25,93.3,66.51,26.79,Standard,4,False,,Bank Transfer,False
ORD-00299,2024-02-25,C0810,Consumer,39,True,Paid Search,Mobile,South,Electronics,292.36,2,5,555.48,392.12,163.36,Standard,4,False,5.0,PayPal,False
ORD-00300,2024-02-26,C0887,Consumer,36,False,Organic Search,Mobile,East,Toys,53.89,1,0,53.89,30.07,23.82,Standard,5,True,3.0,Card,False
ORD-00301,2024-02-26,C0012,Consumer,31,False,Paid Search,Desktop,North,Beauty,41.08,1,20,32.86,18.0,14.86,Economy,6,False,5.0,Card,False
ORD-00302,2024-02-26,C0152,Consumer,46,False,Paid Search,Mobile,East,Sports,87.79,3,10,237.03,157.55,79.48,Economy,6,False,,Card,False
ORD-00303,2024-02-26,C1032,Consumer,53,True,Paid Search,Mobile,East,Toys,30.72,2,10,55.3,33.96,21.34,Standard,3,False,5.0,Card,False
ORD-00304,2024-02-26,C0213,Consumer,19,True,Organic Search,Desktop,West,Electronics,269.87,1,5,256.38,173.0,83.38,Express,4,False,4.0,Card,False
ORD-00305,2024-02-26,C0649,Consumer,50,True,Email,Desktop,West,Beauty,28.48,1,10,25.63,13.37,12.26,Standard,11,False,,Apple Pay,False
ORD-00306,2024-02-26,C1156,Consumer,49,False,Email,Mobile,South,Apparel,40.9,1,10,36.81,21.8,15.01,Economy,5,False,3.0,PayPal,False
ORD-00307,2024-02-26,C0376,Small Business,53,True,Direct,Mobile,North,Apparel,61.85,3,25,139.16,96.44,42.72,Standard,3,False,3.0,Bank Transfer,False
ORD-00308,2024-02-27,C0570,Consumer,51,False,Email,Mobile,East,Home,95.29,1,10,85.76,52.25,33.51,Standard,4,False,,Card,False
ORD-00309,2024-02-27,C0655,Consumer,21,False,Social,Mobile,East,Apparel,41.6,2,25,62.4,42.97,19.43,Economy,6,False,4.0,Apple Pay,False
ORD-00310,2024-02-27,C0817,Small Business,46,True,Organic Search,Desktop,North,Apparel,51.55,1,0,51.55,26.66,24.89,Standard,3,False,5.0,Apple Pay,False
ORD-00311,2024-02-27,C0327,Consumer,61,False,Organic Search,Mobile,West,Toys,71.28,2,0,142.56,76.67,65.89,Economy,10,False,2.0,Apple Pay,False
ORD-00312,2024-02-27,C0270,Small Business,21,False,Paid Search,Mobile,East,Apparel,40.75,4,0,163.0,85.89,77.11,Express,2,False,,Apple Pay,True
ORD-00313,2024-02-27,C0572,Small Business,58,True,Affiliate,Desktop,North,Apparel,39.77,3,10,107.38,60.14,47.24,Standard,3,False,5.0,Card,False
ORD-00314,2024-02-27,C0127,Enterprise,49,True,Organic Search,Mobile,South,Apparel,52.92,8,25,317.52,220.91,96.61,Economy,7,False,,Card,True
ORD-00315,2024-02-27,C0207,Consumer,48,False,Social,Mobile,East,Home,64.31,3,15,163.99,107.77,56.22,Express,2,False,,PayPal,False
ORD-00316,2024-02-28,C0063,Small Business,53,True,Paid Search,Mobile,West,Home,79.37,6,5,452.41,281.7,170.71,Standard,7,False,4.0,PayPal,False
ORD-00317,2024-02-28,C1045,Enterprise,66,False,Paid Search,Desktop,East,Sports,60.01,3,15,153.03,107.73,45.3,Standard,4,False,,Card,False
ORD-00318,2024-02-28,C0671,Consumer,70,False,Organic Search,Mobile,East,Toys,38.69,1,10,34.82,20.55,14.27,Standard,5,False,5.0,Card,False
ORD-00319,2024-02-28,C0084,Consumer,59,True,Social,Desktop,West,Apparel,42.58,1,10,38.32,22.41,15.91,Standard,7,True,,PayPal,False
ORD-00320,2024-02-28,C0207,Consumer,48,False,Organic Search,Mobile,East,Home,65.31,1,25,48.98,35.26,13.72,Standard,3,False,,Apple Pay,False
ORD-00321,2024-02-28,C1078,Small Business,74,True,Paid Search,Mobile,East,Electronics,164.96,2,5,313.42,223.72,89.7,Standard,4,False,4.0,Card,False
ORD-00322,2024-02-28,C0070,Consumer,18,True,Direct,Mobile,South,Toys,48.72,2,5,92.57,54.26,38.31,Standard,3,False,,PayPal,False
ORD-00323,2024-02-28,C1052,Consumer,73,False,Email,Desktop,West,Beauty,23.34,3,10,63.02,31.27,31.75,Standard,7,False,4.0,PayPal,False
ORD-00324,2024-02-28,C0207,Consumer,48,False,Social,Mobile,West,Apparel,47.86,2,5,90.93,51.13,39.8,Express,5,False,4.0,PayPal,False
ORD-00325,2024-02-28,C0312,Consumer,72,True,Email,Desktop,East,Home,116.01,1,30,81.21,66.23,14.98,Standard,3,False,5.0,PayPal,False
ORD-00326,2024-02-28,C1134,Consumer,20,False,Email,Desktop,East,Home,79.86,2,0,159.72,94.8,64.92,Economy,5,False,5.0,Card,False
ORD-00327,2024-02-29,C0889,Enterprise,64,True,Direct,Mobile,East,Home,88.26,1,15,75.02,53.01,22.01,Standard,4,False,,Apple Pay,False
ORD-00328,2024-02-29,C1022,Consumer,51,True,Affiliate,Mobile,East,Beauty,31.37,1,0,31.37,13.84,17.53,Express,1,False,,Card,False
ORD-00329,2024-02-29,C0861,Small Business,22,True,Email,Mobile,South,Home,81.82,4,10,294.55,183.83,110.72,Economy,9,False,3.0,Card,False
ORD-00330,2024-03-01,C0856,Consumer,43,False,Organic Search,Desktop,West,Home,54.49,2,20,87.18,62.45,24.73,Economy,8,False,3.0,Card,True
ORD-00331,2024-03-01,C1143,Consumer,54,True,Paid Search,Desktop,North,Sports,70.47,1,15,59.9,42.78,17.12,Express,3,False,,Card,False
ORD-00332,2024-03-02,C0728,Consumer,35,False,Email,Mobile,South,Toys,50.92,1,25,38.19,27.75,10.44,Standard,3,False,,PayPal,False
ORD-00333,2024-03-02,C1187,Consumer,73,False,Paid Search,Desktop,East,Apparel,38.74,1,0,38.74,20.37,18.37,Economy,5,True,,Card,False
ORD-00334,2024-03-02,C0910,Consumer,18,False,Paid Search,Mobile,North,Apparel,49.06,2,0,98.12,49.23,48.89,Express,1,False,5.0,Bank Transfer,False
ORD-00335,2024-03-02,C0728,Consumer,35,False,Email,Mobile,East,Electronics,172.44,1,0,172.44,119.79,52.65,Standard,5,False,5.0,PayPal,False
ORD-00336,2024-03-02,C0484,Consumer,50,True,Email,Desktop,East,Toys,41.83,1,15,35.56,23.17,12.39,Standard,4,False,5.0,Bank Transfer,False
ORD-00337,2024-03-02,C0132,Consumer,65,True,Email,Mobile,North,Apparel,62.34,1,25,46.76,31.91,14.85,Express,2,False,5.0,Card,False
ORD-00338,2024-03-03,C1169,Consumer,38,False,Paid Search,Mobile,East,Home,63.81,1,0,63.81,37.25,26.56,Standard,5,False,4.0,Bank Transfer,False
ORD-00339,2024-03-03,C0090,Small Business,55,False,Social,Mobile,East,Electronics,292.78,4,30,819.78,777.95,41.83,Standard,3,False,,Card,False
ORD-00340,2024-03-03,C0954,Consumer,23,False,Direct,Desktop,South,Apparel,43.45,1,20,34.76,23.93,10.83,Standard,4,False,5.0,Card,False
ORD-00341,2024-03-03,C0743,Consumer,57,True,Paid Search,Desktop,East,Beauty,28.55,2,0,57.1,27.75,29.35,Standard,5,False,4.0,Card,False
ORD-00342,2024-03-04,C0885,Consumer,48,False,Direct,Desktop,West,Home,76.37,1,10,68.73,44.46,24.27,Standard,7,False,,Card,False
ORD-00343,2024-03-04,C1016,Consumer,53,True,Paid Search,Mobile,West,Home,89.77,1,0,89.77,53.27,36.5,Express,5,False,4.0,Bank Transfer,False
ORD-00344,2024-03-04,C1052,Consumer,73,False,Direct,Mobile,South,Electronics,206.97,2,5,393.24,266.39,126.85,Standard,4,False,3.0,Card,False
ORD-00345,2024-03-04,C1052,Consumer,73,False,Direct,Mobile,East,Home,56.26,1,0,56.26,33.68,22.58,Standard,6,False,,PayPal,False
ORD-00346,2024-03-05,C0210,Consumer,19,False,Email,Mobile,East,Apparel,48.59,2,0,97.18,51.89,45.29,Economy,5,False,2.0,Card,False
ORD-00347,2024-03-05,C0115,Consumer,58,False,Affiliate,Desktop,South,Sports,57.89,2,0,115.78,70.97,44.81,Economy,7,False,,Card,False
ORD-00348,2024-03-05,C0708,Consumer,19,True,Direct,Mobile,West,Sports,80.12,2,0,160.24,94.7,65.54,Economy,9,False,3.0,PayPal,False
ORD-00349,2024-03-05,C0440,Consumer,69,True,Social,Mobile,West,Apparel,53.66,3,0,160.98,83.4,77.58,Standard,7,False,4.0,Card,True
ORD-00350,2024-03-05,C0280,Consumer,25,True,Organic Search,Mobile,North,Sports,76.09,1,10,68.48,47.43,21.05,Standard,5,False,,Card,True
ORD-00351,2024-03-06,C0369,Consumer,43,True,Social,Mobile,West,Beauty,34.66,1,0,34.66,16.17,18.49,Standard,6,False,4.0,Card,False
ORD-00352,2024-03-06,C0671,Consumer,70,False,Email,Desktop,East,Apparel,51.01,3,0,153.03,80.02,73.01,Economy,5,True,4.0,Card,False
ORD-00353,2024-03-06,C0298,Small Business,53,False,Organic Search,Mobile,East,Electronics,265.65,5,15,1129.01,887.61,241.4,Standard,3,False,5.0,Card,False
ORD-00354,2024-03-06,C0132,Consumer,65,False,Email,Mobile,North,Electronics,233.01,1,0,233.01,155.44,77.57,Economy,6,False,4.0,Card,False
ORD-00355,2024-03-06,C1031,Small Business,58,True,Direct,Mobile,East,Apparel,55.37,5,10,249.16,142.0,107.16,Standard,3,False,4.0,Card,False
ORD-00356,2024-03-06,C0348,Consumer,47,True,Email,Desktop,West,Apparel,49.62,2,15,84.35,54.2,30.15,Standard,6,False,3.0,Card,True
ORD-00357,2024-03-06,C0229,Consumer,40,True,Organic Search,Mobile,West,Electronics,297.09,3,15,757.58,573.1,184.48,Express,6,False,3.0,Card,False
ORD-00358,2024-03-06,C0921,Consumer,53,False,Paid Search,Desktop,West,Apparel,35.73,1,10,32.16,18.38,13.78,Standard,9,True,3.0,Card,False
ORD-00359,2024-03-07,C0676,Small Business,50,False,Affiliate,Mobile,North,Home,87.23,2,0,174.46,102.8,71.66,Standard,4,False,,Card,False
ORD-00360,2024-03-07,C0728,Consumer,35,False,Direct,Desktop,East,Apparel,53.63,1,0,53.63,27.66,25.97,Express,3,False,5.0,Card,False
ORD-00361,2024-03-07,C0702,Consumer,33,True,Social,Mobile,West,Electronics,209.88,1,10,188.89,144.57,44.32,Express,6,True,3.0,Card,False
ORD-00362,2024-03-07,C0728,Consumer,35,False,Organic Search,Mobile,East,Home,101.41,2,0,202.82,122.92,79.9,Standard,3,False,,PayPal,False
ORD-00363,2024-03-08,C0370,Consumer,35,True,Paid Search,Desktop,West,Beauty,21.49,1,0,21.49,9.92,11.57,Standard,7,False,,Card,False
ORD-00364,2024-03-08,C1140,Consumer,45,False,Social,Mobile,South,Apparel,44.23,3,0,132.69,70.37,62.32,Express,3,False,5.0,PayPal,False
ORD-00365,2024-03-08,C1106,Consumer,67,True,Direct,Desktop,West,Toys,44.73,1,30,31.31,25.76,5.55,Express,6,False,,PayPal,False
ORD-00366,2024-03-08,C1052,Consumer,73,False,Email,Mobile,North,Electronics,207.39,2,25,311.08,278.7,32.38,Economy,6,False,,Apple Pay,False
ORD-00367,2024-03-08,C0840,Consumer,43,False,Social,Mobile,South,Apparel,33.37,2,10,60.07,35.83,24.24,Standard,4,False,5.0,Apple Pay,False
ORD-00368,2024-03-08,C0012,Consumer,31,False,Affiliate,Mobile,West,Beauty,26.17,1,15,22.24,11.66,10.58,Standard,7,False,4.0,Card,False
ORD-00369,2024-03-08,C1189,Consumer,61,True,Paid Search,Mobile,South,Apparel,57.74,1,25,43.3,28.85,14.45,Standard,3,False,5.0,Card,False
ORD-00370,2024-03-09,C0950,Consumer,71,True,Direct,Mobile,North,Apparel,56.82,1,0,56.82,28.87,27.95,Standard,4,False,,Card,False
ORD-00371,2024-03-09,C0298,Small Business,53,False,Email,Desktop,East,Apparel,75.92,4,0,303.68,157.84,145.84,Standard,5,False,,Card,False
ORD-00372,2024-03-09,C0690,Enterprise,55,True,Affiliate,Desktop,West,Sports,57.46,6,0,344.76,209.09,135.67,Standard,9,False,4.0,Card,True
ORD-00373,2024-03-09,C0298,Small Business,53,False,Social,Mobile,South,Apparel,59.82,4,0,239.28,122.21,117.07,Standard,3,False,5.0,Card,False
ORD-00374,2024-03-09,C0743,Consumer,57,False,Paid Search,Mobile,South,Apparel,38.62,1,25,28.96,20.11,8.85,Economy,7,False,3.0,PayPal,False
ORD-00375,2024-03-09,C0106,Consumer,40,False,Paid Search,Mobile,South,Apparel,59.6,3,15,151.98,92.58,59.4,Standard,3,False,5.0,Card,False
ORD-00376,2024-03-10,C0918,Consumer,48,True,Direct,Mobile,East,Electronics,194.67,2,10,350.41,266.99,83.42,Standard,4,False,,Card,False
ORD-00377,2024-03-10,C0899,Consumer,66,True,Affiliate,Mobile,South,Home,96.37,2,5,183.1,108.38,74.72,Standard,5,False,4.0,Card,True
ORD-00378,2024-03-10,C1156,Consumer,49,False,Paid Search,Desktop,North,Toys,23.06,3,30,48.43,38.99,9.44,Economy,6,True,3.0,Card,False
ORD-00379,2024-03-10,C0376,Small Business,53,False,Social,Mobile,North,Home,92.68,3,0,278.04,159.8,118.24,Economy,8,False,3.0,PayPal,True
ORD-00380,2024-03-10,C0768,Small Business,63,True,Direct,Desktop,North,Home,138.8,1,15,117.98,79.56,38.42,Standard,5,False,,Card,False
ORD-00381,2024-03-10,C0406,Small Business,55,True,Paid Search,Desktop,North,Electronics,282.37,11,25,2329.55,2125.23,204.32,Standard,6,False,4.0,Card,False
ORD-00382,2024-03-10,C0207,Consumer,48,False,Paid Search,Desktop,West,Home,84.48,2,10,152.06,98.63,53.43,Standard,8,False,3.0,Card,False
ORD-00383,2024-03-10,C0832,Small Business,69,True,Email,Mobile,West,Home,90.4,2,0,180.8,101.22,79.58,Economy,9,False,2.0,PayPal,False
ORD-00384,2024-03-10,C0840,Consumer,43,False,Organic Search,Mobile,South,Electronics,297.16,5,30,1040.06,1008.96,31.1,Economy,6,False,2.0,Card,False
ORD-00385,2024-03-11,C0921,Consumer,53,False,Organic Search,Desktop,North,Electronics,210.64,1,0,210.64,159.0,51.64,Standard,3,False,,PayPal,False
ORD-00386,2024-03-11,C0237,Small Business,74,False,Direct,Desktop,South,Home,62.46,3,0,187.38,114.35,73.03,Express,2,False,,PayPal,False
ORD-00387,2024-03-11,C1134,Consumer,20,False,Organic Search,Desktop,East,Sports,82.37,1,5,78.25,51.09,27.16,Standard,5,False,,PayPal,False
ORD-00388,2024-03-11,C1192,Small Business,61,True,Paid Search,Desktop,North,Home,81.17,1,0,81.17,46.97,34.2,Standard,5,False,,Card,False
ORD-00389,2024-03-11,C1124,Consumer,55,True,Social,Mobile,North,Electronics,218.93,3,10,591.11,438.35,152.76,Standard,4,False,4.0,PayPal,True
ORD-00390,2024-03-11,C0778,Enterprise,34,True,Affiliate,Mobile,West,Electronics,213.73,6,15,1090.02,891.59,198.43,Standard,7,False,4.0,PayPal,False
ORD-00391,2024-03-11,C0298,Small Business,53,False,Social,Mobile,North,Electronics,261.91,2,0,523.82,340.76,183.06,Standard,5,True,,PayPal,False
ORD-00392,2024-03-12,C1137,Small Business,70,False,Social,Desktop,South,Electronics,200.12,2,5,380.23,262.85,117.38,Standard,5,False,4.0,Card,False
ORD-00393,2024-03-12,C0331,Small Business,36,True,Organic Search,Mobile,North,Home,95.75,2,25,143.62,107.51,36.11,Standard,5,False,4.0,PayPal,False
ORD-00394,2024-03-12,C0086,Small Business,50,False,Social,Mobile,West,Electronics,266.96,3,5,760.84,521.91,238.93,Standard,6,False,4.0,Card,False
ORD-00395,2024-03-12,C0301,Consumer,20,False,Organic Search,Desktop,North,Electronics,248.06,1,25,186.04,171.27,14.77,Standard,3,False,4.0,Card,False
ORD-00396,2024-03-12,C0155,Consumer,62,True,Organic Search,Mobile,North,Electronics,176.91,1,10,159.22,120.85,38.37,Standard,3,False,5.0,Card,False
ORD-00397,2024-03-12,C0671,Consumer,70,False,Social,Mobile,West,Home,59.95,1,0,59.95,33.89,26.06,Economy,8,False,4.0,PayPal,False
ORD-00398,2024-03-12,C0210,Consumer,19,False,Organic Search,Mobile,South,Home,97.64,3,0,292.92,174.24,118.68,Economy,5,False,4.0,PayPal,False
ORD-00399,2024-03-13,C0604,Consumer,25,False,Paid Search,Desktop,South,Beauty,23.26,1,20,18.61,9.94,8.67,Standard,4,False,,Card,False
ORD-00400,2024-03-13,C0708,Consumer,19,False,Direct,Tablet,South,Electronics,243.66,2,15,414.22,318.89,95.33,Standard,4,False,5.0,PayPal,False
ORD-00401,2024-03-13,C1140,Consumer,45,False,Paid Search,Mobile,East,Electronics,251.59,5,0,1257.95,890.2,367.75,Express,1,False,,Bank Transfer,False
ORD-00402,2024-03-13,C0155,Consumer,62,False,Email,Desktop,South,Toys,36.48,1,0,36.48,21.03,15.45,Express,3,False,4.0,Card,False
ORD-00403,2024-03-13,C0400,Consumer,24,False,Direct,Mobile,West,Beauty,41.47,2,10,74.65,36.44,38.21,Standard,9,False,3.0,Bank Transfer,False
ORD-00404,2024-03-13,C0529,Consumer,42,False,Paid Search,Desktop,East,Electronics,326.3,1,0,326.3,226.12,100.18,Standard,4,False,5.0,Card,False
ORD-00405,2024-03-14,C0424,Consumer,68,False,Paid Search,Desktop,South,Electronics,191.71,1,10,172.54,131.34,41.2,Economy,8,False,2.0,Card,True
ORD-00406,2024-03-14,C1052,Consumer,73,False,Email,Tablet,South,Sports,76.35,1,10,68.72,46.41,22.31,Economy,5,False,,Card,False
ORD-00407,2024-03-15,C0207,Consumer,48,False,Paid Search,Desktop,West,Home,79.02,2,15,134.33,91.7,42.63,Economy,8,False,2.0,Card,False
ORD-00408,2024-03-15,C1121,Small Business,36,True,Affiliate,Mobile,West,Apparel,36.47,5,5,173.23,96.92,76.31,Express,4,False,5.0,Card,False
ORD-00409,2024-03-15,C0465,Consumer,29,True,Direct,Mobile,East,Home,93.4,1,30,65.38,53.77,11.61,Standard,4,False,4.0,Card,False
ORD-00410,2024-03-15,C0131,Consumer,21,True,Organic Search,Mobile,East,Electronics,238.6,1,15,202.81,165.43,37.38,Economy,5,False,5.0,Card,False
ORD-00411,2024-03-16,C0373,Consumer,28,True,Paid Search,Mobile,South,Electronics,199.28,2,0,398.56,268.14,130.42,Standard,3,False,,PayPal,False
ORD-00412,2024-03-16,C1052,Consumer,73,False,Social,Mobile,South,Toys,41.69,1,15,35.44,22.81,12.63,Economy,6,False,4.0,Card,False
ORD-00413,2024-03-16,C0312,Consumer,72,False,Email,Mobile,North,Apparel,49.3,1,0,49.3,26.33,22.97,Standard,3,False,4.0,Card,False
ORD-00414,2024-03-16,C0818,Consumer,70,True,Affiliate,Mobile,South,Home,96.44,2,15,163.95,115.18,48.77,Economy,5,False,,Card,False
ORD-00415,2024-03-16,C0671,Consumer,70,False,Direct,Desktop,South,Apparel,53.75,2,20,86.0,58.62,27.38,Standard,5,False,4.0,PayPal,False
ORD-00416,2024-03-16,C0154,Small Business,51,True,Paid Search,Tablet,West,Electronics,353.05,2,0,706.1,497.89,208.21,Standard,8,False,3.0,Apple Pay,False
ORD-00417,2024-03-17,C0265,Consumer,47,False,Direct,Mobile,East,Apparel,59.23,4,10,213.23,119.52,93.71,Economy,6,False,4.0,Card,False
ORD-00418,2024-03-17,C0789,Small Business,64,False,Direct,Mobile,North,Toys,22.9,3,10,61.83,37.55,24.28,Standard,3,True,4.0,PayPal,False
ORD-00419,2024-03-17,C0590,Small Business,65,True,Direct,Mobile,West,Sports,84.0,2,10,151.2,103.33,47.87,Standard,6,False,,Card,False
ORD-00420,2024-03-17,C0400,Consumer,24,False,Direct,Mobile,West,Home,83.64,2,0,167.28,98.27,69.01,Standard,7,False,4.0,PayPal,False
ORD-00421,2024-03-18,C1019,Consumer,34,True,Affiliate,Desktop,East,Apparel,37.95,1,10,34.16,18.72,15.44,Economy,5,False,3.0,Card,False
ORD-00422,2024-03-18,C0529,Consumer,42,False,Organic Search,Mobile,South,Electronics,255.64,3,10,690.23,528.77,161.46,Standard,4,False,4.0,Card,False
ORD-00423,2024-03-18,C1022,Consumer,51,False,Paid Search,Desktop,North,Beauty,30.6,1,15,26.01,14.06,11.95,Standard,5,False,4.0,PayPal,False
ORD-00424,2024-03-18,C0237,Small Business,74,False,Paid Search,Desktop,South,Electronics,184.11,5,10,828.5,642.21,186.29,Standard,3,False,,Card,False
ORD-00425,2024-03-19,C1134,Consumer,20,False,Organic Search,Mobile,West,Apparel,37.3,1,0,37.3,18.62,18.68,Standard,8,False,2.0,PayPal,True
ORD-00426,2024-03-19,C0558,Small Business,22,False,Organic Search,Desktop,North,Toys,39.6,2,0,79.2,42.55,36.65,Standard,4,False,5.0,Card,False
ORD-00427,2024-03-19,C0213,Consumer,19,False,Direct,Mobile,West,Home,96.46,2,15,163.98,112.0,51.98,Standard,6,False,3.0,Card,False
ORD-00428,2024-03-19,C0996,Small Business,28,True,Social,Desktop,North,Beauty,36.34,3,0,109.02,47.82,61.2,Standard,5,False,,Card,False
ORD-00429,2024-03-20,C0722,Consumer,64,True,Social,Mobile,South,Apparel,49.01,3,20,117.62,76.88,40.74,Standard,3,False,4.0,Card,False
ORD-00430,2024-03-20,C1031,Small Business,58,False,Social,Mobile,East,Beauty,34.92,3,30,73.33,46.1,27.23,Economy,5,False,,Apple Pay,False
ORD-00431,2024-03-20,C0207,Consumer,48,False,Organic Search,Desktop,East,Apparel,52.62,1,0,52.62,26.61,26.01,Standard,6,False,4.0,Card,False
ORD-00432,2024-03-20,C0312,Consumer,72,False,Organic Search,Mobile,West,Apparel,22.11,1,0,22.11,11.18,10.93,Standard,8,False,,Card,False
ORD-00433,2024-03-20,C0885,Consumer,48,False,Social,Mobile,South,Sports,72.49,1,0,72.49,41.63,30.86,Economy,5,True,4.0,Bank Transfer,False
ORD-00434,2024-03-21,C0748,Consumer,33,True,Organic Search,Desktop,West,Sports,60.31,1,10,54.28,36.32,17.96,Express,6,False,3.0,PayPal,False
ORD-00435,2024-03-21,C0298,Small Business,53,False,Paid Search,Desktop,West,Electronics,208.41,2,30,291.77,277.02,14.75,Standard,8,False,,Card,False
ORD-00436,2024-03-21,C0207,Consumer,48,False,Affiliate,Mobile,West,Apparel,76.1,1,15,64.68,38.78,25.9,Standard,7,False,,PayPal,False
ORD-00437,2024-03-21,C0363,Consumer,53,True,Direct,Mobile,East,Sports,76.44,2,20,122.3,95.22,27.08,Standard,3,False,5.0,Bank Transfer,False
ORD-00438,2024-03-21,C0229,Consumer,40,False,Social,Mobile,North,Home,84.81,2,0,169.62,94.3,75.32,Standard,4,False,4.0,Card,False
ORD-00439,2024-03-21,C0106,Consumer,40,False,Affiliate,Mobile,East,Beauty,42.09,1,0,42.09,19.7,22.39,Standard,3,False,,Apple Pay,False
ORD-00440,2024-03-21,C1052,Consumer,73,False,Paid Search,Mobile,West,Electronics,177.23,2,30,248.12,233.96,14.16,Economy,10,False,3.0,Apple Pay,False
ORD-00441,2024-03-22,C0021,Consumer,39,False,Social,Mobile,South,Home,119.27,2,25,178.9,137.89,41.01,Express,2,True,,PayPal,True
ORD-00442,2024-03-22,C0788,Consumer,27,True,Social,Mobile,South,Home,88.07,2,15,149.72,100.77,48.95,Economy,5,False,4.0,Card,False
ORD-00443,2024-03-22,C0823,Consumer,53,True,Social,Mobile,East,Beauty,30.52,2,5,57.99,28.57,29.42,Standard,5,False,,Card,False
ORD-00444,2024-03-22,C0950,Consumer,71,False,Organic Search,Mobile,East,Apparel,60.28,1,0,60.28,31.78,28.5,Standard,4,False,5.0,Card,False
ORD-00445,2024-03-22,C0167,Small Business,63,True,Social,Desktop,South,Toys,43.23,5,5,205.34,115.93,89.41,Standard,4,False,4.0,Card,False
ORD-00446,2024-03-23,C1105,Small Business,44,True,Direct,Tablet,North,Home,80.84,5,5,383.99,252.07,131.92,Express,2,False,5.0,Card,False
ORD-00447,2024-03-23,C0445,Consumer,65,True,Social,Desktop,East,Apparel,41.92,1,0,41.92,21.29,20.63,Standard,5,True,,PayPal,True
ORD-00448,2024-03-23,C1052,Consumer,73,False,Email,Desktop,West,Home,98.36,2,30,137.7,113.34,24.36,Standard,10,False,3.0,Card,False
ORD-00449,2024-03-23,C1006,Consumer,22,True,Social,Desktop,West,Beauty,31.06,3,0,93.18,39.8,53.38,Standard,9,False,,Card,False
ORD-00450,2024-03-23,C0139,Consumer,29,True,Organic Search,Desktop,South,Sports,82.53,1,25,61.9,48.04,13.86,Standard,3,False,4.0,Card,False
ORD-00451,2024-03-23,C0270,Small Business,21,False,Direct,Tablet,East,Toys,31.41,2,0,62.82,34.75,28.07,Standard,3,False,5.0,Card,False
ORD-00452,2024-03-24,C0646,Consumer,19,False,Organic Search,Mobile,East,Toys,28.66,1,0,28.66,15.4,13.26,Standard,5,False,,PayPal,False
ORD-00453,2024-03-24,C0188,Small Business,33,False,Organic Search,Desktop,East,Sports,54.15,3,10,146.2,100.03,46.17,Express,1,False,,Card,False
ORD-00454,2024-03-24,C0343,Consumer,44,True,Email,Desktop,North,Apparel,35.36,2,0,70.72,34.91,35.81,Express,3,False,4.0,PayPal,False
ORD-00455,2024-03-24,C0763,Small Business,26,False,Paid Search,Desktop,West,Electronics,203.91,3,0,611.73,413.46,198.27,Economy,10,False,2.0,Card,True
ORD-00456,2024-03-25,C0634,Consumer,20,True,Email,Mobile,North,Apparel,54.08,3,0,162.24,88.68,73.56,Standard,4,False,,PayPal,False
ORD-00457,2024-03-25,C0950,Consumer,71,False,Email,Mobile,North,Apparel,50.93,1,10,45.84,26.04,19.8,Standard,5,False,5.0,PayPal,False
ORD-00458,2024-03-25,C0152,Consumer,46,False,Organic Search,Mobile,North,Home,87.37,2,15,148.53,109.33,39.2,Standard,4,False,,Apple Pay,True
ORD-00459,2024-03-25,C0529,Consumer,42,False,Affiliate,Mobile,North,Apparel,37.0,2,30,51.8,38.25,13.55,Standard,4,True,,Card,True
ORD-00460,2024-03-25,C0995,Consumer,24,True,Organic Search,Desktop,West,Sports,112.89,1,10,101.6,66.03,35.57,Standard,7,False,,Apple Pay,False
ORD-00461,2024-03-25,C0012,Consumer,31,False,Social,Mobile,East,Apparel,59.06,3,25,132.88,91.41,41.47,Standard,3,False,4.0,PayPal,False
ORD-00462,2024-03-26,C0525,Enterprise,23,True,Paid Search,Mobile,East,Apparel,27.0,3,0,81.0,44.7,36.3,Express,3,False,,Card,True
ORD-00463,2024-03-26,C1052,Consumer,73,False,Paid Search,Desktop,West,Toys,42.41,2,10,76.34,49.31,27.03,Express,5,False,,Card,False
ORD-00464,2024-03-26,C0409,Consumer,24,False,Direct,Mobile,South,Beauty,34.36,2,5,65.28,30.65,34.63,Express,2,True,4.0,Bank Transfer,False
ORD-00465,2024-03-26,C1062,Enterprise,53,True,Email,Desktop,East,Home,87.52,2,20,140.03,99.49,40.54,Standard,3,True,5.0,Card,False
ORD-00466,2024-03-27,C1134,Consumer,20,False,Paid Search,Mobile,North,Apparel,50.39,3,0,151.17,77.83,73.34,Standard,5,False,,Card,False
ORD-00467,2024-03-27,C0883,Consumer,28,True,Email,Desktop,South,Home,53.07,1,0,53.07,29.65,23.42,Express,2,False,4.0,Card,True
ORD-00468,2024-03-28,C0424,Consumer,68,False,Social,Mobile,East,Home,73.4,1,25,55.05,43.17,11.88,Standard,5,True,,Card,False
ORD-00469,2024-03-28,C0369,Consumer,43,False,Paid Search,Desktop,South,Apparel,37.88,2,10,68.18,38.86,29.32,Economy,5,False,5.0,PayPal,False
ORD-00470,2024-03-28,C0074,Consumer,26,True,Email,Desktop,North,Apparel,58.29,3,0,174.87,93.81,81.06,Standard,3,False,4.0,Card,True
ORD-00471,2024-03-28,C0207,Consumer,48,False,Organic Search,Desktop,East,Home,89.03,1,10,80.13,50.69,29.44,Economy,6,False,,Card,False
ORD-00472,2024-03-28,C0207,Consumer,48,False,Direct,Desktop,East,Sports,75.06,1,10,67.55,45.98,21.57,Standard,4,False,,Card,False
ORD-00473,2024-03-28,C1052,Consumer,73,False,Social,Tablet,North,Apparel,41.24,2,5,78.36,45.04,33.32,Standard,3,False,5.0,Card,True
ORD-00474,2024-03-28,C0918,Consumer,48,False,Social,Mobile,South,Beauty,44.44,1,10,40.0,19.78,20.22,Standard,3,False,,Card,False
ORD-00475,2024-03-29,C0624,Consumer,50,True,Email,Mobile,South,Electronics,318.67,4,0,1274.68,874.02,400.66,Standard,5,False,,PayPal,False
ORD-00476,2024-03-29,C1127,Consumer,72,True,Organic Search,Desktop,East,Home,112.96,2,5,214.62,133.3,81.32,Economy,7,False,3.0,Card,False
ORD-00477,2024-03-29,C0219,Consumer,71,True,Direct,Mobile,East,Electronics,207.37,2,5,394.0,290.35,103.65,Standard,4,False,5.0,Bank Transfer,False
ORD-00478,2024-03-29,C0236,Consumer,59,False,Email,Mobile,East,Apparel,62.62,1,0,62.62,31.35,31.27,Economy,7,False,,Card,False
ORD-00479,2024-03-29,C0950,Consumer,71,False,Direct,Mobile,North,Apparel,44.28,2,5,84.13,49.2,34.93,Express,2,False,4.0,Apple Pay,False
ORD-00480,2024-03-29,C0207,Consumer,48,False,Affiliate,Mobile,East,Apparel,26.17,1,25,19.63,13.88,5.75,Economy,7,False,3.0,Card,False
ORD-00481,2024-03-29,C0834,Consumer,29,True,Social,Mobile,South,Sports,48.75,3,10,131.62,87.62,44.0,Express,2,False,,Card,False
ORD-00482,2024-03-29,C0757,Consumer,73,True,Organic Search,Mobile,West,Electronics,219.61,2,25,329.42,290.61,38.81,Standard,6,False,,PayPal,False
ORD-00483,2024-03-29,C0558,Small Business,22,False,Direct,Desktop,West,Apparel,58.59,4,30,164.05,118.9,45.15,Standard,10,False,,PayPal,False
ORD-00484,2024-03-30,C1136,Enterprise,47,True,Organic Search,Mobile,South,Electronics,253.54,3,25,570.46,518.81,51.65,Express,3,False,4.0,Bank Transfer,False
ORD-00485,2024-03-30,C1147,Small Business,19,False,Direct,Mobile,North,Toys,24.19,6,0,145.14,77.01,68.13,Standard,4,False,5.0,Card,False
ORD-00486,2024-03-31,C1197,Enterprise,31,True,Paid Search,Mobile,South,Electronics,223.78,5,15,951.06,719.84,231.22,Economy,7,False,,Bank Transfer,False
ORD-00487,2024-03-31,C0662,Enterprise,41,True,Social,Mobile,South,Beauty,15.16,5,15,64.43,32.79,31.64,Standard,5,True,3.0,Apple Pay,False
ORD-00488,2024-03-31,C0758,Consumer,64,True,Social,Desktop,West,Electronics,169.17,2,10,304.51,232.14,72.37,Standard,6,False,,Card,False
ORD-00489,2024-03-31,C0004,Consumer,57,True,Direct,Mobile,North,Home,73.2,2,30,102.48,79.85,22.63,Express,2,False,5.0,Card,False
ORD-00490,2024-03-31,C0188,Small Business,33,False,Paid Search,Mobile,North,Toys,41.01,3,15,104.58,67.8,36.78,Economy,6,False,3.0,Card,False
ORD-00491,2024-03-31,C0122,Consumer,54,False,Organic Search,Mobile,North,Sports,56.37,1,0,56.37,33.27,23.1,Economy,5,False,4.0,PayPal,False
ORD-00492,2024-03-31,C0966,Enterprise,29,False,Direct,Mobile,South,Beauty,30.84,9,5,263.68,131.14,132.54,Standard,4,True,4.0,Bank Transfer,False
ORD-00493,2024-04-01,C0210,Consumer,19,False,Social,Desktop,South,Toys,36.74,3,25,82.66,57.75,24.91,Standard,4,False,,Card,False
ORD-00494,2024-04-01,C0856,Consumer,43,False,Email,Desktop,West,Toys,48.35,1,0,48.35,25.33,23.02,Standard,7,False,,Card,False
ORD-00495,2024-04-01,C1052,Consumer,73,False,Social,Mobile,South,Home,113.0,1,0,113.0,65.76,47.24,Standard,3,False,,Card,False
ORD-00496,2024-04-02,C0728,Consumer,35,False,Organic Search,Tablet,North,Home,102.36,1,10,92.12,61.37,30.75,Standard,4,False,4.0,PayPal,False
ORD-00497,2024-04-02,C0298,Small Business,53,False,Affiliate,Desktop,South,Home,128.49,3,10,346.92,229.58,117.34,Express,4,False,,Card,False
ORD-00498,2024-04-02,C1125,Small Business,48,True,Paid Search,Desktop,North,Sports,82.18,3,20,197.23,150.45,46.78,Standard,3,False,,Card,False
ORD-00499,2024-04-02,C1052,Consumer,73,False,Direct,Mobile,South,Home,62.77,1,10,56.49,38.13,18.36,Standard,3,False,,Card,False
ORD-00500,2024-04-02,C0400,Consumer,24,False,Social,Mobile,East,Sports,89.79,2,0,179.58,107.72,71.86,Economy,5,False,4.0,Card,False
ORD-00501,2024-04-02,C0954,Consumer,23,False,Affiliate,Desktop,South,Apparel,62.63,1,5,59.5,33.1,26.4,Standard,3,False,,Bank Transfer,False
ORD-00502,2024-04-02,C0148,Consumer,45,True,Organic Search,Mobile,East,Sports,81.44,1,5,77.37,49.96,27.41,Economy,8,False,4.0,Card,False
ORD-00503,2024-04-02,C1137,Small Business,70,False,Social,Mobile,South,Beauty,62.71,2,25,94.06,56.18,37.88,Economy,5,False,4.0,Apple Pay,False
ORD-00504,2024-04-02,C0440,Consumer,69,False,Affiliate,Tablet,West,Electronics,177.91,2,15,302.45,236.09,66.36,Economy,10,False,3.0,Apple Pay,False
ORD-00505,2024-04-02,C0734,Consumer,43,True,Email,Desktop,West,Beauty,33.13,1,5,31.47,14.83,16.64,Express,4,False,5.0,Card,False
ORD-00506,2024-04-02,C0400,Consumer,24,False,Organic Search,Mobile,East,Beauty,33.17,4,5,126.05,57.36,68.69,Express,5,False,,Card,False
ORD-00507,2024-04-02,C0072,Consumer,64,True,Organic Search,Mobile,South,Electronics,199.77,1,0,199.77,136.58,63.19,Economy,6,False,4.0,Card,False
ORD-00508,2024-04-02,C0212,Small Business,25,True,Paid Search,Mobile,West,Electronics,206.87,1,0,206.87,140.03,66.84,Express,4,False,,Card,False
ORD-00509,2024-04-03,C0720,Consumer,27,True,Email,Mobile,South,Apparel,63.91,2,5,121.43,69.5,51.93,Standard,5,False,4.0,Card,False
ORD-00510,2024-04-03,C0104,Enterprise,62,True,Direct,Mobile,South,Home,86.06,7,20,481.94,333.23,148.71,Standard,3,False,5.0,Card,False
ORD-00511,2024-04-03,C0535,Small Business,44,True,Email,Mobile,South,Apparel,47.46,2,0,94.92,51.64,43.28,Express,1,False,5.0,Card,False
ORD-00512,2024-04-03,C0966,Enterprise,29,False,Affiliate,Mobile,North,Toys,43.68,2,20,69.89,47.48,22.41,Standard,4,False,5.0,PayPal,False
ORD-00513,2024-04-04,C0638,Enterprise,41,True,Direct,Desktop,South,Toys,38.02,5,5,180.6,103.76,76.84,Express,2,False,5.0,PayPal,False
ORD-00514,2024-04-04,C0139,Consumer,29,False,Direct,Mobile,North,Toys,57.85,3,0,173.55,95.89,77.66,Economy,6,False,3.0,Card,False
ORD-00515,2024-04-04,C0529,Consumer,42,False,Organic Search,Mobile,West,Beauty,30.71,1,5,29.17,13.56,15.61,Standard,7,False,,Card,False
ORD-00516,2024-04-04,C0856,Consumer,43,False,Email,Desktop,East,Sports,56.61,3,5,161.34,100.02,61.32,Standard,5,False,4.0,Card,False
ORD-00517,2024-04-04,C0992,Consumer,64,True,Organic Search,Mobile,East,Apparel,31.93,2,10,57.47,32.83,24.64,Express,3,False,5.0,Bank Transfer,False
ORD-00518,2024-04-04,C0208,Small Business,19,True,Email,Mobile,South,Home,91.41,5,15,388.49,266.0,122.49,Economy,6,False,4.0,Card,False
ORD-00519,2024-04-05,C1071,Enterprise,40,True,Direct,Mobile,East,Sports,57.15,7,25,300.04,241.34,58.7,Express,5,False,,PayPal,False
ORD-00520,2024-04-05,C0927,Small Business,40,True,Affiliate,Mobile,North,Electronics,277.93,2,0,555.86,377.91,177.95,Standard,4,True,,Card,True
ORD-00521,2024-04-06,C0210,Consumer,19,False,Paid Search,Mobile,West,Apparel,63.55,1,10,57.2,33.31,23.89,Standard,7,False,4.0,PayPal,False
ORD-00522,2024-04-06,C1137,Small Business,70,False,Social,Desktop,West,Home,130.26,4,0,521.04,298.54,222.5,Standard,6,False,4.0,Card,False
ORD-00523,2024-04-06,C0763,Small Business,26,False,Paid Search,Mobile,North,Sports,69.61,2,0,139.22,86.64,52.58,Standard,3,False,4.0,Bank Transfer,True
ORD-00524,2024-04-07,C0063,Small Business,53,False,Organic Search,Desktop,South,Toys,64.67,3,10,174.61,102.95,71.66,Standard,6,False,3.0,Card,False
ORD-00525,2024-04-07,C0132,Consumer,65,False,Email,Desktop,North,Electronics,189.12,1,5,179.66,123.99,55.67,Express,1,False,5.0,Card,False
ORD-00526,2024-04-07,C0468,Consumer,34,True,Social,Mobile,North,Home,50.4,2,5,95.76,59.67,36.09,Standard,4,False,,Card,False
ORD-00527,2024-04-07,C0671,Consumer,70,False,Organic Search,Mobile,East,Toys,43.92,2,0,87.84,48.87,38.97,Economy,5,False,,Card,False
ORD-00528,2024-04-07,C1143,Consumer,54,False,Social,Mobile,South,Beauty,26.57,2,30,37.2,25.46,11.74,Express,6,False,3.0,Card,False
ORD-00529,2024-04-07,C0255,Consumer,46,True,Direct,Mobile,West,Apparel,59.7,2,0,119.4,62.99,56.41,Standard,8,False,3.0,PayPal,True
ORD-00530,2024-04-07,C0529,Consumer,42,False,Paid Search,Mobile,West,Home,80.14,1,25,60.1,41.97,18.13,Standard,7,False,3.0,Card,False
ORD-00531,2024-04-08,C0825,Small Business,23,True,Organic Search,Tablet,South,Home,45.96,2,5,87.32,55.28,32.04,Express,2,False,,Card,False
ORD-00532,2024-04-08,C0930,Small Business,55,False,Direct,Desktop,West,Sports,91.24,3,0,273.72,168.26,105.46,Standard,6,False,3.0,Card,False
ORD-00533,2024-04-08,C1052,Consumer,73,False,Organic Search,Mobile,West,Beauty,34.63,2,20,55.41,32.92,22.49,Standard,6,False,,Card,False
ORD-00534,2024-04-08,C0918,Consumer,48,False,Social,Mobile,North,Toys,36.08,1,15,30.67,20.84,9.83,Standard,4,False,,PayPal,False
ORD-00535,2024-04-08,C0012,Consumer,31,False,Direct,Mobile,West,Electronics,193.97,1,30,135.78,137.29,-1.51,Standard,7,False,4.0,Apple Pay,False
ORD-00536,2024-04-08,C0728,Consumer,35,False,Paid Search,Mobile,East,Apparel,58.93,3,0,176.79,89.86,86.93,Economy,6,False,,Card,False
ORD-00537,2024-04-08,C1147,Small Business,19,False,Paid Search,Mobile,West,Sports,53.11,4,0,212.44,126.77,85.67,Standard,7,False,4.0,PayPal,False
ORD-00538,2024-04-08,C0066,Consumer,22,True,Paid Search,Mobile,North,Toys,38.55,1,0,38.55,21.21,17.34,Standard,3,False,,Card,False
ORD-00539,2024-04-08,C1032,Consumer,53,False,Email,Mobile,North,Toys,50.85,1,10,45.76,27.88,17.88,Standard,4,False,,Bank Transfer,True
ORD-00540,2024-04-08,C0630,Consumer,34,True,Direct,Desktop,North,Sports,68.24,1,20,54.59,39.89,14.7,Standard,5,False,4.0,Card,False
ORD-00541,2024-04-09,C0529,Consumer,42,False,Organic Search,Desktop,North,Electronics,190.69,1,10,171.62,133.69,37.93,Economy,6,False,4.0,Card,True
ORD-00542,2024-04-09,C0728,Consumer,35,False,Organic Search,Mobile,North,Sports,45.64,2,0,91.28,56.01,35.27,Standard,3,False,5.0,Card,False
ORD-00543,2024-04-09,C0421,Consumer,73,False,Email,Tablet,South,Electronics,171.01,1,15,145.36,119.17,26.19,Economy,6,False,,Card,False
ORD-00544,2024-04-09,C1137,Small Business,70,False,Direct,Mobile,West,Sports,61.14,2,25,91.71,78.6,13.11,Express,6,False,,Apple Pay,False
ORD-00545,2024-04-09,C1052,Consumer,73,False,Email,Mobile,East,Toys,50.47,2,5,95.89,53.55,42.34,Standard,4,False,4.0,Apple Pay,False
ORD-00546,2024-04-10,C0887,Consumer,36,False,Email,Mobile,West,Apparel,61.75,3,15,157.46,96.13,61.33,Express,5,False,,Card,False
ORD-00547,2024-04-10,C0236,Consumer,59,False,Direct,Desktop,West,Home,60.62,2,5,115.18,70.24,44.94,Standard,6,False,,Card,False
ORD-00548,2024-04-10,C1052,Consumer,73,False,Organic Search,Desktop,West,Electronics,314.79,2,0,629.58,427.78,201.8,Standard,8,False,4.0,Apple Pay,False
ORD-00549,2024-04-10,C1052,Consumer,73,False,Direct,Mobile,South,Toys,45.41,2,15,77.2,52.2,25.0,Express,2,False,4.0,Card,False
ORD-00550,2024-04-10,C0298,Small Business,53,False,Organic Search,Desktop,North,Apparel,95.12,4,0,380.48,195.71,184.77,Express,1,False,5.0,Card,False
ORD-00551,2024-04-10,C0594,Consumer,47,True,Paid Search,Mobile,North,Apparel,36.23,1,15,30.8,19.4,11.4,Standard,4,False,5.0,PayPal,False
ORD-00552,2024-04-10,C1010,Consumer,39,False,Paid Search,Desktop,South,Sports,85.4,1,10,76.86,51.0,25.86,Standard,3,False,4.0,Apple Pay,True
ORD-00553,2024-04-10,C0525,Enterprise,23,False,Email,Desktop,South,Apparel,59.57,6,30,250.19,185.26,64.93,Standard,5,False,4.0,Apple Pay,False
ORD-00554,2024-04-11,C0207,Consumer,48,False,Paid Search,Desktop,West,Electronics,199.36,1,5,189.39,136.5,52.89,Economy,9,False,3.0,Apple Pay,True
ORD-00555,2024-04-11,C0708,Consumer,19,False,Email,Mobile,East,Toys,24.67,2,15,41.94,27.62,14.32,Standard,3,False,4.0,PayPal,False
ORD-00556,2024-04-11,C1052,Consumer,73,False,Social,Desktop,East,Electronics,210.54,1,15,178.96,144.65,34.31,Standard,5,False,,Bank Transfer,False
ORD-00557,2024-04-12,C0685,Consumer,32,False,Organic Search,Tablet,South,Electronics,240.32,4,10,865.15,631.28,233.87,Economy,5,False,4.0,Card,False
ORD-00558,2024-04-12,C0671,Consumer,70,False,Social,Mobile,East,Apparel,59.26,1,20,47.41,30.46,16.95,Standard,3,True,4.0,PayPal,False
ORD-00559,2024-04-12,C1052,Consumer,73,False,Email,Mobile,North,Electronics,166.93,1,10,150.24,116.56,33.68,Standard,3,False,4.0,Apple Pay,True
ORD-00560,2024-04-12,C1052,Consumer,73,False,Organic Search,Mobile,South,Home,89.72,3,0,269.16,161.6,107.56,Express,2,False,,Card,False
ORD-00561,2024-04-12,C0265,Consumer,47,False,Direct,Desktop,South,Home,112.52,1,25,84.39,63.55,20.84,Express,1,False,,Card,False
ORD-00562,2024-04-12,C0205,Consumer,45,True,Direct,Desktop,South,Sports,88.07,3,25,198.16,154.68,43.48,Standard,3,False,,PayPal,True
ORD-00563,2024-04-12,C0579,Consumer,41,True,Social,Mobile,North,Electronics,213.98,2,0,427.96,293.33,134.63,Standard,3,False,5.0,Card,False
ORD-00564,2024-04-13,C1031,Small Business,58,False,Email,Desktop,West,Beauty,33.47,4,0,133.88,60.06,73.82,Standard,6,True,,Apple Pay,False
ORD-00565,2024-04-13,C1143,Consumer,54,False,Paid Search,Mobile,South,Electronics,262.12,2,15,445.6,373.77,71.83,Economy,6,False,4.0,Card,False
ORD-00566,2024-04-13,C0335,Consumer,20,True,Email,Desktop,West,Sports,49.28,1,0,49.28,28.2,21.08,Economy,9,False,,Apple Pay,False
ORD-00567,2024-04-13,C1141,Small Business,52,True,Organic Search,Mobile,South,Electronics,257.24,1,0,257.24,181.12,76.12,Economy,8,False,,Bank Transfer,False
ORD-00568,2024-04-13,C0244,Consumer,35,True,Affiliate,Desktop,South,Apparel,66.0,4,0,264.0,134.78,129.22,Standard,3,False,5.0,Card,False
ORD-00569,2024-04-13,C0646,Consumer,19,False,Organic Search,Mobile,West,Electronics,250.68,1,25,188.01,161.96,26.05,Standard,6,False,4.0,Card,False
ORD-00570,2024-04-14,C0254,Consumer,62,True,Organic Search,Desktop,North,Beauty,38.81,2,15,65.98,34.6,31.38,Express,2,False,,Card,False
ORD-00571,2024-04-14,C0518,Consumer,27,False,Paid Search,Mobile,South,Toys,32.87,2,25,49.3,34.43,14.87,Express,2,False,,Apple Pay,False
ORD-00572,2024-04-14,C0210,Consumer,19,False,Paid Search,Mobile,North,Beauty,32.15,3,0,96.45,43.57,52.88,Standard,3,False,4.0,Card,False
ORD-00573,2024-04-14,C0720,Consumer,27,False,Paid Search,Mobile,West,Electronics,176.56,3,30,370.78,364.43,6.35,Express,6,False,,Card,False
ORD-00574,2024-04-14,C1052,Consumer,73,False,Social,Mobile,South,Sports,99.52,2,0,199.04,120.36,78.68,Standard,4,True,4.0,Card,False
ORD-00575,2024-04-14,C0507,Consumer,35,True,Direct,Mobile,South,Home,98.73,1,0,98.73,60.37,38.36,Economy,5,False,4.0,Bank Transfer,False
ORD-00576,2024-04-14,C0152,Consumer,46,False,Organic Search,Desktop,East,Electronics,168.22,2,15,285.97,229.31,56.66,Standard,4,False,,Card,False
ORD-00577,2024-04-15,C1189,Consumer,61,False,Social,Desktop,East,Electronics,251.38,2,0,502.76,330.89,171.87,Standard,4,False,4.0,Bank Transfer,True
ORD-00578,2024-04-15,C0257,Consumer,64,True,Organic Search,Mobile,North,Toys,39.8,1,10,35.82,21.96,13.86,Standard,4,False,,Card,True
ORD-00579,2024-04-15,C0365,Consumer,25,False,Organic Search,Mobile,North,Apparel,38.95,1,20,31.16,19.51,11.65,Express,2,False,5.0,Card,False
ORD-00580,2024-04-15,C0685,Consumer,32,False,Paid Search,Desktop,South,Toys,41.18,2,10,74.12,48.46,25.66,Standard,5,False,5.0,Bank Transfer,False
ORD-00581,2024-04-15,C0646,Consumer,19,False,Paid Search,Mobile,North,Apparel,58.64,2,10,105.55,61.88,43.67,Standard,3,False,4.0,Card,False
ORD-00582,2024-04-16,C1052,Consumer,73,False,Paid Search,Mobile,East,Home,76.72,1,20,61.38,44.77,16.61,Economy,5,True,2.0,Card,False
ORD-00583,2024-04-16,C0720,Consumer,27,False,Social,Desktop,North,Electronics,457.84,2,25,686.76,598.94,87.82,Standard,5,False,,Apple Pay,False
ORD-00584,2024-04-16,C0188,Small Business,33,False,Direct,Mobile,South,Toys,23.41,1,15,19.9,12.97,6.93,Standard,5,False,,Card,False
ORD-00585,2024-04-16,C1140,Consumer,45,False,Organic Search,Mobile,East,Beauty,42.11,3,0,126.33,54.37,71.96,Standard,5,False,3.0,PayPal,False
ORD-00586,2024-04-17,C1052,Consumer,73,False,Paid Search,Desktop,East,Electronics,194.15,2,0,388.3,252.68,135.62,Economy,5,False,4.0,PayPal,False
ORD-00587,2024-04-17,C0553,Consumer,20,True,Organic Search,Mobile,North,Electronics,257.84,2,25,386.76,347.6,39.16,Standard,5,True,4.0,Card,True
ORD-00588,2024-04-17,C0597,Small Business,56,True,Organic Search,Mobile,North,Sports,54.88,1,0,54.88,32.8,22.08,Economy,7,False,4.0,Card,False
ORD-00589,2024-04-17,C0207,Consumer,48,False,Organic Search,Mobile,East,Home,79.78,3,0,239.34,140.15,99.19,Economy,6,False,4.0,Card,False
ORD-00590,2024-04-18,C0966,Enterprise,29,False,Organic Search,Desktop,North,Apparel,41.07,6,10,221.78,136.39,85.39,Economy,6,True,,Card,False
ORD-00591,2024-04-18,C0298,Small Business,53,False,Paid Search,Mobile,West,Beauty,34.84,5,5,165.49,77.63,87.86,Standard,6,False,,Card,False
ORD-00592,2024-04-18,C0558,Small Business,22,False,Email,Mobile,North,Sports,58.86,1,0,58.86,34.41,24.45,Standard,3,False,5.0,PayPal,False
ORD-00593,2024-04-18,C0571,Small Business,30,True,Direct,Mobile,East,Apparel,42.1,3,0,126.3,66.9,59.4,Standard,4,False,4.0,Card,False
ORD-00594,2024-04-18,C0400,Consumer,24,False,Organic Search,Desktop,East,Home,94.14,1,10,84.73,55.53,29.2,Standard,4,False,5.0,Card,False
ORD-00595,2024-04-18,C0084,Consumer,59,False,Organic Search,Desktop,East,Home,76.96,2,10,138.53,86.79,51.74,Economy,5,False,4.0,Card,False
ORD-00596,2024-04-18,C0827,Consumer,20,True,Affiliate,Mobile,East,Apparel,38.03,1,5,36.13,19.61,16.52,Economy,5,False,,Card,False
ORD-00597,2024-04-18,C0356,Consumer,42,False,Direct,Desktop,East,Apparel,46.4,2,25,69.6,47.46,22.14,Express,2,False,4.0,PayPal,False
ORD-00598,2024-04-19,C0645,Enterprise,61,True,Organic Search,Mobile,East,Apparel,38.96,6,30,163.63,121.92,41.71,Standard,3,False,,Card,False
ORD-00599,2024-04-19,C0152,Consumer,46,False,Email,Mobile,North,Electronics,178.75,2,20,286.0,246.2,39.8,Economy,6,True,,Card,False
ORD-00600,2024-04-20,C0825,Small Business,23,False,Organic Search,Desktop,South,Apparel,69.41,3,25,156.17,108.41,47.76,Standard,3,False,5.0,Apple Pay,False
ORD-00601,2024-04-20,C0515,Enterprise,34,True,Paid Search,Desktop,East,Apparel,42.62,4,30,119.34,94.2,25.14,Standard,5,False,5.0,Card,False
ORD-00602,2024-04-20,C0398,Consumer,66,True,Organic Search,Desktop,South,Beauty,44.33,1,0,44.33,20.35,23.98,Standard,4,False,4.0,Card,False
ORD-00603,2024-04-20,C0084,Consumer,59,False,Organic Search,Desktop,East,Sports,68.87,1,15,58.54,42.36,16.18,Standard,4,False,5.0,Card,False
ORD-00604,2024-04-21,C1112,Consumer,19,True,Organic Search,Desktop,West,Home,79.16,1,0,79.16,46.53,32.63,Standard,8,False,3.0,Card,False
ORD-00605,2024-04-21,C0728,Consumer,35,False,Organic Search,Desktop,East,Electronics,231.07,1,30,161.75,163.75,-2.0,Express,1,False,,Card,False
ORD-00606,2024-04-21,C0643,Consumer,65,False,Organic Search,Desktop,South,Toys,21.99,2,20,35.18,24.08,11.1,Standard,3,False,4.0,Card,False
ORD-00607,2024-04-21,C0604,Consumer,25,False,Email,Mobile,East,Sports,91.47,1,25,68.6,56.18,12.42,Standard,3,True,,PayPal,False
ORD-00608,2024-04-21,C0596,Consumer,69,True,Organic Search,Desktop,East,Electronics,211.28,2,0,422.56,260.97,161.59,Standard,3,False,,Card,False
ORD-00609,2024-04-21,C1140,Consumer,45,False,Social,Mobile,South,Sports,71.79,1,25,53.84,44.8,9.04,Standard,3,False,,Apple Pay,False
ORD-00610,2024-04-21,C0577,Enterprise,38,True,Email,Mobile,South,Beauty,30.74,10,0,307.4,138.96,168.44,Economy,6,False,,Card,False
ORD-00611,2024-04-22,C0577,Enterprise,38,False,Social,Mobile,North,Sports,55.87,2,25,83.8,67.06,16.74,Express,2,False,5.0,Card,False
ORD-00612,2024-04-22,C0544,Consumer,67,False,Email,Mobile,South,Home,69.51,1,30,48.66,42.31,6.35,Express,3,False,4.0,Bank Transfer,False
ORD-00613,2024-04-22,C0719,Consumer,38,True,Organic Search,Desktop,North,Apparel,38.86,2,0,77.72,39.78,37.94,Standard,4,True,4.0,PayPal,False
ORD-00614,2024-04-22,C0899,Consumer,66,False,Direct,Mobile,North,Apparel,34.61,3,25,77.87,52.6,25.27,Standard,3,False,5.0,Card,False
ORD-00615,2024-04-22,C0671,Consumer,70,False,Paid Search,Tablet,North,Electronics,180.33,3,0,540.99,378.37,162.62,Economy,5,False,,PayPal,True
ORD-00616,2024-04-22,C0106,Consumer,40,False,Paid Search,Mobile,East,Apparel,32.56,1,15,27.68,16.76,10.92,Express,4,False,5.0,Card,False
ORD-00617,2024-04-22,C0424,Consumer,68,False,Affiliate,Desktop,North,Home,127.61,3,10,344.55,219.8,124.75,Express,3,False,4.0,Apple Pay,False
ORD-00618,2024-04-23,C0244,Consumer,35,False,Paid Search,Desktop,West,Sports,40.58,1,15,34.49,24.12,10.37,Standard,7,False,,PayPal,True
ORD-00619,2024-04-23,C0916,Consumer,38,False,Paid Search,Mobile,East,Sports,59.42,1,10,53.48,35.47,18.01,Economy,7,False,,Bank Transfer,False
ORD-00620,2024-04-23,C0298,Small Business,53,False,Email,Mobile,West,Electronics,157.7,3,0,473.1,317.0,156.1,Express,7,False,3.0,Card,False
ORD-00621,2024-04-23,C0800,Consumer,34,False,Direct,Desktop,South,Electronics,163.63,3,0,490.89,333.52,157.37,Standard,4,False,,Card,False
ORD-00622,2024-04-23,C0207,Consumer,48,False,Paid Search,Mobile,South,Toys,25.74,1,0,25.74,13.77,11.97,Economy,5,False,3.0,Card,False
ORD-00623,2024-04-24,C0630,Consumer,34,False,Direct,Mobile,North,Electronics,235.05,1,0,235.05,155.67,79.38,Economy,7,False,3.0,Card,False
ORD-00624,2024-04-24,C0692,Small Business,50,False,Social,Tablet,West,Apparel,40.53,4,0,162.12,83.38,78.74,Economy,8,False,,PayPal,False
ORD-00625,2024-04-24,C0520,Consumer,67,True,Direct,Mobile,South,Sports,65.45,1,0,65.45,40.23,25.22,Standard,5,False,,Bank Transfer,False
ORD-00626,2024-04-24,C0575,Small Business,60,True,Organic Search,Desktop,East,Apparel,50.88,2,25,76.32,53.45,22.87,Economy,8,False,,Card,False
ORD-00627,2024-04-24,C0660,Consumer,65,True,Email,Mobile,West,Home,69.99,1,0,69.99,40.15,29.84,Standard,6,True,,Bank Transfer,False
ORD-00628,2024-04-24,C1052,Consumer,73,False,Email,Mobile,North,Electronics,310.99,1,25,233.24,213.48,19.76,Standard,5,False,5.0,Apple Pay,False
ORD-00629,2024-04-25,C0794,Enterprise,44,True,Affiliate,Desktop,North,Apparel,36.42,3,5,103.8,56.34,47.46,Standard,3,False,4.0,Card,False
ORD-00630,2024-04-25,C0918,Consumer,48,False,Social,Mobile,East,Home,97.11,3,0,291.33,162.15,129.18,Economy,6,False,5.0,Apple Pay,False
ORD-00631,2024-04-25,C0519,Consumer,72,False,Social,Desktop,South,Apparel,34.31,2,0,68.62,36.19,32.43,Standard,3,True,,Card,False
ORD-00632,2024-04-26,C0298,Small Business,53,False,Email,Mobile,South,Toys,37.85,3,0,113.55,64.32,49.23,Economy,7,False,3.0,Apple Pay,False
ORD-00633,2024-04-26,C0911,Consumer,51,True,Paid Search,Desktop,North,Apparel,50.53,4,0,202.12,107.71,94.41,Economy,6,True,,Card,False
ORD-00634,2024-04-26,C0685,Consumer,32,False,Direct,Mobile,East,Home,72.66,1,0,72.66,45.17,27.49,Standard,4,False,5.0,Card,True
ORD-00635,2024-04-26,C0298,Small Business,53,False,Affiliate,Mobile,North,Beauty,25.25,2,0,50.5,22.51,27.99,Standard,3,False,,Card,True
ORD-00636,2024-04-26,C0822,Consumer,25,False,Email,Mobile,South,Sports,58.26,3,5,166.04,110.93,55.11,Standard,4,False,,Card,False
ORD-00637,2024-04-26,C0207,Consumer,48,False,Paid Search,Tablet,East,Sports,93.57,2,10,168.43,113.86,54.57,Economy,5,False,4.0,PayPal,False
ORD-00638,2024-04-27,C0095,Consumer,73,False,Affiliate,Mobile,South,Apparel,37.45,3,25,84.26,58.21,26.05,Standard,5,False,4.0,Apple Pay,False
ORD-00639,2024-04-27,C0207,Consumer,48,False,Organic Search,Desktop,South,Electronics,146.58,1,0,146.58,101.32,45.26,Economy,7,False,4.0,Card,False
ORD-00640,2024-04-27,C1125,Small Business,48,False,Affiliate,Desktop,South,Home,97.21,2,5,184.7,109.63,75.07,Standard,3,False,5.0,Card,False
ORD-00641,2024-04-27,C0918,Consumer,48,False,Affiliate,Desktop,North,Beauty,33.14,2,5,62.97,30.01,32.96,Express,2,False,5.0,Card,False
ORD-00642,2024-04-27,C0153,Consumer,44,False,Paid Search,Mobile,North,Home,104.47,4,0,417.88,237.96,179.92,Standard,5,False,,Card,False
ORD-00643,2024-04-28,C1052,Consumer,73,False,Direct,Desktop,East,Toys,26.6,1,10,23.94,14.76,9.18,Express,1,False,,Card,False
ORD-00644,2024-04-28,C0207,Consumer,48,False,Social,Mobile,North,Apparel,44.51,2,5,84.57,48.98,35.59,Express,1,False,5.0,Card,False
ORD-00645,2024-04-28,C0728,Consumer,35,False,Organic Search,Mobile,North,Toys,35.85,2,0,71.7,40.93,30.77,Standard,4,False,5.0,Card,False
ORD-00646,2024-04-28,C0848,Consumer,33,True,Direct,Mobile,East,Home,136.63,1,5,129.8,76.6,53.2,Economy,5,False,,PayPal,False
ORD-00647,2024-04-29,C0892,Consumer,20,True,Affiliate,Mobile,South,Toys,34.83,3,25,78.37,57.63,20.74,Economy,5,False,4.0,Bank Transfer,False
ORD-00648,2024-04-29,C0400,Consumer,24,False,Organic Search,Mobile,East,Toys,38.77,1,5,36.83,22.25,14.58,Standard,5,False,4.0,PayPal,False
ORD-00649,2024-04-29,C0063,Small Business,53,False,Social,Desktop,East,Apparel,27.99,5,5,132.95,73.44,59.51,Standard,5,False,3.0,Apple Pay,True
ORD-00650,2024-04-29,C0606,Small Business,62,False,Social,Mobile,East,Home,106.72,1,10,96.05,62.77,33.28,Standard,5,False,4.0,Card,False
ORD-00651,2024-04-29,C1183,Consumer,48,True,Organic Search,Mobile,South,Sports,84.89,2,20,135.82,98.69,37.13,Standard,4,True,,Card,False
ORD-00652,2024-04-29,C0926,Consumer,60,False,Social,Desktop,North,Apparel,26.8,2,0,53.6,28.94,24.66,Standard,3,False,5.0,Card,False
ORD-00653,2024-04-29,C0728,Consumer,35,False,Direct,Mobile,West,Electronics,201.7,2,25,302.55,274.48,28.07,Economy,8,True,,PayPal,False
ORD-00654,2024-04-29,C0424,Consumer,68,False,Paid Search,Mobile,South,Toys,43.51,1,0,43.51,25.02,18.49,Standard,4,False,,Card,False
ORD-00655,2024-04-29,C0207,Consumer,48,False,Email,Desktop,West,Electronics,223.28,1,15,189.79,153.18,36.61,Express,5,False,4.0,PayPal,True
ORD-00656,2024-04-30,C0550,Small Business,30,True,Affiliate,Mobile,North,Beauty,28.01,6,0,168.06,75.8,92.26,Standard,4,True,4.0,PayPal,False
ORD-00657,2024-04-30,C1134,Consumer,20,False,Organic Search,Desktop,North,Beauty,33.69,1,20,26.95,16.02,10.93,Standard,5,False,,Card,False
ORD-00658,2024-04-30,C0763,Small Business,26,False,Paid Search,Mobile,West,Apparel,40.25,1,20,32.2,21.5,10.7,Economy,11,False,,Apple Pay,True
ORD-00659,2024-04-30,C0512,Consumer,28,True,Direct,Mobile,North,Electronics,205.38,2,0,410.76,275.37,135.39,Standard,4,False,,PayPal,False
ORD-00660,2024-04-30,C0654,Small Business,67,True,Social,Mobile,West,Beauty,28.53,2,20,45.65,26.66,18.99,Standard,7,False,,PayPal,False
ORD-00661,2024-04-30,C0670,Consumer,29,False,Social,Mobile,North,Toys,36.61,2,20,58.58,39.47,19.11,Standard,3,False,,Card,False
ORD-00662,2024-04-30,C0079,Consumer,31,True,Organic Search,Mobile,South,Apparel,72.26,2,5,137.29,77.13,60.16,Standard,6,False,3.0,Card,False
ORD-00663,2024-04-30,C0606,Small Business,62,False,Organic Search,Desktop,East,Apparel,62.7,1,0,62.7,31.54,31.16,Standard,4,False,3.0,PayPal,False
ORD-00664,2024-05-01,C1023,Small Business,51,True,Social,Mobile,North,Beauty,32.25,2,10,58.05,29.51,28.54,Standard,3,False,,Card,False
ORD-00665,2024-05-01,C1125,Small Business,48,False,Direct,Mobile,North,Electronics,181.74,3,5,517.96,383.1,134.86,Express,1,False,,Card,True
ORD-00666,2024-05-01,C0789,Small Business,64,False,Organic Search,Desktop,East,Electronics,101.84,1,25,76.38,70.18,6.2,Standard,5,False,,PayPal,True
ORD-00667,2024-05-01,C0556,Small Business,40,True,Email,Desktop,West,Toys,33.56,2,0,67.12,36.38,30.74,Standard,7,False,4.0,Card,False
ORD-00668,2024-05-01,C0291,Consumer,26,True,Organic Search,Desktop,South,Home,95.83,2,15,162.91,111.04,51.87,Standard,4,False,,PayPal,False
ORD-00669,2024-05-01,C0186,Consumer,72,True,Paid Search,Tablet,West,Electronics,161.6,1,5,153.52,110.13,43.39,Express,5,False,5.0,Card,False
ORD-00670,2024-05-02,C0265,Consumer,47,False,Social,Desktop,North,Home,79.4,1,0,79.4,48.06,31.34,Economy,6,False,4.0,Bank Transfer,False
ORD-00671,2024-05-02,C0302,Consumer,50,False,Email,Mobile,South,Electronics,219.72,1,0,219.72,157.01,62.71,Standard,3,False,5.0,Apple Pay,False
ORD-00672,2024-05-02,C0972,Consumer,33,True,Organic Search,Mobile,North,Home,90.69,4,10,326.48,210.58,115.9,Standard,5,False,4.0,Bank Transfer,False
ORD-00673,2024-05-02,C0892,Consumer,20,False,Email,Mobile,East,Electronics,236.07,1,0,236.07,153.91,82.16,Standard,3,True,4.0,Card,False
ORD-00674,2024-05-02,C0393,Consumer,42,False,Social,Desktop,North,Beauty,39.11,1,10,35.2,17.58,17.62,Standard,3,False,5.0,Apple Pay,False
ORD-00675,2024-05-02,C0644,Consumer,20,True,Direct,Mobile,West,Home,61.47,2,0,122.94,70.82,52.12,Economy,9,False,4.0,Card,False
ORD-00676,2024-05-02,C0309,Consumer,52,True,Organic Search,Desktop,East,Apparel,30.92,3,5,88.12,47.97,40.15,Express,2,False,,Card,False
ORD-00677,2024-05-02,C0794,Enterprise,44,False,Email,Desktop,North,Apparel,28.17,4,0,112.68,59.43,53.25,Economy,5,False,5.0,Card,False
ORD-00678,2024-05-03,C1052,Consumer,73,False,Paid Search,Desktop,East,Electronics,208.28,2,15,354.08,272.7,81.38,Express,2,False,5.0,Card,False
ORD-00679,2024-05-03,C0472,Consumer,72,True,Paid Search,Desktop,East,Electronics,200.58,1,20,160.46,136.39,24.07,Standard,4,True,4.0,Apple Pay,False
ORD-00680,2024-05-03,C0825,Small Business,23,False,Social,Mobile,South,Sports,81.17,3,15,206.98,145.81,61.17,Standard,3,False,5.0,Bank Transfer,False
ORD-00681,2024-05-03,C1101,Small Business,53,True,Direct,Mobile,North,Apparel,24.72,2,5,46.97,26.39,20.58,Standard,4,False,,Card,True
ORD-00682,2024-05-03,C0692,Small Business,50,False,Social,Desktop,South,Toys,42.23,4,0,168.92,91.91,77.01,Economy,5,False,,Card,False
ORD-00683,2024-05-04,C1078,Small Business,74,False,Social,Desktop,South,Electronics,273.31,5,25,1024.91,924.91,100.0,Express,4,False,,Apple Pay,False
ORD-00684,2024-05-04,C0646,Consumer,19,False,Organic Search,Tablet,South,Sports,44.26,1,10,39.83,26.41,13.42,Standard,6,False,4.0,Card,False
ORD-00685,2024-05-04,C1052,Consumer,73,False,Social,Mobile,East,Electronics,243.82,2,20,390.11,327.94,62.17,Standard,4,True,3.0,Card,False
ORD-00686,2024-05-04,C0056,Consumer,39,True,Email,Mobile,West,Apparel,40.66,1,0,40.66,21.65,19.01,Standard,7,False,,Card,False
ORD-00687,2024-05-04,C0130,Consumer,43,True,Paid Search,Mobile,South,Apparel,55.1,1,15,46.84,29.21,17.63,Standard,6,False,2.0,PayPal,True
ORD-00688,2024-05-04,C0990,Consumer,23,False,Organic Search,Desktop,South,Apparel,51.98,1,0,51.98,27.08,24.9,Express,2,False,5.0,Card,False
ORD-00689,2024-05-04,C1052,Consumer,73,False,Paid Search,Mobile,East,Electronics,259.14,1,15,220.27,182.56,37.71,Economy,6,False,4.0,Card,False
ORD-00690,2024-05-04,C0482,Consumer,37,True,Paid Search,Desktop,South,Toys,49.9,1,5,47.4,27.17,20.23,Standard,4,False,,Card,False
ORD-00691,2024-05-05,C0400,Consumer,24,False,Organic Search,Mobile,East,Electronics,225.01,1,30,157.51,145.23,12.28,Standard,4,False,4.0,Apple Pay,False
ORD-00692,2024-05-05,C0325,Consumer,21,False,Social,Mobile,West,Beauty,30.74,2,0,61.48,27.04,34.44,Economy,10,False,,Bank Transfer,False
ORD-00693,2024-05-05,C0400,Consumer,24,False,Paid Search,Mobile,East,Home,74.13,2,25,111.2,87.64,23.56,Express,1,False,5.0,Bank Transfer,False
ORD-00694,2024-05-05,C0170,Consumer,24,True,Organic Search,Mobile,West,Home,81.33,2,30,113.86,93.56,20.3,Standard,7,False,3.0,PayPal,False
ORD-00695,2024-05-05,C0342,Consumer,71,True,Direct,Desktop,East,Toys,49.09,1,0,49.09,27.74,21.35,Economy,6,False,3.0,Card,False
ORD-00696,2024-05-05,C0954,Consumer,23,False,Email,Desktop,South,Home,90.81,5,20,363.24,267.41,95.83,Standard,4,False,4.0,Apple Pay,False
ORD-00697,2024-05-05,C1012,Consumer,36,False,Organic Search,Mobile,East,Apparel,36.07,2,0,72.14,38.5,33.64,Economy,6,False,,Card,False
ORD-00698,2024-05-05,C0763,Small Business,26,False,Organic Search,Desktop,South,Electronics,216.44,1,0,216.44,137.49,78.95,Standard,4,False,,Card,False
ORD-00699,2024-05-05,C0298,Small Business,53,False,Affiliate,Desktop,West,Toys,43.37,4,30,121.44,91.78,29.66,Express,4,False,4.0,PayPal,False
ORD-00700,2024-05-05,C0126,Small Business,61,True,Organic Search,Desktop,North,Sports,47.15,3,30,99.01,84.75,14.26,Standard,4,True,,Card,False
ORD-00701,2024-05-06,C0950,Consumer,71,False,Direct,Mobile,East,Beauty,30.87,3,0,92.61,43.1,49.51,Economy,5,True,3.0,Card,False
ORD-00702,2024-05-06,C0396,Consumer,35,True,Email,Tablet,North,Toys,48.0,1,25,36.0,26.65,9.35,Standard,5,False,4.0,Bank Transfer,False
ORD-00703,2024-05-07,C0728,Consumer,35,False,Organic Search,Tablet,East,Sports,62.02,2,30,86.83,75.7,11.13,Express,1,False,5.0,Card,False
ORD-00704,2024-05-07,C0202,Small Business,18,False,Organic Search,Desktop,East,Toys,27.26,3,0,81.78,46.29,35.49,Standard,6,False,3.0,Apple Pay,False
ORD-00705,2024-05-07,C0444,Enterprise,65,True,Organic Search,Desktop,West,Home,90.66,3,0,271.98,165.32,106.66,Standard,7,False,4.0,Card,False
ORD-00706,2024-05-07,C0232,Consumer,48,True,Social,Mobile,West,Home,74.9,1,0,74.9,44.41,30.49,Economy,9,True,2.0,Bank Transfer,True
ORD-00707,2024-05-07,C0670,Consumer,29,False,Organic Search,Mobile,North,Toys,41.5,1,20,33.2,22.01,11.19,Express,3,False,5.0,Card,False
ORD-00708,2024-05-08,C0722,Consumer,64,False,Paid Search,Desktop,West,Toys,39.12,2,5,74.33,41.5,32.83,Standard,7,False,5.0,Card,False
ORD-00709,2024-05-08,C1108,Consumer,67,True,Social,Tablet,North,Beauty,31.37,1,20,25.1,14.31,10.79,Standard,3,False,,Card,False
ORD-00710,2024-05-08,C0266,Consumer,33,True,Email,Mobile,South,Toys,46.16,4,0,184.64,102.06,82.58,Standard,6,False,4.0,PayPal,False
ORD-00711,2024-05-08,C0412,Consumer,41,True,Social,Desktop,North,Beauty,33.82,2,0,67.64,30.62,37.02,Standard,3,False,,PayPal,True
ORD-00712,2024-05-08,C0103,Consumer,48,True,Email,Desktop,South,Apparel,55.46,4,0,221.84,114.51,107.33,Standard,5,True,,Apple Pay,False
ORD-00713,2024-05-08,C0466,Consumer,66,True,Email,Mobile,East,Apparel,89.27,1,25,66.95,45.25,21.7,Standard,3,False,,Apple Pay,False
ORD-00714,2024-05-09,C0207,Consumer,48,False,Paid Search,Desktop,North,Toys,35.75,1,0,35.75,18.72,17.03,Economy,6,False,4.0,Bank Transfer,False
ORD-00715,2024-05-09,C1052,Consumer,73,False,Direct,Mobile,North,Apparel,45.94,2,10,82.69,47.0,35.69,Economy,5,False,,Card,False
ORD-00716,2024-05-09,C0719,Consumer,38,False,Direct,Mobile,South,Apparel,54.81,2,0,109.62,55.53,54.09,Standard,3,False,4.0,PayPal,True
ORD-00717,2024-05-09,C1095,Consumer,38,True,Organic Search,Mobile,South,Electronics,206.83,2,0,413.66,271.03,142.63,Standard,4,False,4.0,Card,False
ORD-00718,2024-05-09,C1062,Enterprise,53,False,Direct,Mobile,South,Toys,35.81,5,0,179.05,99.69,79.36,Standard,7,False,,Card,False
ORD-00719,2024-05-09,C0202,Small Business,18,False,Paid Search,Desktop,West,Apparel,42.01,2,25,63.02,42.96,20.06,Standard,7,False,3.0,Card,False
ORD-00720,2024-05-09,C0297,Consumer,66,False,Direct,Mobile,North,Home,77.02,1,5,73.17,44.56,28.61,Standard,6,False,,Bank Transfer,False
ORD-00721,2024-05-10,C1037,Consumer,74,True,Paid Search,Tablet,North,Beauty,25.5,1,5,24.22,11.14,13.08,Standard,3,False,4.0,Apple Pay,False
ORD-00722,2024-05-10,C0604,Consumer,25,False,Organic Search,Mobile,East,Electronics,354.65,1,5,336.92,240.91,96.01,Standard,4,True,3.0,Card,False
ORD-00723,2024-05-10,C1116,Consumer,47,True,Email,Desktop,North,Apparel,41.86,2,0,83.72,42.5,41.22,Standard,3,False,,Card,False
ORD-00724,2024-05-10,C0577,Enterprise,38,False,Organic Search,Mobile,West,Beauty,20.76,4,10,74.74,38.21,36.53,Economy,8,False,4.0,Card,False
ORD-00725,2024-05-10,C0210,Consumer,19,False,Social,Tablet,South,Apparel,41.29,2,15,70.19,40.35,29.84,Standard,5,False,3.0,Card,False
ORD-00726,2024-05-10,C0763,Small Business,26,False,Direct,Mobile,West,Electronics,199.07,3,10,537.49,389.85,147.64,Economy,10,False,2.0,Apple Pay,False
ORD-00727,2024-05-10,C0921,Consumer,53,False,Organic Search,Mobile,South,Toys,46.45,1,15,39.48,24.6,14.88,Standard,3,False,5.0,Apple Pay,False
ORD-00728,2024-05-10,C0657,Small Business,45,True,Direct,Mobile,South,Apparel,46.23,4,25,138.69,97.67,41.02,Express,3,False,5.0,Card,False
ORD-00729,2024-05-11,C0685,Consumer,32,False,Paid Search,Mobile,South,Home,76.81,3,0,230.43,143.13,87.3,Standard,3,False,,PayPal,False
ORD-00730,2024-05-11,C0728,Consumer,35,False,Organic Search,Desktop,North,Beauty,37.21,3,10,100.47,48.65,51.82,Standard,5,True,3.0,Card,False
ORD-00731,2024-05-11,C0671,Consumer,70,False,Social,Mobile,West,Home,112.75,1,5,107.11,63.01,44.1,Standard,7,False,3.0,Card,False
ORD-00732,2024-05-11,C0515,Enterprise,34,False,Organic Search,Desktop,North,Apparel,46.32,4,10,166.75,96.06,70.69,Standard,4,False,,Card,False
ORD-00733,2024-05-11,C0400,Consumer,24,False,Paid Search,Mobile,West,Home,62.42,2,25,93.63,76.63,17.0,Standard,7,False,,Card,False
ORD-00734,2024-05-11,C0670,Consumer,29,False,Organic Search,Mobile,East,Electronics,279.31,2,0,558.62,378.35,180.27,Standard,4,False,5.0,Apple Pay,False
ORD-00735,2024-05-11,C0301,Consumer,20,False,Paid Search,Desktop,West,Electronics,380.26,2,20,608.42,508.73,99.69,Standard,8,False,,PayPal,False
ORD-00736,2024-05-11,C1010,Consumer,39,False,Affiliate,Mobile,North,Home,95.92,2,15,163.06,112.37,50.69,Standard,4,False,,Card,False
ORD-00737,2024-05-12,C0315,Enterprise,56,True,Organic Search,Mobile,South,Apparel,38.67,5,10,174.02,99.02,75.0,Standard,3,False,5.0,Apple Pay,False
ORD-00738,2024-05-12,C0210,Consumer,19,False,Email,Desktop,West,Electronics,305.42,1,10,274.88,212.15,62.73,Economy,8,False,3.0,Card,False
ORD-00739,2024-05-12,C0989,Consumer,72,True,Email,Mobile,West,Sports,64.37,2,15,109.43,75.77,33.66,Express,4,False,4.0,PayPal,True
ORD-00740,2024-05-12,C0825,Small Business,23,False,Affiliate,Mobile,West,Apparel,41.75,2,15,70.97,43.13,27.84,Economy,9,False,2.0,Bank Transfer,True
ORD-00741,2024-05-12,C1052,Consumer,73,False,Affiliate,Desktop,East,Beauty,38.44,2,0,76.88,35.74,41.14,Standard,4,False,5.0,PayPal,False
ORD-00742,2024-05-12,C0010,Small Business,35,True,Affiliate,Desktop,West,Home,80.8,2,0,161.6,96.73,64.87,Economy,9,False,3.0,Apple Pay,False
ORD-00743,2024-05-12,C0037,Consumer,18,True,Email,Desktop,East,Electronics,286.17,1,0,286.17,193.28,92.89,Express,2,False,4.0,Card,False
ORD-00744,2024-05-12,C1004,Consumer,39,True,Direct,Desktop,North,Sports,65.12,2,0,130.24,79.29,50.95,Standard,4,False,,Card,False
ORD-00745,2024-05-12,C1134,Consumer,20,False,Paid Search,Mobile,South,Toys,36.69,2,15,62.37,41.99,20.38,Economy,7,False,4.0,Apple Pay,False
ORD-00746,2024-05-12,C0021,Consumer,39,False,Organic Search,Mobile,North,Toys,50.15,1,0,50.15,28.04,22.11,Economy,5,True,3.0,Apple Pay,False
ORD-00747,2024-05-13,C0421,Consumer,73,False,Paid Search,Mobile,North,Toys,28.79,2,5,54.7,31.72,22.98,Standard,3,False,4.0,Bank Transfer,False
ORD-00748,2024-05-13,C0418,Consumer,67,False,Affiliate,Tablet,South,Apparel,41.15,3,0,123.45,62.73,60.72,Economy,6,True,4.0,Apple Pay,False
ORD-00749,2024-05-13,C0748,Consumer,33,False,Direct,Mobile,East,Toys,38.73,1,5,36.79,19.61,17.18,Express,1,True,,Card,False
ORD-00750,2024-05-13,C0312,Consumer,72,False,Organic Search,Desktop,North,Apparel,46.4,1,15,39.44,24.5,14.94,Standard,7,False,,Card,True
ORD-00751,2024-05-13,C0587,Consumer,68,True,Direct,Desktop,North,Home,68.29,2,20,109.26,81.07,28.19,Express,2,False,,Card,False
ORD-00752,2024-05-13,C0930,Small Business,55,False,Social,Mobile,North,Apparel,48.12,4,15,163.61,103.05,60.56,Economy,5,False,4.0,Apple Pay,False
ORD-00753,2024-05-13,C0472,Consumer,72,False,Social,Tablet,East,Toys,47.07,1,0,47.07,25.59,21.48,Standard,3,False,5.0,PayPal,False
ORD-00754,2024-05-14,C0758,Consumer,64,False,Email,Mobile,North,Electronics,215.05,1,5,204.3,146.07,58.23,Standard,4,False,,Apple Pay,False
ORD-00755,2024-05-14,C0763,Small Business,26,False,Paid Search,Mobile,North,Toys,21.15,3,20,50.76,34.78,15.98,Standard,7,False,3.0,Card,False
ORD-00756,2024-05-14,C0997,Consumer,31,True,Direct,Desktop,East,Electronics,202.52,1,15,172.14,138.63,33.51,Standard,4,False,,Card,False
ORD-00757,2024-05-14,C1140,Consumer,45,False,Affiliate,Mobile,East,Apparel,49.63,1,0,49.63,26.75,22.88,Express,1,False,5.0,Card,False
ORD-00758,2024-05-14,C0551,Consumer,19,True,Organic Search,Tablet,North,Sports,52.8,2,15,89.76,64.83,24.93,Economy,6,False,4.0,Card,False
ORD-00759,2024-05-14,C0390,Consumer,38,True,Organic Search,Mobile,West,Sports,78.41,3,0,235.23,141.8,93.43,Standard,7,False,5.0,Card,False
ORD-00760,2024-05-15,C1137,Small Business,70,False,Paid Search,Desktop,West,Home,106.76,2,15,181.49,125.48,56.01,Standard,9,False,,PayPal,False
ORD-00761,2024-05-15,C1007,Consumer,33,True,Email,Mobile,South,Sports,91.75,1,25,68.81,52.96,15.85,Standard,3,False,5.0,Card,True
ORD-00762,2024-05-15,C0309,Consumer,52,False,Email,Mobile,West,Electronics,234.32,1,0,234.32,163.94,70.38,Standard,7,False,3.0,Card,False
ORD-00763,2024-05-16,C0966,Enterprise,29,False,Organic Search,Desktop,East,Toys,28.07,1,5,26.67,16.11,10.56,Standard,4,False,5.0,Card,False
ORD-00764,2024-05-16,C0210,Consumer,19,False,Direct,Mobile,West,Beauty,50.55,2,0,101.1,48.07,53.03,Express,5,False,3.0,Card,False
ORD-00765,2024-05-16,C0521,Consumer,43,True,Email,Desktop,East,Beauty,38.14,1,10,34.33,16.57,17.76,Express,2,False,5.0,Card,False
ORD-00766,2024-05-17,C0207,Consumer,48,False,Affiliate,Mobile,North,Apparel,69.82,2,0,139.64,75.37,64.27,Standard,6,False,,Card,False
ORD-00767,2024-05-17,C0976,Consumer,33,True,Organic Search,Mobile,North,Home,119.96,3,5,341.89,203.5,138.39,Standard,4,False,,Card,False
ORD-00768,2024-05-17,C0253,Enterprise,56,True,Affiliate,Mobile,East,Electronics,198.63,6,25,893.84,832.93,60.91,Standard,4,False,5.0,Card,False
ORD-00769,2024-05-17,C0312,Consumer,72,False,Direct,Mobile,West,Sports,85.46,3,10,230.74,158.31,72.43,Standard,8,False,4.0,Card,False
ORD-00770,2024-05-17,C1140,Consumer,45,False,Social,Desktop,North,Home,70.72,1,5,67.18,41.73,25.45,Standard,3,False,5.0,PayPal,False
ORD-00771,2024-05-17,C0528,Consumer,66,True,Direct,Desktop,East,Beauty,42.49,2,0,84.98,41.1,43.88,Standard,3,False,5.0,Card,False
ORD-00772,2024-05-17,C0396,Consumer,35,False,Organic Search,Mobile,North,Sports,61.39,2,10,110.5,74.4,36.1,Economy,6,False,,Card,True
ORD-00773,2024-05-17,C0115,Consumer,58,False,Social,Mobile,South,Sports,87.45,1,15,74.33,54.65,19.68,Standard,3,False,4.0,Card,False
ORD-00774,2024-05-17,C0244,Consumer,35,False,Social,Mobile,East,Apparel,62.38,2,0,124.76,64.79,59.97,Economy,5,True,,Bank Transfer,False
ORD-00775,2024-05-17,C1150,Consumer,19,True,Social,Mobile,West,Toys,51.32,1,5,48.75,28.61,20.14,Standard,8,False,3.0,PayPal,False
ORD-00776,2024-05-18,C0728,Consumer,35,False,Organic Search,Desktop,North,Toys,41.53,2,5,78.91,44.24,34.67,Express,2,False,,Card,False
ORD-00777,2024-05-18,C0671,Consumer,70,False,Direct,Desktop,South,Apparel,28.21,1,0,28.21,14.23,13.98,Standard,3,False,,PayPal,False
ORD-00778,2024-05-18,C1156,Consumer,49,False,Organic Search,Desktop,North,Home,68.94,2,20,110.3,78.9,31.4,Standard,4,False,,Apple Pay,False
ORD-00779,2024-05-18,C0275,Consumer,31,True,Organic Search,Mobile,East,Beauty,27.69,2,10,49.84,24.88,24.96,Standard,5,False,2.0,Card,False
ORD-00780,2024-05-18,C0188,Small Business,33,False,Organic Search,Mobile,South,Beauty,23.02,2,0,46.04,20.05,25.99,Standard,4,False,4.0,PayPal,False
ORD-00781,2024-05-18,C0778,Enterprise,34,False,Organic Search,Mobile,South,Apparel,45.66,2,20,73.06,46.19,26.87,Standard,3,False,,PayPal,True
ORD-00782,2024-05-18,C0283,Consumer,55,False,Direct,Mobile,East,Toys,44.79,1,25,33.59,25.33,8.26,Standard,3,False,5.0,Card,False
ORD-00783,2024-05-18,C0298,Small Business,53,False,Paid Search,Mobile,East,Beauty,29.09,6,0,174.54,76.89,97.65,Express,2,False,,PayPal,False
ORD-00784,2024-05-19,C0063,Small Business,53,False,Affiliate,Mobile,East,Beauty,20.09,5,0,100.45,42.84,57.61,Standard,4,False,2.0,Apple Pay,False
ORD-00785,2024-05-19,C0446,Consumer,40,True,Affiliate,Desktop,North,Home,87.74,5,0,438.7,255.71,182.99,Standard,3,False,,Apple Pay,False
ORD-00786,2024-05-19,C1052,Consumer,73,False,Paid Search,Mobile,North,Home,71.5,3,5,203.77,122.31,81.46,Express,2,False,5.0,Card,False
ORD-00787,2024-05-19,C0990,Consumer,23,False,Organic Search,Mobile,North,Home,65.97,1,25,49.48,39.39,10.09,Economy,8,False,3.0,Bank Transfer,False
ORD-00788,2024-05-19,C0992,Consumer,64,False,Direct,Mobile,West,Beauty,32.08,1,15,27.27,14.87,12.4,Standard,9,False,,Card,False
ORD-00789,2024-05-20,C1006,Consumer,22,False,Affiliate,Mobile,North,Beauty,20.31,2,5,38.59,17.75,20.84,Economy,7,True,3.0,Card,False
ORD-00790,2024-05-20,C0143,Consumer,59,True,Paid Search,Mobile,North,Apparel,30.88,1,20,24.7,15.21,9.49,Standard,3,False,,Card,False
ORD-00791,2024-05-20,C0999,Small Business,72,True,Direct,Mobile,South,Toys,37.54,1,0,37.54,20.17,17.37,Standard,4,False,,PayPal,False
ORD-00792,2024-05-20,C0739,Consumer,72,True,Email,Tablet,East,Electronics,250.73,1,25,188.05,167.46,20.59,Standard,5,False,5.0,PayPal,False
ORD-00793,2024-05-20,C0950,Consumer,71,False,Organic Search,Desktop,South,Toys,39.42,1,0,39.42,19.97,19.45,Standard,5,False,4.0,Card,False
ORD-00794,2024-05-20,C0889,Enterprise,64,False,Organic Search,Mobile,North,Home,57.6,4,0,230.4,135.44,94.96,Standard,4,False,3.0,Card,False
ORD-00795,2024-05-20,C0155,Consumer,62,False,Organic Search,Mobile,South,Sports,56.75,2,25,85.12,70.55,14.57,Standard,7,False,5.0,Bank Transfer,True
ORD-00796,2024-05-20,C0838,Consumer,29,True,Email,Desktop,North,Apparel,46.15,2,30,64.61,48.34,16.27,Economy,5,False,,PayPal,False
ORD-00797,2024-05-20,C1169,Consumer,38,False,Organic Search,Desktop,North,Apparel,45.93,2,5,87.27,49.45,37.82,Standard,4,False,4.0,Card,False
ORD-00798,2024-05-20,C0523,Small Business,33,True,Organic Search,Desktop,West,Home,78.43,4,5,298.03,183.45,114.58,Standard,6,False,,Apple Pay,False
ORD-00799,2024-05-20,C0084,Consumer,59,False,Paid Search,Mobile,South,Apparel,31.88,1,25,23.91,18.03,5.88,Economy,7,False,3.0,Card,True
ORD-00800,2024-05-21,C0565,Consumer,29,True,Organic Search,Mobile,North,Toys,64.44,3,0,193.32,98.16,95.16,Standard,4,False,4.0,Card,False
ORD-00801,2024-05-21,C0918,Consumer,48,False,Paid Search,Mobile,West,Electronics,264.26,2,10,475.67,357.43,118.24,Economy,9,False,2.0,PayPal,False
ORD-00802,2024-05-21,C0052,Consumer,44,True,Organic Search,Desktop,North,Home,86.65,3,20,207.96,158.39,49.57,Standard,3,False,5.0,Card,False
ORD-00803,2024-05-21,C0207,Consumer,48,False,Paid Search,Mobile,South,Toys,47.36,1,25,35.52,26.21,9.31,Economy,5,False,5.0,Apple Pay,False
ORD-00804,2024-05-21,C0210,Consumer,19,False,Email,Desktop,North,Toys,69.09,1,10,62.18,37.38,24.8,Standard,4,True,3.0,Apple Pay,False
ORD-00805,2024-05-21,C0728,Consumer,35,False,Direct,Tablet,East,Electronics,159.52,2,0,319.04,223.67,95.37,Standard,8,False,,Apple Pay,True
ORD-00806,2024-05-22,C0086,Small Business,50,False,Paid Search,Mobile,East,Apparel,50.59,3,10,136.59,78.11,58.48,Express,5,False,,Card,True
ORD-00807,2024-05-22,C1168,Enterprise,30,True,Social,Mobile,North,Sports,85.22,3,0,255.66,149.12,106.54,Economy,5,False,4.0,Card,False
ORD-00808,2024-05-22,C0954,Consumer,23,False,Affiliate,Desktop,West,Home,89.33,1,0,89.33,50.53,38.8,Standard,6,False,,PayPal,False
ORD-00809,2024-05-22,C0615,Consumer,71,True,Organic Search,Mobile,South,Beauty,34.99,1,20,27.99,15.75,12.24,Standard,5,False,4.0,Card,False
ORD-00810,2024-05-22,C0646,Consumer,19,False,Affiliate,Tablet,North,Toys,55.47,2,15,94.3,62.86,31.44,Standard,4,False,,Card,False
ORD-00811,2024-05-22,C0118,Consumer,19,True,Direct,Desktop,West,Home,82.85,2,0,165.7,96.7,69.0,Express,5,False,,Card,False
ORD-00812,2024-05-22,C0982,Small Business,59,True,Paid Search,Desktop,West,Apparel,46.07,4,0,184.28,94.62,89.66,Express,6,False,4.0,PayPal,False
ORD-00813,2024-05-23,C1094,Small Business,44,True,Organic Search,Mobile,East,Apparel,56.22,2,10,101.2,61.02,40.18,Standard,4,False,5.0,Bank Transfer,False
ORD-00814,2024-05-23,C0312,Consumer,72,False,Direct,Desktop,West,Apparel,41.35,1,10,37.22,21.55,15.67,Standard,6,False,,Card,False
ORD-00815,2024-05-23,C0106,Consumer,40,False,Paid Search,Tablet,West,Home,93.3,3,10,251.91,156.81,95.1,Express,6,True,2.0,Bank Transfer,False
ORD-00816,2024-05-23,C0085,Consumer,40,True,Social,Mobile,North,Electronics,328.33,1,10,295.5,226.98,68.52,Standard,4,False,4.0,Card,False
ORD-00817,2024-05-23,C0155,Consumer,62,False,Direct,Mobile,East,Beauty,34.3,3,0,102.9,47.08,55.82,Standard,3,False,5.0,Card,False
ORD-00818,2024-05-24,C0985,Consumer,27,True,Social,Desktop,West,Toys,42.77,1,0,42.77,23.3,19.47,Economy,9,False,3.0,Card,False
ORD-00819,2024-05-24,C0244,Consumer,35,False,Paid Search,Mobile,South,Home,86.95,2,20,139.12,99.36,39.76,Economy,5,False,4.0,Bank Transfer,False
ORD-00820,2024-05-24,C0210,Consumer,19,False,Social,Desktop,East,Electronics,252.05,1,30,176.44,174.01,2.43,Standard,3,False,4.0,Card,False
ORD-00821,2024-05-25,C0987,Consumer,55,False,Social,Desktop,South,Electronics,241.75,2,5,459.32,340.15,119.17,Standard,3,False,,Card,False
ORD-00822,2024-05-25,C0709,Consumer,30,True,Organic Search,Mobile,North,Electronics,266.52,2,25,399.78,357.83,41.95,Economy,6,False,4.0,Card,False
ORD-00823,2024-05-25,C0086,Small Business,50,False,Organic Search,Mobile,North,Toys,37.37,1,15,31.76,19.99,11.77,Standard,3,False,,Bank Transfer,False
ORD-00824,2024-05-25,C0950,Consumer,71,False,Social,Mobile,West,Toys,40.11,1,10,36.1,22.04,14.06,Standard,6,False,,Card,True
ORD-00825,2024-05-25,C1023,Small Business,51,False,Affiliate,Mobile,West,Home,85.27,1,0,85.27,49.68,35.59,Economy,8,False,3.0,Apple Pay,False
ORD-00826,2024-05-25,C0424,Consumer,68,False,Organic Search,Mobile,East,Toys,49.43,1,30,34.6,26.93,7.67,Standard,3,False,4.0,Card,False
ORD-00827,2024-05-26,C0207,Consumer,48,False,Organic Search,Desktop,East,Electronics,226.32,3,0,678.96,463.6,215.36,Standard,3,False,5.0,Bank Transfer,False
ORD-00828,2024-05-27,C0074,Consumer,26,False,Direct,Desktop,East,Electronics,280.32,2,25,420.48,370.09,50.39,Standard,4,False,5.0,Bank Transfer,False
ORD-00829,2024-05-27,C0207,Consumer,48,False,Organic Search,Desktop,North,Sports,72.87,1,30,51.01,43.68,7.33,Standard,4,False,5.0,Apple Pay,False
ORD-00830,2024-05-27,C0728,Consumer,35,False,Paid Search,Mobile,North,Sports,80.0,1,20,64.0,49.39,14.61,Economy,5,False,3.0,Card,False
ORD-00831,2024-05-27,C0393,Consumer,42,False,Organic Search,Desktop,North,Electronics,265.72,2,20,425.15,346.51,78.64,Standard,5,True,3.0,Card,False
ORD-00832,2024-05-27,C0950,Consumer,71,False,Organic Search,Desktop,West,Apparel,43.9,2,15,74.63,45.79,28.84,Standard,8,True,3.0,Card,False
ORD-00833,2024-05-27,C0298,Small Business,53,False,Affiliate,Tablet,North,Electronics,174.33,3,20,418.39,366.48,51.91,Standard,4,True,,Apple Pay,False
ORD-00834,2024-05-28,C0676,Small Business,50,False,Email,Desktop,East,Apparel,53.29,1,0,53.29,28.12,25.17,Economy,5,False,,PayPal,True
ORD-00835,2024-05-28,C0421,Consumer,73,False,Direct,Desktop,South,Electronics,224.84,1,0,224.84,150.0,74.84,Express,3,False,,Card,False
ORD-00836,2024-05-28,C0384,Consumer,33,False,Email,Mobile,North,Home,93.82,1,5,89.13,53.2,35.93,Standard,3,False,,Card,True
ORD-00837,2024-05-28,C0825,Small Business,23,False,Direct,Desktop,West,Electronics,146.68,3,20,352.03,307.34,44.69,Standard,8,False,3.0,Bank Transfer,False
ORD-00838,2024-05-28,C0207,Consumer,48,False,Organic Search,Desktop,West,Toys,44.4,1,0,44.4,23.49,20.91,Standard,7,False,3.0,Apple Pay,True
ORD-00839,2024-05-28,C0930,Small Business,55,False,Organic Search,Mobile,West,Toys,36.55,1,5,34.72,19.82,14.9,Standard,7,False,,Card,False
ORD-00840,2024-05-28,C0246,Small Business,35,False,Social,Mobile,East,Apparel,49.35,3,30,103.64,75.49,28.15,Economy,8,True,3.0,PayPal,False
ORD-00841,2024-05-28,C0309,Consumer,52,False,Paid Search,Desktop,North,Home,86.86,3,0,260.58,154.65,105.93,Standard,4,False,4.0,PayPal,False
ORD-00842,2024-05-28,C0966,Enterprise,29,False,Direct,Desktop,East,Home,83.8,6,15,427.38,276.92,150.46,Economy,5,True,,Card,False
ORD-00843,2024-05-28,C0480,Consumer,68,True,Organic Search,Desktop,West,Home,125.92,1,0,125.92,69.46,56.46,Standard,6,False,,PayPal,False
ORD-00844,2024-05-28,C1067,Consumer,58,True,Paid Search,Mobile,West,Toys,35.6,2,25,53.4,38.58,14.82,Express,5,False,5.0,PayPal,False
ORD-00845,2024-05-28,C0604,Consumer,25,False,Paid Search,Mobile,East,Apparel,59.71,1,10,53.74,32.6,21.14,Standard,4,False,4.0,Card,True
ORD-00846,2024-05-29,C0449,Consumer,69,True,Paid Search,Tablet,South,Apparel,45.94,1,15,39.05,25.44,13.61,Standard,3,False,4.0,PayPal,False
ORD-00847,2024-05-29,C1011,Consumer,56,True,Social,Tablet,East,Apparel,82.95,1,25,62.21,44.49,17.72,Standard,5,False,5.0,Card,False
ORD-00848,2024-05-29,C0400,Consumer,24,False,Direct,Tablet,East,Home,102.81,1,30,71.97,59.53,12.44,Standard,4,False,,Card,False
ORD-00849,2024-05-29,C0298,Small Business,53,False,Email,Tablet,West,Apparel,35.28,2,10,63.5,35.77,27.73,Standard,6,False,5.0,Card,False
ORD-00850,2024-05-29,C1010,Consumer,39,False,Organic Search,Desktop,West,Toys,30.61,2,25,45.92,33.57,12.35,Economy,9,False,4.0,Apple Pay,False
ORD-00851,2024-05-29,C0671,Consumer,70,False,Paid Search,Tablet,North,Sports,64.46,2,15,109.58,77.8,31.78,Standard,5,False,4.0,PayPal,False
ORD-00852,2024-05-29,C0702,Consumer,33,False,Affiliate,Mobile,East,Electronics,318.52,1,15,270.74,216.76,53.98,Standard,5,False,5.0,Card,False
ORD-00853,2024-05-30,C0400,Consumer,24,False,Paid Search,Mobile,North,Electronics,151.97,1,30,106.38,106.68,-0.3,Economy,5,False,3.0,Card,False
ORD-00854,2024-05-30,C0152,Consumer,46,False,Paid Search,Mobile,South,Sports,56.78,1,20,45.42,34.92,10.5,Economy,7,True,3.0,PayPal,True
ORD-00855,2024-05-30,C0103,Consumer,48,False,Organic Search,Desktop,South,Electronics,127.78,1,25,95.84,90.56,5.28,Standard,3,False,5.0,Card,False
ORD-00856,2024-05-30,C0387,Small Business,21,True,Email,Mobile,South,Sports,68.79,5,0,343.95,213.03,130.92,Standard,3,False,5.0,Card,False
ORD-00857,2024-05-30,C0086,Small Business,50,False,Paid Search,Mobile,West,Home,82.3,3,0,246.9,133.78,113.12,Standard,8,False,,PayPal,False
ORD-00858,2024-05-30,C0207,Consumer,48,False,Paid Search,Mobile,East,Beauty,32.13,2,0,64.26,28.66,35.6,Economy,6,False,4.0,Card,False
ORD-00859,2024-05-30,C1052,Consumer,73,False,Organic Search,Desktop,West,Electronics,267.0,3,0,801.0,552.28,248.72,Express,6,False,4.0,Card,False
ORD-00860,2024-05-31,C0207,Consumer,48,False,Organic Search,Desktop,North,Toys,23.2,1,0,23.2,12.53,10.67,Standard,3,False,5.0,Card,False
ORD-00861,2024-05-31,C0362,Small Business,46,False,Direct,Mobile,East,Apparel,45.9,3,25,103.28,69.3,33.98,Standard,5,False,4.0,PayPal,False
ORD-00862,2024-05-31,C0819,Consumer,52,False,Direct,Mobile,North,Beauty,20.55,2,30,28.77,18.03,10.74,Express,2,True,4.0,Bank Transfer,False
ORD-00863,2024-05-31,C0421,Consumer,73,False,Paid Search,Mobile,West,Home,84.53,2,15,143.7,97.88,45.82,Standard,7,False,4.0,Card,False
ORD-00864,2024-05-31,C0097,Consumer,69,True,Email,Mobile,West,Sports,46.95,1,25,35.21,28.4,6.81,Standard,6,False,,Card,False
ORD-00865,2024-06-01,C0840,Consumer,43,False,Organic Search,Tablet,North,Electronics,192.49,2,15,327.23,264.44,62.79,Express,1,False,5.0,Bank Transfer,False
ORD-00866,2024-06-01,C0362,Small Business,46,False,Direct,Mobile,North,Electronics,297.59,2,0,595.18,381.37,213.81,Standard,4,False,,Card,False
ORD-00867,2024-06-01,C0342,Consumer,71,False,Social,Desktop,East,Apparel,49.04,1,0,49.04,25.23,23.81,Standard,4,False,4.0,Card,False
ORD-00868,2024-06-01,C1119,Consumer,29,True,Organic Search,Desktop,North,Beauty,36.81,3,0,110.43,49.86,60.57,Standard,5,False,4.0,Card,False
ORD-00869,2024-06-01,C1031,Small Business,58,False,Organic Search,Tablet,West,Electronics,175.49,2,15,298.33,246.26,52.07,Express,6,True,,Bank Transfer,False
ORD-00870,2024-06-02,C0095,Consumer,73,False,Paid Search,Desktop,North,Beauty,32.38,2,15,55.05,28.34,26.71,Standard,7,True,3.0,Card,False
ORD-00871,2024-06-02,C0849,Consumer,45,True,Paid Search,Mobile,West,Electronics,182.16,2,10,327.89,239.92,87.97,Economy,9,False,,PayPal,False
ORD-00872,2024-06-02,C0400,Consumer,24,False,Organic Search,Desktop,West,Apparel,63.93,4,0,255.72,136.68,119.04,Standard,7,False,3.0,Apple Pay,False
ORD-00873,2024-06-02,C0878,Consumer,34,True,Paid Search,Mobile,West,Toys,45.1,2,0,90.2,49.75,40.45,Express,5,False,5.0,PayPal,True
ORD-00874,2024-06-02,C0210,Consumer,19,False,Direct,Mobile,East,Apparel,58.23,1,0,58.23,31.08,27.15,Standard,3,False,5.0,Bank Transfer,False
ORD-00875,2024-06-03,C1147,Small Business,19,False,Email,Tablet,East,Sports,82.33,4,10,296.39,189.33,107.06,Express,1,False,,Card,False
ORD-00876,2024-06-03,C0954,Consumer,23,False,Paid Search,Mobile,North,Beauty,29.1,1,25,21.83,12.47,9.36,Express,1,True,,Bank Transfer,False
ORD-00877,2024-06-03,C0646,Consumer,19,False,Email,Desktop,South,Toys,30.13,2,0,60.26,32.55,27.71,Economy,7,False,3.0,Card,False
ORD-00878,2024-06-03,C0671,Consumer,70,False,Email,Tablet,West,Sports,86.1,2,15,146.37,105.9,40.47,Standard,6,False,4.0,PayPal,True
ORD-00879,2024-06-03,C0406,Small Business,55,False,Paid Search,Mobile,East,Electronics,189.1,1,20,151.28,131.19,20.09,Express,2,False,,Card,False
ORD-00880,2024-06-03,C1147,Small Business,19,False,Organic Search,Mobile,North,Apparel,35.71,2,30,49.99,36.16,13.83,Express,1,False,5.0,PayPal,False
ORD-00881,2024-06-03,C0162,Consumer,21,True,Organic Search,Mobile,South,Beauty,37.54,2,0,75.08,35.09,39.99,Economy,5,False,4.0,Bank Transfer,False
ORD-00882,2024-06-03,C0084,Consumer,59,False,Organic Search,Desktop,North,Toys,45.37,3,15,115.69,76.3,39.39,Standard,3,False,,Bank Transfer,False
ORD-00883,2024-06-03,C0362,Small Business,46,False,Organic Search,Mobile,North,Sports,61.89,4,0,247.56,145.51,102.05,Express,3,False,,PayPal,False
ORD-00884,2024-06-03,C0606,Small Business,62,False,Organic Search,Desktop,North,Toys,36.64,2,20,58.62,38.53,20.09,Standard,4,False,,Apple Pay,False
ORD-00885,2024-06-03,C0207,Consumer,48,False,Social,Mobile,East,Apparel,57.61,1,10,51.85,30.47,21.38,Standard,4,False,,Bank Transfer,False
ORD-00886,2024-06-04,C0558,Small Business,22,False,Organic Search,Tablet,North,Beauty,30.57,3,0,91.71,41.54,50.17,Express,3,False,,Card,True
ORD-00887,2024-06-04,C0800,Consumer,34,False,Email,Desktop,East,Apparel,51.86,2,0,103.72,51.04,52.68,Standard,4,False,4.0,Card,False
ORD-00888,2024-06-05,C1052,Consumer,73,False,Organic Search,Mobile,East,Apparel,57.54,1,10,51.79,29.63,22.16,Standard,3,False,,Bank Transfer,True
ORD-00889,2024-06-05,C0321,Consumer,49,True,Direct,Desktop,North,Sports,107.74,2,15,183.16,131.38,51.78,Standard,3,True,4.0,PayPal,True
ORD-00890,2024-06-05,C0185,Consumer,25,True,Email,Mobile,North,Beauty,37.19,4,20,119.01,68.98,50.03,Standard,3,False,4.0,PayPal,False
ORD-00891,2024-06-05,C0188,Small Business,33,False,Social,Mobile,East,Beauty,28.27,2,0,56.54,26.12,30.42,Express,3,False,4.0,PayPal,False
ORD-00892,2024-06-05,C0012,Consumer,31,False,Paid Search,Mobile,West,Toys,39.78,3,0,119.34,62.05,57.29,Standard,8,False,,Apple Pay,True
ORD-00893,2024-06-05,C0693,Consumer,22,True,Organic Search,Mobile,West,Apparel,42.05,3,5,119.84,65.93,53.91,Standard,6,False,3.0,Card,False
ORD-00894,2024-06-05,C0970,Small Business,18,True,Direct,Desktop,North,Beauty,41.24,4,10,148.46,75.54,72.92,Standard,5,False,,Card,False
ORD-00895,2024-06-05,C0207,Consumer,48,False,Affiliate,Mobile,South,Home,63.63,2,0,127.26,73.52,53.74,Standard,4,False,3.0,Bank Transfer,False
ORD-00896,2024-06-06,C1052,Consumer,73,False,Social,Mobile,South,Toys,35.31,1,5,33.54,20.4,13.14,Express,1,False,5.0,Card,False
ORD-00897,2024-06-06,C0728,Consumer,35,False,Paid Search,Mobile,North,Toys,30.28,2,0,60.56,32.47,28.09,Standard,3,False,4.0,Apple Pay,False
ORD-00898,2024-06-07,C0840,Consumer,43,False,Paid Search,Mobile,South,Beauty,20.29,3,20,48.7,27.94,20.76,Standard,3,False,,Card,False
ORD-00899,2024-06-07,C0795,Enterprise,49,True,Direct,Desktop,South,Apparel,42.6,4,15,144.84,87.05,57.79,Economy,6,False,3.0,Card,False
ORD-00900,2024-06-07,C0210,Consumer,19,False,Paid Search,Mobile,North,Electronics,194.52,1,20,155.62,130.06,25.56,Standard,3,False,,Card,False
ORD-00901,2024-06-07,C0947,Consumer,26,False,Organic Search,Tablet,East,Sports,77.38,1,25,58.04,47.72,10.32,Economy,6,False,,PayPal,False
ORD-00902,2024-06-07,C0763,Small Business,26,False,Organic Search,Mobile,East,Apparel,62.72,2,0,125.44,64.65,60.79,Express,3,False,,Card,False
ORD-00903,2024-06-08,C0393,Consumer,42,False,Direct,Tablet,North,Sports,56.87,2,5,108.05,67.79,40.26,Economy,5,False,,PayPal,False
ORD-00904,2024-06-08,C0728,Consumer,35,False,Organic Search,Desktop,North,Beauty,41.95,2,0,83.9,36.53,47.37,Standard,4,False,4.0,Apple Pay,False
ORD-00905,2024-06-08,C1052,Consumer,73,False,Organic Search,Mobile,East,Toys,51.65,1,5,49.07,28.58,20.49,Standard,3,False,4.0,PayPal,False
ORD-00906,2024-06-08,C0126,Small Business,61,False,Email,Mobile,East,Beauty,29.83,2,25,44.74,26.42,18.32,Economy,5,False,4.0,Card,False
ORD-00907,2024-06-08,C1002,Consumer,49,True,Paid Search,Mobile,East,Beauty,28.95,2,10,52.11,26.42,25.69,Express,3,False,4.0,PayPal,False
ORD-00908,2024-06-09,C0265,Consumer,47,False,Affiliate,Desktop,South,Apparel,51.32,1,15,43.62,27.18,16.44,Standard,3,False,5.0,Card,False
ORD-00909,2024-06-09,C0654,Small Business,67,False,Organic Search,Desktop,East,Home,110.55,2,25,165.82,131.92,33.9,Economy,5,False,,Card,True
ORD-00910,2024-06-09,C0631,Consumer,69,True,Social,Desktop,North,Apparel,35.19,2,20,56.3,35.64,20.66,Standard,3,False,5.0,Card,False
ORD-00911,2024-06-09,C1052,Consumer,73,False,Paid Search,Mobile,West,Electronics,186.81,4,30,523.07,496.59,26.48,Standard,8,False,2.0,Apple Pay,False
ORD-00912,2024-06-09,C0921,Consumer,53,False,Direct,Desktop,West,Beauty,28.8,2,25,43.2,25.05,18.15,Express,4,False,,Card,True
ORD-00913,2024-06-09,C1137,Small Business,70,False,Affiliate,Desktop,North,Apparel,50.74,2,20,81.18,55.76,25.42,Standard,3,False,5.0,Apple Pay,False
ORD-00914,2024-06-09,C0947,Consumer,26,False,Organic Search,Desktop,West,Home,76.32,2,10,137.38,91.95,45.43,Express,4,False,5.0,Apple Pay,False
ORD-00915,2024-06-09,C0275,Consumer,31,False,Email,Mobile,East,Toys,26.56,1,0,26.56,14.72,11.84,Standard,4,False,5.0,Card,False
ORD-00916,2024-06-09,C1123,Consumer,28,True,Organic Search,Tablet,East,Toys,27.01,3,5,76.98,45.39,31.59,Standard,7,True,3.0,PayPal,False
ORD-00917,2024-06-10,C1165,Consumer,43,True,Organic Search,Desktop,North,Toys,43.43,1,20,34.74,23.46,11.28,Express,1,False,5.0,Card,False
ORD-00918,2024-06-10,C0155,Consumer,62,False,Social,Mobile,North,Home,67.54,1,10,60.79,40.02,20.77,Express,1,False,5.0,Card,False
ORD-00919,2024-06-10,C1178,Consumer,69,True,Direct,Desktop,North,Toys,35.93,1,0,35.93,19.08,16.85,Standard,4,False,5.0,PayPal,False
ORD-00920,2024-06-10,C0833,Consumer,58,False,Email,Tablet,West,Apparel,38.78,2,10,69.8,42.0,27.8,Standard,7,False,4.0,Card,False
ORD-00921,2024-06-10,C0676,Small Business,50,False,Paid Search,Desktop,North,Electronics,171.38,2,25,257.07,223.2,33.87,Standard,3,False,,Card,False
ORD-00922,2024-06-10,C0721,Consumer,24,True,Direct,Mobile,West,Apparel,39.64,3,30,83.24,57.87,25.37,Express,5,False,3.0,Card,False
ORD-00923,2024-06-10,C0210,Consumer,19,False,Direct,Mobile,East,Home,94.6,3,5,269.61,158.62,110.99,Standard,4,False,4.0,Card,False
ORD-00924,2024-06-10,C0105,Consumer,41,True,Organic Search,Mobile,East,Electronics,178.12,2,0,356.24,263.27,92.97,Standard,3,False,5.0,Apple Pay,False
ORD-00925,2024-06-11,C0369,Consumer,43,False,Organic Search,Mobile,North,Home,91.89,1,0,91.89,54.37,37.52,Standard,4,False,,Card,False
ORD-00926,2024-06-11,C0887,Consumer,36,False,Direct,Mobile,South,Toys,46.78,3,30,98.24,79.3,18.94,Standard,4,False,4.0,Apple Pay,False
ORD-00927,2024-06-11,C1048,Consumer,73,True,Direct,Desktop,South,Home,100.49,3,0,301.47,178.13,123.34,Economy,7,False,4.0,Card,True
ORD-00928,2024-06-11,C1125,Small Business,48,False,Paid Search,Mobile,East,Toys,47.69,4,0,190.76,107.62,83.14,Standard,3,False,5.0,Card,False
ORD-00929,2024-06-12,C0263,Small Business,25,True,Direct,Desktop,East,Beauty,38.61,2,5,73.36,35.91,37.45,Standard,3,False,5.0,Apple Pay,False
ORD-00930,2024-06-12,C0426,Consumer,52,True,Social,Mobile,West,Home,55.28,1,0,55.28,32.15,23.13,Standard,6,False,3.0,Card,True
ORD-00931,2024-06-12,C1052,Consumer,73,False,Paid Search,Mobile,West,Home,77.4,1,10,69.66,45.15,24.51,Express,4,False,4.0,Card,False
ORD-00932,2024-06-12,C1030,Consumer,69,True,Organic Search,Mobile,North,Beauty,24.8,1,0,24.8,11.88,12.92,Standard,3,False,5.0,Card,False
ORD-00933,2024-06-12,C0302,Consumer,50,False,Paid Search,Mobile,South,Sports,51.16,3,20,122.78,89.56,33.22,Express,3,False,,Card,False
ORD-00934,2024-06-12,C0763,Small Business,26,False,Organic Search,Mobile,West,Home,75.94,2,10,136.69,86.55,50.14,Standard,8,False,4.0,PayPal,False
ORD-00935,2024-06-12,C0887,Consumer,36,False,Organic Search,Desktop,South,Electronics,163.42,4,20,522.94,485.89,37.05,Standard,3,False,5.0,Apple Pay,True
ORD-00936,2024-06-12,C0263,Small Business,25,False,Email,Mobile,North,Apparel,43.96,6,0,263.76,138.11,125.65,Economy,5,False,4.0,Card,True
ORD-00937,2024-06-13,C1031,Small Business,58,False,Paid Search,Mobile,North,Apparel,72.67,2,25,109.0,78.53,30.47,Economy,6,False,,Card,False
ORD-00938,2024-06-13,C0310,Consumer,55,True,Social,Mobile,West,Toys,49.59,1,20,39.67,26.53,13.14,Standard,7,False,,PayPal,False
ORD-00939,2024-06-13,C0703,Consumer,45,True,Paid Search,Desktop,East,Toys,40.18,1,0,40.18,22.39,17.79,Express,3,False,3.0,Card,False
ORD-00940,2024-06-13,C0921,Consumer,53,False,Email,Desktop,West,Beauty,23.93,1,20,19.14,10.15,8.99,Standard,7,False,,Card,False
ORD-00941,2024-06-13,C0207,Consumer,48,False,Paid Search,Tablet,North,Home,110.71,1,0,110.71,64.25,46.46,Standard,3,True,3.0,PayPal,False
ORD-00942,2024-06-14,C0155,Consumer,62,False,Organic Search,Tablet,North,Sports,70.42,2,0,140.84,87.39,53.45,Economy,6,False,,Card,False
ORD-00943,2024-06-14,C0254,Consumer,62,False,Organic Search,Desktop,North,Apparel,38.28,2,0,76.56,38.62,37.94,Standard,5,False,4.0,PayPal,False
ORD-00944,2024-06-14,C0416,Consumer,68,True,Social,Desktop,South,Beauty,46.97,2,15,79.85,42.41,37.44,Standard,4,True,,PayPal,False
ORD-00945,2024-06-14,C0337,Consumer,65,False,Organic Search,Desktop,East,Electronics,187.12,5,0,935.6,634.32,301.28,Express,1,False,5.0,Card,False
ORD-00946,2024-06-14,C0763,Small Business,26,False,Organic Search,Mobile,South,Beauty,33.86,2,10,60.95,29.06,31.89,Economy,7,False,5.0,Apple Pay,False
ORD-00947,2024-06-14,C0856,Consumer,43,False,Email,Mobile,North,Home,119.94,2,10,215.89,146.87,69.02,Standard,3,False,5.0,Card,False
ORD-00948,2024-06-14,C1052,Consumer,73,False,Social,Tablet,South,Beauty,22.2,1,15,18.87,10.29,8.58,Express,2,False,5.0,PayPal,False
ORD-00949,2024-06-14,C0887,Consumer,36,False,Affiliate,Desktop,East,Home,95.95,2,15,163.12,111.17,51.95,Economy,5,False,4.0,Card,False
ORD-00950,2024-06-15,C0302,Consumer,50,False,Email,Desktop,South,Beauty,28.69,2,15,48.77,25.61,23.16,Economy,6,False,4.0,Card,False
ORD-00951,2024-06-15,C1134,Consumer,20,False,Social,Desktop,South,Home,76.43,2,30,107.0,83.54,23.46,Standard,3,False,5.0,Bank Transfer,False
ORD-00952,2024-06-15,C0021,Consumer,39,False,Email,Desktop,North,Beauty,30.19,2,10,54.34,26.32,28.02,Express,1,False,5.0,Apple Pay,False
ORD-00953,2024-06-15,C1052,Consumer,73,False,Email,Mobile,West,Sports,110.76,2,15,188.29,136.85,51.44,Standard,7,False,,Card,False
ORD-00954,2024-06-15,C0570,Consumer,51,False,Paid Search,Mobile,East,Electronics,364.66,2,20,583.46,505.73,77.73,Standard,5,False,3.0,Card,False
ORD-00955,2024-06-15,C1062,Enterprise,53,False,Direct,Mobile,South,Beauty,31.42,11,20,276.5,152.37,124.13,Standard,4,False,5.0,Card,False
ORD-00956,2024-06-15,C0768,Small Business,63,False,Organic Search,Mobile,West,Home,117.92,6,5,672.14,393.49,278.65,Standard,6,False,4.0,Card,False
ORD-00957,2024-06-15,C0188,Small Business,33,False,Social,Mobile,West,Electronics,178.36,2,0,356.72,248.83,107.89,Express,5,False,3.0,Card,False
ORD-00958,2024-06-16,C0655,Consumer,21,False,Social,Mobile,East,Toys,28.07,2,0,56.14,30.87,25.27,Standard,4,False,,PayPal,False
ORD-00959,2024-06-16,C0892,Consumer,20,False,Affiliate,Desktop,South,Toys,20.05,1,10,18.05,10.7,7.35,Standard,6,False,4.0,Apple Pay,False
ORD-00960,2024-06-16,C0041,Small Business,68,True,Affiliate,Desktop,East,Apparel,47.01,4,0,188.04,95.93,92.11,Express,2,False,4.0,PayPal,False
ORD-00961,2024-06-17,C0671,Consumer,70,False,Affiliate,Tablet,North,Apparel,47.17,1,15,40.09,23.05,17.04,Standard,3,False,5.0,Apple Pay,False
ORD-00962,2024-06-17,C0728,Consumer,35,False,Organic Search,Mobile,North,Home,58.74,2,15,99.86,70.98,28.88,Economy,7,False,4.0,PayPal,False
ORD-00963,2024-06-17,C1156,Consumer,49,False,Paid Search,Mobile,East,Home,78.05,2,0,156.1,92.6,63.5,Standard,5,False,4.0,Card,False
ORD-00964,2024-06-18,C1140,Consumer,45,False,Paid Search,Desktop,North,Apparel,45.4,3,20,108.96,71.42,37.54,Economy,6,False,,Bank Transfer,False
ORD-00965,2024-06-18,C1140,Consumer,45,False,Social,Mobile,North,Toys,27.76,1,0,27.76,15.75,12.01,Economy,7,True,2.0,Apple Pay,False
ORD-00966,2024-06-18,C0575,Small Business,60,False,Organic Search,Tablet,South,Toys,50.77,2,5,96.46,53.45,43.01,Express,1,False,5.0,Card,False
ORD-00967,2024-06-18,C1169,Consumer,38,False,Email,Desktop,West,Beauty,42.64,1,20,34.11,18.74,15.37,Standard,6,False,,Card,False
ORD-00968,2024-06-18,C0393,Consumer,42,False,Email,Mobile,East,Home,92.55,2,0,185.1,111.76,73.34,Standard,3,False,,Card,False
ORD-00969,2024-06-18,C1189,Consumer,61,False,Organic Search,Desktop,North,Apparel,79.19,3,10,213.81,126.06,87.75,Express,1,False,5.0,PayPal,False
ORD-00970,2024-06-18,C0497,Consumer,37,False,Organic Search,Mobile,East,Home,87.06,3,20,208.94,148.45,60.49,Standard,4,True,,PayPal,False
ORD-00971,2024-06-19,C1097,Enterprise,52,False,Organic Search,Mobile,North,Beauty,35.99,8,0,287.92,131.53,156.39,Express,1,False,5.0,Card,False
ORD-00972,2024-06-19,C0254,Consumer,62,False,Organic Search,Mobile,North,Electronics,179.51,2,20,287.22,236.14,51.08,Standard,4,False,,PayPal,False
ORD-00973,2024-06-19,C1140,Consumer,45,False,Social,Desktop,West,Toys,41.33,4,25,123.99,91.8,32.19,Standard,7,False,4.0,Card,False
ORD-00974,2024-06-19,C0188,Small Business,33,False,Organic Search,Desktop,North,Beauty,29.02,3,0,87.06,40.36,46.7,Express,1,False,5.0,PayPal,False
ORD-00975,2024-06-19,C1137,Small Business,70,False,Organic Search,Mobile,East,Beauty,28.27,4,5,107.43,52.36,55.07,Standard,4,False,5.0,PayPal,False
ORD-00976,2024-06-20,C0671,Consumer,70,False,Organic Search,Desktop,West,Apparel,59.37,2,5,112.8,56.32,56.48,Economy,8,True,2.0,Card,False
ORD-00977,2024-06-20,C1125,Small Business,48,False,Paid Search,Mobile,West,Beauty,42.32,2,0,84.64,37.83,46.81,Express,5,False,4.0,Card,False
ORD-00978,2024-06-21,C0371,Consumer,44,True,Direct,Mobile,North,Electronics,254.86,3,25,573.44,501.16,72.28,Economy,7,False,,Apple Pay,False
ORD-00979,2024-06-21,C0037,Consumer,18,False,Email,Mobile,West,Beauty,44.3,2,0,88.6,38.35,50.25,Economy,10,False,,Apple Pay,False
ORD-00980,2024-06-21,C0106,Consumer,40,False,Direct,Mobile,South,Beauty,31.36,3,20,75.26,42.39,32.87,Standard,5,False,,PayPal,False
ORD-00981,2024-06-21,C1054,Consumer,36,False,Direct,Mobile,West,Electronics,220.33,1,5,209.31,144.97,64.34,Express,4,False,,Card,False
ORD-00982,2024-06-21,C0184,Small Business,74,True,Paid Search,Mobile,West,Electronics,180.25,2,0,360.5,239.71,120.79,Standard,8,False,,Card,False
ORD-00983,2024-06-22,C0558,Small Business,22,False,Organic Search,Desktop,East,Electronics,192.36,4,0,769.44,539.23,230.21,Express,2,False,,Card,False
ORD-00984,2024-06-22,C1023,Small Business,51,False,Organic Search,Desktop,East,Beauty,41.63,3,10,112.4,56.88,55.52,Standard,6,False,4.0,Card,True
ORD-00985,2024-06-22,C0298,Small Business,53,False,Organic Search,Desktop,East,Apparel,47.59,2,25,71.39,47.71,23.68,Standard,3,False,5.0,Card,False
ORD-00986,2024-06-22,C0298,Small Business,53,False,Direct,Mobile,East,Apparel,46.25,2,10,83.25,50.25,33.0,Express,1,True,5.0,PayPal,False
ORD-00987,2024-06-22,C0097,Consumer,69,False,Email,Desktop,South,Apparel,62.65,1,0,62.65,33.8,28.85,Standard,5,False,4.0,PayPal,False
ORD-00988,2024-06-22,C0063,Small Business,53,False,Email,Mobile,North,Toys,43.83,1,0,43.83,24.35,19.48,Express,2,False,5.0,Card,False
ORD-00989,2024-06-22,C0953,Consumer,55,True,Organic Search,Mobile,East,Toys,26.42,2,0,52.84,27.52,25.32,Standard,5,False,4.0,Card,False
ORD-00990,2024-06-23,C1055,Consumer,27,True,Social,Mobile,West,Beauty,34.66,2,0,69.32,30.9,38.42,Standard,7,False,3.0,Card,False
ORD-00991,2024-06-23,C1032,Consumer,53,False,Paid Search,Mobile,North,Apparel,52.16,2,0,104.32,53.08,51.24,Standard,4,False,,Card,False
ORD-00992,2024-06-23,C1059,Consumer,27,True,Social,Desktop,West,Electronics,277.29,1,15,235.7,188.75,46.95,Standard,6,False,4.0,Apple Pay,False
ORD-00993,2024-06-23,C0535,Small Business,44,False,Email,Mobile,South,Electronics,256.85,2,10,462.33,364.2,98.13,Express,3,False,,PayPal,False
ORD-00994,2024-06-24,C0424,Consumer,68,False,Paid Search,Desktop,North,Home,96.8,1,25,72.6,58.82,13.78,Standard,4,False,5.0,Card,False
ORD-00995,2024-06-24,C0568,Small Business,53,False,Social,Desktop,South,Apparel,46.37,3,0,139.11,73.63,65.48,Standard,6,True,,Card,False
ORD-00996,2024-06-24,C0207,Consumer,48,False,Organic Search,Mobile,West,Sports,60.94,3,0,182.82,111.69,71.13,Standard,8,True,3.0,Card,False
ORD-00997,2024-06-24,C0889,Enterprise,64,False,Paid Search,Mobile,North,Electronics,282.37,5,0,1411.85,969.44,442.41,Standard,4,False,4.0,Card,False
ORD-00998,2024-06-25,C0685,Consumer,32,False,Direct,Desktop,East,Apparel,28.52,1,30,19.96,15.14,4.82,Economy,5,False,5.0,Card,False
ORD-00999,2024-06-25,C0671,Consumer,70,False,Paid Search,Mobile,North,Beauty,51.65,2,20,82.64,46.3,36.34,Economy,6,False,,PayPal,False
ORD-01000,2024-06-25,C0198,Consumer,30,True,Direct,Mobile,West,Toys,51.49,1,15,43.77,28.72,15.05,Standard,7,False,3.0,PayPal,False
ORD-01001,2024-06-25,C0871,Consumer,29,True,Organic Search,Desktop,South,Beauty,38.54,4,10,138.74,68.86,69.88,Standard,4,False,,Apple Pay,False
ORD-01002,2024-06-25,C0188,Small Business,33,False,Organic Search,Desktop,South,Apparel,51.83,2,5,98.48,53.31,45.17,Standard,3,False,5.0,Card,False
ORD-01003,2024-06-25,C0416,Consumer,68,False,Organic Search,Desktop,West,Electronics,215.97,1,0,215.97,146.44,69.53,Standard,7,False,,PayPal,False
ORD-01004,2024-06-25,C1143,Consumer,54,False,Email,Mobile,West,Sports,150.49,2,0,300.98,188.53,112.45,Economy,8,False,,Apple Pay,True
ORD-01005,2024-06-26,C0966,Enterprise,29,False,Paid Search,Desktop,East,Sports,55.93,4,30,156.6,130.54,26.06,Standard,3,False,5.0,PayPal,False
ORD-01006,2024-06-26,C0857,Consumer,57,True,Organic Search,Desktop,East,Toys,57.62,2,0,115.24,62.76,52.48,Economy,5,False,4.0,PayPal,False
ORD-01007,2024-06-26,C1134,Consumer,20,False,Organic Search,Mobile,South,Beauty,35.08,2,0,70.16,31.55,38.61,Standard,5,True,,Card,False
ORD-01008,2024-06-26,C0670,Consumer,29,False,Social,Desktop,East,Apparel,49.01,1,30,34.31,25.59,8.72,Standard,3,False,5.0,Apple Pay,False
ORD-01009,2024-06-26,C0298,Small Business,53,False,Social,Mobile,West,Toys,41.32,3,10,111.56,67.14,44.42,Standard,7,False,,Bank Transfer,False
ORD-01010,2024-06-26,C0210,Consumer,19,False,Email,Mobile,East,Sports,72.49,2,0,144.98,89.16,55.82,Economy,5,False,4.0,Card,False
ORD-01011,2024-06-27,C0916,Consumer,38,False,Organic Search,Desktop,North,Toys,42.78,3,15,109.09,72.58,36.51,Standard,3,False,5.0,Card,False
ORD-01012,2024-06-27,C0207,Consumer,48,False,Email,Mobile,West,Beauty,37.83,3,10,102.14,53.23,48.91,Standard,6,False,,PayPal,False
ORD-01013,2024-06-27,C1164,Small Business,41,True,Paid Search,Mobile,North,Home,91.3,2,0,182.6,105.85,76.75,Standard,4,False,3.0,Card,False
ORD-01014,2024-06-27,C1134,Consumer,20,False,Organic Search,Mobile,South,Apparel,67.84,3,5,193.34,111.39,81.95,Standard,3,False,5.0,Card,True
ORD-01015,2024-06-27,C0810,Consumer,39,False,Social,Mobile,South,Electronics,169.6,2,30,237.44,228.78,8.66,Economy,5,False,,Card,False
ORD-01016,2024-06-27,C0671,Consumer,70,False,Paid Search,Desktop,South,Electronics,151.95,2,15,258.32,208.23,50.09,Standard,3,False,4.0,Card,False
ORD-01017,2024-06-27,C0528,Consumer,66,False,Organic Search,Mobile,East,Home,60.51,1,20,48.41,37.61,10.8,Standard,4,False,4.0,Card,False
ORD-01018,2024-06-27,C0061,Small Business,71,True,Paid Search,Desktop,East,Apparel,51.06,2,15,86.8,53.05,33.75,Economy,6,False,3.0,Card,True
ORD-01019,2024-06-28,C0840,Consumer,43,False,Paid Search,Tablet,South,Home,74.38,3,0,223.14,131.68,91.46,Standard,5,False,5.0,Apple Pay,False
ORD-01020,2024-06-29,C0012,Consumer,31,False,Paid Search,Desktop,North,Sports,73.37,2,5,139.4,90.74,48.66,Standard,3,False,,Apple Pay,False
ORD-01021,2024-06-29,C0673,Enterprise,40,True,Direct,Desktop,East,Home,107.41,4,0,429.64,252.97,176.67,Standard,5,False,5.0,PayPal,False
ORD-01022,2024-06-30,C0257,Consumer,64,False,Direct,Tablet,North,Sports,62.79,1,15,53.37,37.05,16.32,Standard,4,False,4.0,Card,True
ORD-01023,2024-06-30,C0748,Consumer,33,False,Organic Search,Desktop,North,Apparel,56.33,1,10,50.7,29.96,20.74,Standard,3,False,4.0,Bank Transfer,False
ORD-01024,2024-06-30,C0312,Consumer,72,False,Email,Mobile,East,Sports,86.47,1,15,73.5,51.91,21.59,Standard,3,False,,Bank Transfer,False
ORD-01025,2024-06-30,C1052,Consumer,73,False,Direct,Desktop,West,Sports,59.94,2,15,101.9,75.85,26.05,Economy,8,False,4.0,PayPal,False
ORD-01026,2024-07-01,C0728,Consumer,35,False,Direct,Desktop,West,Apparel,40.44,2,20,64.7,40.78,23.92,Standard,6,False,4.0,PayPal,False
ORD-01027,2024-07-01,C0207,Consumer,48,False,Paid Search,Desktop,North,Electronics,151.94,2,15,258.3,212.6,45.7,Standard,5,False,3.0,PayPal,False
ORD-01028,2024-07-01,C0840,Consumer,43,False,Paid Search,Mobile,North,Beauty,41.63,1,30,29.14,17.73,11.41,Economy,6,False,4.0,Card,True
ORD-01029,2024-07-01,C0280,Consumer,25,False,Affiliate,Desktop,West,Sports,72.8,2,0,145.6,90.28,55.32,Express,4,False,4.0,PayPal,False
ORD-01030,2024-07-01,C1110,Consumer,56,True,Organic Search,Desktop,East,Home,82.58,4,0,330.32,181.85,148.47,Standard,4,False,5.0,Card,False
ORD-01031,2024-07-01,C0908,Small Business,21,True,Social,Mobile,South,Toys,42.34,2,0,84.68,46.68,38.0,Standard,3,False,,Apple Pay,False
ORD-01032,2024-07-01,C0987,Consumer,55,False,Paid Search,Mobile,North,Apparel,43.26,2,10,77.87,47.55,30.32,Standard,4,False,3.0,PayPal,False
ORD-01033,2024-07-02,C0086,Small Business,50,False,Direct,Desktop,West,Home,80.74,2,0,161.48,91.8,69.68,Express,5,False,3.0,Card,False
ORD-01034,2024-07-02,C0213,Consumer,19,False,Email,Mobile,North,Apparel,88.44,2,0,176.88,88.5,88.38,Standard,4,True,4.0,Card,False
ORD-01035,2024-07-02,C0349,Consumer,61,True,Direct,Mobile,West,Beauty,30.75,2,5,58.42,27.73,30.69,Economy,8,False,,Card,False
ORD-01036,2024-07-03,C0671,Consumer,70,False,Email,Desktop,East,Electronics,160.73,2,0,321.46,219.24,102.22,Express,2,False,,Bank Transfer,False
ORD-01037,2024-07-03,C0512,Consumer,28,False,Paid Search,Mobile,East,Apparel,43.4,1,0,43.4,22.16,21.24,Standard,3,False,,Apple Pay,False
ORD-01038,2024-07-03,C1143,Consumer,54,False,Organic Search,Mobile,West,Home,90.42,2,10,162.76,98.41,64.35,Standard,6,False,,Card,False
ORD-01039,2024-07-03,C0789,Small Business,64,False,Direct,Mobile,East,Home,60.48,3,5,172.37,106.48,65.89,Standard,4,True,3.0,Card,False
ORD-01040,2024-07-03,C1137,Small Business,70,False,Social,Mobile,South,Apparel,42.81,3,0,128.43,67.32,61.11,Standard,3,False,5.0,Card,False
ORD-01041,2024-07-04,C0012,Consumer,31,False,Organic Search,Mobile,East,Electronics,243.47,3,0,730.41,502.81,227.6,Economy,6,False,4.0,PayPal,False
ORD-01042,2024-07-04,C0728,Consumer,35,False,Direct,Mobile,North,Apparel,59.24,1,0,59.24,30.27,28.97,Standard,6,True,,Card,False
ORD-01043,2024-07-04,C0370,Consumer,35,False,Organic Search,Tablet,North,Beauty,30.59,2,0,61.18,27.16,34.02,Standard,3,False,,Apple Pay,False
ORD-01044,2024-07-04,C0207,Consumer,48,False,Paid Search,Mobile,East,Apparel,35.77,4,0,143.08,73.45,69.63,Standard,3,False,,Card,False
ORD-01045,2024-07-05,C0207,Consumer,48,False,Organic Search,Desktop,West,Beauty,23.74,1,15,20.18,11.3,8.88,Standard,8,False,,PayPal,False
ORD-01046,2024-07-05,C1097,Enterprise,52,False,Affiliate,Desktop,East,Apparel,57.91,4,0,231.64,118.36,113.28,Express,1,False,5.0,Card,False
ORD-01047,2024-07-05,C0207,Consumer,48,False,Social,Desktop,West,Electronics,157.63,2,15,267.97,211.81,56.16,Express,4,False,5.0,Apple Pay,False
ORD-01048,2024-07-05,C0989,Consumer,72,False,Direct,Desktop,South,Apparel,33.24,1,0,33.24,17.75,15.49,Express,3,False,5.0,Apple Pay,False
ORD-01049,2024-07-06,C0812,Consumer,21,True,Social,Desktop,East,Apparel,41.81,5,0,209.05,111.86,97.19,Standard,3,False,5.0,PayPal,False
ORD-01050,2024-07-07,C0529,Consumer,42,False,Social,Mobile,East,Sports,146.07,1,0,146.07,86.8,59.27,Express,2,False,5.0,Card,False
ORD-01051,2024-07-07,C1019,Consumer,34,False,Direct,Desktop,East,Home,63.53,1,10,57.18,36.9,20.28,Standard,3,False,3.0,Card,False
ORD-01052,2024-07-07,C0811,Consumer,42,False,Paid Search,Mobile,South,Electronics,252.49,3,30,530.23,522.62,7.61,Standard,3,False,5.0,Apple Pay,False
ORD-01053,2024-07-07,C0506,Consumer,35,True,Organic Search,Mobile,North,Toys,49.74,1,20,39.79,27.34,12.45,Standard,3,False,5.0,Card,False
ORD-01054,2024-07-07,C0947,Consumer,26,False,Paid Search,Desktop,North,Sports,77.58,2,5,147.4,95.44,51.96,Economy,6,False,,Card,False
ORD-01055,2024-07-07,C1052,Consumer,73,False,Affiliate,Desktop,West,Home,59.64,2,25,89.46,70.78,18.68,Standard,7,False,,PayPal,False
ORD-01056,2024-07-07,C0613,Enterprise,66,False,Direct,Desktop,West,Apparel,45.71,3,0,137.13,68.72,68.41,Standard,7,False,3.0,Card,False
ORD-01057,2024-07-07,C1141,Small Business,52,False,Organic Search,Mobile,West,Beauty,22.97,2,5,43.64,19.83,23.81,Standard,8,False,4.0,Card,False
ORD-01058,2024-07-07,C1052,Consumer,73,False,Email,Mobile,West,Beauty,36.88,1,20,29.5,16.77,12.73,Standard,7,False,,Card,False
ORD-01059,2024-07-08,C1184,Consumer,41,True,Direct,Mobile,West,Electronics,206.77,3,10,558.28,424.73,133.55,Standard,7,False,5.0,Card,False
ORD-01060,2024-07-08,C0303,Small Business,68,True,Social,Mobile,East,Sports,66.66,2,0,133.32,78.32,55.0,Standard,5,False,4.0,Apple Pay,False
ORD-01061,2024-07-09,C0400,Consumer,24,False,Organic Search,Mobile,North,Electronics,218.65,2,25,327.98,294.76,33.22,Express,1,True,,PayPal,False
ORD-01062,2024-07-09,C1012,Consumer,36,False,Organic Search,Mobile,South,Electronics,205.22,2,30,287.31,272.73,14.58,Economy,5,True,3.0,PayPal,True
ORD-01063,2024-07-09,C0117,Small Business,42,False,Social,Desktop,South,Sports,62.53,3,10,168.83,113.23,55.6,Standard,4,False,5.0,Bank Transfer,False
ORD-01064,2024-07-09,C1156,Consumer,49,False,Email,Mobile,West,Home,102.8,4,15,349.52,235.7,113.82,Economy,8,False,3.0,Card,False
ORD-01065,2024-07-09,C1052,Consumer,73,False,Direct,Desktop,East,Beauty,56.83,2,0,113.66,50.55,63.11,Standard,3,False,,Card,False
ORD-01066,2024-07-10,C0424,Consumer,68,False,Social,Tablet,North,Beauty,27.45,1,0,27.45,11.74,15.71,Economy,7,False,,Apple Pay,False
ORD-01067,2024-07-10,C0265,Consumer,47,False,Paid Search,Mobile,South,Electronics,252.38,2,15,429.05,327.06,101.99,Express,1,False,5.0,PayPal,False
ORD-01068,2024-07-10,C0728,Consumer,35,False,Direct,Mobile,West,Home,74.29,3,0,222.87,132.43,90.44,Standard,8,False,,Card,False
ORD-01069,2024-07-10,C0265,Consumer,47,False,Organic Search,Tablet,East,Sports,92.36,1,0,92.36,52.98,39.38,Standard,3,False,5.0,Card,False
ORD-01070,2024-07-10,C0095,Consumer,73,False,Affiliate,Mobile,South,Beauty,19.55,3,10,52.78,26.48,26.3,Standard,5,False,4.0,Card,False
ORD-01071,2024-07-10,C0298,Small Business,53,False,Paid Search,Desktop,East,Toys,33.9,2,30,47.46,35.87,11.59,Standard,4,False,,Apple Pay,False
ORD-01072,2024-07-10,C0400,Consumer,24,False,Social,Desktop,West,Toys,46.37,3,0,139.11,73.49,65.62,Economy,11,False,,Card,False
ORD-01073,2024-07-10,C0339,Consumer,41,False,Paid Search,Desktop,South,Apparel,55.0,2,25,82.5,56.12,26.38,Express,4,False,,Card,False
ORD-01074,2024-07-10,C0947,Consumer,26,False,Organic Search,Desktop,North,Home,69.38,2,0,138.76,78.24,60.52,Standard,3,False,3.0,Card,False
ORD-01075,2024-07-11,C0037,Consumer,18,False,Organic Search,Mobile,East,Electronics,281.56,5,0,1407.8,961.59,446.21,Standard,4,False,4.0,Card,True
ORD-01076,2024-07-11,C0685,Consumer,32,False,Direct,Mobile,South,Toys,29.88,2,5,56.77,34.7,22.07,Standard,5,False,4.0,Card,False
ORD-01077,2024-07-11,C1012,Consumer,36,False,Paid Search,Desktop,West,Apparel,67.3,1,0,67.3,35.66,31.64,Standard,7,True,,Card,True
ORD-01078,2024-07-11,C0529,Consumer,42,False,Organic Search,Desktop,West,Electronics,188.7,1,0,188.7,130.61,58.09,Standard,8,False,3.0,PayPal,False
ORD-01079,2024-07-11,C0515,Enterprise,34,False,Organic Search,Desktop,North,Sports,89.23,5,20,356.92,264.32,92.6,Express,2,False,4.0,Card,False
ORD-01080,2024-07-12,C0292,Consumer,46,True,Organic Search,Mobile,North,Beauty,40.15,1,30,28.1,17.71,10.39,Express,3,False,4.0,Card,False
ORD-01081,2024-07-12,C0421,Consumer,73,False,Social,Mobile,North,Home,87.31,2,5,165.89,95.65,70.24,Standard,3,False,4.0,Apple Pay,False
ORD-01082,2024-07-13,C0671,Consumer,70,False,Email,Desktop,East,Home,87.5,1,5,83.12,52.6,30.52,Standard,3,False,4.0,Apple Pay,False
ORD-01083,2024-07-14,C0184,Small Business,74,False,Paid Search,Mobile,South,Home,62.21,3,25,139.97,108.14,31.83,Standard,4,False,3.0,Card,False
ORD-01084,2024-07-14,C0400,Consumer,24,False,Organic Search,Mobile,East,Toys,28.86,2,25,43.29,32.45,10.84,Express,1,False,,Card,False
ORD-01085,2024-07-14,C0237,Small Business,74,False,Direct,Mobile,East,Electronics,115.97,1,5,110.17,77.13,33.04,Express,3,False,5.0,Card,False
ORD-01086,2024-07-14,C1056,Consumer,49,True,Paid Search,Mobile,North,Electronics,166.11,4,0,664.44,443.47,220.97,Standard,4,False,4.0,Card,True
ORD-01087,2024-07-14,C0298,Small Business,53,False,Social,Mobile,South,Apparel,58.31,3,15,148.69,92.13,56.56,Standard,5,False,4.0,PayPal,False
ORD-01088,2024-07-15,C0763,Small Business,26,False,Social,Mobile,West,Electronics,244.08,4,10,878.69,677.7,200.99,Express,4,False,4.0,PayPal,False
ORD-01089,2024-07-15,C0604,Consumer,25,False,Direct,Desktop,South,Home,76.24,2,0,152.48,84.61,67.87,Express,3,False,4.0,Card,False
ORD-01090,2024-07-15,C0758,Consumer,64,False,Social,Mobile,South,Sports,67.8,2,0,135.6,82.84,52.76,Standard,5,False,,PayPal,False
ORD-01091,2024-07-15,C1052,Consumer,73,False,Direct,Desktop,East,Apparel,50.92,2,20,81.47,52.84,28.63,Standard,4,False,,Bank Transfer,True
ORD-01092,2024-07-15,C0767,Small Business,29,True,Email,Mobile,North,Apparel,48.51,5,30,169.78,127.52,42.26,Express,2,False,5.0,Card,False
ORD-01093,2024-07-15,C0215,Consumer,73,True,Organic Search,Mobile,West,Sports,80.38,2,10,144.68,103.22,41.46,Standard,8,False,3.0,Card,False
ORD-01094,2024-07-15,C0445,Consumer,65,False,Affiliate,Desktop,North,Sports,94.46,2,10,170.03,109.86,60.17,Economy,7,True,3.0,Card,False
ORD-01095,2024-07-15,C0547,Consumer,59,False,Affiliate,Tablet,North,Home,109.01,1,0,109.01,65.37,43.64,Express,2,False,,Bank Transfer,False
ORD-01096,2024-07-15,C0337,Consumer,65,False,Affiliate,Desktop,West,Beauty,30.53,2,10,54.95,27.47,27.48,Economy,10,False,2.0,Card,False
ORD-01097,2024-07-15,C1137,Small Business,70,False,Organic Search,Mobile,East,Beauty,35.18,4,0,140.72,61.27,79.45,Standard,5,False,,Card,False
ORD-01098,2024-07-16,C0298,Small Business,53,False,Organic Search,Desktop,East,Apparel,54.53,4,20,174.5,111.25,63.25,Standard,4,False,4.0,Card,False
ORD-01099,2024-07-16,C0990,Consumer,23,False,Affiliate,Mobile,West,Electronics,182.65,4,15,621.01,483.74,137.27,Standard,7,False,4.0,Card,True
ORD-01100,2024-07-16,C0312,Consumer,72,False,Email,Mobile,North,Beauty,36.69,1,0,36.69,16.9,19.79,Economy,7,True,3.0,PayPal,False
ORD-01101,2024-07-16,C0918,Consumer,48,False,Paid Search,Mobile,East,Electronics,244.87,2,0,489.74,319.62,170.12,Standard,3,False,4.0,Card,False
ORD-01102,2024-07-16,C1044,Small Business,55,True,Paid Search,Mobile,East,Home,98.69,3,0,296.07,172.71,123.36,Standard,3,False,5.0,Card,False
ORD-01103,2024-07-17,C0458,Consumer,60,True,Email,Desktop,South,Toys,49.31,1,20,39.45,27.1,12.35,Economy,7,False,,Card,False
ORD-01104,2024-07-17,C0400,Consumer,24,False,Social,Mobile,East,Apparel,66.19,2,0,132.38,67.85,64.53,Economy,7,False,3.0,Card,True
ORD-01105,2024-07-17,C1140,Consumer,45,False,Social,Mobile,North,Home,128.18,2,0,256.36,153.86,102.5,Economy,6,False,4.0,Apple Pay,False
ORD-01106,2024-07-17,C1062,Enterprise,53,False,Organic Search,Mobile,East,Beauty,35.1,7,0,245.7,106.83,138.87,Standard,3,False,4.0,Card,False
ORD-01107,2024-07-17,C0535,Small Business,44,False,Direct,Mobile,North,Toys,41.27,3,0,123.81,66.38,57.43,Express,1,False,5.0,PayPal,True
ORD-01108,2024-07-17,C0868,Small Business,72,True,Paid Search,Mobile,East,Electronics,279.47,2,10,503.05,370.14,132.91,Express,2,False,5.0,Card,True
ORD-01109,2024-07-18,C1052,Consumer,73,False,Affiliate,Mobile,North,Apparel,46.44,2,0,92.88,45.72,47.16,Express,2,False,,Card,False
ORD-01110,2024-07-18,C0840,Consumer,43,False,Email,Mobile,North,Beauty,47.49,2,20,75.98,44.66,31.32,Economy,7,False,,Card,True
ORD-01111,2024-07-18,C0987,Consumer,55,False,Paid Search,Tablet,South,Electronics,356.0,1,30,249.2,254.01,-4.81,Economy,5,False,,Card,False
ORD-01112,2024-07-18,C0660,Consumer,65,False,Organic Search,Desktop,West,Sports,64.69,3,5,184.37,116.93,67.44,Standard,6,False,3.0,Card,True
ORD-01113,2024-07-18,C1106,Consumer,67,False,Organic Search,Mobile,South,Home,106.03,2,0,212.06,127.81,84.25,Express,1,False,4.0,Card,False
ORD-01114,2024-07-18,C0728,Consumer,35,False,Social,Desktop,North,Apparel,66.84,2,25,100.26,68.15,32.11,Standard,5,False,4.0,Card,True
ORD-01115,2024-07-19,C0849,Consumer,45,False,Direct,Desktop,South,Apparel,70.38,1,30,49.27,37.1,12.17,Economy,5,False,,Card,False
ORD-01116,2024-07-20,C0840,Consumer,43,False,Organic Search,Desktop,North,Apparel,40.77,2,30,57.08,41.9,15.18,Standard,4,False,4.0,Bank Transfer,False
ORD-01117,2024-07-20,C0299,Consumer,49,True,Direct,Desktop,South,Home,77.44,1,10,69.7,44.96,24.74,Standard,3,False,,Card,False
ORD-01118,2024-07-20,C0497,Consumer,37,False,Paid Search,Desktop,West,Toys,42.17,2,10,75.91,44.37,31.54,Standard,6,False,4.0,Apple Pay,False
ORD-01119,2024-07-20,C0400,Consumer,24,False,Email,Desktop,West,Electronics,260.01,2,0,520.02,365.56,154.46,Standard,7,False,3.0,Apple Pay,False
ORD-01120,2024-07-20,C0604,Consumer,25,False,Organic Search,Desktop,North,Home,89.22,1,5,84.76,53.4,31.36,Standard,4,False,4.0,PayPal,False
ORD-01121,2024-07-20,C0298,Small Business,53,False,Organic Search,Mobile,East,Apparel,45.6,1,25,34.2,24.49,9.71,Economy,5,False,,Card,True
ORD-01122,2024-07-20,C0012,Consumer,31,False,Affiliate,Tablet,North,Toys,42.63,1,25,31.97,21.97,10.0,Economy,6,False,3.0,Card,False
ORD-01123,2024-07-20,C0270,Small Business,21,False,Direct,Desktop,East,Apparel,57.36,3,10,154.87,87.26,67.61,Standard,5,False,5.0,PayPal,False
ORD-01124,2024-07-21,C0108,Consumer,31,True,Organic Search,Desktop,South,Electronics,175.56,2,20,280.9,244.59,36.31,Standard,5,False,,Bank Transfer,False
ORD-01125,2024-07-21,C0245,Consumer,52,False,Affiliate,Mobile,North,Toys,39.7,1,0,39.7,21.53,18.17,Standard,6,False,,Apple Pay,False
ORD-01126,2024-07-21,C0763,Small Business,26,False,Direct,Tablet,North,Apparel,52.49,2,0,104.98,54.89,50.09,Standard,4,False,4.0,Card,False
ORD-01127,2024-07-21,C0380,Consumer,59,True,Affiliate,Desktop,East,Electronics,205.94,1,30,144.16,144.39,-0.23,Standard,4,False,5.0,Apple Pay,False
ORD-01128,2024-07-21,C0297,Consumer,66,False,Organic Search,Mobile,South,Apparel,38.66,1,5,36.73,19.79,16.94,Economy,6,True,4.0,Card,False
ORD-01129,2024-07-21,C0728,Consumer,35,False,Organic Search,Mobile,East,Electronics,259.3,3,15,661.22,523.73,137.49,Standard,5,False,,Card,False
ORD-01130,2024-07-21,C0298,Small Business,53,False,Social,Mobile,South,Sports,90.75,2,0,181.5,108.81,72.69,Standard,5,False,4.0,Apple Pay,False
ORD-01131,2024-07-21,C0932,Consumer,24,True,Organic Search,Mobile,East,Electronics,180.16,1,25,135.12,125.27,9.85,Economy,6,False,,PayPal,False
ORD-01132,2024-07-21,C0207,Consumer,48,False,Direct,Desktop,North,Apparel,53.83,1,5,51.14,28.87,22.27,Standard,6,False,3.0,Card,False
ORD-01133,2024-07-21,C0263,Small Business,25,False,Social,Desktop,South,Electronics,367.71,5,30,1286.98,1207.13,79.85,Standard,4,True,4.0,Card,False
ORD-01134,2024-07-21,C0671,Consumer,70,False,Email,Mobile,West,Sports,77.77,2,0,155.54,87.84,67.7,Standard,7,True,3.0,PayPal,False
ORD-01135,2024-07-21,C1156,Consumer,49,False,Affiliate,Desktop,West,Electronics,234.05,2,30,327.67,320.8,6.87,Standard,6,False,3.0,Apple Pay,False
ORD-01136,2024-07-22,C0763,Small Business,26,False,Affiliate,Mobile,North,Sports,58.82,5,5,279.4,162.31,117.09,Standard,3,True,4.0,PayPal,False
ORD-01137,2024-07-22,C0534,Consumer,68,False,Paid Search,Mobile,East,Sports,82.32,1,15,69.97,50.16,19.81,Standard,3,False,4.0,Card,False
ORD-01138,2024-07-22,C0129,Enterprise,46,True,Paid Search,Tablet,South,Apparel,50.2,4,0,200.8,105.28,95.52,Express,2,False,5.0,Card,False
ORD-01139,2024-07-23,C0840,Consumer,43,False,Affiliate,Mobile,North,Beauty,55.03,3,15,140.33,74.78,65.55,Standard,3,False,5.0,PayPal,False
ORD-01140,2024-07-23,C0084,Consumer,59,False,Social,Desktop,North,Sports,76.39,2,25,114.58,84.53,30.05,Economy,5,False,4.0,Card,False
ORD-01141,2024-07-23,C0298,Small Business,53,False,Direct,Desktop,North,Home,69.45,6,0,416.7,243.5,173.2,Economy,5,True,4.0,PayPal,False
ORD-01142,2024-07-23,C0108,Consumer,31,False,Direct,Desktop,North,Toys,41.53,2,10,74.75,44.6,30.15,Standard,3,False,5.0,Card,False
ORD-01143,2024-07-23,C0558,Small Business,22,False,Organic Search,Desktop,East,Toys,46.63,3,5,132.9,69.21,63.69,Standard,4,False,,Card,False
ORD-01144,2024-07-23,C1183,Consumer,48,False,Direct,Mobile,North,Apparel,47.85,2,15,81.34,51.08,30.26,Economy,6,False,,Card,False
ORD-01145,2024-07-24,C0459,Consumer,38,False,Social,Mobile,South,Toys,25.05,2,20,40.08,27.53,12.55,Economy,6,True,4.0,PayPal,False
ORD-01146,2024-07-24,C0947,Consumer,26,False,Paid Search,Mobile,West,Toys,34.63,1,20,27.7,18.2,9.5,Standard,7,False,3.0,Card,True
ORD-01147,2024-07-24,C0558,Small Business,22,False,Direct,Mobile,North,Home,74.37,6,5,423.91,259.72,164.19,Standard,4,False,4.0,Card,False
ORD-01148,2024-07-25,C0966,Enterprise,29,False,Direct,Mobile,East,Electronics,231.48,2,10,416.66,318.18,98.48,Standard,4,True,5.0,Apple Pay,False
ORD-01149,2024-07-25,C0095,Consumer,73,False,Paid Search,Mobile,South,Beauty,28.86,2,0,57.72,26.76,30.96,Standard,4,False,5.0,Apple Pay,False
ORD-01150,2024-07-25,C1025,Consumer,42,True,Paid Search,Mobile,East,Home,124.3,3,0,372.9,212.2,160.7,Express,2,False,5.0,Bank Transfer,False
ORD-01151,2024-07-25,C0790,Small Business,50,True,Organic Search,Mobile,South,Beauty,39.21,4,20,125.47,73.35,52.12,Standard,4,False,4.0,Apple Pay,False
ORD-01152,2024-07-25,C0825,Small Business,23,False,Direct,Desktop,North,Electronics,166.44,2,15,282.95,214.11,68.84,Express,2,False,5.0,Card,False
ORD-01153,2024-07-25,C1011,Consumer,56,False,Social,Desktop,South,Electronics,364.52,1,5,346.29,245.24,101.05,Standard,3,True,4.0,Card,False
ORD-01154,2024-07-25,C0646,Consumer,19,False,Direct,Mobile,South,Sports,126.77,4,0,507.08,304.15,202.93,Express,4,False,,Card,True
ORD-01155,2024-07-25,C1004,Consumer,39,False,Paid Search,Mobile,East,Electronics,231.91,5,0,1159.55,797.64,361.91,Express,3,False,,PayPal,False
ORD-01156,2024-07-26,C1140,Consumer,45,False,Email,Desktop,North,Toys,24.61,1,0,24.61,12.87,11.74,Standard,3,False,5.0,Card,False
ORD-01157,2024-07-26,C0728,Consumer,35,False,Organic Search,Tablet,East,Sports,72.63,3,0,217.89,132.45,85.44,Standard,5,False,,Apple Pay,True
ORD-01158,2024-07-26,C0184,Small Business,74,False,Organic Search,Desktop,East,Sports,62.43,3,0,187.29,111.67,75.62,Standard,4,False,,Card,True
ORD-01159,2024-07-26,C0210,Consumer,19,False,Email,Desktop,North,Electronics,270.21,1,5,256.7,184.27,72.43,Express,2,False,,Apple Pay,False
ORD-01160,2024-07-26,C0778,Enterprise,34,False,Direct,Mobile,East,Apparel,37.7,13,25,367.58,261.68,105.9,Express,2,False,5.0,PayPal,True
ORD-01161,2024-07-27,C1140,Consumer,45,False,Social,Mobile,North,Beauty,30.78,2,0,61.56,27.59,33.97,Standard,3,False,5.0,Card,False
ORD-01162,2024-07-27,C1137,Small Business,70,False,Affiliate,Desktop,North,Home,64.18,2,15,109.11,75.19,33.92,Standard,5,False,5.0,Card,True
ORD-01163,2024-07-27,C0778,Enterprise,34,False,Organic Search,Mobile,South,Electronics,180.91,4,0,723.64,500.76,222.88,Standard,4,False,4.0,Card,False
ORD-01164,2024-07-27,C1033,Consumer,70,True,Direct,Desktop,South,Electronics,223.23,2,20,357.17,296.91,60.26,Standard,4,False,4.0,Apple Pay,True
ORD-01165,2024-07-27,C0445,Consumer,65,False,Paid Search,Mobile,South,Sports,60.68,4,15,206.31,144.21,62.1,Economy,6,False,5.0,Card,False
ORD-01166,2024-07-28,C0406,Small Business,55,False,Paid Search,Mobile,West,Electronics,178.6,2,20,285.76,238.86,46.9,Express,4,False,4.0,Bank Transfer,False
ORD-01167,2024-07-28,C0558,Small Business,22,False,Organic Search,Mobile,East,Sports,82.07,1,10,73.86,48.2,25.66,Express,5,False,4.0,PayPal,False
ORD-01168,2024-07-28,C0210,Consumer,19,False,Direct,Desktop,North,Electronics,156.74,1,5,148.9,110.29,38.61,Standard,5,False,3.0,Apple Pay,True
ORD-01169,2024-07-28,C0154,Small Business,51,False,Paid Search,Tablet,West,Home,68.33,1,20,54.66,39.13,15.53,Standard,6,False,4.0,PayPal,False
ORD-01170,2024-07-28,C0676,Small Business,50,False,Social,Mobile,South,Toys,30.77,4,0,123.08,68.62,54.46,Express,3,False,,Card,False
ORD-01171,2024-07-29,C0213,Consumer,19,False,Social,Mobile,South,Beauty,46.97,2,5,89.24,41.36,47.88,Express,2,False,,Card,False
ORD-01172,2024-07-29,C0646,Consumer,19,False,Direct,Desktop,North,Home,110.91,3,20,266.18,199.02,67.16,Standard,5,False,,Card,False
ORD-01173,2024-07-29,C0848,Consumer,33,False,Direct,Mobile,East,Apparel,48.91,2,25,73.36,51.75,21.61,Express,2,False,5.0,Apple Pay,False
ORD-01174,2024-07-29,C0349,Consumer,61,False,Social,Desktop,South,Home,83.91,1,10,75.52,49.93,25.59,Standard,4,False,,Card,False
ORD-01175,2024-07-29,C0987,Consumer,55,False,Direct,Desktop,West,Sports,75.42,1,30,52.79,44.53,8.26,Standard,6,False,3.0,Card,False
ORD-01176,2024-07-29,C1140,Consumer,45,False,Paid Search,Mobile,East,Electronics,161.04,1,0,161.04,110.5,50.54,Standard,4,False,4.0,Card,False
ORD-01177,2024-07-29,C0958,Consumer,22,True,Social,Mobile,East,Electronics,165.05,1,5,156.8,116.31,40.49,Express,1,False,,PayPal,True
ORD-01178,2024-07-29,C0801,Consumer,51,True,Paid Search,Tablet,North,Apparel,61.39,3,20,147.34,97.88,49.46,Standard,4,False,5.0,Card,False
ORD-01179,2024-07-29,C0763,Small Business,26,False,Direct,Mobile,South,Apparel,66.96,4,20,214.27,135.95,78.32,Standard,6,False,5.0,Card,False
ORD-01180,2024-07-29,C0268,Consumer,19,False,Email,Desktop,West,Electronics,252.0,2,5,478.8,345.94,132.86,Standard,6,True,,Apple Pay,False
ORD-01181,2024-07-30,C1095,Consumer,38,False,Email,Desktop,South,Toys,40.48,3,20,97.15,67.82,29.33,Standard,3,False,5.0,Card,True
ORD-01182,2024-07-30,C1101,Small Business,53,False,Social,Desktop,North,Electronics,233.57,2,0,467.14,326.73,140.41,Standard,3,True,5.0,PayPal,False
ORD-01183,2024-07-30,C0529,Consumer,42,False,Direct,Mobile,East,Apparel,34.74,2,15,59.06,38.97,20.09,Standard,5,False,4.0,Apple Pay,False
ORD-01184,2024-07-30,C0558,Small Business,22,False,Paid Search,Desktop,North,Toys,26.41,2,10,47.54,28.08,19.46,Standard,5,False,5.0,Apple Pay,False
ORD-01185,2024-07-30,C0298,Small Business,53,False,Social,Mobile,North,Home,91.56,2,30,128.18,112.11,16.07,Standard,8,True,2.0,Apple Pay,False
ORD-01186,2024-07-30,C0519,Consumer,72,False,Social,Desktop,East,Toys,54.93,3,30,115.35,90.47,24.88,Standard,3,False,4.0,PayPal,False
ORD-01187,2024-07-30,C0298,Small Business,53,False,Paid Search,Tablet,East,Apparel,49.42,4,0,197.68,98.1,99.58,Standard,3,False,4.0,Card,True
ORD-01188,2024-07-30,C0840,Consumer,43,False,Organic Search,Desktop,West,Apparel,35.87,2,0,71.74,35.54,36.2,Express,4,False,,Card,False
ORD-01189,2024-07-30,C0111,Small Business,67,True,Paid Search,Mobile,South,Home,94.97,2,30,132.96,105.62,27.34,Standard,5,False,,PayPal,True
ORD-01190,2024-07-30,C0400,Consumer,24,False,Social,Desktop,North,Electronics,220.34,1,10,198.31,149.54,48.77,Standard,4,True,,Card,False
ORD-01191,2024-07-31,C0516,Enterprise,32,True,Social,Desktop,East,Sports,64.92,8,0,519.36,317.57,201.79,Economy,7,False,4.0,PayPal,False
ORD-01192,2024-07-31,C0525,Enterprise,23,False,Paid Search,Mobile,East,Apparel,53.14,3,5,151.45,85.14,66.31,Standard,4,False,3.0,PayPal,False
ORD-01193,2024-07-31,C0086,Small Business,50,False,Paid Search,Desktop,North,Toys,58.77,4,0,235.08,127.14,107.94,Standard,5,False,3.0,PayPal,False
ORD-01194,2024-07-31,C0674,Consumer,73,False,Email,Desktop,South,Electronics,227.26,1,25,170.44,155.67,14.77,Standard,3,False,,PayPal,False
ORD-01195,2024-07-31,C0210,Consumer,19,False,Direct,Desktop,East,Beauty,26.54,2,30,37.16,24.28,12.88,Economy,5,False,,Card,False
ORD-01196,2024-07-31,C0504,Consumer,50,True,Organic Search,Tablet,North,Apparel,32.48,1,25,24.36,16.55,7.81,Standard,5,False,3.0,Apple Pay,False
ORD-01197,2024-08-01,C1031,Small Business,58,False,Direct,Tablet,West,Apparel,61.6,3,0,184.8,95.76,89.04,Standard,6,False,4.0,Card,False
ORD-01198,2024-08-01,C0270,Small Business,21,False,Social,Mobile,North,Home,54.19,3,0,162.57,98.3,64.27,Express,1,False,,Card,True
ORD-01199,2024-08-01,C1101,Small Business,53,False,Email,Tablet,North,Electronics,157.65,5,10,709.42,538.85,170.57,Economy,5,False,5.0,PayPal,False
ORD-01200,2024-08-01,C1045,Enterprise,66,False,Paid Search,Mobile,South,Toys,39.16,2,5,74.4,44.02,30.38,Express,2,False,5.0,PayPal,False
ORD-01201,2024-08-01,C0693,Consumer,22,False,Social,Mobile,South,Beauty,21.83,3,5,62.22,29.27,32.95,Standard,4,False,4.0,Apple Pay,True
ORD-01202,2024-08-01,C0972,Consumer,33,False,Paid Search,Tablet,North,Home,85.19,1,25,63.89,51.98,11.91,Express,3,False,,Card,False
ORD-01203,2024-08-01,C0063,Small Business,53,False,Social,Mobile,East,Home,79.84,3,10,215.57,132.58,82.99,Standard,4,False,,Card,False
ORD-01204,2024-08-02,C1052,Consumer,73,False,Social,Desktop,South,Beauty,36.56,1,0,36.56,16.25,20.31,Standard,5,False,,Card,False
ORD-01205,2024-08-02,C0848,Consumer,33,False,Email,Desktop,North,Electronics,245.96,3,10,664.09,527.5,136.59,Express,2,False,4.0,Card,False
ORD-01206,2024-08-02,C0230,Consumer,66,True,Affiliate,Desktop,North,Electronics,172.87,1,0,172.87,117.63,55.24,Express,2,False,,Card,False
ORD-01207,2024-08-02,C1060,Consumer,53,True,Direct,Mobile,East,Sports,78.3,2,20,125.28,91.02,34.26,Standard,4,False,3.0,PayPal,False
ORD-01208,2024-08-02,C0325,Consumer,21,False,Social,Mobile,North,Home,127.02,3,15,323.9,223.48,100.42,Standard,3,False,4.0,Card,False
ORD-01209,2024-08-02,C0529,Consumer,42,False,Paid Search,Mobile,South,Sports,72.49,1,0,72.49,42.11,30.38,Standard,4,False,5.0,Bank Transfer,True
ORD-01210,2024-08-03,C1052,Consumer,73,False,Paid Search,Mobile,South,Home,60.75,2,20,97.2,75.44,21.76,Express,4,False,,Apple Pay,False
ORD-01211,2024-08-03,C0776,Consumer,55,True,Organic Search,Desktop,West,Sports,75.93,2,0,151.86,91.4,60.46,Economy,12,False,2.0,Card,False
ORD-01212,2024-08-03,C0529,Consumer,42,False,Social,Mobile,South,Apparel,37.67,3,15,96.06,56.69,39.37,Express,2,True,4.0,Apple Pay,True
ORD-01213,2024-08-03,C0298,Small Business,53,False,Paid Search,Mobile,West,Apparel,44.26,3,25,99.58,71.13,28.45,Standard,6,False,3.0,Card,False
ORD-01214,2024-08-03,C0990,Consumer,23,False,Organic Search,Mobile,North,Apparel,40.35,2,30,56.49,43.81,12.68,Standard,5,False,4.0,PayPal,False
ORD-01215,2024-08-04,C0400,Consumer,24,False,Organic Search,Mobile,East,Home,91.21,1,0,91.21,52.15,39.06,Express,2,False,,Card,False
ORD-01216,2024-08-04,C0630,Consumer,34,False,Organic Search,Mobile,North,Toys,27.84,2,0,55.68,30.88,24.8,Standard,4,False,3.0,Card,False
ORD-01217,2024-08-04,C0151,Consumer,43,True,Direct,Mobile,North,Sports,31.96,2,10,57.53,40.56,16.97,Express,2,False,5.0,Card,False
ORD-01218,2024-08-04,C0155,Consumer,62,False,Direct,Mobile,West,Sports,78.56,4,0,314.24,193.41,120.83,Standard,6,False,,Apple Pay,False
ORD-01219,2024-08-04,C0529,Consumer,42,False,Organic Search,Desktop,West,Apparel,73.11,1,15,62.14,39.35,22.79,Standard,6,False,,Card,False
ORD-01220,2024-08-04,C0785,Consumer,54,False,Social,Mobile,West,Apparel,34.89,2,25,52.34,35.51,16.83,Standard,7,True,3.0,Card,False
ORD-01221,2024-08-05,C0210,Consumer,19,False,Affiliate,Desktop,West,Sports,63.61,2,25,95.42,72.93,22.49,Standard,7,False,,PayPal,False
ORD-01222,2024-08-05,C0861,Small Business,22,False,Paid Search,Desktop,North,Electronics,242.2,3,5,690.27,481.45,208.82,Standard,4,False,,Apple Pay,False
ORD-01223,2024-08-05,C0442,Small Business,69,True,Social,Mobile,North,Toys,45.98,6,0,275.88,144.67,131.21,Standard,3,False,5.0,PayPal,False
ORD-01224,2024-08-05,C0825,Small Business,23,False,Paid Search,Mobile,East,Electronics,258.56,4,10,930.82,732.93,197.89,Express,2,False,4.0,Card,False
ORD-01225,2024-08-05,C0728,Consumer,35,False,Direct,Desktop,South,Home,107.86,2,15,183.36,120.45,62.91,Standard,3,False,,Bank Transfer,True
ORD-01226,2024-08-05,C0670,Consumer,29,False,Paid Search,Desktop,North,Apparel,30.64,1,5,29.11,16.25,12.86,Standard,4,False,4.0,Card,False
ORD-01227,2024-08-05,C0728,Consumer,35,False,Direct,Mobile,East,Electronics,201.24,3,10,543.35,416.43,126.92,Standard,3,True,4.0,Card,False
ORD-01228,2024-08-05,C1080,Consumer,19,True,Organic Search,Tablet,North,Apparel,47.16,2,0,94.32,48.72,45.6,Express,1,False,5.0,Card,False
ORD-01229,2024-08-05,C0671,Consumer,70,False,Social,Mobile,East,Electronics,209.8,4,0,839.2,577.55,261.65,Standard,3,False,4.0,Card,False
ORD-01230,2024-08-05,C1134,Consumer,20,False,Direct,Desktop,North,Sports,62.81,2,0,125.62,75.67,49.95,Standard,3,False,4.0,Card,False
ORD-01231,2024-08-06,C0676,Small Business,50,False,Affiliate,Mobile,East,Beauty,51.13,3,15,130.38,67.55,62.83,Economy,6,False,5.0,Card,False
ORD-01232,2024-08-06,C0441,Consumer,69,True,Email,Mobile,South,Apparel,40.98,2,0,81.96,41.64,40.32,Standard,3,False,5.0,Apple Pay,False
ORD-01233,2024-08-06,C0356,Consumer,42,False,Direct,Desktop,East,Home,75.24,2,5,142.96,83.55,59.41,Standard,3,False,,Apple Pay,True
ORD-01234,2024-08-06,C0728,Consumer,35,False,Social,Mobile,West,Sports,101.87,2,20,162.99,124.66,38.33,Standard,6,False,4.0,Bank Transfer,False
ORD-01235,2024-08-06,C0685,Consumer,32,False,Organic Search,Desktop,East,Apparel,65.88,2,0,131.76,67.61,64.15,Standard,5,False,,PayPal,False
ORD-01236,2024-08-07,C1095,Consumer,38,False,Social,Mobile,North,Electronics,228.13,2,5,433.45,308.83,124.62,Standard,3,False,5.0,Apple Pay,False
ORD-01237,2024-08-07,C0265,Consumer,47,False,Organic Search,Desktop,East,Apparel,41.04,2,30,57.46,42.01,15.45,Express,2,False,5.0,Card,False
ORD-01238,2024-08-07,C0574,Enterprise,48,False,Social,Mobile,South,Sports,87.79,4,0,351.16,200.13,151.03,Standard,4,False,5.0,Card,False
ORD-01239,2024-08-07,C0908,Small Business,21,False,Paid Search,Mobile,North,Sports,49.41,1,10,44.47,29.69,14.78,Standard,5,True,,PayPal,False
ORD-01240,2024-08-07,C0671,Consumer,70,False,Direct,Desktop,West,Electronics,200.9,1,10,180.81,140.83,39.98,Express,7,False,5.0,Card,False
ORD-01241,2024-08-07,C0825,Small Business,23,False,Paid Search,Mobile,South,Home,75.38,2,10,135.68,86.5,49.18,Express,3,False,5.0,Apple Pay,False
ORD-01242,2024-08-07,C1052,Consumer,73,False,Email,Mobile,South,Apparel,39.64,2,0,79.28,42.76,36.52,Economy,5,False,,Card,True
ORD-01243,2024-08-07,C0012,Consumer,31,False,Organic Search,Mobile,West,Apparel,28.51,4,0,114.04,61.75,52.29,Economy,10,False,3.0,Card,False
ORD-01244,2024-08-07,C0265,Consumer,47,False,Organic Search,Mobile,South,Toys,33.74,2,0,67.48,35.53,31.95,Standard,4,False,4.0,Card,False
ORD-01245,2024-08-07,C0246,Small Business,35,False,Social,Desktop,South,Home,105.81,2,5,201.04,127.55,73.49,Standard,4,False,5.0,Card,False
ORD-01246,2024-08-08,C1052,Consumer,73,False,Email,Mobile,East,Electronics,251.17,2,5,477.22,353.51,123.71,Standard,5,False,,Apple Pay,False
ORD-01247,2024-08-09,C1052,Consumer,73,False,Paid Search,Mobile,West,Home,69.85,2,20,111.76,81.31,30.45,Express,5,False,4.0,Apple Pay,False
ORD-01248,2024-08-09,C1140,Consumer,45,False,Paid Search,Mobile,East,Apparel,80.4,3,15,205.02,128.62,76.4,Economy,7,False,3.0,Card,False
ORD-01249,2024-08-09,C0685,Consumer,32,False,Paid Search,Mobile,North,Electronics,171.18,1,15,145.5,115.02,30.48,Standard,3,False,,Apple Pay,False
ORD-01250,2024-08-09,C1101,Small Business,53,False,Email,Mobile,West,Sports,62.5,3,10,168.75,109.54,59.21,Economy,8,False,3.0,Card,False
ORD-01251,2024-08-09,C0300,Consumer,40,True,Affiliate,Desktop,South,Beauty,33.87,3,5,96.53,46.0,50.53,Standard,4,False,,Card,False
ORD-01252,2024-08-09,C1051,Consumer,61,True,Paid Search,Tablet,East,Sports,60.4,1,0,60.4,35.8,24.6,Standard,3,True,4.0,Card,False
ORD-01253,2024-08-10,C0676,Small Business,50,False,Email,Mobile,North,Apparel,29.92,1,0,29.92,15.78,14.14,Standard,4,False,4.0,Card,False
ORD-01254,2024-08-10,C0210,Consumer,19,False,Organic Search,Desktop,South,Home,67.51,2,10,121.52,76.34,45.18,Standard,3,False,5.0,PayPal,False
ORD-01255,2024-08-10,C0339,Consumer,41,False,Direct,Mobile,East,Toys,33.91,2,0,67.82,37.3,30.52,Standard,3,False,,Card,False
ORD-01256,2024-08-10,C0685,Consumer,32,False,Direct,Desktop,West,Beauty,33.49,2,30,46.89,29.51,17.38,Economy,8,False,4.0,Apple Pay,False
ORD-01257,2024-08-11,C0646,Consumer,19,False,Paid Search,Mobile,North,Toys,38.62,2,0,77.24,41.35,35.89,Express,1,False,,Card,False
ORD-01258,2024-08-11,C0498,Consumer,47,True,Paid Search,Tablet,South,Home,84.77,2,0,169.54,101.46,68.08,Express,2,False,,Card,False
ORD-01259,2024-08-11,C0092,Small Business,70,True,Affiliate,Desktop,South,Apparel,60.57,1,20,48.46,31.34,17.12,Express,1,False,4.0,Card,True
ORD-01260,2024-08-11,C0052,Consumer,44,False,Direct,Mobile,South,Beauty,32.49,2,0,64.98,29.73,35.25,Express,3,False,,PayPal,False
ORD-01261,2024-08-11,C0399,Consumer,22,True,Paid Search,Mobile,West,Apparel,63.09,2,15,107.25,65.44,41.81,Standard,7,False,,Card,False
ORD-01262,2024-08-12,C0812,Consumer,21,False,Organic Search,Desktop,South,Apparel,48.58,4,20,155.46,98.3,57.16,Standard,6,False,,Card,False
ORD-01263,2024-08-13,C0238,Consumer,42,True,Paid Search,Mobile,South,Sports,110.01,2,20,176.02,132.57,43.45,Standard,3,False,,PayPal,False
ORD-01264,2024-08-13,C0012,Consumer,31,False,Direct,Mobile,West,Apparel,46.15,2,20,73.84,45.21,28.63,Express,8,False,,Apple Pay,False
ORD-01265,2024-08-13,C1056,Consumer,49,False,Social,Mobile,North,Sports,118.69,2,10,213.64,148.06,65.58,Express,2,False,,Card,False
ORD-01266,2024-08-13,C0215,Consumer,73,False,Direct,Desktop,West,Home,129.71,1,30,90.8,75.37,15.43,Economy,9,False,2.0,Card,False
ORD-01267,2024-08-13,C0763,Small Business,26,False,Social,Desktop,South,Electronics,139.32,4,0,557.28,365.35,191.93,Economy,6,True,,Apple Pay,False
ORD-01268,2024-08-13,C1152,Consumer,68,True,Social,Mobile,West,Sports,84.32,4,15,286.69,208.52,78.17,Economy,8,False,3.0,Apple Pay,False
ORD-01269,2024-08-13,C0238,Consumer,42,False,Paid Search,Desktop,West,Electronics,191.32,2,20,306.11,257.81,48.3,Economy,8,False,,PayPal,False
ORD-01270,2024-08-13,C0992,Consumer,64,False,Direct,Tablet,North,Electronics,150.42,1,10,135.38,104.33,31.05,Standard,3,False,5.0,PayPal,False
ORD-01271,2024-08-14,C0212,Small Business,25,False,Organic Search,Mobile,West,Apparel,40.55,4,25,121.65,82.0,39.65,Express,4,False,4.0,Card,False
ORD-01272,2024-08-14,C0210,Consumer,19,False,Organic Search,Mobile,West,Home,66.67,1,5,63.34,38.26,25.08,Express,6,False,,PayPal,False
ORD-01273,2024-08-14,C0400,Consumer,24,False,Paid Search,Desktop,South,Apparel,47.5,2,25,71.25,50.18,21.07,Standard,4,False,,Apple Pay,False
ORD-01274,2024-08-15,C0927,Small Business,40,False,Paid Search,Mobile,West,Beauty,26.33,3,25,59.24,36.3,22.94,Express,4,False,4.0,Card,True
ORD-01275,2024-08-15,C1125,Small Business,48,False,Paid Search,Mobile,East,Electronics,311.29,1,0,311.29,216.12,95.17,Standard,4,False,,PayPal,False
ORD-01276,2024-08-15,C0728,Consumer,35,False,Affiliate,Mobile,East,Home,98.82,2,5,187.76,121.74,66.02,Standard,3,False,4.0,PayPal,False
ORD-01277,2024-08-15,C0468,Consumer,34,False,Paid Search,Mobile,North,Sports,72.37,1,20,57.9,46.47,11.43,Standard,6,False,,Bank Transfer,False
ORD-01278,2024-08-15,C0907,Consumer,27,False,Organic Search,Tablet,East,Home,119.0,1,10,107.1,66.58,40.52,Standard,3,False,5.0,Card,False
ORD-01279,2024-08-15,C0918,Consumer,48,False,Organic Search,Desktop,West,Electronics,188.61,2,15,320.64,266.17,54.47,Economy,8,False,2.0,PayPal,True
ORD-01280,2024-08-15,C1052,Consumer,73,False,Organic Search,Mobile,North,Sports,73.04,1,15,62.08,42.71,19.37,Standard,4,False,5.0,Card,True
ORD-01281,2024-08-16,C0327,Consumer,61,False,Organic Search,Desktop,South,Sports,62.89,2,15,106.91,75.8,31.11,Economy,7,False,3.0,Card,False
ORD-01282,2024-08-16,C0755,Consumer,38,False,Organic Search,Mobile,East,Beauty,32.86,3,30,69.01,44.61,24.4,Economy,7,False,4.0,Apple Pay,False
ORD-01283,2024-08-16,C0298,Small Business,53,False,Direct,Desktop,West,Apparel,45.08,3,0,135.24,69.32,65.92,Standard,7,False,4.0,Card,False
ORD-01284,2024-08-16,C0207,Consumer,48,False,Paid Search,Mobile,South,Toys,38.71,1,0,38.71,20.73,17.98,Economy,6,False,,Card,True
ORD-01285,2024-08-16,C0210,Consumer,19,False,Direct,Desktop,West,Beauty,27.79,1,5,26.4,12.86,13.54,Standard,7,True,,Apple Pay,True
ORD-01286,2024-08-16,C0916,Consumer,38,False,Organic Search,Mobile,South,Toys,39.14,1,20,31.31,20.44,10.87,Economy,5,False,,Card,False
ORD-01287,2024-08-16,C0396,Consumer,35,False,Affiliate,Mobile,West,Toys,34.17,1,25,25.63,18.88,6.75,Standard,7,False,,Card,False
ORD-01288,2024-08-16,C1052,Consumer,73,False,Social,Mobile,West,Apparel,39.03,1,0,39.03,20.34,18.69,Economy,9,False,,Card,False
ORD-01289,2024-08-17,C1052,Consumer,73,False,Direct,Mobile,East,Toys,41.89,1,15,35.61,23.1,12.51,Standard,3,False,5.0,PayPal,True
ORD-01290,2024-08-17,C0457,Small Business,24,False,Direct,Mobile,South,Home,65.94,3,10,178.04,113.97,64.07,Standard,6,False,4.0,Card,False
ORD-01291,2024-08-17,C1052,Consumer,73,False,Email,Desktop,South,Apparel,54.88,4,0,219.52,111.35,108.17,Express,1,False,5.0,Bank Transfer,False
ORD-01292,2024-08-17,C0516,Enterprise,32,False,Social,Mobile,North,Electronics,242.76,2,10,436.97,326.61,110.36,Express,2,True,5.0,PayPal,False
ORD-01293,2024-08-17,C0237,Small Business,74,False,Organic Search,Mobile,East,Home,80.46,3,30,168.97,129.04,39.93,Standard,6,False,4.0,PayPal,False
ORD-01294,2024-08-17,C0821,Consumer,50,True,Affiliate,Desktop,South,Apparel,36.99,1,20,29.59,18.54,11.05,Express,3,False,,Card,False
ORD-01295,2024-08-18,C0578,Consumer,25,True,Direct,Mobile,South,Beauty,37.97,2,25,56.96,34.28,22.68,Economy,6,False,5.0,Card,False
ORD-01296,2024-08-18,C0333,Enterprise,40,True,Social,Mobile,West,Electronics,200.56,8,15,1363.81,1047.28,316.53,Economy,8,False,2.0,Card,False
ORD-01297,2024-08-18,C0765,Consumer,37,True,Organic Search,Desktop,North,Home,117.55,1,0,117.55,65.71,51.84,Express,1,False,,PayPal,False
ORD-01298,2024-08-18,C1052,Consumer,73,False,Affiliate,Mobile,North,Home,86.47,3,0,259.41,146.08,113.33,Standard,3,False,,Card,False
ORD-01299,2024-08-18,C1052,Consumer,73,False,Direct,Mobile,East,Home,71.34,1,10,64.21,42.91,21.3,Standard,4,False,5.0,Card,False
ORD-01300,2024-08-18,C0202,Small Business,18,False,Paid Search,Mobile,North,Beauty,47.64,6,25,214.38,126.18,88.2,Standard,5,False,,Card,False
ORD-01301,2024-08-18,C0728,Consumer,35,False,Paid Search,Desktop,South,Home,96.37,1,5,91.55,59.51,32.04,Standard,3,False,,Apple Pay,False
ORD-01302,2024-08-18,C0822,Consumer,25,False,Social,Desktop,West,Home,118.78,2,20,190.05,132.66,57.39,Standard,8,True,2.0,Apple Pay,False
ORD-01303,2024-08-19,C0728,Consumer,35,False,Email,Mobile,South,Home,78.93,2,0,157.86,94.73,63.13,Economy,5,True,,PayPal,False
ORD-01304,2024-08-19,C0246,Small Business,35,False,Affiliate,Mobile,West,Apparel,35.43,3,0,106.29,51.69,54.6,Standard,8,False,3.0,Card,False
ORD-01305,2024-08-19,C0183,Consumer,72,True,Affiliate,Desktop,South,Beauty,32.07,1,0,32.07,14.86,17.21,Standard,3,False,,Apple Pay,False
ORD-01306,2024-08-19,C0929,Consumer,38,True,Organic Search,Mobile,West,Sports,81.97,2,5,155.74,91.51,64.23,Economy,10,False,3.0,Apple Pay,False
ORD-01307,2024-08-19,C0390,Consumer,38,False,Social,Desktop,West,Electronics,350.02,2,15,595.03,476.97,118.06,Express,6,True,3.0,PayPal,False
ORD-01308,2024-08-19,C1031,Small Business,58,False,Paid Search,Mobile,North,Toys,34.2,3,0,102.6,57.89,44.71,Standard,4,False,,Card,False
ORD-01309,2024-08-19,C1156,Consumer,49,False,Organic Search,Mobile,North,Sports,51.85,2,5,98.52,60.3,38.22,Standard,3,False,5.0,Apple Pay,True
ORD-01310,2024-08-19,C0210,Consumer,19,False,Paid Search,Desktop,North,Sports,60.31,2,0,120.62,71.98,48.64,Express,1,False,,Card,True
ORD-01311,2024-08-19,C1030,Consumer,69,False,Organic Search,Mobile,South,Electronics,170.94,1,20,136.75,114.24,22.51,Standard,9,False,3.0,Bank Transfer,False
ORD-01312,2024-08-19,C0303,Small Business,68,False,Social,Desktop,East,Electronics,200.64,5,0,1003.2,669.97,333.23,Standard,5,False,4.0,Bank Transfer,False
ORD-01313,2024-08-19,C0122,Consumer,54,False,Email,Mobile,South,Beauty,37.57,1,30,26.3,17.25,9.05,Standard,3,False,5.0,PayPal,False
ORD-01314,2024-08-19,C0537,Consumer,68,True,Affiliate,Tablet,North,Electronics,242.05,1,0,242.05,160.57,81.48,Express,1,False,,Card,False
ORD-01315,2024-08-20,C1052,Consumer,73,False,Paid Search,Tablet,East,Sports,73.47,2,0,146.94,89.18,57.76,Standard,4,False,3.0,Card,True
ORD-01316,2024-08-20,C0816,Small Business,28,True,Affiliate,Desktop,East,Electronics,172.02,4,0,688.08,450.64,237.44,Standard,6,False,,Card,False
ORD-01317,2024-08-20,C0298,Small Business,53,False,Organic Search,Mobile,East,Apparel,30.79,3,0,92.37,47.63,44.74,Standard,4,False,4.0,Card,False
ORD-01318,2024-08-20,C0992,Consumer,64,False,Direct,Mobile,South,Toys,28.74,2,15,48.86,30.67,18.19,Express,1,False,5.0,Card,False
ORD-01319,2024-08-20,C1066,Consumer,63,True,Paid Search,Mobile,West,Electronics,193.22,3,0,579.66,413.15,166.51,Standard,6,False,3.0,Card,False
ORD-01320,2024-08-21,C0207,Consumer,48,False,Paid Search,Desktop,West,Apparel,61.63,2,25,92.44,61.43,31.01,Standard,7,False,3.0,Card,False
ORD-01321,2024-08-21,C1054,Consumer,36,False,Organic Search,Desktop,West,Apparel,36.39,1,20,29.11,19.44,9.67,Economy,8,False,,Card,False
ORD-01322,2024-08-21,C0643,Consumer,65,False,Social,Desktop,East,Toys,29.8,2,10,53.64,32.69,20.95,Express,2,False,4.0,PayPal,False
ORD-01323,2024-08-21,C0591,Consumer,73,False,Social,Mobile,West,Sports,61.98,1,25,46.48,39.38,7.1,Standard,6,False,,Card,False
ORD-01324,2024-08-22,C1151,Consumer,65,True,Direct,Desktop,East,Electronics,252.06,1,10,226.85,169.4,57.45,Economy,6,False,,Card,False
ORD-01325,2024-08-22,C0591,Consumer,73,False,Affiliate,Mobile,North,Toys,38.85,2,5,73.82,43.15,30.67,Standard,3,False,5.0,PayPal,False
ORD-01326,2024-08-22,C1062,Enterprise,53,False,Direct,Mobile,West,Beauty,22.97,7,5,152.75,68.72,84.03,Economy,10,False,,Card,False
ORD-01327,2024-08-22,C0994,Small Business,47,True,Paid Search,Desktop,East,Beauty,40.1,3,0,120.3,54.85,65.45,Standard,6,False,,Card,False
ORD-01328,2024-08-22,C0837,Consumer,25,True,Paid Search,Mobile,South,Apparel,37.34,2,25,56.01,38.3,17.71,Express,1,False,5.0,Card,False
ORD-01329,2024-08-22,C1052,Consumer,73,False,Direct,Mobile,West,Toys,30.49,1,15,25.92,16.34,9.58,Express,6,False,4.0,PayPal,False
ORD-01330,2024-08-23,C0105,Consumer,41,False,Paid Search,Desktop,East,Home,68.86,2,0,137.72,85.79,51.93,Standard,3,False,4.0,Bank Transfer,False
ORD-01331,2024-08-23,C0153,Consumer,44,False,Social,Desktop,East,Apparel,43.45,3,20,104.28,68.57,35.71,Economy,7,False,,Bank Transfer,False
ORD-01332,2024-08-23,C0927,Small Business,40,False,Direct,Mobile,East,Toys,36.66,2,0,73.32,39.95,33.37,Standard,4,False,,Card,True
ORD-01333,2024-08-23,C0728,Consumer,35,False,Organic Search,Mobile,West,Beauty,35.34,1,5,33.57,15.68,17.89,Standard,6,False,,PayPal,False
ORD-01334,2024-08-23,C0424,Consumer,68,False,Affiliate,Tablet,North,Beauty,41.38,2,0,82.76,37.26,45.5,Standard,5,True,,Card,False
ORD-01335,2024-08-23,C0195,Small Business,18,False,Affiliate,Mobile,South,Electronics,316.6,4,15,1076.44,865.55,210.89,Express,2,False,5.0,PayPal,False
ORD-01336,2024-08-23,C0207,Consumer,48,False,Email,Mobile,North,Toys,32.88,2,0,65.76,36.55,29.21,Express,1,False,5.0,Card,False
ORD-01337,2024-08-24,C1006,Consumer,22,False,Social,Mobile,North,Sports,99.63,1,30,69.74,57.68,12.06,Economy,7,False,4.0,Card,False
ORD-01338,2024-08-24,C1052,Consumer,73,False,Organic Search,Tablet,South,Home,110.67,1,25,83.0,63.17,19.83,Express,2,False,5.0,Card,False
ORD-01339,2024-08-24,C0905,Consumer,61,True,Email,Mobile,East,Apparel,56.32,1,5,53.5,27.81,25.69,Standard,4,False,4.0,Card,False
ORD-01340,2024-08-24,C1052,Consumer,73,False,Affiliate,Mobile,South,Apparel,47.71,1,5,45.32,25.48,19.84,Standard,3,False,5.0,Bank Transfer,False
ORD-01341,2024-08-24,C1134,Consumer,20,False,Affiliate,Mobile,North,Apparel,50.86,1,0,50.86,25.94,24.92,Express,2,False,,Apple Pay,True
ORD-01342,2024-08-25,C0298,Small Business,53,False,Direct,Tablet,North,Sports,88.68,2,10,159.62,105.73,53.89,Standard,4,False,3.0,Card,False
ORD-01343,2024-08-25,C0953,Consumer,55,False,Social,Desktop,North,Sports,107.25,1,30,75.07,66.14,8.93,Standard,5,False,4.0,Card,False
ORD-01344,2024-08-25,C0921,Consumer,53,False,Direct,Desktop,South,Apparel,36.85,1,0,36.85,19.49,17.36,Standard,5,False,4.0,Card,False
ORD-01345,2024-08-25,C0758,Consumer,64,False,Paid Search,Mobile,South,Home,84.07,1,25,63.05,48.93,14.12,Economy,5,True,3.0,Card,False
ORD-01346,2024-08-26,C0298,Small Business,53,False,Paid Search,Tablet,North,Home,71.42,2,10,128.56,79.8,48.76,Standard,3,False,4.0,Bank Transfer,False
ORD-01347,2024-08-26,C0728,Consumer,35,False,Organic Search,Mobile,North,Beauty,28.89,2,5,54.89,25.88,29.01,Express,1,False,5.0,Card,False
ORD-01348,2024-08-26,C0828,Consumer,72,False,Email,Mobile,East,Home,70.6,3,30,148.26,129.1,19.16,Standard,4,False,4.0,PayPal,False
ORD-01349,2024-08-26,C1125,Small Business,48,False,Paid Search,Mobile,North,Sports,63.94,2,25,95.91,80.72,15.19,Standard,4,False,5.0,Apple Pay,False
ORD-01350,2024-08-26,C0913,Consumer,49,True,Organic Search,Desktop,South,Apparel,41.15,3,20,98.76,64.14,34.62,Express,2,False,5.0,Card,False
ORD-01351,2024-08-26,C0095,Consumer,73,False,Affiliate,Mobile,East,Apparel,30.18,4,25,90.54,67.1,23.44,Standard,7,False,,Bank Transfer,False
ORD-01352,2024-08-27,C1165,Consumer,43,False,Email,Mobile,East,Beauty,28.39,2,10,51.1,25.53,25.57,Economy,5,False,4.0,Card,False
ORD-01353,2024-08-27,C0312,Consumer,72,False,Direct,Desktop,West,Home,103.12,3,0,309.36,180.57,128.79,Economy,8,False,3.0,Card,False
ORD-01354,2024-08-27,C1105,Small Business,44,False,Organic Search,Mobile,North,Home,113.0,1,0,113.0,69.09,43.91,Express,5,False,4.0,PayPal,True
ORD-01355,2024-08-27,C0728,Consumer,35,False,Direct,Desktop,South,Electronics,199.84,2,25,299.76,279.85,19.91,Standard,3,False,,Card,False
ORD-01356,2024-08-27,C0095,Consumer,73,False,Affiliate,Mobile,East,Home,143.2,1,15,121.72,80.9,40.82,Express,3,False,,Card,False
ORD-01357,2024-08-28,C0987,Consumer,55,False,Organic Search,Desktop,South,Electronics,190.68,2,5,362.29,255.1,107.19,Express,3,False,4.0,Card,True
ORD-01358,2024-08-28,C0837,Consumer,25,False,Social,Mobile,East,Electronics,272.07,2,10,489.73,369.22,120.51,Standard,5,False,4.0,Card,False
ORD-01359,2024-08-28,C1052,Consumer,73,False,Paid Search,Desktop,West,Electronics,223.11,3,0,669.33,441.62,227.71,Economy,8,False,3.0,Card,False
ORD-01360,2024-08-28,C1028,Small Business,69,True,Social,Mobile,West,Beauty,24.36,4,20,77.95,46.02,31.93,Standard,7,False,3.0,Apple Pay,True
ORD-01361,2024-08-28,C0634,Consumer,20,False,Paid Search,Mobile,East,Apparel,46.78,2,5,88.88,48.09,40.79,Economy,6,False,,Card,False
ORD-01362,2024-08-28,C0227,Consumer,23,True,Email,Mobile,East,Beauty,27.2,2,0,54.4,25.13,29.27,Standard,4,False,,Card,False
ORD-01363,2024-08-29,C0966,Enterprise,29,False,Social,Mobile,East,Apparel,42.3,6,0,253.8,129.1,124.7,Standard,4,True,,Card,False
ORD-01364,2024-08-29,C1169,Consumer,38,False,Email,Tablet,South,Sports,67.82,1,10,61.04,39.59,21.45,Economy,7,False,4.0,Bank Transfer,False
ORD-01365,2024-08-29,C0719,Consumer,38,False,Organic Search,Desktop,South,Apparel,63.55,1,0,63.55,33.38,30.17,Standard,4,True,4.0,PayPal,True
ORD-01366,2024-08-29,C0604,Consumer,25,False,Social,Tablet,South,Beauty,34.75,1,20,27.8,15.73,12.07,Standard,4,False,4.0,Card,False
ORD-01367,2024-08-29,C0715,Consumer,36,True,Organic Search,Mobile,West,Apparel,65.32,1,0,65.32,35.58,29.74,Standard,7,False,4.0,Apple Pay,False
ORD-01368,2024-08-29,C0364,Consumer,28,False,Paid Search,Mobile,South,Apparel,37.59,2,20,60.14,40.74,19.4,Standard,4,True,4.0,Apple Pay,False
ORD-01369,2024-08-30,C0851,Consumer,18,False,Organic Search,Mobile,North,Apparel,44.39,1,0,44.39,22.83,21.56,Express,4,False,,Card,False
ORD-01370,2024-08-30,C0966,Enterprise,29,False,Social,Desktop,East,Sports,77.77,1,5,73.88,46.29,27.59,Standard,6,True,4.0,Card,False
ORD-01371,2024-08-31,C0674,Consumer,73,False,Paid Search,Mobile,East,Home,126.05,2,0,252.1,145.65,106.45,Standard,4,False,4.0,Card,False
ORD-01372,2024-08-31,C0106,Consumer,40,False,Email,Mobile,West,Beauty,27.35,4,0,109.4,49.06,60.34,Standard,8,False,,Card,False
ORD-01373,2024-08-31,C0362,Small Business,46,False,Direct,Mobile,West,Electronics,239.14,4,10,860.9,637.06,223.84,Standard,7,False,5.0,Card,False
ORD-01374,2024-08-31,C0954,Consumer,23,False,Organic Search,Mobile,South,Home,91.85,2,25,137.77,109.56,28.21,Express,5,False,,PayPal,False
ORD-01375,2024-09-01,C0298,Small Business,53,False,Paid Search,Mobile,West,Toys,37.17,5,0,185.85,102.36,83.49,Express,4,False,5.0,Apple Pay,True
ORD-01376,2024-09-01,C1052,Consumer,73,False,Organic Search,Mobile,North,Apparel,47.09,2,5,89.47,52.66,36.81,Economy,6,False,5.0,Card,False
ORD-01377,2024-09-01,C0152,Consumer,46,False,Paid Search,Mobile,East,Apparel,60.54,1,20,48.43,30.07,18.36,Economy,6,False,5.0,Card,False
ORD-01378,2024-09-01,C0084,Consumer,59,False,Social,Mobile,West,Apparel,38.08,1,10,34.27,19.61,14.66,Economy,8,False,3.0,Card,False
ORD-01379,2024-09-01,C0606,Small Business,62,False,Organic Search,Desktop,South,Sports,40.76,4,5,154.89,93.85,61.04,Standard,4,False,,Card,False
ORD-01380,2024-09-01,C0298,Small Business,53,False,Email,Desktop,West,Electronics,281.17,2,0,562.34,396.14,166.2,Economy,9,False,,Card,True
ORD-01381,2024-09-01,C0938,Enterprise,68,True,Social,Mobile,South,Apparel,44.7,4,20,143.04,92.96,50.08,Standard,4,False,5.0,Card,False
ORD-01382,2024-09-01,C0207,Consumer,48,False,Direct,Mobile,East,Toys,29.56,1,25,22.17,16.1,6.07,Standard,3,False,5.0,Card,True
ORD-01383,2024-09-01,C1031,Small Business,58,False,Email,Mobile,East,Electronics,255.28,2,0,510.56,350.52,160.04,Economy,6,False,4.0,Card,False
ORD-01384,2024-09-01,C0671,Consumer,70,False,Paid Search,Mobile,South,Electronics,272.99,1,5,259.34,184.4,74.94,Standard,3,False,5.0,Card,False
ORD-01385,2024-09-02,C0173,Consumer,74,True,Direct,Mobile,East,Beauty,28.06,3,30,58.93,37.43,21.5,Standard,4,False,,Card,False
ORD-01386,2024-09-02,C0916,Consumer,38,False,Organic Search,Mobile,West,Apparel,38.48,1,0,38.48,19.21,19.27,Standard,6,False,4.0,Card,False
ORD-01387,2024-09-02,C0440,Consumer,69,False,Social,Desktop,North,Apparel,68.64,1,15,58.34,35.76,22.58,Standard,3,False,4.0,Card,False
ORD-01388,2024-09-02,C0207,Consumer,48,False,Direct,Tablet,East,Beauty,34.41,1,0,34.41,15.6,18.81,Standard,3,False,5.0,Card,False
ORD-01389,2024-09-02,C0823,Consumer,53,False,Social,Desktop,North,Electronics,179.51,2,0,359.02,249.73,109.29,Standard,4,False,4.0,Card,False
ORD-01390,2024-09-03,C0421,Consumer,73,False,Affiliate,Desktop,South,Electronics,179.18,1,0,179.18,125.76,53.42,Standard,3,False,5.0,Apple Pay,False
ORD-01391,2024-09-03,C0728,Consumer,35,False,Direct,Mobile,South,Home,78.93,3,10,213.11,140.75,72.36,Standard,3,False,,PayPal,False
ORD-01392,2024-09-03,C0309,Consumer,52,False,Email,Mobile,East,Sports,51.54,1,10,46.39,29.64,16.75,Express,3,False,4.0,PayPal,False
ORD-01393,2024-09-03,C0417,Consumer,43,True,Direct,Mobile,East,Electronics,202.95,2,5,385.6,279.6,106.0,Standard,4,False,,PayPal,False
ORD-01394,2024-09-03,C0245,Consumer,52,False,Organic Search,Mobile,South,Beauty,24.08,1,10,21.67,11.02,10.65,Economy,5,False,4.0,Bank Transfer,True
ORD-01395,2024-09-03,C0426,Consumer,52,False,Organic Search,Mobile,North,Beauty,22.59,1,25,16.94,10.25,6.69,Express,3,True,4.0,Card,False
ORD-01396,2024-09-04,C0533,Consumer,51,True,Paid Search,Mobile,East,Home,98.07,1,10,88.26,60.62,27.64,Standard,6,False,3.0,PayPal,False
ORD-01397,2024-09-04,C0212,Small Business,25,False,Direct,Desktop,North,Toys,35.47,4,20,113.5,75.75,37.75,Standard,6,False,,Card,False
ORD-01398,2024-09-04,C0062,Enterprise,36,False,Organic Search,Mobile,East,Apparel,62.28,6,25,280.26,203.49,76.77,Standard,5,False,,Card,False
ORD-01399,2024-09-04,C0212,Small Business,25,False,Social,Mobile,North,Sports,82.87,3,5,236.18,146.46,89.72,Standard,3,False,5.0,Card,False
ORD-01400,2024-09-04,C1090,Consumer,62,True,Paid Search,Desktop,North,Sports,58.1,2,0,116.2,69.17,47.03,Standard,4,False,,Bank Transfer,False
ORD-01401,2024-09-04,C1022,Consumer,51,False,Email,Desktop,West,Apparel,63.55,2,5,120.74,64.48,56.26,Economy,9,False,3.0,Card,False
ORD-01402,2024-09-04,C0114,Consumer,36,True,Direct,Desktop,East,Beauty,24.65,1,0,24.65,11.6,13.05,Express,3,False,5.0,Card,False
ORD-01403,2024-09-04,C0630,Consumer,34,False,Organic Search,Desktop,East,Apparel,34.73,2,15,59.04,36.28,22.76,Standard,3,False,,Card,False
ORD-01404,2024-09-04,C0990,Consumer,23,False,Email,Desktop,South,Electronics,189.34,3,0,568.02,390.23,177.79,Standard,4,False,4.0,PayPal,False
ORD-01405,2024-09-05,C0298,Small Business,53,False,Organic Search,Desktop,West,Beauty,19.69,2,0,39.38,18.24,21.14,Standard,8,False,4.0,Card,False
ORD-01406,2024-09-05,C0297,Consumer,66,False,Email,Desktop,East,Apparel,35.85,3,0,107.55,57.28,50.27,Standard,3,False,,Card,False
ORD-01407,2024-09-06,C0298,Small Business,53,False,Social,Desktop,North,Apparel,46.2,4,10,166.32,98.05,68.27,Standard,4,False,5.0,PayPal,False
ORD-01408,2024-09-06,C0753,Consumer,37,True,Social,Desktop,West,Sports,70.16,1,0,70.16,42.17,27.99,Economy,8,False,4.0,Card,True
ORD-01409,2024-09-06,C0097,Consumer,69,False,Affiliate,Mobile,South,Apparel,57.07,2,5,108.43,60.33,48.1,Economy,8,False,,Card,True
ORD-01410,2024-09-06,C0671,Consumer,70,False,Email,Mobile,East,Beauty,26.71,2,5,50.75,23.73,27.02,Standard,3,False,,Card,False
ORD-01411,2024-09-06,C0301,Consumer,20,False,Paid Search,Mobile,West,Electronics,264.61,2,0,529.22,353.64,175.58,Standard,8,False,3.0,Card,False
ORD-01412,2024-09-06,C1052,Consumer,73,False,Social,Tablet,South,Beauty,37.15,2,0,74.3,32.01,42.29,Standard,3,False,5.0,PayPal,False
ORD-01413,2024-09-06,C0086,Small Business,50,False,Direct,Mobile,East,Toys,46.26,3,0,138.78,78.02,60.76,Standard,6,False,4.0,PayPal,True
ORD-01414,2024-09-06,C0132,Consumer,65,False,Email,Mobile,West,Toys,26.67,1,10,24.0,14.88,9.12,Standard,6,False,4.0,Card,False
ORD-01415,2024-09-07,C0817,Small Business,46,False,Paid Search,Desktop,North,Apparel,41.91,2,0,83.82,45.33,38.49,Standard,6,False,4.0,Apple Pay,False
ORD-01416,2024-09-07,C0298,Small Business,53,False,Direct,Desktop,South,Home,70.5,3,5,200.92,121.75,79.17,Standard,4,False,5.0,Card,False
ORD-01417,2024-09-07,C0670,Consumer,29,False,Direct,Mobile,East,Home,108.6,1,20,86.88,64.79,22.09,Standard,3,True,3.0,Apple Pay,True
ORD-01418,2024-09-07,C0685,Consumer,32,False,Email,Mobile,West,Toys,41.66,1,10,37.49,22.48,15.01,Standard,6,True,3.0,Card,False
ORD-01419,2024-09-07,C0990,Consumer,23,False,Paid Search,Mobile,East,Electronics,150.17,2,15,255.29,196.61,58.68,Standard,4,False,5.0,PayPal,False
ORD-01420,2024-09-07,C1052,Consumer,73,False,Direct,Desktop,North,Apparel,45.18,1,5,42.92,23.86,19.06,Standard,3,False,5.0,Card,True
ORD-01421,2024-09-07,C0921,Consumer,53,False,Social,Mobile,West,Electronics,209.5,2,25,314.25,258.69,55.56,Express,5,False,4.0,PayPal,False
ORD-01422,2024-09-07,C1137,Small Business,70,False,Email,Mobile,South,Beauty,38.81,4,30,108.67,71.84,36.83,Standard,3,False,,Card,False
ORD-01423,2024-09-07,C1052,Consumer,73,False,Paid Search,Desktop,North,Electronics,233.89,4,15,795.23,668.73,126.5,Economy,6,False,3.0,Card,False
ORD-01424,2024-09-08,C1052,Consumer,73,False,Affiliate,Desktop,East,Apparel,61.23,2,30,85.72,67.1,18.62,Standard,4,False,5.0,PayPal,False
ORD-01425,2024-09-08,C0399,Consumer,22,False,Email,Mobile,East,Sports,62.28,1,10,56.05,37.65,18.4,Standard,4,False,4.0,Card,True
ORD-01426,2024-09-08,C0297,Consumer,66,False,Organic Search,Desktop,South,Beauty,25.82,1,20,20.66,11.24,9.42,Economy,6,False,5.0,Card,False
ORD-01427,2024-09-08,C1095,Consumer,38,False,Email,Mobile,South,Beauty,23.79,1,10,21.41,10.89,10.52,Express,3,False,4.0,Card,False
ORD-01428,2024-09-08,C0244,Consumer,35,False,Email,Mobile,East,Electronics,186.66,2,15,317.32,255.02,62.3,Standard,3,False,5.0,Card,False
ORD-01429,2024-09-09,C1134,Consumer,20,False,Organic Search,Desktop,North,Sports,84.12,1,0,84.12,51.45,32.67,Standard,4,False,,PayPal,False
ORD-01430,2024-09-09,C0121,Consumer,72,True,Social,Mobile,South,Apparel,39.26,2,0,78.52,41.29,37.23,Economy,7,False,,Apple Pay,False
ORD-01431,2024-09-09,C0298,Small Business,53,False,Paid Search,Desktop,East,Home,113.82,5,0,569.1,317.57,251.53,Economy,5,False,4.0,Card,False
ORD-01432,2024-09-10,C1052,Consumer,73,False,Organic Search,Mobile,North,Electronics,241.66,1,5,229.58,163.92,65.66,Express,1,False,,Card,False
ORD-01433,2024-09-10,C0334,Enterprise,60,True,Paid Search,Mobile,East,Beauty,28.76,7,0,201.32,87.28,114.04,Standard,5,False,4.0,Card,False
ORD-01434,2024-09-10,C0518,Consumer,27,False,Social,Desktop,West,Electronics,184.79,1,25,138.59,124.15,14.44,Standard,6,True,4.0,Card,False
ORD-01435,2024-09-10,C0596,Consumer,69,False,Email,Mobile,West,Toys,44.54,1,30,31.18,23.39,7.79,Standard,7,False,2.0,Card,True
ORD-01436,2024-09-10,C0889,Enterprise,64,False,Social,Mobile,East,Home,74.71,2,0,149.42,87.26,62.16,Economy,5,True,3.0,Card,False
ORD-01437,2024-09-10,C0758,Consumer,64,False,Direct,Desktop,East,Electronics,291.23,4,10,1048.43,833.43,215.0,Express,4,True,,Card,False
ORD-01438,2024-09-10,C0990,Consumer,23,False,Social,Desktop,West,Home,127.16,2,30,178.02,149.56,28.46,Standard,8,False,,Apple Pay,False
ORD-01439,2024-09-11,C0207,Consumer,48,False,Email,Desktop,North,Sports,81.16,1,0,81.16,49.6,31.56,Economy,7,False,3.0,Card,False
ORD-01440,2024-09-11,C0441,Consumer,69,False,Direct,Mobile,East,Apparel,65.2,1,25,48.9,33.82,15.08,Standard,4,False,,Bank Transfer,False
ORD-01441,2024-09-11,C0418,Consumer,67,False,Paid Search,Mobile,East,Apparel,44.64,3,10,120.53,68.7,51.83,Standard,5,False,3.0,Card,False
ORD-01442,2024-09-11,C0207,Consumer,48,False,Paid Search,Mobile,West,Electronics,283.75,3,5,808.69,596.44,212.25,Standard,7,False,2.0,Card,False
ORD-01443,2024-09-11,C0529,Consumer,42,False,Direct,Mobile,West,Electronics,178.27,4,30,499.16,465.82,33.34,Standard,7,False,4.0,Apple Pay,False
ORD-01444,2024-09-11,C0400,Consumer,24,False,Direct,Tablet,South,Electronics,259.78,2,0,519.56,356.79,162.77,Economy,5,False,3.0,Card,False
ORD-01445,2024-09-11,C0440,Consumer,69,False,Organic Search,Mobile,East,Electronics,156.14,1,25,117.1,109.8,7.3,Standard,5,False,4.0,Card,False
ORD-01446,2024-09-12,C0911,Consumer,51,False,Affiliate,Desktop,South,Beauty,32.08,2,5,60.95,27.78,33.17,Standard,3,False,4.0,Apple Pay,False
ORD-01447,2024-09-12,C0670,Consumer,29,False,Paid Search,Desktop,West,Beauty,46.31,1,10,41.68,21.25,20.43,Standard,7,True,2.0,Card,False
ORD-01448,2024-09-12,C0400,Consumer,24,False,Organic Search,Desktop,South,Electronics,189.47,3,30,397.89,392.78,5.11,Standard,4,False,5.0,Card,False
ORD-01449,2024-09-12,C1095,Consumer,38,False,Paid Search,Mobile,North,Toys,43.23,1,15,36.75,24.3,12.45,Economy,7,False,,PayPal,False
ORD-01450,2024-09-13,C1143,Consumer,54,False,Social,Desktop,South,Electronics,206.88,1,30,144.82,141.45,3.37,Standard,3,False,5.0,Card,False
ORD-01451,2024-09-13,C0388,Small Business,23,True,Affiliate,Mobile,North,Apparel,45.11,3,0,135.33,70.15,65.18,Express,4,True,3.0,Card,False
ORD-01452,2024-09-13,C0309,Consumer,52,False,Social,Mobile,South,Home,67.97,3,15,173.32,117.91,55.41,Standard,4,False,4.0,Card,False
ORD-01453,2024-09-13,C0610,Consumer,39,True,Email,Desktop,East,Beauty,24.92,2,0,49.84,22.59,27.25,Economy,5,False,3.0,Card,False
ORD-01454,2024-09-13,C0685,Consumer,32,False,Direct,Desktop,North,Toys,30.88,2,0,61.76,34.05,27.71,Express,2,True,,Card,True
ORD-01455,2024-09-14,C0725,Small Business,31,True,Direct,Mobile,South,Electronics,210.51,1,0,210.51,140.18,70.33,Economy,7,False,4.0,Card,False
ORD-01456,2024-09-14,C0043,Consumer,69,True,Paid Search,Mobile,North,Electronics,203.94,1,0,203.94,133.45,70.49,Standard,3,False,,Apple Pay,False
ORD-01457,2024-09-14,C0575,Small Business,60,False,Social,Mobile,North,Beauty,23.59,3,0,70.77,31.51,39.26,Express,1,False,5.0,Apple Pay,False
ORD-01458,2024-09-14,C0804,Consumer,53,True,Direct,Desktop,South,Apparel,32.79,3,0,98.37,50.19,48.18,Express,2,False,,Card,False
ORD-01459,2024-09-14,C0152,Consumer,46,False,Direct,Mobile,North,Toys,44.13,1,0,44.13,25.13,19.0,Standard,4,False,4.0,PayPal,True
ORD-01460,2024-09-14,C0609,Consumer,56,False,Paid Search,Mobile,West,Apparel,50.66,1,0,50.66,25.94,24.72,Standard,6,False,,Card,False
ORD-01461,2024-09-15,C0167,Small Business,63,False,Email,Desktop,North,Electronics,132.57,7,20,742.39,641.8,100.59,Economy,6,False,4.0,Card,False
ORD-01462,2024-09-15,C0911,Consumer,51,False,Paid Search,Mobile,East,Apparel,83.9,3,0,251.7,122.39,129.31,Express,2,False,4.0,PayPal,False
ORD-01463,2024-09-15,C0265,Consumer,47,False,Email,Mobile,West,Home,63.71,2,30,89.19,76.14,13.05,Standard,7,False,4.0,Card,False
ORD-01464,2024-09-15,C1022,Consumer,51,False,Organic Search,Desktop,South,Home,126.05,3,10,340.34,219.74,120.6,Economy,6,False,3.0,Card,False
ORD-01465,2024-09-15,C0605,Consumer,47,True,Affiliate,Mobile,East,Toys,33.26,4,20,106.43,73.12,33.31,Economy,6,False,3.0,PayPal,False
ORD-01466,2024-09-15,C0441,Consumer,69,False,Organic Search,Mobile,North,Electronics,295.56,1,10,266.0,196.82,69.18,Standard,5,False,4.0,Bank Transfer,False
ORD-01467,2024-09-15,C0889,Enterprise,64,False,Paid Search,Tablet,East,Apparel,40.26,6,15,205.33,130.26,75.07,Economy,6,False,,PayPal,False
ORD-01468,2024-09-15,C0400,Consumer,24,False,Organic Search,Mobile,East,Apparel,93.76,1,20,75.01,49.72,25.29,Express,2,False,5.0,Card,False
ORD-01469,2024-09-15,C1052,Consumer,73,False,Paid Search,Mobile,East,Electronics,216.35,1,0,216.35,147.64,68.71,Express,2,False,5.0,Card,False
ORD-01470,2024-09-15,C0325,Consumer,21,False,Social,Mobile,South,Apparel,53.44,2,25,80.16,53.45,26.71,Standard,3,False,5.0,PayPal,False
ORD-01471,2024-09-16,C0037,Consumer,18,False,Paid Search,Mobile,South,Home,69.34,1,15,58.94,41.1,17.84,Standard,4,False,5.0,Card,False
ORD-01472,2024-09-16,C0563,Consumer,73,False,Email,Tablet,North,Apparel,59.95,1,30,41.96,30.65,11.31,Standard,3,False,4.0,Card,False
ORD-01473,2024-09-16,C1048,Consumer,73,False,Direct,Desktop,North,Apparel,66.53,2,10,119.75,67.7,52.05,Standard,7,False,2.0,Card,False
ORD-01474,2024-09-16,C0992,Consumer,64,False,Paid Search,Desktop,North,Electronics,216.1,1,20,172.88,145.91,26.97,Standard,5,False,5.0,PayPal,False
ORD-01475,2024-09-16,C0529,Consumer,42,False,Direct,Mobile,East,Beauty,33.91,3,0,101.73,48.39,53.34,Standard,3,False,,Card,False
ORD-01476,2024-09-16,C0856,Consumer,43,False,Social,Desktop,East,Electronics,340.06,3,10,918.16,717.38,200.78,Economy,7,False,3.0,Card,False
ORD-01477,2024-09-16,C0605,Consumer,47,False,Social,Desktop,North,Apparel,52.07,2,20,83.31,50.68,32.63,Economy,5,False,5.0,Card,False
ORD-01478,2024-09-16,C1022,Consumer,51,False,Direct,Mobile,East,Home,138.44,1,0,138.44,81.29,57.15,Standard,4,False,,Apple Pay,True
ORD-01479,2024-09-16,C1137,Small Business,70,False,Paid Search,Mobile,South,Apparel,34.61,4,10,124.6,69.5,55.1,Standard,4,False,,Card,False
ORD-01480,2024-09-16,C0676,Small Business,50,False,Email,Mobile,North,Home,117.85,2,15,200.34,141.87,58.47,Standard,5,False,4.0,Card,False
ORD-01481,2024-09-16,C0776,Consumer,55,False,Social,Desktop,East,Apparel,64.42,1,15,54.76,32.16,22.6,Economy,5,False,4.0,Card,False
ORD-01482,2024-09-16,C1095,Consumer,38,False,Organic Search,Mobile,South,Electronics,184.95,2,30,258.93,241.88,17.05,Economy,6,False,4.0,Bank Transfer,True
ORD-01483,2024-09-17,C0831,Consumer,45,True,Social,Desktop,South,Home,68.97,3,0,206.91,119.34,87.57,Standard,3,False,,Apple Pay,False
ORD-01484,2024-09-17,C0819,Consumer,52,False,Affiliate,Mobile,West,Electronics,151.68,2,20,242.69,211.91,30.78,Standard,7,False,4.0,Card,False
ORD-01485,2024-09-17,C0312,Consumer,72,False,Direct,Desktop,South,Apparel,32.66,2,0,65.32,34.25,31.07,Express,1,False,3.0,Card,True
ORD-01486,2024-09-17,C0184,Small Business,74,False,Organic Search,Desktop,South,Beauty,33.43,1,25,25.07,15.45,9.62,Standard,3,False,5.0,Card,True
ORD-01487,2024-09-17,C0784,Small Business,32,True,Email,Desktop,South,Apparel,49.36,2,0,98.72,50.07,48.65,Economy,7,False,4.0,PayPal,False
ORD-01488,2024-09-17,C0643,Consumer,65,False,Organic Search,Mobile,West,Beauty,39.97,5,25,149.89,91.51,58.38,Standard,7,True,,PayPal,False
ORD-01489,2024-09-17,C0421,Consumer,73,False,Organic Search,Desktop,East,Electronics,330.33,1,0,330.33,225.52,104.81,Standard,5,False,4.0,Card,False
ORD-01490,2024-09-18,C0065,Enterprise,62,True,Email,Mobile,South,Electronics,238.63,6,0,1431.78,952.24,479.54,Standard,3,False,5.0,Card,False
ORD-01491,2024-09-18,C1025,Consumer,42,False,Direct,Desktop,North,Beauty,36.27,2,25,54.4,34.05,20.35,Economy,6,False,4.0,Bank Transfer,False
ORD-01492,2024-09-18,C0646,Consumer,19,False,Direct,Desktop,North,Home,116.72,1,10,105.05,66.59,38.46,Express,2,False,5.0,Card,False
ORD-01493,2024-09-18,C0244,Consumer,35,False,Social,Desktop,East,Apparel,44.9,1,0,44.9,23.46,21.44,Standard,5,True,4.0,Card,False
ORD-01494,2024-09-18,C0472,Consumer,72,False,Organic Search,Mobile,West,Apparel,47.87,2,10,86.17,49.45,36.72,Standard,6,True,,Card,False
ORD-01495,2024-09-19,C0210,Consumer,19,False,Organic Search,Desktop,South,Apparel,46.06,1,0,46.06,22.79,23.27,Standard,4,False,4.0,Bank Transfer,False
ORD-01496,2024-09-19,C0188,Small Business,33,False,Affiliate,Desktop,South,Sports,60.2,2,0,120.4,71.74,48.66,Standard,3,False,,Card,False
ORD-01497,2024-09-19,C0230,Consumer,66,False,Organic Search,Mobile,South,Toys,52.89,1,25,39.67,29.08,10.59,Economy,6,False,4.0,Apple Pay,True
ORD-01498,2024-09-19,C0671,Consumer,70,False,Paid Search,Mobile,East,Beauty,32.68,2,30,45.75,29.19,16.56,Standard,5,False,4.0,Card,False
ORD-01499,2024-09-19,C0258,Consumer,18,True,Social,Tablet,South,Sports,75.26,1,0,75.26,46.04,29.22,Economy,8,False,3.0,Card,True
ORD-01500,2024-09-19,C1048,Consumer,73,False,Email,Mobile,East,Sports,73.52,1,10,66.17,43.65,22.52,Economy,6,False,,PayPal,False
ORD-01501,2024-09-19,C0840,Consumer,43,False,Direct,Mobile,North,Electronics,301.84,1,10,271.66,197.88,73.78,Standard,4,False,5.0,PayPal,False
ORD-01502,2024-09-20,C1052,Consumer,73,False,Organic Search,Desktop,East,Beauty,47.49,1,25,35.62,20.96,14.66,Standard,4,False,4.0,Card,False
ORD-01503,2024-09-20,C0207,Consumer,48,False,Social,Mobile,East,Sports,103.95,2,0,207.9,123.12,84.78,Standard,4,True,,Card,False
ORD-01504,2024-09-20,C0743,Consumer,57,False,Organic Search,Mobile,North,Beauty,25.19,2,0,50.38,22.3,28.08,Standard,4,False,,PayPal,True
ORD-01505,2024-09-20,C0825,Small Business,23,False,Paid Search,Desktop,North,Electronics,279.73,4,10,1007.03,746.6,260.43,Standard,3,False,,Card,False
ORD-01506,2024-09-20,C1078,Small Business,74,False,Email,Mobile,North,Apparel,59.09,3,0,177.27,92.6,84.67,Economy,7,False,4.0,Card,False
ORD-01507,2024-09-20,C0868,Small Business,72,False,Social,Mobile,East,Apparel,49.47,3,0,148.41,74.18,74.23,Economy,5,True,,Apple Pay,True
ORD-01508,2024-09-20,C0106,Consumer,40,False,Paid Search,Mobile,East,Sports,66.41,4,15,225.79,157.65,68.14,Express,1,False,4.0,PayPal,False
ORD-01509,2024-09-20,C0445,Consumer,65,False,Paid Search,Desktop,East,Electronics,274.27,1,5,260.56,183.11,77.45,Express,1,True,5.0,Card,False
ORD-01510,2024-09-20,C0529,Consumer,42,False,Paid Search,Mobile,South,Electronics,185.88,4,10,669.17,508.06,161.11,Standard,3,False,,Card,True
ORD-01511,2024-09-21,C1052,Consumer,73,False,Paid Search,Mobile,South,Toys,35.54,1,5,33.76,19.33,14.43,Standard,3,False,4.0,Card,False
ORD-01512,2024-09-21,C1045,Enterprise,66,False,Organic Search,Mobile,South,Electronics,208.69,5,0,1043.45,705.17,338.28,Standard,4,False,5.0,Card,False
ORD-01513,2024-09-21,C0693,Consumer,22,False,Paid Search,Mobile,West,Home,80.21,2,25,120.32,93.61,26.71,Standard,7,False,,PayPal,False
ORD-01514,2024-09-21,C0546,Small Business,29,True,Email,Desktop,West,Apparel,78.04,3,5,222.41,121.4,101.01,Standard,6,False,3.0,Apple Pay,False
ORD-01515,2024-09-22,C0693,Consumer,22,False,Email,Tablet,East,Home,91.46,3,0,274.38,160.09,114.29,Economy,7,False,4.0,Apple Pay,False
ORD-01516,2024-09-22,C0063,Small Business,53,False,Paid Search,Mobile,West,Home,68.06,4,0,272.24,149.96,122.28,Economy,8,False,4.0,Card,False
ORD-01517,2024-09-22,C0643,Consumer,65,False,Direct,Mobile,West,Toys,47.71,1,25,35.78,26.32,9.46,Economy,9,False,3.0,Card,False
ORD-01518,2024-09-22,C1134,Consumer,20,False,Organic Search,Desktop,North,Toys,25.26,2,25,37.89,27.72,10.17,Express,2,False,,Card,False
ORD-01519,2024-09-23,C0647,Consumer,25,False,Organic Search,Desktop,South,Toys,33.05,2,5,62.79,36.36,26.43,Standard,4,False,5.0,Card,True
ORD-01520,2024-09-23,C0298,Small Business,53,False,Organic Search,Mobile,South,Apparel,44.1,5,20,176.4,110.06,66.34,Standard,4,False,,PayPal,False
ORD-01521,2024-09-23,C0139,Consumer,29,False,Affiliate,Mobile,North,Electronics,197.05,3,10,532.04,411.25,120.79,Standard,3,False,4.0,Card,True
ORD-01522,2024-09-23,C1105,Small Business,44,False,Social,Mobile,North,Beauty,44.58,6,10,240.73,112.44,128.29,Standard,5,False,4.0,Card,False
ORD-01523,2024-09-23,C0853,Small Business,27,True,Paid Search,Mobile,South,Electronics,333.54,1,30,233.48,239.23,-5.75,Standard,4,False,4.0,Card,False
ORD-01524,2024-09-23,C0728,Consumer,35,False,Email,Desktop,West,Apparel,37.44,3,0,112.32,55.82,56.5,Standard,7,False,5.0,Card,False
ORD-01525,2024-09-23,C0297,Consumer,66,False,Direct,Mobile,West,Home,81.13,1,0,81.13,46.34,34.79,Standard,7,False,,Card,False
ORD-01526,2024-09-23,C1052,Consumer,73,False,Social,Desktop,East,Sports,67.39,1,0,67.39,39.06,28.33,Standard,4,False,,Bank Transfer,False
ORD-01527,2024-09-24,C0066,Consumer,22,False,Social,Mobile,North,Apparel,49.98,1,0,49.98,24.59,25.39,Express,2,False,5.0,PayPal,False
ORD-01528,2024-09-24,C0671,Consumer,70,False,Organic Search,Desktop,North,Home,84.6,2,5,160.74,98.92,61.82,Express,2,False,,Card,False
ORD-01529,2024-09-24,C0290,Consumer,37,True,Email,Mobile,North,Apparel,53.99,4,0,215.96,108.1,107.86,Standard,6,False,,PayPal,False
ORD-01530,2024-09-24,C0188,Small Business,33,False,Affiliate,Mobile,East,Electronics,201.45,1,10,181.3,133.44,47.86,Express,1,False,5.0,Card,False
ORD-01531,2024-09-24,C0950,Consumer,71,False,Affiliate,Desktop,North,Apparel,51.44,1,0,51.44,28.3,23.14,Standard,3,False,5.0,Apple Pay,False
ORD-01532,2024-09-24,C1052,Consumer,73,False,Email,Mobile,East,Home,117.77,2,0,235.54,127.31,108.23,Standard,3,False,4.0,Apple Pay,False
ORD-01533,2024-09-24,C0654,Small Business,67,False,Paid Search,Mobile,South,Sports,38.6,2,5,73.34,46.01,27.33,Standard,4,False,5.0,PayPal,False
ORD-01534,2024-09-24,C0393,Consumer,42,False,Affiliate,Mobile,South,Beauty,35.15,2,0,70.3,31.14,39.16,Economy,5,False,,Card,False
ORD-01535,2024-09-25,C0424,Consumer,68,False,Organic Search,Mobile,North,Sports,89.95,1,25,67.46,56.88,10.58,Standard,4,False,5.0,Card,False
ORD-01536,2024-09-25,C0275,Consumer,31,False,Social,Mobile,North,Sports,69.28,1,15,58.89,43.02,15.87,Standard,3,False,5.0,Card,True
ORD-01537,2024-09-26,C1097,Enterprise,52,False,Email,Desktop,East,Sports,60.61,6,10,327.29,230.08,97.21,Express,3,False,4.0,PayPal,False
ORD-01538,2024-09-26,C1020,Small Business,44,True,Paid Search,Mobile,West,Sports,76.52,3,5,218.08,133.16,84.92,Standard,6,False,3.0,Card,False
ORD-01539,2024-09-26,C1052,Consumer,73,False,Social,Desktop,South,Apparel,22.52,3,20,54.05,33.54,20.51,Standard,3,False,4.0,Card,False
ORD-01540,2024-09-26,C0971,Consumer,48,True,Social,Desktop,East,Home,67.05,2,25,100.57,83.48,17.09,Standard,5,False,5.0,Card,False
ORD-01541,2024-09-27,C0964,Small Business,67,False,Direct,Mobile,South,Toys,37.61,3,5,107.19,60.48,46.71,Standard,5,False,3.0,Card,True
ORD-01542,2024-09-27,C0444,Enterprise,65,False,Social,Desktop,East,Electronics,273.97,3,10,739.72,541.28,198.44,Standard,3,False,,Card,False
ORD-01543,2024-09-27,C0990,Consumer,23,False,Direct,Mobile,South,Apparel,41.27,2,0,82.54,43.54,39.0,Standard,4,False,5.0,PayPal,True
ORD-01544,2024-09-27,C0400,Consumer,24,False,Social,Tablet,East,Beauty,24.27,1,0,24.27,10.74,13.53,Standard,4,False,4.0,Card,False
ORD-01545,2024-09-27,C0063,Small Business,53,False,Organic Search,Mobile,North,Electronics,162.91,2,5,309.53,227.69,81.84,Standard,4,False,,Apple Pay,False
ORD-01546,2024-09-27,C1134,Consumer,20,False,Social,Mobile,North,Home,115.94,2,25,173.91,129.62,44.29,Standard,3,False,,Card,False
ORD-01547,2024-09-27,C1134,Consumer,20,False,Paid Search,Mobile,North,Sports,103.54,2,30,144.96,114.76,30.2,Express,1,False,4.0,Apple Pay,False
ORD-01548,2024-09-28,C0207,Consumer,48,False,Organic Search,Mobile,West,Apparel,42.8,2,30,59.92,43.86,16.06,Express,4,False,5.0,Card,False
ORD-01549,2024-09-28,C0210,Consumer,19,False,Organic Search,Tablet,East,Sports,72.89,1,0,72.89,45.28,27.61,Standard,3,False,4.0,Card,False
ORD-01550,2024-09-29,C0184,Small Business,74,False,Organic Search,Mobile,West,Electronics,266.65,1,10,239.98,187.58,52.4,Standard,8,False,3.0,Card,False
ORD-01551,2024-09-29,C0596,Consumer,69,False,Direct,Mobile,East,Beauty,28.09,3,25,63.2,38.22,24.98,Standard,3,False,,PayPal,False
ORD-01552,2024-09-29,C1052,Consumer,73,False,Organic Search,Tablet,East,Apparel,40.97,1,5,38.92,21.28,17.64,Standard,3,False,4.0,PayPal,False
ORD-01553,2024-09-29,C0523,Small Business,33,False,Social,Desktop,North,Electronics,149.6,5,0,748.0,511.85,236.15,Standard,3,False,5.0,Apple Pay,False
ORD-01554,2024-09-29,C0950,Consumer,71,False,Email,Desktop,West,Beauty,32.24,3,10,87.05,43.32,43.73,Economy,9,False,3.0,Card,False
ORD-01555,2024-09-29,C0265,Consumer,47,False,Social,Mobile,South,Home,84.17,1,25,63.13,48.69,14.44,Express,1,False,,Apple Pay,False
ORD-01556,2024-09-29,C0728,Consumer,35,False,Direct,Mobile,East,Apparel,49.77,1,0,49.77,25.96,23.81,Standard,4,False,,PayPal,True
ORD-01557,2024-09-30,C0292,Consumer,46,False,Email,Desktop,South,Home,86.76,1,5,82.42,51.58,30.84,Standard,4,False,5.0,Card,False
ORD-01558,2024-09-30,C0992,Consumer,64,False,Email,Mobile,South,Apparel,37.67,1,10,33.9,19.15,14.75,Economy,6,False,,Apple Pay,False
ORD-01559,2024-09-30,C0301,Consumer,20,False,Organic Search,Desktop,West,Toys,53.36,1,0,53.36,30.61,22.75,Economy,9,False,,Apple Pay,False
ORD-01560,2024-09-30,C1146,Consumer,22,True,Paid Search,Desktop,East,Beauty,31.59,1,10,28.43,13.43,15.0,Economy,5,False,5.0,Apple Pay,False
ORD-01561,2024-09-30,C0728,Consumer,35,False,Paid Search,Desktop,North,Electronics,198.34,2,10,357.01,270.55,86.46,Economy,7,False,4.0,Apple Pay,False
ORD-01562,2024-09-30,C0188,Small Business,33,False,Direct,Mobile,East,Home,66.22,3,10,178.79,112.65,66.14,Express,2,False,,Bank Transfer,False
ORD-01563,2024-09-30,C0906,Enterprise,70,False,Paid Search,Mobile,North,Home,87.67,5,30,306.84,246.58,60.26,Standard,4,False,,Apple Pay,False
ORD-01564,2024-10-01,C0358,Small Business,56,True,Direct,Desktop,South,Electronics,256.11,5,0,1280.55,865.29,415.26,Standard,5,False,3.0,Card,False
ORD-01565,2024-10-01,C0207,Consumer,48,False,Email,Desktop,North,Home,65.46,3,0,196.38,108.64,87.74,Economy,6,False,,Bank Transfer,False
ORD-01566,2024-10-01,C1052,Consumer,73,False,Organic Search,Desktop,West,Home,88.44,3,10,238.79,143.52,95.27,Standard,8,False,,Card,False
ORD-01567,2024-10-01,C0693,Consumer,22,False,Paid Search,Desktop,East,Toys,50.89,2,20,81.42,58.93,22.49,Economy,7,False,3.0,Card,False
ORD-01568,2024-10-01,C1141,Small Business,52,False,Organic Search,Mobile,East,Home,117.6,2,15,199.92,137.48,62.44,Express,2,False,,PayPal,False
ORD-01569,2024-10-01,C1124,Consumer,55,False,Organic Search,Mobile,West,Toys,38.78,2,20,62.05,42.21,19.84,Standard,10,False,,Bank Transfer,False
ORD-01570,2024-10-01,C0400,Consumer,24,False,Organic Search,Mobile,West,Apparel,50.65,3,0,151.95,80.08,71.87,Standard,9,False,3.0,Card,True
ORD-01571,2024-10-01,C0393,Consumer,42,False,Paid Search,Desktop,South,Home,101.91,1,0,101.91,60.56,41.35,Standard,5,False,3.0,PayPal,True
ORD-01572,2024-10-02,C0971,Consumer,48,False,Organic Search,Tablet,West,Beauty,19.5,1,5,18.52,8.4,10.12,Express,4,True,,Card,False
ORD-01573,2024-10-02,C0283,Consumer,55,False,Organic Search,Mobile,South,Beauty,29.75,2,10,53.55,25.01,28.54,Standard,4,True,4.0,PayPal,False
ORD-01574,2024-10-02,C0087,Consumer,59,True,Social,Mobile,North,Home,78.33,2,30,109.66,92.63,17.03,Standard,4,False,,PayPal,False
ORD-01575,2024-10-02,C0693,Consumer,22,False,Organic Search,Desktop,North,Electronics,308.52,1,10,277.67,202.86,74.81,Standard,3,False,4.0,Bank Transfer,False
ORD-01576,2024-10-02,C0728,Consumer,35,False,Direct,Mobile,South,Electronics,159.3,3,15,406.22,341.52,64.7,Standard,3,False,5.0,PayPal,False
ORD-01577,2024-10-02,C0950,Consumer,71,False,Social,Mobile,South,Apparel,42.03,1,5,39.93,22.42,17.51,Express,2,False,4.0,Bank Transfer,False
ORD-01578,2024-10-02,C0461,Small Business,51,True,Social,Mobile,South,Apparel,79.43,2,15,135.03,84.9,50.13,Economy,5,False,3.0,Card,False
ORD-01579,2024-10-02,C0758,Consumer,64,False,Paid Search,Desktop,South,Home,100.32,2,10,180.58,115.14,65.44,Standard,4,False,,Apple Pay,True
ORD-01580,2024-10-02,C0630,Consumer,34,False,Direct,Mobile,North,Apparel,55.14,1,0,55.14,27.42,27.72,Standard,5,False,3.0,PayPal,True
ORD-01581,2024-10-03,C0776,Consumer,55,False,Paid Search,Tablet,East,Electronics,185.65,3,5,529.1,374.98,154.12,Standard,4,False,,Bank Transfer,False
ORD-01582,2024-10-03,C0207,Consumer,48,False,Paid Search,Desktop,East,Sports,75.3,1,5,71.54,43.19,28.35,Express,1,False,5.0,Apple Pay,True
ORD-01583,2024-10-03,C0646,Consumer,19,False,Direct,Desktop,South,Beauty,35.75,1,15,30.39,16.76,13.63,Standard,3,False,4.0,Card,False
ORD-01584,2024-10-04,C0012,Consumer,31,False,Paid Search,Mobile,West,Electronics,222.94,2,0,445.88,305.22,140.66,Standard,6,False,4.0,Bank Transfer,False
ORD-01585,2024-10-04,C1137,Small Business,70,False,Email,Desktop,South,Electronics,257.13,2,20,411.41,332.76,78.65,Standard,4,False,4.0,PayPal,False
ORD-01586,2024-10-04,C0763,Small Business,26,False,Social,Mobile,West,Sports,57.41,3,25,129.17,98.99,30.18,Standard,8,False,3.0,Card,False
ORD-01587,2024-10-04,C1052,Consumer,73,False,Social,Mobile,East,Home,82.53,2,5,156.81,95.85,60.96,Express,1,False,,Card,False
ORD-01588,2024-10-04,C0421,Consumer,73,False,Affiliate,Tablet,South,Apparel,56.5,3,10,152.55,90.06,62.49,Standard,3,False,,Apple Pay,True
ORD-01589,2024-10-04,C0320,Consumer,51,True,Email,Desktop,North,Electronics,243.17,2,0,486.34,338.99,147.35,Economy,8,False,3.0,Card,False
ORD-01590,2024-10-05,C1052,Consumer,73,False,Social,Mobile,North,Sports,79.41,1,5,75.44,45.09,30.35,Express,3,False,5.0,Card,False
ORD-01591,2024-10-05,C0400,Consumer,24,False,Email,Mobile,West,Home,82.91,1,0,82.91,47.29,35.62,Standard,6,False,5.0,Card,False
ORD-01592,2024-10-05,C0671,Consumer,70,False,Social,Desktop,East,Home,87.45,1,25,65.59,48.77,16.82,Standard,4,False,5.0,Apple Pay,False
ORD-01593,2024-10-05,C0947,Consumer,26,False,Paid Search,Mobile,South,Electronics,194.99,1,0,194.99,137.4,57.59,Economy,5,False,,Card,False
ORD-01594,2024-10-05,C0671,Consumer,70,False,Paid Search,Desktop,North,Electronics,308.03,2,0,616.06,415.77,200.29,Standard,3,False,5.0,PayPal,False
ORD-01595,2024-10-05,C0092,Small Business,70,False,Social,Mobile,East,Toys,41.55,1,10,37.39,23.9,13.49,Standard,3,False,,PayPal,True
ORD-01596,2024-10-05,C1061,Consumer,19,True,Organic Search,Desktop,North,Home,68.25,1,20,54.6,39.85,14.75,Standard,3,False,5.0,Card,False
ORD-01597,2024-10-06,C1137,Small Business,70,False,Email,Desktop,South,Home,80.06,2,0,160.12,93.89,66.23,Economy,8,False,,Apple Pay,False
ORD-01598,2024-10-06,C0369,Consumer,43,False,Social,Desktop,West,Apparel,50.1,1,30,35.07,26.82,8.25,Standard,7,False,3.0,PayPal,False
ORD-01599,2024-10-06,C0207,Consumer,48,False,Organic Search,Desktop,North,Sports,73.69,1,5,70.01,44.99,25.02,Standard,5,False,,Card,False
ORD-01600,2024-10-06,C1131,Small Business,33,True,Social,Tablet,North,Toys,34.21,3,30,71.84,58.93,12.91,Express,1,True,4.0,Bank Transfer,False
ORD-01601,2024-10-06,C1143,Consumer,54,False,Paid Search,Mobile,South,Sports,69.69,1,15,59.24,43.18,16.06,Economy,7,False,4.0,Card,False
ORD-01602,2024-10-07,C0202,Small Business,18,False,Organic Search,Desktop,West,Toys,26.36,3,10,71.17,43.65,27.52,Economy,8,False,3.0,Card,False
ORD-01603,2024-10-07,C0850,Consumer,37,True,Organic Search,Desktop,West,Home,113.14,1,10,101.83,66.48,35.35,Standard,7,False,4.0,Card,False
ORD-01604,2024-10-07,C0297,Consumer,66,False,Paid Search,Mobile,North,Home,72.6,2,0,145.2,85.37,59.83,Standard,5,False,5.0,Card,False
ORD-01605,2024-10-07,C0528,Consumer,66,False,Direct,Mobile,South,Electronics,164.23,2,25,246.34,230.34,16.0,Standard,4,True,,Apple Pay,False
ORD-01606,2024-10-07,C0693,Consumer,22,False,Organic Search,Mobile,West,Sports,54.98,1,15,46.73,32.47,14.26,Express,6,False,,Bank Transfer,False
ORD-01607,2024-10-08,C0916,Consumer,38,False,Organic Search,Mobile,North,Beauty,46.95,2,0,93.9,42.41,51.49,Standard,3,False,,Card,False
ORD-01608,2024-10-08,C0207,Consumer,48,False,Organic Search,Desktop,East,Home,127.33,1,10,114.6,74.07,40.53,Standard,3,False,5.0,Card,False
ORD-01609,2024-10-08,C0990,Consumer,23,False,Direct,Mobile,North,Home,78.01,1,15,66.31,43.33,22.98,Standard,5,False,,PayPal,False
ORD-01610,2024-10-08,C0210,Consumer,19,False,Paid Search,Mobile,South,Beauty,26.73,2,0,53.46,24.63,28.83,Express,1,False,5.0,PayPal,False
ORD-01611,2024-10-08,C0617,Consumer,53,True,Paid Search,Tablet,East,Toys,45.51,3,0,136.53,73.93,62.6,Standard,5,False,,Card,False
ORD-01612,2024-10-08,C0037,Consumer,18,False,Organic Search,Tablet,West,Sports,83.01,2,0,166.02,102.59,63.43,Express,5,False,4.0,Card,False
ORD-01613,2024-10-08,C0921,Consumer,53,False,Paid Search,Mobile,South,Home,108.12,1,0,108.12,67.03,41.09,Economy,5,False,4.0,Card,False
ORD-01614,2024-10-08,C0817,Small Business,46,False,Direct,Mobile,West,Sports,49.61,5,0,248.05,143.43,104.62,Express,5,False,,Card,False
ORD-01615,2024-10-09,C0369,Consumer,43,False,Paid Search,Desktop,East,Home,125.35,3,5,357.25,219.9,137.35,Express,2,False,5.0,Card,False
ORD-01616,2024-10-09,C0628,Consumer,49,True,Paid Search,Desktop,West,Toys,32.61,1,0,32.61,17.13,15.48,Standard,8,True,3.0,PayPal,False
ORD-01617,2024-10-09,C0009,Consumer,27,True,Organic Search,Mobile,West,Sports,110.44,2,0,220.88,133.14,87.74,Standard,8,False,,Card,False
ORD-01618,2024-10-09,C0799,Consumer,45,True,Social,Desktop,East,Apparel,47.31,3,5,134.83,75.66,59.17,Economy,5,False,4.0,Card,False
ORD-01619,2024-10-09,C0298,Small Business,53,False,Organic Search,Desktop,South,Home,66.04,2,0,132.08,78.73,53.35,Express,4,False,5.0,Apple Pay,False
ORD-01620,2024-10-09,C0781,Consumer,47,False,Social,Desktop,East,Toys,33.32,1,25,24.99,17.9,7.09,Standard,5,False,,Card,False
ORD-01621,2024-10-09,C0021,Consumer,39,False,Social,Desktop,North,Beauty,33.88,2,0,67.76,29.97,37.79,Standard,4,False,,PayPal,False
ORD-01622,2024-10-10,C0063,Small Business,53,False,Paid Search,Mobile,North,Apparel,55.62,2,25,83.43,57.27,26.16,Economy,5,False,4.0,Bank Transfer,False
ORD-01623,2024-10-10,C1140,Consumer,45,False,Direct,Desktop,North,Sports,37.66,2,25,56.49,44.67,11.82,Standard,6,False,5.0,PayPal,False
ORD-01624,2024-10-10,C0529,Consumer,42,False,Direct,Desktop,East,Beauty,27.73,1,0,27.73,12.92,14.81,Standard,6,False,3.0,PayPal,False
ORD-01625,2024-10-10,C1041,Enterprise,31,False,Affiliate,Mobile,West,Beauty,36.12,10,20,288.96,168.37,120.59,Standard,7,False,4.0,Bank Transfer,False
ORD-01626,2024-10-10,C0299,Consumer,49,False,Organic Search,Mobile,East,Sports,82.84,2,0,165.68,102.48,63.2,Express,4,False,4.0,PayPal,False
ORD-01627,2024-10-10,C0303,Small Business,68,False,Affiliate,Mobile,West,Sports,69.7,4,5,264.86,171.0,93.86,Standard,7,False,,PayPal,False
ORD-01628,2024-10-11,C0210,Consumer,19,False,Email,Desktop,North,Sports,53.13,1,20,42.5,32.4,10.1,Express,3,False,5.0,Card,False
ORD-01629,2024-10-11,C1052,Consumer,73,False,Social,Desktop,North,Home,100.07,4,10,360.25,233.45,126.8,Standard,4,False,4.0,Card,True
ORD-01630,2024-10-11,C1052,Consumer,73,False,Organic Search,Mobile,South,Beauty,48.54,2,10,87.37,44.85,42.52,Express,1,False,5.0,Card,False
ORD-01631,2024-10-11,C0170,Consumer,24,False,Paid Search,Desktop,North,Sports,67.9,2,5,129.01,84.65,44.36,Standard,5,False,3.0,Card,False
ORD-01632,2024-10-11,C0647,Consumer,25,False,Social,Desktop,East,Apparel,67.77,4,0,271.08,138.94,132.14,Express,4,False,5.0,Apple Pay,False
ORD-01633,2024-10-11,C0840,Consumer,43,False,Paid Search,Desktop,West,Sports,63.31,2,0,126.62,74.51,52.11,Economy,8,False,4.0,Card,False
ORD-01634,2024-10-11,C1119,Consumer,29,False,Paid Search,Mobile,East,Electronics,227.23,1,0,227.23,154.32,72.91,Standard,4,False,5.0,Card,False
ORD-01635,2024-10-12,C1087,Consumer,51,True,Social,Desktop,South,Toys,24.57,2,30,34.4,26.76,7.64,Economy,5,False,,Card,False
ORD-01636,2024-10-12,C0210,Consumer,19,False,Organic Search,Desktop,East,Apparel,60.51,1,0,60.51,32.26,28.25,Standard,4,False,5.0,Card,True
ORD-01637,2024-10-12,C1105,Small Business,44,False,Email,Mobile,East,Sports,79.18,5,0,395.9,241.51,154.39,Standard,3,False,,Card,True
ORD-01638,2024-10-12,C0400,Consumer,24,False,Organic Search,Mobile,West,Apparel,49.73,2,5,94.49,50.58,43.91,Standard,8,False,3.0,PayPal,False
ORD-01639,2024-10-12,C0152,Consumer,46,False,Organic Search,Tablet,North,Home,110.37,2,0,220.74,125.41,95.33,Economy,6,False,,Bank Transfer,False
ORD-01640,2024-10-12,C0728,Consumer,35,False,Email,Mobile,West,Home,74.08,2,10,133.34,85.72,47.62,Standard,6,False,4.0,PayPal,False
ORD-01641,2024-10-12,C0728,Consumer,35,False,Social,Mobile,North,Electronics,299.85,1,10,269.86,208.18,61.68,Standard,7,False,4.0,Card,False
ORD-01642,2024-10-12,C0918,Consumer,48,False,Paid Search,Mobile,East,Beauty,28.58,2,0,57.16,26.8,30.36,Standard,3,False,5.0,Card,True
ORD-01643,2024-10-12,C0215,Consumer,73,False,Paid Search,Mobile,East,Apparel,62.26,2,5,118.29,66.73,51.56,Standard,5,False,,PayPal,False
ORD-01644,2024-10-12,C0921,Consumer,53,False,Email,Desktop,South,Sports,82.56,2,20,132.1,97.26,34.84,Standard,3,False,5.0,Card,False
ORD-01645,2024-10-12,C0095,Consumer,73,False,Email,Mobile,East,Apparel,47.39,1,0,47.39,25.19,22.2,Standard,3,False,4.0,PayPal,False
ORD-01646,2024-10-12,C0226,Consumer,36,False,Organic Search,Tablet,East,Apparel,59.17,3,10,159.76,100.39,59.37,Economy,6,False,3.0,PayPal,False
ORD-01647,2024-10-12,C0037,Consumer,18,False,Paid Search,Tablet,North,Sports,74.97,2,30,104.96,89.43,15.53,Standard,3,True,,Card,True
ORD-01648,2024-10-12,C0300,Consumer,40,False,Email,Mobile,East,Electronics,248.11,2,0,496.22,344.52,151.7,Standard,3,False,,PayPal,False
ORD-01649,2024-10-13,C0219,Consumer,71,False,Paid Search,Mobile,West,Beauty,34.02,3,10,91.85,48.01,43.84,Standard,7,False,4.0,Card,False
ORD-01650,2024-10-13,C0337,Consumer,65,False,Direct,Desktop,East,Sports,52.13,3,0,156.39,89.26,67.13,Economy,5,False,5.0,PayPal,False
ORD-01651,2024-10-13,C0788,Consumer,27,False,Paid Search,Desktop,North,Home,136.07,2,5,258.53,152.72,105.81,Standard,4,False,,PayPal,False
ORD-01652,2024-10-13,C0139,Consumer,29,False,Paid Search,Desktop,East,Apparel,51.15,3,25,115.09,83.74,31.35,Standard,4,False,5.0,Apple Pay,False
ORD-01653,2024-10-13,C1137,Small Business,70,False,Direct,Mobile,East,Electronics,286.48,5,15,1217.54,921.6,295.94,Express,2,False,5.0,PayPal,True
ORD-01654,2024-10-15,C0646,Consumer,19,False,Email,Desktop,East,Electronics,229.79,1,5,218.3,160.95,57.35,Economy,7,False,3.0,Apple Pay,False
ORD-01655,2024-10-15,C0063,Small Business,53,False,Social,Tablet,North,Home,87.16,1,5,82.8,48.8,34.0,Express,3,False,5.0,Card,False
ORD-01656,2024-10-15,C0885,Consumer,48,False,Affiliate,Mobile,East,Home,67.12,2,5,127.53,79.69,47.84,Economy,8,False,4.0,Card,False
ORD-01657,2024-10-15,C1052,Consumer,73,False,Paid Search,Mobile,South,Sports,75.05,3,0,225.15,134.16,90.99,Standard,5,False,,Card,False
ORD-01658,2024-10-15,C0207,Consumer,48,False,Organic Search,Desktop,South,Apparel,42.45,2,0,84.9,44.3,40.6,Express,3,False,5.0,Card,False
ORD-01659,2024-10-15,C0167,Small Business,63,False,Paid Search,Mobile,East,Toys,37.29,2,10,67.12,39.99,27.13,Standard,6,False,3.0,Card,False
ORD-01660,2024-10-15,C0105,Consumer,41,False,Direct,Mobile,West,Electronics,192.05,1,0,192.05,125.77,66.28,Standard,7,False,3.0,Card,False
ORD-01661,2024-10-15,C1100,Small Business,22,True,Social,Desktop,West,Home,89.76,1,25,67.32,51.98,15.34,Standard,6,True,2.0,Apple Pay,False
ORD-01662,2024-10-16,C1052,Consumer,73,False,Direct,Mobile,North,Electronics,179.02,2,20,286.43,257.23,29.2,Economy,5,False,4.0,Card,False
ORD-01663,2024-10-16,C0463,Consumer,66,True,Direct,Desktop,East,Electronics,294.03,1,10,264.63,197.84,66.79,Express,1,False,5.0,PayPal,False
ORD-01664,2024-10-16,C0851,Consumer,18,False,Organic Search,Desktop,North,Toys,60.88,1,10,54.79,34.03,20.76,Standard,3,False,5.0,PayPal,False
ORD-01665,2024-10-16,C0388,Small Business,23,False,Direct,Mobile,West,Apparel,44.48,2,15,75.62,47.19,28.43,Economy,9,False,3.0,PayPal,False
ORD-01666,2024-10-16,C0106,Consumer,40,False,Social,Desktop,West,Sports,100.14,3,5,285.4,188.87,96.53,Standard,6,False,3.0,Bank Transfer,False
ORD-01667,2024-10-17,C0384,Consumer,33,False,Email,Mobile,South,Apparel,61.83,4,10,222.59,127.62,94.97,Express,3,False,4.0,Apple Pay,False
ORD-01668,2024-10-17,C0418,Consumer,67,False,Social,Mobile,South,Apparel,39.16,1,10,35.24,20.17,15.07,Standard,5,False,5.0,Card,False
ORD-01669,2024-10-17,C0268,Consumer,19,False,Paid Search,Mobile,South,Sports,59.99,1,0,59.99,37.79,22.2,Standard,3,False,,Card,True
ORD-01670,2024-10-17,C0980,Consumer,28,True,Social,Mobile,North,Home,127.95,1,15,108.76,71.86,36.9,Standard,5,False,5.0,Card,False
ORD-01671,2024-10-17,C0529,Consumer,42,False,Organic Search,Desktop,West,Apparel,73.51,2,25,110.27,84.3,25.97,Express,5,False,5.0,Apple Pay,False
ORD-01672,2024-10-17,C0778,Enterprise,34,False,Organic Search,Mobile,South,Toys,37.7,3,10,101.79,65.02,36.77,Standard,4,False,5.0,PayPal,True
ORD-01673,2024-10-18,C0106,Consumer,40,False,Organic Search,Mobile,North,Home,122.36,1,25,91.77,69.33,22.44,Standard,3,False,,PayPal,False
ORD-01674,2024-10-18,C0616,Consumer,50,True,Social,Desktop,East,Electronics,124.76,3,0,374.28,255.58,118.7,Standard,4,False,5.0,Card,False
ORD-01675,2024-10-18,C0365,Consumer,25,False,Paid Search,Mobile,East,Apparel,51.53,1,15,43.8,27.43,16.37,Standard,4,False,4.0,Card,False
ORD-01676,2024-10-18,C0298,Small Business,53,False,Direct,Desktop,West,Sports,52.25,2,30,73.15,64.91,8.24,Standard,8,False,,Card,False
ORD-01677,2024-10-18,C0312,Consumer,72,False,Social,Desktop,North,Beauty,52.69,1,0,52.69,23.0,29.69,Express,2,False,,Card,True
ORD-01678,2024-10-18,C0207,Consumer,48,False,Direct,Mobile,East,Electronics,272.2,3,0,816.6,583.15,233.45,Economy,6,False,4.0,Card,True
ORD-01679,2024-10-18,C0345,Consumer,56,True,Affiliate,Desktop,West,Home,93.79,1,0,93.79,55.87,37.92,Standard,6,True,2.0,Card,False
ORD-01680,2024-10-18,C0315,Enterprise,56,False,Social,Mobile,West,Home,79.47,1,0,79.47,45.87,33.6,Standard,8,False,3.0,PayPal,True
ORD-01681,2024-10-18,C0950,Consumer,71,False,Organic Search,Desktop,West,Home,135.41,1,15,115.1,80.64,34.46,Standard,6,False,3.0,Card,True
ORD-01682,2024-10-18,C0595,Enterprise,22,False,Email,Desktop,South,Apparel,62.78,4,10,226.01,136.67,89.34,Standard,4,False,5.0,Card,False
ORD-01683,2024-10-19,C0966,Enterprise,29,False,Direct,Desktop,North,Toys,41.9,5,0,209.5,108.4,101.1,Standard,4,False,4.0,Apple Pay,False
ORD-01684,2024-10-19,C1056,Consumer,49,False,Organic Search,Mobile,South,Toys,35.05,2,15,59.58,38.17,21.41,Standard,5,False,,Card,False
ORD-01685,2024-10-19,C0095,Consumer,73,False,Affiliate,Mobile,South,Electronics,207.8,1,20,166.24,137.14,29.1,Economy,6,False,,PayPal,False
ORD-01686,2024-10-19,C0173,Consumer,74,False,Social,Desktop,South,Home,96.03,2,15,163.25,112.06,51.19,Economy,6,False,4.0,Card,False
ORD-01687,2024-10-19,C0921,Consumer,53,False,Affiliate,Tablet,East,Beauty,41.95,1,25,31.46,18.93,12.53,Economy,6,False,,Card,False
ORD-01688,2024-10-19,C0809,Consumer,49,True,Direct,Desktop,South,Beauty,28.74,2,25,43.11,26.45,16.66,Economy,5,False,,Apple Pay,False
ORD-01689,2024-10-20,C0646,Consumer,19,False,Social,Mobile,West,Electronics,255.4,2,10,459.72,356.31,103.41,Economy,8,False,4.0,Apple Pay,False
ORD-01690,2024-10-20,C0889,Enterprise,64,False,Social,Mobile,West,Toys,44.02,7,10,277.33,173.88,103.45,Standard,7,False,4.0,Card,False
ORD-01691,2024-10-20,C0950,Consumer,71,False,Email,Mobile,East,Electronics,171.51,4,5,651.74,433.66,218.08,Economy,6,False,3.0,Card,False
ORD-01692,2024-10-20,C0780,Consumer,36,True,Social,Mobile,South,Home,93.89,1,5,89.2,55.4,33.8,Economy,5,True,,Card,True
ORD-01693,2024-10-20,C0497,Consumer,37,False,Organic Search,Mobile,South,Apparel,70.59,1,20,56.47,35.64,20.83,Economy,6,True,,Card,False
ORD-01694,2024-10-20,C1003,Consumer,74,True,Organic Search,Mobile,East,Sports,50.03,2,5,95.06,61.51,33.55,Economy,6,False,,Card,False
ORD-01695,2024-10-20,C1012,Consumer,36,False,Organic Search,Mobile,West,Home,109.4,2,0,218.8,129.4,89.4,Standard,6,False,2.0,Card,False
ORD-01696,2024-10-20,C0615,Consumer,71,False,Email,Mobile,East,Toys,33.26,2,20,53.22,35.5,17.72,Standard,4,False,,Card,False
ORD-01697,2024-10-20,C1143,Consumer,54,False,Email,Desktop,East,Sports,85.54,4,15,290.84,209.21,81.63,Express,3,False,5.0,Apple Pay,False
ORD-01698,2024-10-21,C0605,Consumer,47,False,Organic Search,Mobile,South,Toys,42.95,2,5,81.6,49.25,32.35,Standard,4,False,4.0,Card,False
ORD-01699,2024-10-21,C0179,Small Business,25,True,Organic Search,Mobile,North,Home,88.01,4,5,334.44,201.55,132.89,Economy,5,False,,Apple Pay,False
ORD-01700,2024-10-21,C0595,Enterprise,22,False,Affiliate,Desktop,West,Apparel,51.86,4,5,197.07,108.03,89.04,Standard,8,False,,Card,False
ORD-01701,2024-10-21,C0950,Consumer,71,False,Affiliate,Mobile,East,Electronics,207.04,1,10,186.34,144.69,41.65,Standard,8,False,3.0,Card,False
ORD-01702,2024-10-22,C1134,Consumer,20,False,Social,Mobile,West,Electronics,248.92,4,0,995.68,691.86,303.82,Standard,8,False,,Apple Pay,False
ORD-01703,2024-10-22,C0758,Consumer,64,False,Direct,Mobile,West,Electronics,195.47,1,10,175.92,134.77,41.15,Standard,7,False,4.0,Apple Pay,False
ORD-01704,2024-10-22,C0670,Consumer,29,False,Direct,Mobile,West,Electronics,151.08,1,0,151.08,96.97,54.11,Economy,11,False,3.0,Card,True
ORD-01705,2024-10-22,C0085,Consumer,40,False,Affiliate,Desktop,East,Home,83.17,1,0,83.17,48.82,34.35,Economy,6,False,,PayPal,False
ORD-01706,2024-10-22,C1061,Consumer,19,False,Direct,Desktop,North,Apparel,31.97,1,25,23.98,15.82,8.16,Standard,4,False,5.0,Bank Transfer,False
ORD-01707,2024-10-22,C0534,Consumer,68,False,Direct,Mobile,South,Electronics,250.49,1,10,225.44,173.89,51.55,Economy,6,False,,Card,False
ORD-01708,2024-10-22,C0671,Consumer,70,False,Direct,Desktop,South,Electronics,264.27,1,0,264.27,172.37,91.9,Express,3,False,,Card,False
ORD-01709,2024-10-22,C0630,Consumer,34,False,Direct,Mobile,South,Electronics,248.02,1,10,223.22,170.18,53.04,Standard,4,False,4.0,PayPal,False
ORD-01710,2024-10-22,C0207,Consumer,48,False,Email,Desktop,North,Apparel,57.95,3,0,173.85,90.51,83.34,Standard,3,True,,Card,False
ORD-01711,2024-10-22,C0465,Consumer,29,False,Organic Search,Tablet,East,Toys,37.64,2,10,67.75,42.41,25.34,Standard,4,False,,Card,False
ORD-01712,2024-10-22,C1052,Consumer,73,False,Email,Mobile,North,Electronics,232.07,2,5,440.93,310.86,130.07,Standard,4,False,5.0,Apple Pay,False
ORD-01713,2024-10-23,C0685,Consumer,32,False,Organic Search,Mobile,West,Apparel,36.46,1,5,34.64,19.84,14.8,Standard,6,False,4.0,Apple Pay,False
ORD-01714,2024-10-23,C0771,Consumer,19,True,Organic Search,Mobile,North,Sports,89.2,2,10,160.56,109.13,51.43,Express,1,False,,PayPal,False
ORD-01715,2024-10-23,C0210,Consumer,19,False,Organic Search,Mobile,East,Electronics,338.47,1,0,338.47,230.89,107.58,Express,2,False,4.0,Apple Pay,False
ORD-01716,2024-10-23,C0117,Small Business,42,False,Organic Search,Mobile,West,Apparel,45.41,1,25,34.06,23.87,10.19,Economy,8,False,,PayPal,True
ORD-01717,2024-10-23,C0921,Consumer,53,False,Direct,Desktop,South,Apparel,32.03,2,0,64.06,32.81,31.25,Economy,5,False,4.0,Card,False
ORD-01718,2024-10-23,C1165,Consumer,43,False,Direct,Desktop,South,Apparel,49.09,2,30,68.73,48.55,20.18,Economy,7,False,4.0,Card,False
ORD-01719,2024-10-24,C0152,Consumer,46,False,Direct,Mobile,West,Home,129.21,2,5,245.5,152.12,93.38,Standard,8,False,3.0,Apple Pay,False
ORD-01720,2024-10-24,C0298,Small Business,53,False,Direct,Mobile,North,Beauty,40.67,4,10,146.41,75.89,70.52,Standard,5,False,4.0,Bank Transfer,False
ORD-01721,2024-10-24,C0535,Small Business,44,False,Email,Tablet,North,Toys,44.53,4,10,160.31,99.86,60.45,Economy,8,False,4.0,Card,True
ORD-01722,2024-10-24,C0210,Consumer,19,False,Social,Mobile,West,Beauty,41.16,3,30,86.44,56.65,29.79,Economy,9,False,3.0,Card,False
ORD-01723,2024-10-24,C0646,Consumer,19,False,Email,Desktop,North,Electronics,218.93,1,20,175.14,151.24,23.9,Economy,5,True,3.0,Card,True
ORD-01724,2024-10-24,C0452,Consumer,43,True,Social,Desktop,East,Apparel,44.15,2,0,88.3,44.74,43.56,Economy,9,False,3.0,Card,False
ORD-01725,2024-10-24,C1052,Consumer,73,False,Paid Search,Desktop,West,Beauty,43.81,2,0,87.62,38.02,49.6,Standard,6,False,4.0,Card,False
ORD-01726,2024-10-24,C0604,Consumer,25,False,Social,Mobile,South,Beauty,34.63,1,0,34.63,15.51,19.12,Economy,5,False,4.0,Card,False
ORD-01727,2024-10-24,C0106,Consumer,40,False,Email,Mobile,West,Home,127.73,1,15,108.57,72.54,36.03,Standard,7,False,3.0,Card,False
ORD-01728,2024-10-24,C0207,Consumer,48,False,Direct,Mobile,North,Apparel,66.64,3,10,179.93,97.8,82.13,Express,2,False,,Bank Transfer,False
ORD-01729,2024-10-24,C0671,Consumer,70,False,Paid Search,Desktop,West,Apparel,37.1,2,0,74.2,38.2,36.0,Express,4,True,4.0,Apple Pay,False
ORD-01730,2024-10-25,C0106,Consumer,40,False,Organic Search,Desktop,West,Apparel,67.6,3,0,202.8,106.63,96.17,Economy,8,False,,Card,False
ORD-01731,2024-10-25,C1052,Consumer,73,False,Paid Search,Mobile,North,Apparel,43.2,1,0,43.2,22.39,20.81,Express,2,False,4.0,Card,False
ORD-01732,2024-10-25,C0188,Small Business,33,False,Direct,Mobile,South,Home,112.83,3,0,338.49,200.98,137.51,Express,5,False,,Apple Pay,False
ORD-01733,2024-10-25,C1052,Consumer,73,False,Organic Search,Mobile,East,Apparel,51.96,4,20,166.27,104.48,61.79,Economy,6,False,4.0,PayPal,False
ORD-01734,2024-10-25,C0246,Small Business,35,False,Direct,Mobile,West,Sports,77.69,2,5,147.61,88.83,58.78,Express,5,False,,Card,False
ORD-01735,2024-10-25,C0043,Consumer,69,False,Direct,Mobile,East,Toys,31.31,1,0,31.31,17.61,13.7,Standard,4,False,5.0,PayPal,False
ORD-01736,2024-10-25,C1169,Consumer,38,False,Organic Search,Desktop,South,Home,74.97,3,0,224.91,129.37,95.54,Standard,4,True,,Apple Pay,False
ORD-01737,2024-10-25,C0921,Consumer,53,False,Affiliate,Tablet,North,Beauty,21.25,1,10,19.12,9.3,9.82,Standard,7,False,,Card,False
ORD-01738,2024-10-26,C0210,Consumer,19,False,Affiliate,Mobile,South,Toys,31.87,7,10,200.78,128.57,72.21,Standard,4,False,,Bank Transfer,False
ORD-01739,2024-10-26,C0676,Small Business,50,False,Paid Search,Mobile,South,Toys,49.09,4,20,157.09,105.82,51.27,Standard,4,True,3.0,Card,False
ORD-01740,2024-10-26,C1137,Small Business,70,False,Direct,Mobile,East,Toys,57.11,3,5,162.76,92.07,70.69,Standard,8,False,,Card,False
ORD-01741,2024-10-26,C0375,Consumer,57,True,Organic Search,Mobile,South,Beauty,33.76,2,10,60.77,31.68,29.09,Standard,5,False,4.0,Apple Pay,False
ORD-01742,2024-10-26,C0298,Small Business,53,False,Email,Mobile,East,Apparel,41.9,2,0,83.8,43.91,39.89,Standard,4,False,,Card,False
ORD-01743,2024-10-27,C0529,Consumer,42,False,Paid Search,Desktop,North,Sports,71.92,2,25,107.88,87.98,19.9,Standard,5,False,4.0,Card,True
ORD-01744,2024-10-27,C0950,Consumer,71,False,Organic Search,Desktop,North,Apparel,36.05,1,30,25.23,18.36,6.87,Standard,4,False,4.0,Card,True
ORD-01745,2024-10-27,C0116,Consumer,42,True,Organic Search,Desktop,North,Electronics,379.72,1,0,379.72,260.75,118.97,Economy,6,False,4.0,PayPal,False
ORD-01746,2024-10-27,C1007,Consumer,33,False,Social,Desktop,North,Electronics,239.85,1,15,203.87,166.31,37.56,Standard,3,True,,Card,False
ORD-01747,2024-10-27,C0400,Consumer,24,False,Social,Desktop,North,Electronics,266.72,2,25,400.08,367.04,33.04,Economy,6,False,3.0,Card,False
ORD-01748,2024-10-27,C1052,Consumer,73,False,Email,Mobile,East,Electronics,251.54,2,15,427.62,333.64,93.98,Standard,4,True,3.0,Card,True
ORD-01749,2024-10-27,C1192,Small Business,61,False,Paid Search,Mobile,South,Apparel,50.48,1,20,40.38,25.18,15.2,Standard,3,False,4.0,Card,False
ORD-01750,2024-10-27,C0070,Consumer,18,False,Organic Search,Desktop,South,Sports,83.37,1,0,83.37,50.69,32.68,Standard,3,False,4.0,Card,False
ORD-01751,2024-10-28,C0042,Consumer,62,True,Direct,Desktop,East,Sports,73.11,1,5,69.45,43.5,25.95,Standard,5,False,5.0,Apple Pay,False
ORD-01752,2024-10-28,C1023,Small Business,51,False,Social,Mobile,North,Beauty,28.44,1,25,21.33,13.29,8.04,Express,1,False,4.0,Card,False
ORD-01753,2024-10-28,C0558,Small Business,22,False,Organic Search,Mobile,South,Beauty,35.72,2,5,67.87,31.96,35.91,Standard,4,False,5.0,Apple Pay,False
ORD-01754,2024-10-28,C0966,Enterprise,29,False,Paid Search,Mobile,East,Home,80.23,8,10,577.66,378.9,198.76,Economy,5,False,4.0,Card,True
ORD-01755,2024-10-28,C0588,Consumer,62,True,Organic Search,Desktop,North,Home,85.53,2,20,136.85,102.86,33.99,Economy,6,False,5.0,PayPal,False
ORD-01756,2024-10-28,C0362,Small Business,46,False,Affiliate,Mobile,West,Toys,36.89,1,15,31.36,20.02,11.34,Economy,8,False,4.0,Card,False
ORD-01757,2024-10-28,C1137,Small Business,70,False,Organic Search,Mobile,South,Sports,94.91,5,20,379.64,295.88,83.76,Express,2,False,5.0,Card,False
ORD-01758,2024-10-28,C0987,Consumer,55,False,Direct,Desktop,East,Beauty,48.29,1,15,41.05,22.31,18.74,Economy,5,False,,Bank Transfer,False
ORD-01759,2024-10-28,C1003,Consumer,74,False,Organic Search,Desktop,West,Home,58.48,2,15,99.42,69.0,30.42,Standard,6,False,3.0,PayPal,False
ORD-01760,2024-10-28,C0424,Consumer,68,False,Organic Search,Mobile,West,Electronics,189.56,2,10,341.21,264.52,76.69,Economy,8,False,3.0,Apple Pay,False
ORD-01761,2024-10-28,C0840,Consumer,43,False,Email,Mobile,South,Apparel,47.47,1,0,47.47,23.19,24.28,Standard,4,False,5.0,Card,False
ORD-01762,2024-10-28,C1054,Consumer,36,False,Affiliate,Mobile,East,Electronics,190.97,2,25,286.46,256.88,29.58,Standard,3,False,5.0,PayPal,True
ORD-01763,2024-10-28,C0207,Consumer,48,False,Organic Search,Mobile,East,Home,111.49,1,5,105.92,64.21,41.71,Express,3,False,5.0,Apple Pay,False
ORD-01764,2024-10-29,C1140,Consumer,45,False,Direct,Desktop,West,Sports,114.77,1,10,103.29,71.86,31.43,Economy,8,False,3.0,Card,False
ORD-01765,2024-10-29,C0871,Consumer,29,False,Paid Search,Desktop,North,Beauty,34.45,2,25,51.68,29.38,22.3,Standard,4,False,5.0,Card,False
ORD-01766,2024-10-29,C0785,Consumer,54,False,Paid Search,Mobile,West,Beauty,27.71,2,0,55.42,24.59,30.83,Standard,6,False,,Card,False
ORD-01767,2024-10-29,C0929,Consumer,38,False,Paid Search,Desktop,North,Electronics,167.24,1,10,150.52,112.59,37.93,Express,2,False,5.0,Apple Pay,False
ORD-01768,2024-10-29,C0400,Consumer,24,False,Affiliate,Desktop,South,Home,79.51,2,30,111.31,96.9,14.41,Economy,6,False,4.0,PayPal,False
ORD-01769,2024-10-29,C0365,Consumer,25,False,Organic Search,Mobile,East,Home,95.29,4,15,323.99,226.06,97.93,Standard,4,False,,Bank Transfer,False
ORD-01770,2024-10-30,C0468,Consumer,34,False,Direct,Mobile,West,Toys,63.8,2,15,108.46,70.94,37.52,Standard,8,False,3.0,Apple Pay,False
ORD-01771,2024-10-30,C0606,Small Business,62,False,Paid Search,Mobile,North,Beauty,30.11,2,0,60.22,27.41,32.81,Standard,3,False,4.0,Card,False
ORD-01772,2024-10-30,C0115,Consumer,58,False,Email,Mobile,North,Apparel,40.01,1,0,40.01,21.2,18.81,Standard,4,False,,Bank Transfer,True
ORD-01773,2024-10-30,C1098,Small Business,70,False,Social,Desktop,East,Sports,70.19,2,10,126.34,85.57,40.77,Economy,6,False,3.0,PayPal,False
ORD-01774,2024-10-30,C0265,Consumer,47,False,Affiliate,Desktop,South,Toys,38.83,2,15,66.01,41.99,24.02,Standard,5,False,4.0,PayPal,False
ORD-01775,2024-10-31,C0210,Consumer,19,False,Organic Search,Mobile,West,Home,96.2,1,15,81.77,58.65,23.12,Standard,8,False,4.0,Card,False
ORD-01776,2024-10-31,C0283,Consumer,55,False,Paid Search,Mobile,East,Apparel,43.76,3,5,124.72,67.22,57.5,Standard,3,False,,Apple Pay,True
ORD-01777,2024-10-31,C0994,Small Business,47,False,Paid Search,Mobile,South,Beauty,30.63,4,0,122.52,52.62,69.9,Express,2,True,,Card,False
ORD-01778,2024-10-31,C0298,Small Business,53,False,Paid Search,Desktop,South,Sports,53.28,2,0,106.56,65.3,41.26,Economy,5,False,,Bank Transfer,False
ORD-01779,2024-11-01,C0763,Small Business,26,False,Email,Mobile,East,Apparel,53.23,3,0,159.69,81.87,77.82,Standard,3,False,5.0,Card,False
ORD-01780,2024-11-01,C0846,Consumer,27,True,Direct,Desktop,South,Home,84.59,1,25,63.44,48.52,14.92,Standard,4,False,5.0,Card,False
ORD-01781,2024-11-01,C0207,Consumer,48,False,Paid Search,Desktop,West,Home,86.9,1,0,86.9,52.57,34.33,Standard,8,False,,Apple Pay,False
ORD-01782,2024-11-01,C0938,Enterprise,68,False,Social,Desktop,East,Apparel,88.91,3,0,266.73,139.12,127.61,Economy,5,False,4.0,Apple Pay,False
ORD-01783,2024-11-01,C1105,Small Business,44,False,Social,Mobile,North,Beauty,39.57,5,10,178.06,89.13,88.93,Standard,4,False,5.0,Card,False
ORD-01784,2024-11-01,C0885,Consumer,48,False,Organic Search,Tablet,West,Sports,81.13,2,5,154.15,96.31,57.84,Standard,6,True,4.0,Card,False
ORD-01785,2024-11-01,C0685,Consumer,32,False,Social,Mobile,East,Sports,66.7,3,25,150.08,114.0,36.08,Economy,5,False,4.0,Card,False
ORD-01786,2024-11-01,C0412,Consumer,41,False,Organic Search,Mobile,North,Sports,62.84,1,25,47.13,38.66,8.47,Economy,5,False,3.0,Card,False
ORD-01787,2024-11-01,C1001,Consumer,65,True,Social,Mobile,East,Sports,65.55,3,0,196.65,118.38,78.27,Standard,5,False,,Card,False
ORD-01788,2024-11-01,C0153,Consumer,44,False,Social,Mobile,North,Apparel,50.01,1,15,42.51,25.74,16.77,Standard,3,False,4.0,Card,False
ORD-01789,2024-11-01,C0728,Consumer,35,False,Direct,Desktop,East,Home,66.29,2,0,132.58,77.96,54.62,Standard,3,False,,Card,False
ORD-01790,2024-11-01,C0743,Consumer,57,False,Organic Search,Mobile,West,Apparel,48.04,1,25,36.03,25.16,10.87,Express,4,True,,Bank Transfer,False
ORD-01791,2024-11-01,C0728,Consumer,35,False,Affiliate,Desktop,North,Electronics,256.76,3,10,693.25,550.53,142.72,Express,3,False,,Card,False
ORD-01792,2024-11-01,C0095,Consumer,73,False,Paid Search,Mobile,North,Home,67.82,3,5,193.29,120.14,73.15,Standard,3,False,4.0,Card,False
ORD-01793,2024-11-01,C0990,Consumer,23,False,Paid Search,Mobile,East,Sports,58.72,2,5,111.57,72.57,39.0,Express,1,False,4.0,Card,True
ORD-01794,2024-11-01,C1105,Small Business,44,False,Organic Search,Desktop,South,Beauty,22.56,3,10,60.91,29.67,31.24,Economy,5,False,4.0,Card,True
ORD-01795,2024-11-01,C0980,Consumer,28,False,Direct,Desktop,East,Home,84.13,1,25,63.1,46.74,16.36,Standard,3,False,,PayPal,False
ORD-01796,2024-11-02,C0921,Consumer,53,False,Email,Mobile,East,Toys,34.53,1,5,32.8,18.24,14.56,Standard,5,False,,Card,False
ORD-01797,2024-11-02,C1052,Consumer,73,False,Organic Search,Desktop,North,Home,86.65,1,10,77.99,50.57,27.42,Express,3,False,,Card,False
ORD-01798,2024-11-02,C0927,Small Business,40,False,Direct,Desktop,East,Apparel,44.96,5,30,157.36,117.28,40.08,Economy,5,False,,Apple Pay,True
ORD-01799,2024-11-02,C1052,Consumer,73,False,Paid Search,Desktop,West,Apparel,46.72,1,20,37.38,24.58,12.8,Economy,9,False,2.0,PayPal,False
ORD-01800,2024-11-02,C0819,Consumer,52,False,Email,Mobile,North,Electronics,240.26,1,25,180.2,170.69,9.51,Economy,6,False,3.0,Card,False
ORD-01801,2024-11-02,C0095,Consumer,73,False,Affiliate,Desktop,North,Apparel,47.87,1,25,35.9,24.25,11.65,Standard,3,False,,Card,False
ORD-01802,2024-11-02,C0950,Consumer,71,False,Social,Mobile,North,Electronics,202.54,2,20,324.06,278.89,45.17,Standard,3,False,5.0,Card,False
ORD-01803,2024-11-02,C1111,Enterprise,20,True,Organic Search,Mobile,East,Home,85.99,3,15,219.27,146.39,72.88,Standard,4,False,,PayPal,False
ORD-01804,2024-11-02,C0525,Enterprise,23,False,Organic Search,Tablet,East,Beauty,43.1,9,25,290.92,174.1,116.82,Standard,3,False,5.0,Card,False
ORD-01805,2024-11-02,C1011,Consumer,56,False,Direct,Mobile,South,Electronics,149.62,3,0,448.86,302.7,146.16,Express,2,True,4.0,Card,False
ORD-01806,2024-11-02,C1052,Consumer,73,False,Organic Search,Mobile,North,Toys,24.05,1,0,24.05,12.39,11.66,Standard,5,False,5.0,Card,True
ORD-01807,2024-11-02,C0534,Consumer,68,False,Direct,Mobile,West,Apparel,32.51,2,0,65.02,34.42,30.6,Standard,8,False,,Bank Transfer,False
ORD-01808,2024-11-03,C0384,Consumer,33,False,Organic Search,Desktop,North,Electronics,183.37,3,5,522.6,391.76,130.84,Express,2,False,,Card,False
ORD-01809,2024-11-03,C0298,Small Business,53,False,Social,Tablet,North,Beauty,25.89,5,20,103.56,58.74,44.82,Standard,4,False,,PayPal,True
ORD-01810,2024-11-03,C1052,Consumer,73,False,Organic Search,Tablet,East,Electronics,171.01,1,30,119.71,114.34,5.37,Economy,5,False,5.0,PayPal,False
ORD-01811,2024-11-03,C0298,Small Business,53,False,Organic Search,Mobile,North,Home,69.76,2,20,111.62,77.87,33.75,Express,3,False,,Card,False
ORD-01812,2024-11-03,C1025,Consumer,42,False,Email,Mobile,West,Sports,81.21,2,5,154.3,101.88,52.42,Express,5,False,4.0,Card,False
ORD-01813,2024-11-03,C0534,Consumer,68,False,Organic Search,Desktop,West,Electronics,244.26,1,0,244.26,166.3,77.96,Standard,6,False,,PayPal,False
ORD-01814,2024-11-03,C0232,Consumer,48,False,Organic Search,Mobile,East,Electronics,171.65,3,5,489.2,362.23,126.97,Standard,3,False,4.0,Card,False
ORD-01815,2024-11-03,C1181,Consumer,34,True,Social,Mobile,East,Apparel,55.99,3,0,167.97,87.66,80.31,Economy,5,True,3.0,Card,False
ORD-01816,2024-11-03,C0270,Small Business,21,False,Paid Search,Mobile,West,Home,115.51,3,5,329.2,203.45,125.75,Economy,10,False,2.0,Card,False
ORD-01817,2024-11-03,C0371,Consumer,44,False,Email,Desktop,North,Sports,67.95,1,0,67.95,41.17,26.78,Express,1,False,5.0,Card,False
ORD-01818,2024-11-03,C0280,Consumer,25,False,Paid Search,Desktop,North,Toys,27.91,3,25,62.8,48.5,14.3,Economy,5,False,,PayPal,False
ORD-01819,2024-11-03,C1022,Consumer,51,False,Email,Desktop,East,Apparel,77.85,2,5,147.92,85.26,62.66,Standard,5,False,3.0,PayPal,False
ORD-01820,2024-11-04,C1052,Consumer,73,False,Paid Search,Desktop,North,Home,63.22,2,20,101.15,75.4,25.75,Standard,4,False,4.0,Card,False
ORD-01821,2024-11-04,C0070,Consumer,18,False,Organic Search,Tablet,West,Electronics,264.75,3,0,794.25,535.55,258.7,Standard,7,False,3.0,Card,False
ORD-01822,2024-11-04,C0881,Consumer,33,True,Organic Search,Desktop,East,Apparel,53.43,2,0,106.86,56.19,50.67,Standard,3,True,5.0,Bank Transfer,True
ORD-01823,2024-11-04,C1052,Consumer,73,False,Paid Search,Mobile,North,Home,78.8,1,10,70.92,43.39,27.53,Standard,3,False,,Card,True
ORD-01824,2024-11-04,C1125,Small Business,48,False,Direct,Tablet,North,Home,93.28,2,15,158.58,109.88,48.7,Standard,4,False,,Card,False
ORD-01825,2024-11-04,C0232,Consumer,48,False,Social,Mobile,West,Home,53.73,2,0,107.46,62.87,44.59,Standard,7,False,4.0,PayPal,False
ORD-01826,2024-11-04,C0393,Consumer,42,False,Paid Search,Desktop,North,Beauty,31.35,1,20,25.08,13.92,11.16,Standard,3,False,,Bank Transfer,True
ORD-01827,2024-11-04,C0400,Consumer,24,False,Paid Search,Mobile,West,Electronics,235.75,2,5,447.92,310.52,137.4,Standard,9,False,3.0,PayPal,False
ORD-01828,2024-11-04,C1052,Consumer,73,False,Social,Mobile,East,Electronics,207.4,2,10,373.32,280.33,92.99,Standard,3,False,4.0,PayPal,False
ORD-01829,2024-11-04,C0972,Consumer,33,False,Affiliate,Mobile,West,Home,72.21,3,30,151.64,130.88,20.76,Standard,6,False,4.0,Bank Transfer,False
ORD-01830,2024-11-05,C0730,Consumer,72,True,Paid Search,Mobile,East,Apparel,69.67,1,20,55.74,35.28,20.46,Express,1,False,5.0,Card,False
ORD-01831,2024-11-05,C1052,Consumer,73,False,Direct,Mobile,North,Electronics,136.12,2,5,258.63,176.79,81.84,Economy,7,True,,Card,False
ORD-01832,2024-11-05,C0784,Small Business,32,False,Direct,Mobile,South,Toys,21.49,2,15,36.53,22.89,13.64,Express,2,False,4.0,Apple Pay,False
ORD-01833,2024-11-05,C0312,Consumer,72,False,Organic Search,Mobile,South,Toys,30.92,2,15,52.56,34.72,17.84,Economy,5,False,,Card,False
ORD-01834,2024-11-05,C0096,Consumer,52,False,Email,Desktop,East,Home,108.66,1,25,81.5,64.11,17.39,Standard,6,True,4.0,Card,False
ORD-01835,2024-11-05,C0685,Consumer,32,False,Paid Search,Mobile,West,Sports,91.66,1,20,73.33,57.64,15.69,Standard,9,False,3.0,Card,False
ORD-01836,2024-11-05,C0021,Consumer,39,False,Direct,Desktop,East,Beauty,22.39,2,20,35.82,20.12,15.7,Economy,6,False,3.0,Apple Pay,False
ORD-01837,2024-11-05,C0758,Consumer,64,False,Paid Search,Mobile,East,Electronics,298.71,1,20,238.97,208.45,30.52,Standard,4,False,4.0,PayPal,False
ORD-01838,2024-11-05,C0400,Consumer,24,False,Social,Mobile,East,Apparel,49.02,2,5,93.14,50.37,42.77,Economy,6,True,4.0,Bank Transfer,False
ORD-01839,2024-11-06,C0321,Consumer,49,False,Paid Search,Mobile,South,Sports,48.9,1,5,46.46,29.06,17.4,Economy,6,False,,PayPal,False
ORD-01840,2024-11-06,C0298,Small Business,53,False,Email,Mobile,North,Toys,34.36,2,20,54.98,39.02,15.96,Standard,6,False,,Card,False
ORD-01841,2024-11-06,C1054,Consumer,36,False,Organic Search,Desktop,South,Beauty,35.13,1,0,35.13,16.09,19.04,Standard,3,False,4.0,PayPal,False
ORD-01842,2024-11-06,C0763,Small Business,26,False,Email,Desktop,South,Home,56.6,2,30,79.24,63.98,15.26,Express,2,False,5.0,Card,False
ORD-01843,2024-11-06,C0400,Consumer,24,False,Email,Desktop,West,Electronics,149.47,3,30,313.89,308.47,5.42,Standard,7,False,4.0,Bank Transfer,False
ORD-01844,2024-11-06,C0728,Consumer,35,False,Direct,Desktop,North,Sports,45.46,1,10,40.91,27.72,13.19,Standard,4,False,4.0,Card,False
ORD-01845,2024-11-06,C0188,Small Business,33,False,Direct,Mobile,South,Apparel,45.08,5,10,202.86,119.56,83.3,Standard,5,True,3.0,Card,False
ORD-01846,2024-11-06,C0020,Small Business,32,True,Paid Search,Mobile,West,Electronics,267.66,1,0,267.66,182.67,84.99,Economy,8,False,2.0,Card,False
ORD-01847,2024-11-06,C0921,Consumer,53,False,Email,Desktop,North,Electronics,276.96,1,10,249.26,186.0,63.26,Standard,3,False,5.0,Card,False
ORD-01848,2024-11-06,C1137,Small Business,70,False,Paid Search,Mobile,South,Electronics,170.7,2,0,341.4,236.21,105.19,Express,2,False,5.0,PayPal,False
ORD-01849,2024-11-06,C1052,Consumer,73,False,Direct,Mobile,North,Sports,53.81,4,10,193.72,128.15,65.57,Standard,3,False,5.0,Bank Transfer,False
ORD-01850,2024-11-06,C0085,Consumer,40,False,Organic Search,Desktop,East,Apparel,50.34,1,15,42.79,26.39,16.4,Standard,5,False,3.0,Apple Pay,False
ORD-01851,2024-11-06,C0298,Small Business,53,False,Email,Tablet,South,Toys,37.38,2,5,71.02,40.95,30.07,Economy,7,False,,Card,False
ORD-01852,2024-11-06,C0606,Small Business,62,False,Organic Search,Mobile,North,Sports,48.76,2,15,82.89,59.0,23.89,Standard,4,False,,Card,False
ORD-01853,2024-11-07,C0744,Consumer,28,False,Paid Search,Mobile,West,Apparel,74.51,2,20,119.22,78.36,40.86,Standard,7,False,3.0,Card,False
ORD-01854,2024-11-07,C0207,Consumer,48,False,Affiliate,Mobile,North,Electronics,194.24,2,25,291.36,263.16,28.2,Express,1,False,5.0,PayPal,True
ORD-01855,2024-11-07,C0277,Enterprise,25,True,Organic Search,Desktop,East,Toys,60.36,5,0,301.8,162.72,139.08,Standard,5,False,,PayPal,False
ORD-01856,2024-11-07,C0189,Consumer,18,True,Social,Mobile,West,Home,65.26,1,0,65.26,38.75,26.51,Express,4,True,,Bank Transfer,False
ORD-01857,2024-11-07,C0063,Small Business,53,False,Organic Search,Mobile,South,Sports,72.45,3,10,195.62,130.98,64.64,Standard,3,False,,Card,False
ORD-01858,2024-11-07,C0188,Small Business,33,False,Direct,Desktop,South,Home,76.92,2,30,107.69,87.33,20.36,Standard,4,False,,PayPal,False
ORD-01859,2024-11-07,C0748,Consumer,33,False,Paid Search,Mobile,South,Apparel,71.62,1,0,71.62,38.53,33.09,Standard,6,False,3.0,Apple Pay,False
ORD-01860,2024-11-07,C0427,Consumer,66,True,Direct,Desktop,North,Apparel,65.72,1,10,59.15,37.14,22.01,Economy,6,False,,Card,False
ORD-01861,2024-11-08,C0983,Consumer,34,True,Organic Search,Mobile,East,Beauty,29.07,3,10,78.49,39.58,38.91,Economy,6,False,3.0,Card,False
ORD-01862,2024-11-08,C0086,Small Business,50,False,Direct,Mobile,North,Sports,57.33,4,5,217.85,136.69,81.16,Standard,4,False,4.0,Card,False
ORD-01863,2024-11-08,C0086,Small Business,50,False,Direct,Mobile,North,Toys,25.47,2,10,45.85,28.64,17.21,Standard,3,False,5.0,PayPal,False
ORD-01864,2024-11-08,C1011,Consumer,56,False,Organic Search,Desktop,East,Toys,23.42,2,0,46.84,25.77,21.07,Economy,5,False,4.0,Card,False
ORD-01865,2024-11-08,C0270,Small Business,21,False,Email,Desktop,North,Toys,64.94,3,15,165.6,103.88,61.72,Standard,6,False,4.0,Apple Pay,False
ORD-01866,2024-11-08,C0243,Consumer,30,True,Social,Mobile,North,Beauty,45.43,1,0,45.43,19.57,25.86,Standard,5,False,4.0,Card,False
ORD-01867,2024-11-08,C0685,Consumer,32,False,Paid Search,Mobile,North,Sports,64.81,1,25,48.61,38.64,9.97,Economy,5,False,3.0,PayPal,False
ORD-01868,2024-11-08,C0095,Consumer,73,False,Email,Mobile,West,Electronics,172.99,1,5,164.34,124.88,39.46,Economy,10,False,3.0,PayPal,False
ORD-01869,2024-11-08,C0826,Consumer,73,True,Email,Desktop,North,Toys,45.03,4,0,180.12,98.44,81.68,Economy,8,False,4.0,PayPal,False
ORD-01870,2024-11-08,C0929,Consumer,38,False,Affiliate,Mobile,East,Apparel,33.34,1,5,31.67,18.05,13.62,Express,2,False,,Card,False
ORD-01871,2024-11-08,C0586,Consumer,22,True,Social,Desktop,North,Home,62.32,1,0,62.32,36.82,25.5,Standard,4,False,4.0,Card,False
ORD-01872,2024-11-09,C0212,Small Business,25,False,Paid Search,Desktop,East,Apparel,64.29,5,0,321.45,170.52,150.93,Standard,5,False,3.0,Card,False
ORD-01873,2024-11-09,C0270,Small Business,21,False,Email,Mobile,East,Home,52.19,2,15,88.72,59.52,29.2,Standard,4,False,4.0,Card,False
ORD-01874,2024-11-09,C0840,Consumer,43,False,Organic Search,Mobile,East,Sports,51.99,1,0,51.99,31.21,20.78,Standard,3,False,,Card,False
ORD-01875,2024-11-09,C0106,Consumer,40,False,Organic Search,Mobile,West,Home,107.12,1,10,96.41,56.54,39.87,Standard,8,False,3.0,Card,False
ORD-01876,2024-11-09,C0728,Consumer,35,False,Email,Desktop,South,Home,76.67,1,5,72.84,44.92,27.92,Express,1,False,5.0,PayPal,False
ORD-01877,2024-11-09,C0364,Consumer,28,False,Social,Desktop,South,Beauty,39.8,1,15,33.83,17.79,16.04,Express,2,False,5.0,Apple Pay,False
ORD-01878,2024-11-10,C0254,Consumer,62,False,Paid Search,Desktop,North,Toys,63.65,1,0,63.65,35.58,28.07,Express,2,False,,Card,False
ORD-01879,2024-11-10,C0728,Consumer,35,False,Direct,Mobile,West,Home,71.14,4,0,284.56,173.91,110.65,Standard,6,False,3.0,Card,False
ORD-01880,2024-11-10,C0291,Consumer,26,False,Paid Search,Mobile,South,Electronics,262.79,1,30,183.95,168.14,15.81,Economy,7,False,,Card,False
ORD-01881,2024-11-10,C0764,Small Business,69,True,Organic Search,Desktop,East,Sports,62.64,1,5,59.51,36.72,22.79,Standard,4,False,,Card,False
ORD-01882,2024-11-10,C0685,Consumer,32,False,Social,Desktop,East,Home,96.14,4,30,269.19,226.31,42.88,Standard,4,False,3.0,PayPal,False
ORD-01883,2024-11-10,C0964,Small Business,67,False,Organic Search,Desktop,West,Electronics,242.61,3,30,509.48,506.94,2.54,Standard,7,False,4.0,Card,False
ORD-01884,2024-11-10,C0782,Consumer,68,True,Email,Mobile,South,Beauty,35.92,2,30,50.29,32.86,17.43,Standard,3,False,5.0,Card,False
ORD-01885,2024-11-10,C0342,Consumer,71,False,Paid Search,Desktop,West,Electronics,213.94,3,10,577.64,400.69,176.95,Economy,8,False,3.0,PayPal,False
ORD-01886,2024-11-10,C0201,Enterprise,40,True,Paid Search,Mobile,South,Electronics,178.81,2,30,250.33,254.08,-3.75,Express,2,False,5.0,Card,False
ORD-01887,2024-11-11,C0253,Enterprise,56,False,Affiliate,Desktop,North,Apparel,43.42,8,0,347.36,180.39,166.97,Standard,6,True,3.0,Card,False
ORD-01888,2024-11-11,C0897,Small Business,69,True,Paid Search,Desktop,West,Apparel,47.25,1,30,33.07,24.37,8.7,Express,6,False,3.0,Card,True
ORD-01889,2024-11-11,C0646,Consumer,19,False,Organic Search,Mobile,East,Sports,62.47,2,0,124.94,77.41,47.53,Standard,4,False,4.0,Bank Transfer,False
ORD-01890,2024-11-11,C0400,Consumer,24,False,Social,Mobile,South,Sports,52.28,2,10,94.1,64.2,29.9,Standard,4,True,3.0,PayPal,False
ORD-01891,2024-11-11,C0207,Consumer,48,False,Organic Search,Mobile,North,Beauty,23.98,2,0,47.96,21.03,26.93,Standard,3,False,,Card,False
ORD-01892,2024-11-11,C0646,Consumer,19,False,Direct,Desktop,North,Home,101.46,2,30,142.04,119.21,22.83,Standard,3,False,4.0,Card,False
ORD-01893,2024-11-11,C0667,Consumer,43,False,Affiliate,Mobile,North,Electronics,338.66,1,30,237.06,217.07,19.99,Standard,4,False,4.0,PayPal,False
ORD-01894,2024-11-11,C0300,Consumer,40,False,Organic Search,Mobile,South,Apparel,41.95,2,15,71.32,42.5,28.82,Express,4,False,5.0,Card,False
ORD-01895,2024-11-11,C0595,Enterprise,22,False,Direct,Mobile,West,Electronics,249.45,5,0,1247.25,871.31,375.94,Standard,7,False,,Card,False
ORD-01896,2024-11-11,C0936,Small Business,41,True,Social,Mobile,East,Sports,69.84,3,5,199.04,124.48,74.56,Express,2,False,,Bank Transfer,False
ORD-01897,2024-11-11,C1143,Consumer,54,False,Email,Desktop,North,Toys,26.74,1,0,26.74,14.06,12.68,Economy,6,False,3.0,Card,True
ORD-01898,2024-11-11,C0095,Consumer,73,False,Organic Search,Desktop,West,Home,72.86,1,15,61.93,41.91,20.02,Standard,6,False,4.0,PayPal,False
ORD-01899,2024-11-11,C0685,Consumer,32,False,Direct,Desktop,South,Electronics,202.52,2,15,344.28,254.47,89.81,Economy,5,False,4.0,Card,False
ORD-01900,2024-11-11,C0366,Consumer,59,True,Organic Search,Mobile,West,Beauty,31.57,3,5,89.97,40.67,49.3,Standard,6,False,4.0,Bank Transfer,False
ORD-01901,2024-11-12,C1009,Consumer,60,True,Social,Desktop,East,Sports,65.09,1,10,58.58,38.1,20.48,Economy,5,False,4.0,Card,False
ORD-01902,2024-11-12,C0987,Consumer,55,False,Social,Desktop,North,Electronics,346.61,3,30,727.88,736.22,-8.34,Standard,4,False,,Card,True
ORD-01903,2024-11-12,C0106,Consumer,40,False,Social,Mobile,East,Electronics,285.04,2,25,427.56,371.96,55.6,Standard,3,False,,PayPal,False
ORD-01904,2024-11-12,C1140,Consumer,45,False,Direct,Desktop,East,Electronics,204.37,3,10,551.8,419.13,132.67,Standard,3,True,,Card,False
ORD-01905,2024-11-12,C0139,Consumer,29,False,Direct,Mobile,North,Electronics,242.22,2,0,484.44,325.44,159.0,Standard,5,True,3.0,Card,False
ORD-01906,2024-11-12,C0380,Consumer,59,False,Direct,Desktop,North,Apparel,71.07,1,0,71.07,37.86,33.21,Standard,3,False,,PayPal,False
ORD-01907,2024-11-12,C0676,Small Business,50,False,Social,Desktop,West,Sports,71.39,6,20,342.67,258.81,83.86,Express,4,False,,Card,False
ORD-01908,2024-11-12,C0398,Consumer,66,False,Social,Desktop,North,Home,98.82,5,10,444.69,291.41,153.28,Standard,4,False,3.0,PayPal,True
ORD-01909,2024-11-12,C0386,Consumer,28,True,Organic Search,Desktop,East,Apparel,46.3,1,25,34.72,23.43,11.29,Standard,3,False,5.0,Apple Pay,True
ORD-01910,2024-11-12,C1125,Small Business,48,False,Email,Mobile,West,Apparel,68.75,3,30,144.38,111.29,33.09,Express,5,False,5.0,Bank Transfer,False
ORD-01911,2024-11-12,C1052,Consumer,73,False,Social,Desktop,West,Home,81.84,2,15,139.13,99.27,39.86,Standard,8,False,,Card,False
ORD-01912,2024-11-12,C1137,Small Business,70,False,Direct,Desktop,North,Sports,90.73,4,5,344.77,196.85,147.92,Standard,3,False,5.0,PayPal,False
ORD-01913,2024-11-12,C1052,Consumer,73,False,Direct,Desktop,South,Beauty,36.3,1,15,30.85,16.12,14.73,Economy,5,False,,Card,False
ORD-01914,2024-11-12,C0676,Small Business,50,False,Affiliate,Mobile,North,Apparel,63.17,2,10,113.71,65.23,48.48,Standard,5,True,3.0,Apple Pay,False
ORD-01915,2024-11-12,C1052,Consumer,73,False,Direct,Mobile,East,Beauty,28.75,5,0,143.75,67.4,76.35,Standard,3,False,5.0,Bank Transfer,True
ORD-01916,2024-11-12,C1134,Consumer,20,False,Affiliate,Mobile,East,Apparel,49.8,1,30,34.86,26.29,8.57,Economy,6,False,5.0,PayPal,False
ORD-01917,2024-11-12,C1165,Consumer,43,False,Social,Desktop,North,Electronics,239.33,4,0,957.32,650.01,307.31,Standard,4,False,4.0,Card,True
ORD-01918,2024-11-13,C0670,Consumer,29,False,Paid Search,Desktop,North,Toys,29.14,4,20,93.25,63.22,30.03,Standard,5,False,3.0,Card,False
ORD-01919,2024-11-13,C1197,Enterprise,31,False,Affiliate,Mobile,South,Toys,50.46,5,15,214.46,140.44,74.02,Express,1,False,4.0,PayPal,False
ORD-01920,2024-11-13,C0246,Small Business,35,False,Paid Search,Mobile,North,Apparel,49.95,2,10,89.91,52.76,37.15,Economy,5,False,,Card,False
ORD-01921,2024-11-13,C0957,Consumer,21,True,Organic Search,Desktop,North,Apparel,37.45,1,10,33.71,19.46,14.25,Standard,4,False,,Card,False
ORD-01922,2024-11-13,C0106,Consumer,40,False,Affiliate,Mobile,West,Home,95.03,3,0,285.09,168.46,116.63,Standard,7,False,,Card,False
ORD-01923,2024-11-13,C1134,Consumer,20,False,Organic Search,Mobile,North,Apparel,21.31,1,5,20.24,11.14,9.1,Express,5,False,3.0,Card,False
ORD-01924,2024-11-13,C0768,Small Business,63,False,Paid Search,Mobile,North,Beauty,42.44,2,0,84.88,39.23,45.65,Standard,4,False,,Apple Pay,False
ORD-01925,2024-11-13,C0927,Small Business,40,False,Paid Search,Mobile,East,Home,71.46,2,25,107.19,84.97,22.22,Express,1,True,5.0,Card,False
ORD-01926,2024-11-13,C0758,Consumer,64,False,Email,Mobile,West,Home,117.33,2,10,211.19,137.41,73.78,Standard,7,False,,Card,False
ORD-01927,2024-11-13,C0207,Consumer,48,False,Email,Desktop,West,Sports,105.26,2,0,210.52,125.62,84.9,Standard,7,False,4.0,Apple Pay,False
ORD-01928,2024-11-13,C0092,Small Business,70,False,Organic Search,Mobile,East,Sports,86.09,1,5,81.79,50.52,31.27,Standard,3,False,,Card,False
ORD-01929,2024-11-13,C1052,Consumer,73,False,Email,Mobile,North,Sports,58.81,2,0,117.62,72.21,45.41,Standard,5,True,,Card,False
ORD-01930,2024-11-14,C0928,Consumer,34,True,Affiliate,Desktop,South,Electronics,242.53,2,0,485.06,328.69,156.37,Standard,3,False,,Card,False
ORD-01931,2024-11-14,C0743,Consumer,57,False,Direct,Mobile,South,Sports,80.84,2,0,161.68,97.11,64.57,Express,2,False,5.0,Card,False
ORD-01932,2024-11-14,C1134,Consumer,20,False,Affiliate,Desktop,North,Electronics,225.93,4,0,903.72,610.86,292.86,Standard,4,False,5.0,Card,False
ORD-01933,2024-11-14,C0519,Consumer,72,False,Direct,Mobile,South,Apparel,38.46,2,10,69.23,39.91,29.32,Economy,6,True,3.0,PayPal,False
ORD-01934,2024-11-14,C1125,Small Business,48,False,Organic Search,Desktop,South,Toys,34.04,2,0,68.08,36.67,31.41,Standard,4,False,3.0,Card,False
ORD-01935,2024-11-14,C0869,Consumer,39,True,Paid Search,Mobile,West,Electronics,221.44,1,5,210.37,153.71,56.66,Standard,7,False,3.0,PayPal,False
ORD-01936,2024-11-14,C0902,Consumer,41,True,Affiliate,Mobile,South,Apparel,44.63,3,10,120.5,71.33,49.17,Standard,4,True,,Card,False
ORD-01937,2024-11-14,C0885,Consumer,48,False,Social,Mobile,South,Electronics,152.52,2,5,289.79,203.3,86.49,Standard,3,True,,PayPal,False
ORD-01938,2024-11-14,C0954,Consumer,23,False,Social,Mobile,West,Apparel,39.33,1,30,27.53,19.92,7.61,Standard,10,True,1.0,Card,False
ORD-01939,2024-11-14,C0728,Consumer,35,False,Paid Search,Desktop,South,Electronics,190.91,1,25,143.18,125.42,17.76,Express,2,False,5.0,Bank Transfer,False
ORD-01940,2024-11-14,C1156,Consumer,49,False,Social,Mobile,South,Electronics,208.48,2,15,354.42,286.49,67.93,Express,4,False,5.0,PayPal,False
ORD-01941,2024-11-14,C0950,Consumer,71,False,Email,Desktop,East,Electronics,470.94,2,25,706.41,652.09,54.32,Express,2,False,,PayPal,False
ORD-01942,2024-11-14,C0263,Small Business,25,False,Paid Search,Mobile,North,Home,98.43,6,0,590.58,332.05,258.53,Standard,3,False,5.0,Card,False
ORD-01943,2024-11-14,C0208,Small Business,19,False,Organic Search,Mobile,East,Apparel,51.63,1,30,36.14,26.21,9.93,Express,2,False,5.0,Card,False
ORD-01944,2024-11-15,C0795,Enterprise,49,False,Direct,Desktop,East,Toys,32.42,3,20,77.81,52.79,25.02,Standard,3,False,,Card,False
ORD-01945,2024-11-15,C0424,Consumer,68,False,Social,Mobile,South,Electronics,301.0,4,15,1023.4,807.38,216.02,Standard,5,False,5.0,Bank Transfer,False
ORD-01946,2024-11-15,C1087,Consumer,51,False,Organic Search,Mobile,East,Home,60.54,2,0,121.08,72.36,48.72,Standard,5,False,4.0,Bank Transfer,False
ORD-01947,2024-11-15,C0094,Consumer,74,True,Paid Search,Mobile,East,Beauty,26.36,3,5,75.13,35.48,39.65,Economy,7,False,3.0,Apple Pay,False
ORD-01948,2024-11-15,C0685,Consumer,32,False,Email,Desktop,West,Electronics,199.89,2,0,399.78,282.01,117.77,Express,4,False,3.0,Card,False
ORD-01949,2024-11-15,C0118,Consumer,19,False,Organic Search,Mobile,South,Home,81.77,1,20,65.42,47.77,17.65,Economy,6,False,,Card,False
ORD-01950,2024-11-15,C1003,Consumer,74,False,Direct,Tablet,West,Beauty,28.46,1,15,24.19,13.52,10.67,Standard,8,False,4.0,Apple Pay,False
ORD-01951,2024-11-15,C1052,Consumer,73,False,Email,Mobile,South,Electronics,202.09,1,20,161.67,138.43,23.24,Standard,5,False,4.0,Apple Pay,False
ORD-01952,2024-11-15,C0002,Consumer,29,True,Social,Desktop,West,Apparel,34.04,3,5,97.01,50.89,46.12,Standard,8,False,4.0,Card,True
ORD-01953,2024-11-15,C0298,Small Business,53,False,Email,Tablet,East,Apparel,46.36,2,0,92.72,47.68,45.04,Express,3,True,4.0,Card,False
ORD-01954,2024-11-15,C0865,Consumer,54,False,Paid Search,Mobile,East,Home,87.8,3,5,250.23,144.37,105.86,Standard,4,False,4.0,Apple Pay,False
ORD-01955,2024-11-15,C0343,Consumer,44,False,Organic Search,Mobile,East,Toys,43.99,2,10,79.18,49.64,29.54,Economy,7,False,,Card,False
ORD-01956,2024-11-15,C0529,Consumer,42,False,Organic Search,Mobile,North,Electronics,149.56,1,0,149.56,98.46,51.1,Standard,5,False,4.0,Card,False
ORD-01957,2024-11-15,C1006,Consumer,22,False,Email,Tablet,North,Sports,97.05,1,10,87.34,56.06,31.28,Standard,6,False,3.0,PayPal,False
ORD-01958,2024-11-16,C0056,Consumer,39,False,Organic Search,Mobile,North,Sports,48.49,3,10,130.92,88.36,42.56,Economy,5,False,3.0,Apple Pay,False
ORD-01959,2024-11-16,C0728,Consumer,35,False,Direct,Desktop,West,Electronics,221.7,1,20,177.36,155.0,22.36,Express,4,True,4.0,Apple Pay,True
ORD-01960,2024-11-16,C0529,Consumer,42,False,Organic Search,Desktop,North,Sports,92.01,1,5,87.41,59.61,27.8,Economy,5,True,4.0,Card,False
ORD-01961,2024-11-16,C0400,Consumer,24,False,Direct,Mobile,South,Beauty,37.02,2,5,70.34,32.08,38.26,Economy,7,False,,PayPal,False
ORD-01962,2024-11-16,C1054,Consumer,36,False,Email,Mobile,North,Sports,43.42,3,25,97.7,85.1,12.6,Standard,4,False,4.0,Card,False
ORD-01963,2024-11-16,C0210,Consumer,19,False,Email,Mobile,North,Apparel,87.29,1,10,78.56,41.6,36.96,Economy,5,True,3.0,Card,False
ORD-01964,2024-11-16,C0388,Small Business,23,False,Organic Search,Mobile,North,Home,62.05,1,0,62.05,35.74,26.31,Standard,3,False,,Apple Pay,False
ORD-01965,2024-11-16,C0529,Consumer,42,False,Email,Desktop,North,Beauty,26.93,2,5,51.17,25.18,25.99,Economy,6,False,4.0,Card,False
ORD-01966,2024-11-16,C0728,Consumer,35,False,Email,Desktop,North,Home,72.69,3,15,185.36,127.15,58.21,Express,3,False,,Apple Pay,False
ORD-01967,2024-11-16,C0954,Consumer,23,False,Organic Search,Mobile,East,Beauty,35.57,1,25,26.68,15.91,10.77,Standard,4,False,,PayPal,False
ORD-01968,2024-11-16,C0825,Small Business,23,False,Organic Search,Mobile,West,Apparel,38.74,3,0,116.22,58.28,57.94,Standard,7,False,3.0,Card,False
ORD-01969,2024-11-16,C0791,Consumer,35,True,Social,Mobile,West,Sports,52.33,2,0,104.66,63.47,41.19,Express,6,True,,Card,False
ORD-01970,2024-11-16,C1025,Consumer,42,False,Organic Search,Mobile,East,Beauty,29.28,3,15,74.66,39.16,35.5,Standard,3,False,5.0,Apple Pay,False
ORD-01971,2024-11-16,C0670,Consumer,29,False,Direct,Mobile,South,Apparel,57.62,2,0,115.24,60.81,54.43,Standard,4,False,,PayPal,False
ORD-01972,2024-11-17,C0406,Small Business,55,False,Social,Mobile,East,Toys,36.16,2,0,72.32,41.44,30.88,Standard,5,False,3.0,Card,True
ORD-01973,2024-11-17,C0298,Small Business,53,False,Email,Mobile,South,Home,81.83,2,0,163.66,87.03,76.63,Standard,5,False,4.0,Card,False
ORD-01974,2024-11-17,C0987,Consumer,55,False,Email,Mobile,North,Electronics,352.54,2,15,599.32,482.9,116.42,Economy,6,False,3.0,Card,True
ORD-01975,2024-11-17,C0416,Consumer,68,False,Direct,Desktop,East,Apparel,55.66,2,30,77.92,54.54,23.38,Express,1,False,,Card,False
ORD-01976,2024-11-17,C0021,Consumer,39,False,Direct,Desktop,East,Beauty,36.1,1,0,36.1,16.59,19.51,Standard,4,False,4.0,Apple Pay,False
ORD-01977,2024-11-17,C0292,Consumer,46,False,Email,Mobile,South,Beauty,18.44,3,0,55.32,24.84,30.48,Standard,5,False,4.0,Bank Transfer,False
ORD-01978,2024-11-17,C0950,Consumer,71,False,Social,Tablet,East,Electronics,200.87,2,5,381.65,271.99,109.66,Standard,4,False,4.0,Apple Pay,False
ORD-01979,2024-11-17,C0558,Small Business,22,False,Paid Search,Desktop,East,Home,60.92,5,25,228.45,182.03,46.42,Economy,5,False,4.0,Card,False
ORD-01980,2024-11-17,C0086,Small Business,50,False,Social,Mobile,North,Beauty,42.48,1,15,36.11,18.8,17.31,Standard,3,True,,Card,False
ORD-01981,2024-11-18,C0992,Consumer,64,False,Social,Mobile,North,Home,85.36,1,30,59.75,50.1,9.65,Standard,4,False,4.0,Apple Pay,False
ORD-01982,2024-11-18,C0891,Consumer,48,True,Paid Search,Mobile,West,Apparel,41.84,1,10,37.66,21.79,15.87,Standard,7,False,4.0,PayPal,True
ORD-01983,2024-11-18,C1088,Consumer,46,False,Direct,Mobile,West,Beauty,35.65,1,10,32.08,15.74,16.34,Standard,8,False,,PayPal,False
ORD-01984,2024-11-18,C1140,Consumer,45,False,Organic Search,Mobile,North,Home,70.48,2,0,140.96,80.4,60.56,Express,2,False,5.0,PayPal,False
ORD-01985,2024-11-18,C0246,Small Business,35,False,Paid Search,Mobile,West,Electronics,258.57,2,0,517.14,358.77,158.37,Standard,8,False,3.0,Apple Pay,True
ORD-01986,2024-11-18,C0106,Consumer,40,False,Direct,Desktop,West,Electronics,383.8,3,0,1151.4,790.46,360.94,Standard,11,False,2.0,Card,False
ORD-01987,2024-11-18,C1011,Consumer,56,False,Organic Search,Mobile,East,Electronics,224.42,3,0,673.26,460.71,212.55,Standard,4,True,3.0,Bank Transfer,False
ORD-01988,2024-11-18,C0809,Consumer,49,False,Direct,Desktop,North,Sports,77.69,1,0,77.69,44.74,32.95,Standard,4,False,,Card,False
ORD-01989,2024-11-18,C1098,Small Business,70,False,Direct,Desktop,East,Home,113.22,3,25,254.74,204.56,50.18,Standard,3,False,,Apple Pay,False
ORD-01990,2024-11-18,C1025,Consumer,42,False,Paid Search,Desktop,West,Toys,30.13,3,20,72.31,49.6,22.71,Standard,6,False,,Card,False
ORD-01991,2024-11-18,C0207,Consumer,48,False,Organic Search,Mobile,West,Sports,59.04,2,10,106.27,73.47,32.8,Economy,8,False,,PayPal,False
ORD-01992,2024-11-18,C0323,Consumer,25,False,Affiliate,Mobile,East,Beauty,19.91,2,0,39.82,18.05,21.77,Express,2,True,5.0,Bank Transfer,False
ORD-01993,2024-11-18,C0910,Consumer,18,False,Social,Mobile,North,Beauty,22.5,1,0,22.5,9.93,12.57,Standard,7,False,3.0,Card,False
ORD-01994,2024-11-19,C0725,Small Business,31,False,Direct,Mobile,East,Beauty,25.01,3,0,75.03,33.19,41.84,Economy,6,False,,Card,False
ORD-01995,2024-11-19,C0063,Small Business,53,False,Affiliate,Tablet,North,Home,98.28,2,20,157.25,115.14,42.11,Standard,4,False,3.0,Card,True
ORD-01996,2024-11-19,C0646,Consumer,19,False,Affiliate,Desktop,East,Sports,62.04,2,10,111.67,75.84,35.83,Economy,5,False,4.0,Apple Pay,True
ORD-01997,2024-11-19,C0787,Enterprise,48,True,Organic Search,Mobile,West,Electronics,217.03,3,0,651.09,451.59,199.5,Standard,8,False,3.0,Card,False
ORD-01998,2024-11-19,C0763,Small Business,26,False,Organic Search,Mobile,North,Electronics,232.82,3,0,698.46,508.82,189.64,Express,1,False,5.0,Card,False
ORD-01999,2024-11-19,C0685,Consumer,32,False,Paid Search,Mobile,North,Toys,25.26,1,10,22.73,13.75,8.98,Standard,3,False,,Card,False
ORD-02000,2024-11-19,C0106,Consumer,40,False,Affiliate,Mobile,North,Electronics,209.2,1,10,188.28,136.65,51.63,Standard,5,False,4.0,Apple Pay,False
ORD-02001,2024-11-19,C0988,Small Business,30,True,Affiliate,Mobile,West,Sports,99.04,3,0,297.12,182.55,114.57,Standard,6,True,3.0,Card,False
ORD-02002,2024-11-19,C0591,Consumer,73,False,Email,Mobile,North,Home,101.37,1,0,101.37,56.94,44.43,Standard,5,False,3.0,Card,False
ORD-02003,2024-11-19,C0638,Enterprise,41,False,Paid Search,Mobile,East,Apparel,44.5,3,25,100.12,67.92,32.2,Standard,4,False,,Card,False
ORD-02004,2024-11-19,C0342,Consumer,71,False,Paid Search,Desktop,West,Beauty,28.51,2,0,57.02,25.16,31.86,Standard,8,False,,Bank Transfer,False
ORD-02005,2024-11-19,C1022,Consumer,51,False,Email,Tablet,East,Beauty,36.52,1,0,36.52,16.83,19.69,Standard,4,False,3.0,Apple Pay,True
ORD-02006,2024-11-19,C0673,Enterprise,40,False,Organic Search,Mobile,West,Toys,32.1,7,20,179.76,122.06,57.7,Standard,6,False,,Card,False
ORD-02007,2024-11-19,C0210,Consumer,19,False,Email,Mobile,South,Sports,85.6,4,10,308.16,199.76,108.4,Standard,6,False,4.0,Card,False
ORD-02008,2024-11-20,C0888,Consumer,30,True,Organic Search,Tablet,West,Electronics,142.79,1,10,128.51,91.01,37.5,Express,5,False,3.0,Card,True
ORD-02009,2024-11-20,C0570,Consumer,51,False,Organic Search,Desktop,South,Sports,61.62,1,0,61.62,36.13,25.49,Standard,4,False,4.0,Bank Transfer,False
ORD-02010,2024-11-20,C0558,Small Business,22,False,Social,Desktop,West,Home,108.02,2,10,194.44,129.77,64.67,Standard,6,False,,Apple Pay,False
ORD-02011,2024-11-20,C0927,Small Business,40,False,Paid Search,Desktop,South,Beauty,35.67,3,20,85.61,44.85,40.76,Standard,5,False,4.0,Card,False
ORD-02012,2024-11-20,C0789,Small Business,64,False,Email,Mobile,North,Home,108.67,3,30,228.21,176.54,51.67,Standard,3,False,5.0,Card,False
ORD-02013,2024-11-20,C0369,Consumer,43,False,Organic Search,Desktop,East,Beauty,27.38,2,0,54.76,25.17,29.59,Standard,3,True,,Card,False
ORD-02014,2024-11-20,C0207,Consumer,48,False,Direct,Mobile,South,Beauty,27.66,1,0,27.66,12.45,15.21,Standard,4,False,4.0,Card,False
ORD-02015,2024-11-21,C0424,Consumer,68,False,Social,Mobile,North,Home,77.32,3,5,220.36,125.16,95.2,Express,1,False,5.0,Card,False
ORD-02016,2024-11-21,C1025,Consumer,42,False,Social,Desktop,South,Electronics,183.69,1,0,183.69,124.33,59.36,Economy,5,True,3.0,Card,False
ORD-02017,2024-11-21,C0748,Consumer,33,False,Paid Search,Tablet,North,Electronics,230.09,1,15,195.58,150.55,45.03,Standard,4,False,4.0,PayPal,True
ORD-02018,2024-11-21,C0772,Enterprise,50,True,Email,Tablet,East,Electronics,265.92,3,0,797.76,549.71,248.05,Economy,6,False,4.0,Apple Pay,False
ORD-02019,2024-11-21,C1052,Consumer,73,False,Paid Search,Mobile,South,Beauty,26.46,2,25,39.69,24.85,14.84,Standard,3,False,5.0,Card,True
ORD-02020,2024-11-21,C0883,Consumer,28,False,Direct,Mobile,East,Apparel,47.57,1,15,40.43,24.92,15.51,Standard,5,False,,Card,False
ORD-02021,2024-11-21,C0604,Consumer,25,False,Affiliate,Mobile,East,Home,56.84,2,5,108.0,65.51,42.49,Standard,3,False,4.0,Bank Transfer,True
ORD-02022,2024-11-21,C0685,Consumer,32,False,Organic Search,Mobile,North,Home,86.68,1,15,73.68,49.33,24.35,Economy,7,False,,Card,False
ORD-02023,2024-11-21,C0003,Consumer,34,True,Direct,Desktop,South,Sports,49.32,1,10,44.39,30.17,14.22,Express,2,False,5.0,PayPal,False
ORD-02024,2024-11-21,C0400,Consumer,24,False,Social,Desktop,North,Toys,40.34,2,0,80.68,45.07,35.61,Express,4,False,4.0,Apple Pay,False
ORD-02025,2024-11-21,C0203,Consumer,34,True,Organic Search,Mobile,East,Electronics,158.72,3,25,357.12,314.63,42.49,Standard,3,False,4.0,Apple Pay,False
ORD-02026,2024-11-21,C0676,Small Business,50,False,Organic Search,Mobile,West,Home,68.57,1,5,65.14,41.05,24.09,Standard,7,False,,Card,False
ORD-02027,2024-11-21,C0874,Small Business,44,True,Email,Desktop,East,Beauty,27.68,3,15,70.58,38.84,31.74,Express,3,True,4.0,Card,False
ORD-02028,2024-11-21,C0011,Consumer,30,False,Social,Desktop,North,Home,93.4,2,10,168.12,100.53,67.59,Express,4,False,,Card,False
ORD-02029,2024-11-22,C0037,Consumer,18,False,Organic Search,Mobile,East,Toys,51.34,1,20,41.07,27.31,13.76,Economy,5,False,4.0,Card,False
ORD-02030,2024-11-22,C0283,Consumer,55,False,Social,Mobile,North,Electronics,159.98,3,25,359.95,329.02,30.93,Standard,3,False,4.0,Card,False
ORD-02031,2024-11-22,C0899,Consumer,66,False,Email,Mobile,West,Apparel,34.34,1,25,25.76,16.95,8.81,Economy,10,False,3.0,Apple Pay,False
ORD-02032,2024-11-22,C0370,Consumer,35,False,Email,Mobile,East,Apparel,65.48,1,20,52.38,33.56,18.82,Standard,5,False,5.0,Card,False
ORD-02033,2024-11-22,C0990,Consumer,23,False,Direct,Mobile,West,Electronics,180.17,4,5,684.65,479.31,205.34,Economy,8,False,,Card,False
ORD-02034,2024-11-22,C0966,Enterprise,29,False,Email,Desktop,South,Sports,92.25,5,0,461.25,288.63,172.62,Standard,4,False,,PayPal,False
ORD-02035,2024-11-22,C0424,Consumer,68,False,Email,Mobile,North,Toys,30.59,2,10,55.06,32.71,22.35,Economy,5,False,,PayPal,False
ORD-02036,2024-11-22,C0037,Consumer,18,False,Paid Search,Desktop,East,Home,85.62,3,5,244.02,149.53,94.49,Standard,4,False,4.0,PayPal,False
ORD-02037,2024-11-22,C1052,Consumer,73,False,Paid Search,Desktop,North,Apparel,44.08,2,0,88.16,45.42,42.74,Economy,6,False,4.0,Apple Pay,False
ORD-02038,2024-11-22,C0106,Consumer,40,False,Social,Mobile,West,Electronics,191.94,3,5,547.03,367.82,179.21,Standard,8,False,4.0,Card,False
ORD-02039,2024-11-22,C0426,Consumer,52,False,Organic Search,Mobile,South,Apparel,68.07,1,0,68.07,38.1,29.97,Express,3,False,5.0,PayPal,False
ORD-02040,2024-11-22,C0966,Enterprise,29,False,Paid Search,Desktop,South,Home,78.28,4,0,313.12,178.07,135.05,Standard,4,False,4.0,Card,False
ORD-02041,2024-11-22,C0529,Consumer,42,False,Organic Search,Mobile,West,Beauty,31.68,1,15,26.93,14.54,12.39,Express,7,False,3.0,PayPal,True
ORD-02042,2024-11-22,C1010,Consumer,39,False,Organic Search,Desktop,East,Sports,45.36,3,0,136.08,80.1,55.98,Standard,4,False,4.0,Card,False
ORD-02043,2024-11-22,C0634,Consumer,20,False,Social,Mobile,North,Electronics,308.88,2,15,525.1,424.42,100.68,Standard,4,False,5.0,Card,True
ORD-02044,2024-11-22,C1052,Consumer,73,False,Organic Search,Mobile,North,Beauty,21.23,1,5,20.17,8.94,11.23,Express,2,False,,PayPal,False
ORD-02045,2024-11-23,C0298,Small Business,53,False,Affiliate,Desktop,South,Toys,30.59,2,20,48.94,33.59,15.35,Standard,5,False,3.0,Apple Pay,False
ORD-02046,2024-11-23,C0508,Enterprise,24,True,Direct,Mobile,East,Beauty,33.07,5,10,148.82,74.4,74.42,Standard,3,False,5.0,Apple Pay,False
ORD-02047,2024-11-23,C0916,Consumer,38,False,Social,Mobile,South,Home,75.36,1,0,75.36,43.0,32.36,Standard,4,False,4.0,PayPal,False
ORD-02048,2024-11-23,C0351,Consumer,74,False,Organic Search,Desktop,North,Home,108.08,1,15,91.87,64.2,27.67,Standard,4,False,4.0,Card,False
ORD-02049,2024-11-23,C0210,Consumer,19,False,Organic Search,Desktop,East,Beauty,24.24,3,15,61.81,33.59,28.22,Express,2,False,,Apple Pay,False
ORD-02050,2024-11-23,C0688,Consumer,65,False,Social,Desktop,West,Apparel,58.35,3,30,122.54,94.58,27.96,Standard,10,False,3.0,Card,False
ORD-02051,2024-11-23,C0840,Consumer,43,False,Affiliate,Desktop,West,Toys,31.54,2,25,47.31,32.36,14.95,Standard,8,False,2.0,Card,False
ORD-02052,2024-11-23,C0265,Consumer,47,False,Direct,Tablet,North,Beauty,31.2,1,20,24.96,14.74,10.22,Standard,3,False,5.0,Card,False
ORD-02053,2024-11-24,C0902,Consumer,41,False,Social,Desktop,South,Sports,85.11,1,20,68.09,51.32,16.77,Standard,3,False,5.0,Card,False
ORD-02054,2024-11-24,C0421,Consumer,73,False,Organic Search,Tablet,West,Electronics,287.79,2,20,460.46,387.73,72.73,Express,4,False,4.0,PayPal,False
ORD-02055,2024-11-24,C0275,Consumer,31,False,Organic Search,Mobile,South,Beauty,22.94,1,10,20.65,10.07,10.58,Express,3,False,5.0,Card,False
ORD-02056,2024-11-24,C0357,Consumer,37,True,Direct,Mobile,North,Home,138.05,1,30,96.64,82.24,14.4,Standard,3,False,4.0,Apple Pay,False
ORD-02057,2024-11-24,C0043,Consumer,69,False,Direct,Mobile,East,Home,70.71,2,0,141.42,80.88,60.54,Express,2,False,5.0,Card,False
ORD-02058,2024-11-24,C0529,Consumer,42,False,Social,Desktop,East,Beauty,47.74,2,15,81.16,44.64,36.52,Economy,5,False,,Card,False
ORD-02059,2024-11-24,C0265,Consumer,47,False,Organic Search,Desktop,East,Toys,38.66,1,0,38.66,21.77,16.89,Standard,5,False,3.0,Card,False
ORD-02060,2024-11-24,C0831,Consumer,45,False,Organic Search,Desktop,West,Sports,55.5,1,20,44.4,34.36,10.04,Express,5,False,4.0,Apple Pay,False
ORD-02061,2024-11-24,C0312,Consumer,72,False,Email,Mobile,South,Apparel,52.46,2,15,89.18,52.49,36.69,Standard,4,False,,PayPal,False
ORD-02062,2024-11-24,C0899,Consumer,66,False,Organic Search,Mobile,South,Apparel,28.51,2,20,45.62,29.29,16.33,Express,1,False,5.0,PayPal,False
ORD-02063,2024-11-24,C0728,Consumer,35,False,Social,Mobile,North,Toys,30.12,2,15,51.2,31.44,19.76,Standard,3,True,3.0,Bank Transfer,False
ORD-02064,2024-11-24,C0985,Consumer,27,False,Email,Desktop,East,Sports,48.42,1,5,46.0,29.98,16.02,Economy,7,False,5.0,PayPal,False
ORD-02065,2024-11-25,C0312,Consumer,72,False,Paid Search,Mobile,South,Apparel,30.06,1,0,30.06,15.32,14.74,Standard,3,False,,Apple Pay,False
ORD-02066,2024-11-25,C0207,Consumer,48,False,Email,Mobile,South,Apparel,56.59,1,5,53.76,30.7,23.06,Express,1,True,5.0,Card,False
ORD-02067,2024-11-25,C0671,Consumer,70,False,Direct,Mobile,East,Beauty,38.24,1,0,38.24,17.0,21.24,Standard,4,False,5.0,PayPal,False
ORD-02068,2024-11-25,C0898,Consumer,26,True,Paid Search,Desktop,East,Beauty,26.58,1,10,23.92,11.67,12.25,Economy,7,False,,PayPal,False
ORD-02069,2024-11-25,C0056,Consumer,39,False,Direct,Mobile,North,Home,68.5,1,10,61.65,38.66,22.99,Economy,5,True,4.0,PayPal,False
ORD-02070,2024-11-25,C0840,Consumer,43,False,Organic Search,Desktop,South,Toys,45.19,2,25,67.78,51.04,16.74,Economy,5,True,4.0,Card,False
ORD-02071,2024-11-25,C0207,Consumer,48,False,Organic Search,Mobile,South,Apparel,33.42,2,5,63.5,35.21,28.29,Express,3,False,5.0,Card,False
ORD-02072,2024-11-25,C0212,Small Business,25,False,Email,Mobile,East,Apparel,54.74,3,20,131.38,84.32,47.06,Standard,4,False,,PayPal,False
ORD-02073,2024-11-25,C0728,Consumer,35,False,Email,Mobile,South,Apparel,48.05,1,10,43.24,25.82,17.42,Standard,4,False,4.0,PayPal,False
ORD-02074,2024-11-25,C1140,Consumer,45,False,Email,Mobile,North,Beauty,34.15,1,0,34.15,15.55,18.6,Standard,5,False,,Card,False
ORD-02075,2024-11-26,C0889,Enterprise,64,False,Paid Search,Tablet,East,Toys,51.28,2,10,92.3,55.45,36.85,Standard,3,False,,PayPal,True
ORD-02076,2024-11-26,C0152,Consumer,46,False,Affiliate,Desktop,North,Beauty,33.82,2,0,67.64,31.34,36.3,Express,4,False,5.0,Apple Pay,False
ORD-02077,2024-11-26,C0237,Small Business,74,False,Organic Search,Mobile,South,Electronics,204.01,2,10,367.22,284.1,83.12,Express,1,False,5.0,Apple Pay,False
ORD-02078,2024-11-26,C0012,Consumer,31,False,Direct,Mobile,East,Apparel,42.28,3,30,88.79,64.83,23.96,Economy,7,False,3.0,PayPal,False
ORD-02079,2024-11-26,C0297,Consumer,66,False,Organic Search,Desktop,East,Beauty,36.96,2,5,70.22,33.28,36.94,Express,1,False,5.0,Card,False
ORD-02080,2024-11-26,C0265,Consumer,47,False,Paid Search,Desktop,West,Apparel,40.65,1,5,38.62,21.41,17.21,Express,4,False,5.0,Bank Transfer,False
ORD-02081,2024-11-26,C0541,Consumer,69,True,Email,Mobile,West,Apparel,54.91,2,5,104.33,56.67,47.66,Standard,7,False,2.0,Card,False
ORD-02082,2024-11-26,C0037,Consumer,18,False,Organic Search,Mobile,East,Beauty,36.12,1,0,36.12,15.3,20.82,Economy,5,True,4.0,Apple Pay,False
ORD-02083,2024-11-26,C0846,Consumer,27,False,Paid Search,Desktop,North,Toys,29.72,2,0,59.44,33.15,26.29,Standard,3,False,,Apple Pay,False
ORD-02084,2024-11-26,C1143,Consumer,54,False,Email,Desktop,North,Home,68.81,1,0,68.81,40.15,28.66,Standard,5,False,4.0,Apple Pay,False
ORD-02085,2024-11-26,C0115,Consumer,58,False,Social,Mobile,East,Beauty,36.34,1,0,36.34,16.2,20.14,Standard,3,True,3.0,Card,False
ORD-02086,2024-11-27,C0497,Consumer,37,False,Email,Desktop,South,Apparel,58.03,1,20,46.42,30.14,16.28,Standard,3,False,4.0,Card,False
ORD-02087,2024-11-27,C0671,Consumer,70,False,Social,Desktop,North,Apparel,35.64,3,10,96.23,57.55,38.68,Economy,5,False,,Apple Pay,False
ORD-02088,2024-11-27,C0106,Consumer,40,False,Social,Mobile,North,Home,126.09,4,0,504.36,293.98,210.38,Standard,3,False,5.0,Apple Pay,True
ORD-02089,2024-11-27,C1052,Consumer,73,False,Organic Search,Desktop,West,Toys,39.66,3,0,118.98,65.87,53.11,Express,6,False,4.0,Card,False
ORD-02090,2024-11-27,C0596,Consumer,69,False,Direct,Mobile,South,Apparel,50.42,2,5,95.8,52.81,42.99,Standard,6,False,,PayPal,True
ORD-02091,2024-11-27,C1023,Small Business,51,False,Email,Mobile,East,Sports,51.08,1,5,48.53,30.27,18.26,Standard,4,False,4.0,Card,False
ORD-02092,2024-11-27,C1052,Consumer,73,False,Direct,Desktop,South,Apparel,57.95,1,15,49.26,29.97,19.29,Standard,3,False,,Card,False
ORD-02093,2024-11-27,C0921,Consumer,53,False,Social,Mobile,South,Home,80.49,1,0,80.49,48.95,31.54,Standard,3,False,5.0,PayPal,False
ORD-02094,2024-11-27,C0070,Consumer,18,False,Organic Search,Mobile,North,Home,114.95,3,5,327.61,207.07,120.54,Standard,5,False,,PayPal,False
ORD-02095,2024-11-27,C0207,Consumer,48,False,Social,Mobile,South,Sports,91.37,1,0,91.37,56.33,35.04,Standard,3,False,5.0,Bank Transfer,False
ORD-02096,2024-11-27,C0118,Consumer,19,False,Affiliate,Mobile,South,Home,114.17,2,0,228.34,132.92,95.42,Standard,3,False,,Card,False
ORD-02097,2024-11-28,C0811,Consumer,42,False,Direct,Mobile,South,Apparel,33.54,2,0,67.08,34.6,32.48,Standard,4,False,4.0,Card,False
ORD-02098,2024-11-28,C0215,Consumer,73,False,Email,Mobile,South,Sports,35.86,1,25,26.9,21.76,5.14,Standard,4,False,4.0,Bank Transfer,False
ORD-02099,2024-11-28,C1143,Consumer,54,False,Direct,Tablet,South,Home,75.9,1,5,72.1,45.32,26.78,Economy,6,False,,PayPal,True
ORD-02100,2024-11-28,C0606,Small Business,62,False,Affiliate,Mobile,South,Apparel,38.77,3,10,104.68,59.4,45.28,Standard,3,False,4.0,PayPal,False
ORD-02101,2024-11-28,C0673,Enterprise,40,False,Paid Search,Mobile,North,Beauty,23.64,6,30,99.29,63.21,36.08,Economy,6,False,4.0,Card,False
ORD-02102,2024-11-28,C1140,Consumer,45,False,Organic Search,Mobile,South,Beauty,38.33,2,0,76.66,33.56,43.1,Standard,4,False,,PayPal,False
ORD-02103,2024-11-28,C1167,Consumer,30,True,Affiliate,Mobile,East,Toys,53.26,4,30,149.13,119.44,29.69,Standard,4,False,,Card,False
ORD-02104,2024-11-28,C0581,Consumer,57,True,Direct,Desktop,East,Beauty,29.46,2,20,47.14,27.34,19.8,Economy,5,False,4.0,PayPal,False
ORD-02105,2024-11-28,C0702,Consumer,33,False,Paid Search,Mobile,South,Electronics,192.76,2,20,308.42,263.42,45.0,Express,1,False,5.0,Card,True
ORD-02106,2024-11-28,C0085,Consumer,40,False,Social,Desktop,East,Toys,39.29,5,5,186.63,103.81,82.82,Economy,6,False,4.0,Card,False
ORD-02107,2024-11-29,C0255,Consumer,46,False,Affiliate,Mobile,West,Beauty,37.04,2,30,51.86,35.22,16.64,Economy,9,False,,Card,False
ORD-02108,2024-11-29,C0212,Small Business,25,False,Direct,Mobile,East,Electronics,254.11,1,0,254.11,176.89,77.22,Express,2,False,,Card,False
ORD-02109,2024-11-29,C0810,Consumer,39,False,Paid Search,Desktop,North,Electronics,223.13,1,30,156.19,144.27,11.92,Economy,5,False,,PayPal,False
ORD-02110,2024-11-29,C0558,Small Business,22,False,Affiliate,Mobile,West,Home,123.61,4,20,395.55,275.4,120.15,Express,5,False,,Card,False
ORD-02111,2024-11-29,C0728,Consumer,35,False,Organic Search,Mobile,East,Home,77.86,2,0,155.72,90.83,64.89,Standard,4,False,4.0,Card,True
ORD-02112,2024-11-29,C0037,Consumer,18,False,Social,Desktop,East,Sports,77.03,1,10,69.33,49.79,19.54,Economy,5,False,3.0,Card,False
ORD-02113,2024-11-29,C1110,Consumer,56,False,Paid Search,Desktop,East,Apparel,52.91,2,0,105.82,54.95,50.87,Express,4,False,,Bank Transfer,False
ORD-02114,2024-11-29,C0198,Consumer,30,False,Social,Mobile,North,Toys,30.48,2,20,48.77,32.63,16.14,Standard,4,False,,Card,False
ORD-02115,2024-11-29,C0084,Consumer,59,False,Paid Search,Mobile,West,Apparel,37.94,3,0,113.82,56.39,57.43,Economy,8,False,,Apple Pay,True
ORD-02116,2024-11-30,C1052,Consumer,73,False,Organic Search,Tablet,South,Sports,70.94,2,10,127.69,87.82,39.87,Economy,5,False,5.0,PayPal,False
ORD-02117,2024-11-30,C0744,Consumer,28,False,Social,Desktop,South,Beauty,38.36,2,15,65.21,34.85,30.36,Standard,7,False,3.0,Card,False
ORD-02118,2024-11-30,C0086,Small Business,50,False,Email,Desktop,East,Beauty,21.52,5,0,107.6,51.64,55.96,Economy,7,False,,PayPal,False
ORD-02119,2024-11-30,C0821,Consumer,50,False,Paid Search,Desktop,West,Home,111.42,3,0,334.26,189.58,144.68,Standard,8,False,3.0,PayPal,False
ORD-02120,2024-11-30,C0558,Small Business,22,False,Organic Search,Mobile,South,Apparel,44.45,6,5,253.37,137.47,115.9,Standard,4,False,4.0,Card,True
ORD-02121,2024-11-30,C0921,Consumer,53,False,Paid Search,Mobile,South,Apparel,56.75,2,25,85.12,57.06,28.06,Standard,4,False,4.0,Apple Pay,False
ORD-02122,2024-11-30,C0535,Small Business,44,False,Organic Search,Mobile,South,Toys,37.45,4,5,142.31,80.23,62.08,Standard,3,False,4.0,Card,False
ORD-02123,2024-11-30,C0728,Consumer,35,False,Paid Search,Desktop,North,Beauty,33.14,2,25,49.71,29.54,20.17,Standard,4,False,5.0,Bank Transfer,False
ORD-02124,2024-11-30,C1134,Consumer,20,False,Organic Search,Mobile,East,Apparel,47.97,1,30,33.58,24.55,9.03,Standard,4,False,5.0,Card,False
ORD-02125,2024-11-30,C0792,Enterprise,67,True,Paid Search,Mobile,North,Home,103.33,4,10,371.99,235.03,136.96,Standard,4,False,4.0,Apple Pay,False
ORD-02126,2024-11-30,C0229,Consumer,40,False,Direct,Mobile,East,Home,80.32,2,0,160.64,94.65,65.99,Standard,4,False,,Bank Transfer,False
ORD-02127,2024-11-30,C0400,Consumer,24,False,Paid Search,Mobile,South,Home,60.68,2,25,91.02,72.05,18.97,Express,4,False,4.0,Bank Transfer,False
ORD-02128,2024-11-30,C1143,Consumer,54,False,Affiliate,Mobile,West,Beauty,31.65,1,0,31.65,13.6,18.05,Economy,9,False,3.0,Card,False
ORD-02129,2024-12-01,C0885,Consumer,48,False,Email,Desktop,West,Beauty,39.39,2,15,66.96,34.67,32.29,Standard,9,False,,Apple Pay,False
ORD-02130,2024-12-01,C0606,Small Business,62,False,Organic Search,Desktop,North,Apparel,62.11,3,0,186.33,98.06,88.27,Standard,5,False,,PayPal,True
ORD-02131,2024-12-01,C1052,Consumer,73,False,Direct,Tablet,West,Electronics,245.54,2,25,368.31,332.65,35.66,Express,4,False,5.0,PayPal,False
ORD-02132,2024-12-01,C0226,Consumer,36,False,Direct,Desktop,South,Beauty,24.85,4,25,74.55,41.68,32.87,Standard,3,False,,Card,True
ORD-02133,2024-12-01,C0440,Consumer,69,False,Direct,Mobile,East,Toys,31.11,1,15,26.44,17.7,8.74,Economy,5,False,,Apple Pay,False
ORD-02134,2024-12-01,C0237,Small Business,74,False,Email,Mobile,West,Sports,67.65,2,20,108.24,80.84,27.4,Economy,9,False,3.0,Card,False
ORD-02135,2024-12-01,C0990,Consumer,23,False,Affiliate,Mobile,East,Sports,90.66,1,15,77.06,49.98,27.08,Standard,3,True,4.0,Card,False
ORD-02136,2024-12-01,C1052,Consumer,73,False,Direct,Desktop,North,Home,90.73,1,0,90.73,54.42,36.31,Standard,5,False,,Card,False
ORD-02137,2024-12-01,C0386,Consumer,28,False,Organic Search,Mobile,West,Beauty,36.45,1,0,36.45,16.97,19.48,Standard,6,False,3.0,PayPal,False
ORD-02138,2024-12-01,C0345,Consumer,56,False,Direct,Mobile,West,Home,103.06,2,15,175.2,120.62,54.58,Standard,8,False,3.0,PayPal,False
ORD-02139,2024-12-02,C0317,Consumer,47,True,Paid Search,Tablet,North,Beauty,43.8,2,15,74.46,40.39,34.07,Economy,8,False,3.0,Card,False
ORD-02140,2024-12-02,C1052,Consumer,73,False,Paid Search,Desktop,East,Apparel,42.95,2,20,68.72,44.9,23.82,Standard,3,False,5.0,Card,False
ORD-02141,2024-12-02,C0207,Consumer,48,False,Email,Mobile,West,Beauty,26.79,1,15,22.77,12.25,10.52,Economy,9,False,3.0,Card,False
ORD-02142,2024-12-02,C0671,Consumer,70,False,Social,Desktop,West,Beauty,28.26,3,15,72.06,37.83,34.23,Standard,10,True,1.0,Apple Pay,False
ORD-02143,2024-12-02,C0369,Consumer,43,False,Direct,Tablet,North,Sports,52.37,3,0,157.11,99.22,57.89,Express,4,False,4.0,Card,False
ORD-02144,2024-12-02,C0170,Consumer,24,False,Social,Desktop,East,Beauty,31.2,1,0,31.2,14.35,16.85,Standard,4,False,,Apple Pay,False
ORD-02145,2024-12-02,C0994,Small Business,47,False,Email,Mobile,South,Toys,40.02,1,15,34.02,22.2,11.82,Standard,4,False,3.0,Apple Pay,False
ORD-02146,2024-12-02,C0987,Consumer,55,False,Paid Search,Desktop,South,Apparel,31.61,1,15,26.87,16.28,10.59,Standard,5,False,4.0,Card,True
ORD-02147,2024-12-02,C0207,Consumer,48,False,Direct,Desktop,South,Toys,34.26,1,0,34.26,18.28,15.98,Standard,5,False,5.0,Card,False
ORD-02148,2024-12-02,C0188,Small Business,33,False,Direct,Mobile,West,Beauty,19.06,1,0,19.06,8.54,10.52,Standard,6,False,4.0,Card,True
ORD-02149,2024-12-02,C0303,Small Business,68,False,Affiliate,Desktop,West,Toys,23.96,2,20,38.34,27.23,11.11,Standard,7,False,4.0,Card,False
ORD-02150,2024-12-03,C0263,Small Business,25,False,Organic Search,Desktop,North,Beauty,27.28,4,5,103.66,48.22,55.44,Express,3,False,4.0,PayPal,False
ORD-02151,2024-12-03,C0606,Small Business,62,False,Email,Desktop,South,Apparel,57.88,7,25,303.87,205.24,98.63,Standard,4,False,,Card,False
ORD-02152,2024-12-03,C0506,Consumer,35,False,Direct,Mobile,West,Electronics,117.13,2,25,175.7,169.89,5.81,Economy,9,False,,Apple Pay,True
ORD-02153,2024-12-03,C0728,Consumer,35,False,Organic Search,Mobile,North,Toys,41.76,1,15,35.5,23.65,11.85,Standard,5,False,5.0,Card,True
ORD-02154,2024-12-03,C0213,Consumer,19,False,Paid Search,Mobile,East,Beauty,20.7,2,0,41.4,18.73,22.67,Express,1,False,5.0,Card,False
ORD-02155,2024-12-03,C0930,Small Business,55,False,Paid Search,Desktop,South,Beauty,34.37,4,20,109.98,61.67,48.31,Standard,3,False,,Card,False
ORD-02156,2024-12-03,C1165,Consumer,43,False,Social,Mobile,East,Apparel,49.76,1,0,49.76,25.08,24.68,Standard,5,False,,Card,False
ORD-02157,2024-12-03,C0421,Consumer,73,False,Organic Search,Mobile,East,Apparel,44.0,1,10,39.6,23.65,15.95,Standard,4,False,5.0,Apple Pay,False
ORD-02158,2024-12-03,C0298,Small Business,53,False,Direct,Tablet,North,Toys,42.76,4,0,171.04,91.69,79.35,Standard,3,False,,Card,True
ORD-02159,2024-12-03,C0525,Enterprise,23,False,Direct,Mobile,West,Home,75.55,4,0,302.2,180.54,121.66,Standard,7,True,2.0,Apple Pay,False
ORD-02160,2024-12-03,C0990,Consumer,23,False,Email,Mobile,East,Beauty,43.82,1,0,43.82,20.29,23.53,Standard,3,False,5.0,Card,True
ORD-02161,2024-12-03,C0825,Small Business,23,False,Paid Search,Tablet,North,Apparel,54.84,3,0,164.52,88.96,75.56,Standard,3,True,,Apple Pay,False
ORD-02162,2024-12-04,C0106,Consumer,40,False,Paid Search,Desktop,East,Home,59.17,3,20,142.01,101.81,40.2,Standard,5,False,4.0,Card,False
ORD-02163,2024-12-04,C0840,Consumer,43,False,Paid Search,Mobile,East,Apparel,51.31,2,0,102.62,54.27,48.35,Standard,5,False,,Card,False
ORD-02164,2024-12-04,C0246,Small Business,35,False,Organic Search,Mobile,North,Beauty,30.72,5,0,153.6,69.29,84.31,Economy,9,False,2.0,Apple Pay,True
ORD-02165,2024-12-04,C0550,Small Business,30,False,Direct,Desktop,North,Apparel,50.61,5,0,253.05,131.92,121.13,Standard,6,False,4.0,Card,False
ORD-02166,2024-12-04,C0728,Consumer,35,False,Email,Mobile,East,Electronics,227.81,2,0,455.62,312.69,142.93,Standard,4,False,,Card,True
ORD-02167,2024-12-04,C0685,Consumer,32,False,Direct,Mobile,South,Apparel,41.24,3,0,123.72,64.62,59.1,Standard,5,False,4.0,PayPal,False
ORD-02168,2024-12-04,C0748,Consumer,33,False,Social,Mobile,North,Apparel,58.85,2,30,82.39,59.97,22.42,Standard,5,False,3.0,Apple Pay,False
ORD-02169,2024-12-04,C1052,Consumer,73,False,Paid Search,Mobile,North,Sports,117.85,1,0,117.85,72.03,45.82,Standard,5,False,,Apple Pay,False
ORD-02170,2024-12-04,C0676,Small Business,50,False,Social,Desktop,South,Beauty,26.21,1,20,20.97,11.75,9.22,Standard,4,False,4.0,Card,False
ORD-02171,2024-12-04,C0728,Consumer,35,False,Email,Desktop,West,Apparel,52.92,3,30,111.13,80.17,30.96,Economy,8,False,3.0,Apple Pay,False
ORD-02172,2024-12-05,C0063,Small Business,53,False,Organic Search,Mobile,North,Home,44.04,2,30,61.66,51.31,10.35,Express,2,False,5.0,Card,False
ORD-02173,2024-12-05,C0298,Small Business,53,False,Organic Search,Mobile,West,Apparel,42.6,2,0,85.2,45.01,40.19,Express,4,False,,Card,False
ORD-02174,2024-12-05,C0325,Consumer,21,False,Paid Search,Desktop,South,Electronics,223.95,2,30,313.53,314.06,-0.53,Economy,7,False,4.0,Bank Transfer,False
ORD-02175,2024-12-05,C0164,Small Business,58,True,Social,Desktop,North,Toys,30.63,4,5,116.39,69.16,47.23,Standard,4,False,4.0,PayPal,False
ORD-02176,2024-12-06,C0152,Consumer,46,False,Paid Search,Mobile,North,Home,76.29,1,25,57.22,43.12,14.1,Standard,3,False,,PayPal,False
ORD-02177,2024-12-06,C0728,Consumer,35,False,Email,Desktop,East,Beauty,49.4,2,20,79.04,43.98,35.06,Express,2,False,5.0,PayPal,False
ORD-02178,2024-12-06,C0515,Enterprise,34,False,Paid Search,Mobile,East,Home,120.39,4,20,385.25,279.06,106.19,Standard,4,False,5.0,PayPal,False
ORD-02179,2024-12-06,C0577,Enterprise,38,False,Social,Desktop,North,Beauty,27.05,4,0,108.2,45.33,62.87,Economy,7,False,3.0,Card,False
ORD-02180,2024-12-06,C0226,Consumer,36,False,Email,Mobile,West,Electronics,238.74,3,5,680.41,496.0,184.41,Standard,7,False,3.0,Card,False
ORD-02181,2024-12-06,C0588,Consumer,62,False,Social,Mobile,North,Apparel,58.44,3,5,166.55,87.93,78.62,Economy,5,False,,Card,False
ORD-02182,2024-12-06,C0777,Consumer,43,True,Email,Desktop,North,Home,58.95,2,10,106.11,67.24,38.87,Standard,3,False,5.0,PayPal,False
ORD-02183,2024-12-06,C0464,Consumer,59,True,Organic Search,Desktop,South,Toys,31.26,2,10,56.27,35.7,20.57,Standard,3,False,,PayPal,False
ORD-02184,2024-12-06,C0265,Consumer,47,False,Paid Search,Mobile,East,Home,80.4,3,0,241.2,140.54,100.66,Economy,6,True,4.0,Card,False
ORD-02185,2024-12-06,C0800,Consumer,34,False,Organic Search,Mobile,North,Apparel,28.2,1,30,19.74,14.65,5.09,Standard,3,False,4.0,Apple Pay,False
ORD-02186,2024-12-06,C1063,Enterprise,62,True,Organic Search,Desktop,North,Apparel,27.46,3,10,74.14,44.31,29.83,Express,2,False,,Card,False
ORD-02187,2024-12-07,C0748,Consumer,33,False,Paid Search,Mobile,East,Sports,86.93,3,25,195.59,148.73,46.86,Economy,5,False,,Apple Pay,False
ORD-02188,2024-12-07,C0207,Consumer,48,False,Affiliate,Mobile,East,Beauty,30.76,1,25,23.07,13.75,9.32,Express,2,False,,Card,False
ORD-02189,2024-12-07,C0728,Consumer,35,False,Social,Desktop,North,Electronics,317.41,1,10,285.67,216.63,69.04,Standard,4,False,,Apple Pay,True
ORD-02190,2024-12-07,C0188,Small Business,33,False,Affiliate,Desktop,East,Home,82.88,5,5,393.68,244.04,149.64,Standard,4,False,4.0,Apple Pay,False
ORD-02191,2024-12-07,C1137,Small Business,70,False,Affiliate,Desktop,East,Apparel,61.5,3,15,156.82,97.4,59.42,Standard,4,False,3.0,PayPal,False
ORD-02192,2024-12-07,C0558,Small Business,22,False,Paid Search,Desktop,South,Sports,92.23,2,30,129.12,108.88,20.24,Standard,7,False,,PayPal,False
ORD-02193,2024-12-07,C1052,Consumer,73,False,Direct,Mobile,South,Sports,51.98,2,15,88.37,64.15,24.22,Standard,9,False,2.0,Card,False
ORD-02194,2024-12-07,C1165,Consumer,43,False,Paid Search,Desktop,East,Electronics,378.64,2,5,719.42,516.28,203.14,Express,1,False,,Card,False
ORD-02195,2024-12-07,C0207,Consumer,48,False,Organic Search,Desktop,East,Toys,24.94,2,20,39.9,27.55,12.35,Express,3,False,5.0,PayPal,False
ORD-02196,2024-12-07,C0302,Consumer,50,False,Organic Search,Mobile,West,Apparel,58.01,2,30,81.21,56.92,24.29,Standard,6,False,4.0,Card,False
ORD-02197,2024-12-07,C0685,Consumer,32,False,Paid Search,Desktop,West,Sports,53.93,4,20,172.58,134.93,37.65,Express,6,False,5.0,PayPal,False
ORD-02198,2024-12-08,C0671,Consumer,70,False,Organic Search,Desktop,South,Electronics,244.28,1,10,219.85,162.76,57.09,Express,1,False,,Card,False
ORD-02199,2024-12-08,C1052,Consumer,73,False,Social,Tablet,South,Beauty,29.28,2,25,43.92,26.81,17.11,Standard,3,False,5.0,Apple Pay,False
ORD-02200,2024-12-08,C0918,Consumer,48,False,Paid Search,Desktop,East,Apparel,37.31,1,30,26.12,19.6,6.52,Standard,4,False,4.0,Card,False
ORD-02201,2024-12-08,C0728,Consumer,35,False,Email,Mobile,West,Apparel,41.64,1,0,41.64,21.95,19.69,Express,6,False,4.0,Card,False
ORD-02202,2024-12-08,C0966,Enterprise,29,False,Social,Desktop,West,Home,170.71,3,0,512.13,289.36,222.77,Economy,8,False,3.0,PayPal,False
ORD-02203,2024-12-08,C0301,Consumer,20,False,Paid Search,Mobile,North,Home,82.98,1,30,58.09,46.82,11.27,Standard,4,False,,Card,False
ORD-02204,2024-12-08,C0676,Small Business,50,False,Organic Search,Mobile,West,Beauty,43.37,3,15,110.59,58.71,51.88,Economy,10,False,2.0,PayPal,False
ORD-02205,2024-12-08,C0676,Small Business,50,False,Social,Mobile,North,Home,73.35,2,0,146.7,84.04,62.66,Standard,3,False,4.0,Card,False
ORD-02206,2024-12-08,C1156,Consumer,49,False,Social,Mobile,West,Sports,70.76,1,15,60.15,44.21,15.94,Economy,8,True,2.0,Card,False
ORD-02207,2024-12-08,C0516,Enterprise,32,False,Direct,Mobile,South,Home,86.57,3,0,259.71,159.09,100.62,Express,3,False,,Apple Pay,False
ORD-02208,2024-12-08,C0298,Small Business,53,False,Social,Desktop,West,Sports,67.91,2,20,108.66,78.63,30.03,Standard,7,False,,PayPal,True
ORD-02209,2024-12-08,C0980,Consumer,28,False,Organic Search,Desktop,East,Apparel,58.34,1,0,58.34,30.65,27.69,Standard,3,True,4.0,Card,False
ORD-02210,2024-12-08,C0106,Consumer,40,False,Organic Search,Mobile,South,Home,69.45,2,5,131.96,81.38,50.58,Standard,5,False,4.0,Card,False
ORD-02211,2024-12-08,C1052,Consumer,73,False,Organic Search,Mobile,West,Toys,26.0,2,5,49.4,28.73,20.67,Standard,7,False,4.0,Apple Pay,False
ORD-02212,2024-12-08,C1013,Consumer,32,True,Paid Search,Desktop,South,Home,63.77,1,10,57.39,35.52,21.87,Economy,5,False,,Card,False
ORD-02213,2024-12-09,C0790,Small Business,50,False,Social,Tablet,West,Beauty,33.56,2,10,60.41,30.35,30.06,Economy,10,False,2.0,PayPal,True
ORD-02214,2024-12-09,C0265,Consumer,47,False,Direct,Mobile,South,Apparel,50.81,2,10,91.46,49.98,41.48,Standard,4,False,,Apple Pay,False
ORD-02215,2024-12-09,C1134,Consumer,20,False,Paid Search,Desktop,North,Beauty,27.13,3,0,81.39,36.26,45.13,Economy,6,False,3.0,Card,True
ORD-02216,2024-12-09,C0957,Consumer,21,False,Direct,Mobile,East,Apparel,46.63,1,30,32.64,24.42,8.22,Express,2,True,4.0,PayPal,False
ORD-02217,2024-12-09,C0671,Consumer,70,False,Email,Desktop,North,Home,71.85,2,0,143.7,87.96,55.74,Standard,3,False,5.0,Apple Pay,False
ORD-02218,2024-12-09,C1019,Consumer,34,False,Paid Search,Mobile,North,Beauty,24.98,1,20,19.98,11.05,8.93,Standard,3,False,4.0,Bank Transfer,False
ORD-02219,2024-12-09,C0188,Small Business,33,False,Email,Mobile,West,Electronics,118.11,3,30,248.03,242.64,5.39,Economy,9,False,,Card,False
ORD-02220,2024-12-09,C0063,Small Business,53,False,Paid Search,Tablet,South,Toys,38.77,2,0,77.54,40.82,36.72,Standard,4,False,3.0,PayPal,False
ORD-02221,2024-12-09,C0012,Consumer,31,False,Affiliate,Desktop,West,Sports,57.4,2,15,97.58,67.26,30.32,Standard,8,False,,Card,False
ORD-02222,2024-12-09,C0671,Consumer,70,False,Email,Mobile,East,Home,84.31,1,0,84.31,49.3,35.01,Standard,5,False,,Card,False
ORD-02223,2024-12-09,C0352,Enterprise,52,True,Affiliate,Mobile,West,Electronics,198.41,6,5,1130.94,829.76,301.18,Express,4,False,,Card,False
ORD-02224,2024-12-09,C0744,Consumer,28,False,Organic Search,Desktop,East,Apparel,64.21,1,20,51.37,33.65,17.72,Express,3,False,,Apple Pay,False
ORD-02225,2024-12-09,C1137,Small Business,70,False,Organic Search,Desktop,West,Home,78.62,2,0,157.24,86.91,70.33,Standard,6,False,,Apple Pay,False
ORD-02226,2024-12-10,C0246,Small Business,35,False,Email,Desktop,South,Apparel,45.8,3,25,103.05,71.84,31.21,Express,2,True,,Bank Transfer,False
ORD-02227,2024-12-10,C0144,Enterprise,32,True,Organic Search,Desktop,East,Electronics,227.45,4,0,909.8,617.79,292.01,Standard,6,False,,PayPal,False
ORD-02228,2024-12-10,C0595,Enterprise,22,False,Social,Mobile,South,Beauty,38.16,9,0,343.44,151.4,192.04,Express,2,True,4.0,Apple Pay,True
ORD-02229,2024-12-10,C1009,Consumer,60,False,Direct,Desktop,West,Sports,84.54,1,30,59.18,49.2,9.98,Standard,10,False,2.0,Bank Transfer,False
ORD-02230,2024-12-10,C0825,Small Business,23,False,Organic Search,Mobile,West,Apparel,62.16,2,15,105.67,64.53,41.14,Express,5,False,4.0,PayPal,False
ORD-02231,2024-12-10,C0400,Consumer,24,False,Direct,Desktop,East,Home,150.12,3,10,405.32,265.02,140.3,Express,1,False,,Card,False
ORD-02232,2024-12-10,C0399,Consumer,22,False,Social,Mobile,East,Home,76.04,1,20,60.83,44.61,16.22,Economy,5,False,,Apple Pay,False
ORD-02233,2024-12-10,C0437,Consumer,61,True,Direct,Desktop,East,Home,89.1,2,5,169.29,105.13,64.16,Standard,5,False,4.0,PayPal,False
ORD-02234,2024-12-10,C1038,Consumer,68,True,Social,Desktop,West,Apparel,36.11,3,10,97.5,55.93,41.57,Express,6,False,4.0,PayPal,False
ORD-02235,2024-12-10,C1140,Consumer,45,False,Social,Desktop,East,Sports,84.99,5,5,403.7,265.64,138.06,Standard,5,False,4.0,PayPal,False
ORD-02236,2024-12-10,C0298,Small Business,53,False,Affiliate,Mobile,North,Toys,33.48,4,10,120.53,74.53,46.0,Standard,5,True,4.0,Card,False
ORD-02237,2024-12-10,C0966,Enterprise,29,False,Affiliate,Desktop,North,Toys,49.68,7,25,260.82,191.7,69.12,Standard,3,False,4.0,Card,False
ORD-02238,2024-12-10,C0400,Consumer,24,False,Organic Search,Mobile,South,Toys,54.25,2,10,97.65,60.14,37.51,Economy,5,False,3.0,Card,False
ORD-02239,2024-12-10,C1178,Consumer,69,False,Email,Mobile,East,Electronics,199.82,3,0,599.46,404.73,194.73,Standard,5,True,,PayPal,False
ORD-02240,2024-12-10,C0728,Consumer,35,False,Social,Mobile,West,Sports,57.47,2,5,109.19,74.8,34.39,Standard,7,False,4.0,Card,False
ORD-02241,2024-12-10,C0343,Consumer,44,False,Paid Search,Desktop,West,Electronics,289.07,3,10,780.49,565.2,215.29,Economy,8,False,4.0,Card,False
ORD-02242,2024-12-11,C0743,Consumer,57,False,Paid Search,Mobile,North,Electronics,181.25,4,10,652.5,474.91,177.59,Standard,3,False,,Card,False
ORD-02243,2024-12-11,C0679,Consumer,63,False,Organic Search,Mobile,South,Electronics,211.63,3,25,476.17,417.25,58.92,Standard,3,False,,PayPal,False
ORD-02244,2024-12-11,C0212,Small Business,25,False,Direct,Mobile,North,Beauty,37.41,2,20,59.86,34.04,25.82,Standard,3,False,4.0,Card,False
ORD-02245,2024-12-11,C0348,Consumer,47,False,Paid Search,Desktop,East,Home,57.77,2,10,103.99,66.75,37.24,Express,1,False,5.0,PayPal,False
ORD-02246,2024-12-11,C0789,Small Business,64,False,Social,Desktop,East,Home,86.32,1,0,86.32,50.31,36.01,Express,1,False,,Card,False
ORD-02247,2024-12-11,C0881,Consumer,33,False,Organic Search,Mobile,East,Electronics,213.05,1,5,202.4,151.04,51.36,Standard,3,False,,Card,False
ORD-02248,2024-12-11,C0012,Consumer,31,False,Paid Search,Mobile,East,Apparel,45.6,1,0,45.6,22.4,23.2,Standard,4,False,,Card,False
ORD-02249,2024-12-11,C0799,Consumer,45,False,Organic Search,Desktop,East,Apparel,34.29,2,10,61.72,36.9,24.82,Standard,4,False,3.0,Card,False
ORD-02250,2024-12-12,C0785,Consumer,54,False,Affiliate,Desktop,East,Apparel,44.49,2,5,84.53,44.93,39.6,Standard,3,True,3.0,Card,False
ORD-02251,2024-12-12,C0758,Consumer,64,False,Social,Desktop,North,Home,98.0,1,5,93.1,54.28,38.82,Standard,5,False,4.0,Card,False
ORD-02252,2024-12-12,C0728,Consumer,35,False,Organic Search,Tablet,West,Toys,41.17,4,15,139.98,82.34,57.64,Express,5,False,,Apple Pay,False
ORD-02253,2024-12-12,C0406,Small Business,55,False,Social,Mobile,East,Sports,81.33,6,15,414.78,295.71,119.07,Standard,3,False,5.0,Card,False
ORD-02254,2024-12-12,C0525,Enterprise,23,False,Paid Search,Mobile,East,Toys,34.34,2,0,68.68,39.04,29.64,Economy,6,True,3.0,Apple Pay,False
ORD-02255,2024-12-12,C0709,Consumer,30,False,Social,Mobile,East,Electronics,331.76,1,0,331.76,212.01,119.75,Express,2,False,,Card,False
ORD-02256,2024-12-12,C1052,Consumer,73,False,Direct,Mobile,North,Toys,42.78,1,20,34.22,24.07,10.15,Standard,4,False,5.0,Card,True
ORD-02257,2024-12-12,C0823,Consumer,53,False,Direct,Mobile,West,Home,64.21,3,30,134.84,113.67,21.17,Standard,8,False,4.0,Card,False
ORD-02258,2024-12-12,C0421,Consumer,73,False,Social,Desktop,South,Sports,59.55,1,0,59.55,36.79,22.76,Express,2,False,,Card,False
ORD-02259,2024-12-12,C0572,Small Business,58,False,Direct,Mobile,West,Home,69.01,3,10,186.33,117.84,68.49,Economy,9,False,,Card,True
ORD-02260,2024-12-12,C0207,Consumer,48,False,Direct,Desktop,West,Home,72.51,1,5,68.88,41.22,27.66,Express,6,False,4.0,Bank Transfer,False
ORD-02261,2024-12-13,C0681,Consumer,58,True,Paid Search,Desktop,East,Sports,64.88,1,0,64.88,38.26,26.62,Standard,3,False,5.0,Apple Pay,False
ORD-02262,2024-12-13,C0655,Consumer,21,False,Email,Desktop,East,Home,71.12,1,10,64.01,41.78,22.23,Standard,3,False,5.0,Card,False
ORD-02263,2024-12-13,C0617,Consumer,53,False,Organic Search,Desktop,North,Home,86.18,2,0,172.36,93.79,78.57,Standard,4,False,3.0,Card,False
ORD-02264,2024-12-13,C0207,Consumer,48,False,Email,Mobile,North,Apparel,54.9,2,15,93.33,58.42,34.91,Standard,4,False,3.0,Card,False
ORD-02265,2024-12-13,C1125,Small Business,48,False,Paid Search,Desktop,West,Home,78.05,2,0,156.1,91.85,64.25,Standard,8,False,3.0,Card,False
ORD-02266,2024-12-13,C0152,Consumer,46,False,Affiliate,Desktop,South,Apparel,43.74,1,25,32.8,21.93,10.87,Standard,5,False,4.0,Card,False
ORD-02267,2024-12-13,C0600,Small Business,60,True,Organic Search,Desktop,North,Electronics,187.92,2,30,263.09,269.57,-6.48,Economy,7,False,4.0,Card,False
ORD-02268,2024-12-13,C1052,Consumer,73,False,Social,Mobile,South,Toys,29.46,3,5,83.96,50.53,33.43,Standard,3,False,4.0,Card,True
ORD-02269,2024-12-13,C0207,Consumer,48,False,Email,Mobile,North,Apparel,58.46,2,15,99.38,60.08,39.3,Express,1,False,5.0,Card,False
ORD-02270,2024-12-13,C0037,Consumer,18,False,Social,Mobile,East,Apparel,37.98,3,0,113.94,61.72,52.22,Standard,5,True,,Card,False
ORD-02271,2024-12-13,C0257,Consumer,64,False,Social,Desktop,South,Home,65.25,2,15,110.92,76.91,34.01,Standard,3,True,,Card,False
ORD-02272,2024-12-13,C1096,Small Business,55,False,Paid Search,Desktop,West,Toys,45.43,3,15,115.85,75.84,40.01,Standard,7,False,,Card,False
ORD-02273,2024-12-13,C0676,Small Business,50,False,Social,Mobile,East,Electronics,319.38,2,0,638.76,432.46,206.3,Express,1,False,5.0,Card,False
ORD-02274,2024-12-13,C0841,Consumer,48,True,Affiliate,Mobile,West,Apparel,53.47,1,0,53.47,28.6,24.87,Standard,6,False,,Card,False
ORD-02275,2024-12-13,C0646,Consumer,19,False,Social,Mobile,North,Beauty,40.04,1,15,34.03,17.97,16.06,Standard,5,True,3.0,Apple Pay,False
ORD-02276,2024-12-14,C0529,Consumer,42,False,Paid Search,Mobile,East,Apparel,46.25,1,0,46.25,23.64,22.61,Standard,4,False,4.0,Card,False
ORD-02277,2024-12-14,C0685,Consumer,32,False,Direct,Mobile,South,Apparel,47.34,1,0,47.34,24.92,22.42,Standard,3,False,,Card,False
ORD-02278,2024-12-14,C0730,Consumer,72,False,Direct,Desktop,West,Apparel,50.54,2,0,101.08,50.53,50.55,Standard,8,False,4.0,Card,False
ORD-02279,2024-12-14,C0685,Consumer,32,False,Direct,Mobile,East,Home,75.53,1,20,60.42,43.94,16.48,Express,2,False,,Apple Pay,False
ORD-02280,2024-12-14,C0728,Consumer,35,False,Paid Search,Desktop,West,Apparel,37.05,1,0,37.05,18.85,18.2,Economy,8,False,,Card,False
ORD-02281,2024-12-14,C0654,Small Business,67,False,Organic Search,Tablet,North,Beauty,35.66,2,10,64.19,33.07,31.12,Standard,3,False,4.0,Card,False
ORD-02282,2024-12-14,C0576,Consumer,24,True,Affiliate,Desktop,South,Electronics,203.56,1,20,162.85,137.33,25.52,Standard,3,False,5.0,PayPal,False
ORD-02283,2024-12-14,C0771,Consumer,19,False,Paid Search,Desktop,East,Home,76.55,1,30,53.58,44.78,8.8,Economy,5,False,,Bank Transfer,False
ORD-02284,2024-12-14,C0571,Small Business,30,False,Paid Search,Mobile,North,Toys,38.83,3,5,110.67,63.1,47.57,Standard,3,False,5.0,PayPal,False
ORD-02285,2024-12-14,C1052,Consumer,73,False,Organic Search,Mobile,North,Apparel,33.09,1,0,33.09,17.36,15.73,Economy,7,False,4.0,Card,False
ORD-02286,2024-12-14,C0345,Consumer,56,False,Paid Search,Tablet,East,Beauty,32.49,2,0,64.98,29.19,35.79,Standard,7,False,4.0,PayPal,False
ORD-02287,2024-12-14,C0400,Consumer,24,False,Organic Search,Mobile,East,Toys,49.69,1,30,34.78,26.68,8.1,Standard,4,False,4.0,Card,False
ORD-02288,2024-12-14,C0309,Consumer,52,False,Direct,Desktop,North,Home,94.99,1,0,94.99,55.28,39.71,Standard,6,False,3.0,Card,False
ORD-02289,2024-12-14,C0676,Small Business,50,False,Affiliate,Mobile,West,Home,87.08,3,15,222.05,151.24,70.81,Economy,8,False,,Apple Pay,True
ORD-02290,2024-12-14,C0814,Small Business,60,False,Direct,Desktop,South,Sports,57.97,3,0,173.91,102.87,71.04,Standard,4,False,,PayPal,False
ORD-02291,2024-12-15,C0929,Consumer,38,False,Social,Desktop,North,Apparel,78.45,1,30,54.92,42.15,12.77,Standard,4,True,4.0,Card,False
ORD-02292,2024-12-15,C0758,Consumer,64,False,Paid Search,Mobile,South,Electronics,294.17,1,10,264.75,194.66,70.09,Express,3,True,5.0,Bank Transfer,False
ORD-02293,2024-12-15,C0685,Consumer,32,False,Paid Search,Mobile,North,Apparel,59.76,1,10,53.78,31.96,21.82,Standard,6,False,4.0,Bank Transfer,False
ORD-02294,2024-12-15,C0544,Consumer,67,False,Social,Mobile,North,Beauty,27.71,1,0,27.71,13.21,14.5,Express,2,False,5.0,PayPal,False
ORD-02295,2024-12-15,C1106,Consumer,67,False,Email,Desktop,East,Electronics,187.81,1,0,187.81,121.57,66.24,Standard,3,False,5.0,Apple Pay,False
ORD-02296,2024-12-15,C0445,Consumer,65,False,Organic Search,Desktop,North,Home,71.1,2,0,142.2,79.76,62.44,Economy,6,False,3.0,PayPal,True
ORD-02297,2024-12-15,C1052,Consumer,73,False,Affiliate,Mobile,East,Toys,41.16,1,0,41.16,23.0,18.16,Standard,4,False,5.0,Card,False
ORD-02298,2024-12-15,C0060,Consumer,29,True,Email,Desktop,North,Apparel,50.2,3,0,150.6,80.82,69.78,Economy,7,False,3.0,PayPal,False
ORD-02299,2024-12-15,C0445,Consumer,65,False,Organic Search,Mobile,East,Electronics,270.95,1,10,243.86,187.5,56.36,Standard,3,False,5.0,Card,False
ORD-02300,2024-12-16,C0728,Consumer,35,False,Email,Desktop,North,Apparel,29.58,2,0,59.16,31.2,27.96,Standard,6,False,4.0,PayPal,False
ORD-02301,2024-12-16,C1052,Consumer,73,False,Direct,Desktop,North,Electronics,125.06,2,20,200.1,170.08,30.02,Standard,5,False,3.0,Card,False
ORD-02302,2024-12-16,C0739,Consumer,72,False,Paid Search,Mobile,East,Sports,65.24,1,0,65.24,39.05,26.19,Standard,4,False,,PayPal,False
ORD-02303,2024-12-16,C0761,Small Business,62,True,Direct,Desktop,East,Apparel,60.76,3,5,173.17,90.86,82.31,Standard,6,False,3.0,Card,True
ORD-02304,2024-12-16,C0606,Small Business,62,False,Direct,Desktop,East,Electronics,273.27,2,0,546.54,377.08,169.46,Economy,5,False,3.0,Apple Pay,False
ORD-02305,2024-12-16,C0283,Consumer,55,False,Affiliate,Mobile,North,Home,122.4,2,10,220.32,146.15,74.17,Standard,5,False,4.0,PayPal,False
ORD-02306,2024-12-16,C0207,Consumer,48,False,Email,Desktop,East,Beauty,29.31,1,0,29.31,13.42,15.89,Standard,5,False,2.0,Card,False
ORD-02307,2024-12-16,C0386,Consumer,28,False,Direct,Desktop,East,Home,64.95,2,0,129.9,73.96,55.94,Economy,5,False,4.0,PayPal,False
ORD-02308,2024-12-16,C0121,Consumer,72,False,Paid Search,Mobile,South,Apparel,54.16,1,15,46.04,27.67,18.37,Standard,3,False,4.0,PayPal,False
ORD-02309,2024-12-16,C0953,Consumer,55,False,Social,Mobile,South,Apparel,37.72,2,10,67.9,36.72,31.18,Standard,4,False,5.0,Card,False
ORD-02310,2024-12-16,C1052,Consumer,73,False,Organic Search,Desktop,East,Apparel,46.64,1,0,46.64,24.27,22.37,Express,2,False,5.0,Card,False
ORD-02311,2024-12-16,C0106,Consumer,40,False,Social,Desktop,South,Electronics,198.7,3,0,596.1,401.37,194.73,Standard,3,True,,Apple Pay,False
ORD-02312,2024-12-17,C0746,Consumer,22,True,Social,Mobile,East,Beauty,25.99,2,0,51.98,23.93,28.05,Express,1,False,,Card,False
ORD-02313,2024-12-17,C0748,Consumer,33,False,Email,Mobile,South,Apparel,49.69,2,0,99.38,48.12,51.26,Standard,3,False,5.0,PayPal,False
ORD-02314,2024-12-17,C0676,Small Business,50,False,Paid Search,Desktop,North,Apparel,62.53,2,0,125.06,64.44,60.62,Standard,4,False,5.0,Card,False
ORD-02315,2024-12-17,C1022,Consumer,51,False,Organic Search,Tablet,North,Toys,27.59,1,0,27.59,14.75,12.84,Express,2,False,5.0,Apple Pay,False
ORD-02316,2024-12-17,C0630,Consumer,34,False,Social,Tablet,East,Home,69.07,1,10,62.16,41.46,20.7,Express,3,False,,Card,False
ORD-02317,2024-12-17,C0671,Consumer,70,False,Organic Search,Tablet,North,Electronics,294.42,2,20,471.07,407.93,63.14,Standard,4,False,4.0,Card,True
ORD-02318,2024-12-17,C0987,Consumer,55,False,Affiliate,Mobile,South,Apparel,39.64,1,0,39.64,19.55,20.09,Standard,5,True,3.0,PayPal,False
ORD-02319,2024-12-17,C0406,Small Business,55,False,Direct,Tablet,West,Home,85.86,1,10,77.27,47.63,29.64,Standard,6,False,4.0,Card,False
ORD-02320,2024-12-17,C0051,Consumer,44,True,Social,Mobile,South,Beauty,29.88,2,25,44.82,26.81,18.01,Standard,4,False,5.0,PayPal,False
ORD-02321,2024-12-17,C1156,Consumer,49,False,Email,Mobile,West,Apparel,32.57,2,15,55.37,33.85,21.52,Standard,7,False,3.0,Card,False
ORD-02322,2024-12-18,C0268,Consumer,19,False,Email,Mobile,North,Apparel,39.86,2,5,75.73,41.4,34.33,Standard,3,False,5.0,PayPal,False
ORD-02323,2024-12-18,C0295,Consumer,63,True,Social,Desktop,East,Home,110.74,2,20,177.18,131.99,45.19,Standard,4,False,5.0,Card,False
ORD-02324,2024-12-18,C0728,Consumer,35,False,Direct,Mobile,East,Toys,27.99,2,10,50.38,31.94,18.44,Express,3,False,4.0,Card,False
ORD-02325,2024-12-18,C0021,Consumer,39,False,Social,Desktop,South,Electronics,192.43,1,0,192.43,134.77,57.66,Standard,7,False,3.0,Apple Pay,False
ORD-02326,2024-12-18,C0558,Small Business,22,False,Social,Desktop,North,Sports,101.34,4,15,344.56,243.24,101.32,Express,2,False,,Apple Pay,False
ORD-02327,2024-12-18,C0619,Consumer,31,False,Organic Search,Mobile,North,Toys,44.6,1,0,44.6,25.48,19.12,Standard,4,True,3.0,Card,True
ORD-02328,2024-12-18,C0646,Consumer,19,False,Email,Desktop,South,Toys,34.62,3,10,93.47,57.78,35.69,Standard,4,False,4.0,PayPal,False
ORD-02329,2024-12-18,C1147,Small Business,19,False,Paid Search,Desktop,South,Electronics,204.3,3,5,582.26,426.54,155.72,Standard,5,False,2.0,Apple Pay,False
ORD-02330,2024-12-18,C0298,Small Business,53,False,Social,Mobile,North,Home,83.02,4,0,332.08,195.25,136.83,Standard,4,False,,Card,False
ORD-02331,2024-12-18,C0085,Consumer,40,False,Paid Search,Mobile,North,Sports,87.64,1,0,87.64,52.28,35.36,Standard,6,False,,Apple Pay,False
ORD-02332,2024-12-19,C0693,Consumer,22,False,Affiliate,Mobile,West,Home,78.38,2,0,156.76,91.06,65.7,Economy,11,False,2.0,Card,False
ORD-02333,2024-12-19,C0534,Consumer,68,False,Direct,Mobile,North,Home,84.22,1,0,84.22,48.72,35.5,Standard,3,False,4.0,PayPal,False
ORD-02334,2024-12-19,C0207,Consumer,48,False,Paid Search,Desktop,South,Home,44.43,2,20,71.09,51.57,19.52,Express,1,False,5.0,PayPal,False
ORD-02335,2024-12-19,C0943,Small Business,52,False,Direct,Mobile,South,Apparel,33.93,2,10,61.07,35.64,25.43,Economy,7,False,3.0,Card,False
ORD-02336,2024-12-19,C0728,Consumer,35,False,Paid Search,Desktop,South,Beauty,44.93,3,10,121.31,62.96,58.35,Standard,3,False,,Apple Pay,False
ORD-02337,2024-12-19,C0268,Consumer,19,False,Affiliate,Tablet,West,Home,108.8,1,0,108.8,64.92,43.88,Express,5,False,4.0,Card,True
ORD-02338,2024-12-19,C0840,Consumer,43,False,Organic Search,Mobile,East,Electronics,195.51,1,25,146.63,136.48,10.15,Standard,3,False,4.0,Card,False
ORD-02339,2024-12-19,C0954,Consumer,23,False,Paid Search,Mobile,West,Apparel,43.51,1,30,30.46,22.85,7.61,Standard,8,False,3.0,Card,False
ORD-02340,2024-12-19,C0825,Small Business,23,False,Organic Search,Mobile,South,Home,73.06,6,15,372.61,239.44,133.17,Standard,5,False,4.0,Card,False
ORD-02341,2024-12-19,C0257,Consumer,64,False,Direct,Mobile,East,Home,63.64,2,0,127.28,75.1,52.18,Express,1,False,5.0,Card,False
ORD-02342,2024-12-19,C0424,Consumer,68,False,Social,Mobile,North,Home,91.79,1,10,82.61,52.81,29.8,Standard,5,False,,Apple Pay,False
ORD-02343,2024-12-19,C0646,Consumer,19,False,Email,Desktop,West,Apparel,58.5,1,25,43.88,30.51,13.37,Economy,8,False,3.0,PayPal,False
ORD-02344,2024-12-19,C0292,Consumer,46,False,Social,Desktop,South,Sports,51.19,1,5,48.63,30.9,17.73,Economy,6,False,,PayPal,False
ORD-02345,2024-12-19,C0063,Small Business,53,False,Paid Search,Mobile,East,Sports,66.07,1,10,59.46,38.28,21.18,Express,3,False,5.0,PayPal,False
ORD-02346,2024-12-19,C1052,Consumer,73,False,Organic Search,Desktop,North,Apparel,58.87,1,30,41.21,33.55,7.66,Standard,4,True,2.0,Card,False
ORD-02347,2024-12-19,C0210,Consumer,19,False,Direct,Mobile,South,Electronics,243.4,2,25,365.1,333.25,31.85,Economy,7,False,4.0,Card,False
ORD-02348,2024-12-19,C0892,Consumer,20,False,Paid Search,Desktop,North,Apparel,37.54,2,0,75.08,38.21,36.87,Standard,6,False,3.0,Card,True
ORD-02349,2024-12-19,C0298,Small Business,53,False,Direct,Desktop,North,Toys,30.66,2,15,52.12,34.34,17.78,Standard,4,False,4.0,PayPal,False
ORD-02350,2024-12-19,C0305,Small Business,73,True,Email,Mobile,South,Toys,47.79,2,0,95.58,55.58,40.0,Express,2,False,5.0,Apple Pay,True
ORD-02351,2024-12-19,C0106,Consumer,40,False,Affiliate,Desktop,East,Apparel,53.6,2,0,107.2,55.19,52.01,Standard,4,True,3.0,Apple Pay,False
ORD-02352,2024-12-20,C0685,Consumer,32,False,Paid Search,Desktop,South,Home,78.35,2,30,109.69,94.17,15.52,Standard,4,False,,Card,False
ORD-02353,2024-12-20,C0763,Small Business,26,False,Paid Search,Desktop,East,Home,96.38,1,10,86.74,54.75,31.99,Economy,6,False,3.0,Card,False
ORD-02354,2024-12-20,C0497,Consumer,37,False,Email,Desktop,North,Apparel,55.09,2,5,104.67,59.6,45.07,Standard,5,False,3.0,Card,False
ORD-02355,2024-12-20,C0744,Consumer,28,False,Direct,Desktop,East,Sports,58.23,1,10,52.41,34.43,17.98,Standard,3,False,5.0,Bank Transfer,False
ORD-02356,2024-12-20,C1062,Enterprise,53,False,Organic Search,Tablet,West,Electronics,187.17,6,10,1010.72,766.58,244.14,Standard,7,False,3.0,Card,True
ORD-02357,2024-12-20,C0950,Consumer,71,False,Affiliate,Tablet,East,Toys,44.54,3,10,120.26,74.02,46.24,Standard,3,False,5.0,PayPal,False
ORD-02358,2024-12-20,C0525,Enterprise,23,False,Email,Desktop,North,Sports,67.45,14,5,897.08,518.74,378.34,Economy,6,False,,Card,False
ORD-02359,2024-12-20,C0063,Small Business,53,False,Organic Search,Mobile,North,Electronics,313.56,2,20,501.7,458.65,43.05,Standard,3,False,5.0,PayPal,False
ORD-02360,2024-12-20,C0948,Small Business,31,False,Social,Desktop,North,Apparel,41.21,4,10,148.36,86.53,61.83,Economy,6,False,,Card,False
ORD-02361,2024-12-20,C0202,Small Business,18,False,Email,Tablet,South,Apparel,59.64,2,0,119.28,59.02,60.26,Standard,5,False,4.0,PayPal,False
ORD-02362,2024-12-20,C0819,Consumer,52,False,Organic Search,Mobile,West,Apparel,29.38,3,10,79.33,47.11,32.22,Economy,8,True,,Apple Pay,False
ORD-02363,2024-12-20,C1052,Consumer,73,False,Social,Mobile,North,Electronics,201.25,2,25,301.88,278.65,23.23,Standard,4,False,4.0,Card,False
ORD-02364,2024-12-20,C0215,Consumer,73,False,Organic Search,Desktop,South,Electronics,326.74,1,0,326.74,222.14,104.6,Express,2,False,,Apple Pay,False
ORD-02365,2024-12-21,C0210,Consumer,19,False,Email,Mobile,West,Electronics,281.8,2,0,563.6,389.24,174.36,Standard,8,False,,Bank Transfer,False
ORD-02366,2024-12-21,C0558,Small Business,22,False,Direct,Desktop,East,Home,100.36,2,10,180.65,113.22,67.43,Standard,3,True,4.0,PayPal,False
ORD-02367,2024-12-21,C0440,Consumer,69,False,Affiliate,Mobile,East,Toys,27.63,1,20,22.1,15.85,6.25,Standard,4,False,,PayPal,False
ORD-02368,2024-12-21,C0210,Consumer,19,False,Organic Search,Desktop,South,Electronics,215.06,2,20,344.1,297.17,46.93,Standard,5,False,3.0,Apple Pay,False
ORD-02369,2024-12-21,C0080,Consumer,39,True,Paid Search,Mobile,West,Apparel,34.29,1,10,30.86,17.07,13.79,Standard,6,False,3.0,Card,False
ORD-02370,2024-12-21,C1106,Consumer,67,False,Paid Search,Mobile,North,Toys,50.45,2,25,75.68,56.2,19.48,Standard,4,True,2.0,PayPal,False
ORD-02371,2024-12-21,C0801,Consumer,51,False,Social,Mobile,East,Home,85.42,2,20,136.67,101.89,34.78,Standard,3,False,,Card,False
ORD-02372,2024-12-21,C0207,Consumer,48,False,Paid Search,Tablet,East,Apparel,42.65,1,0,42.65,22.34,20.31,Standard,6,False,4.0,PayPal,False
ORD-02373,2024-12-21,C0182,Small Business,66,True,Social,Mobile,North,Electronics,231.45,2,0,462.9,292.84,170.06,Express,3,False,,Card,False
ORD-02374,2024-12-21,C0634,Consumer,20,False,Email,Desktop,South,Sports,73.34,2,25,110.01,89.56,20.45,Economy,7,False,,Card,True
ORD-02375,2024-12-21,C0298,Small Business,53,False,Organic Search,Desktop,South,Home,72.53,4,30,203.08,162.28,40.8,Standard,7,False,4.0,Card,False
ORD-02376,2024-12-21,C0681,Consumer,58,False,Affiliate,Mobile,South,Apparel,50.94,2,5,96.79,53.06,43.73,Express,1,False,,Card,False
ORD-02377,2024-12-22,C1140,Consumer,45,False,Social,Mobile,East,Home,58.26,1,25,43.7,35.15,8.55,Standard,3,False,3.0,Card,False
ORD-02378,2024-12-22,C0626,Small Business,56,True,Social,Mobile,South,Beauty,38.96,3,15,99.35,53.22,46.13,Express,1,False,5.0,Card,False
ORD-02379,2024-12-22,C0671,Consumer,70,False,Organic Search,Mobile,North,Sports,98.3,1,25,73.72,59.85,13.87,Standard,4,False,4.0,Card,False
ORD-02380,2024-12-22,C0558,Small Business,22,False,Organic Search,Mobile,North,Beauty,26.8,2,0,53.6,23.61,29.99,Standard,3,False,4.0,PayPal,False
ORD-02381,2024-12-22,C0956,Small Business,45,True,Organic Search,Desktop,South,Apparel,54.77,3,15,139.66,87.77,51.89,Standard,3,False,,Card,False
ORD-02382,2024-12-22,C0990,Consumer,23,False,Affiliate,Mobile,East,Sports,93.25,1,0,93.25,54.81,38.44,Economy,5,False,,Card,False
ORD-02383,2024-12-22,C1010,Consumer,39,False,Paid Search,Desktop,West,Beauty,29.79,1,20,23.83,13.46,10.37,Standard,7,False,4.0,Card,False
ORD-02384,2024-12-22,C0445,Consumer,65,False,Social,Mobile,West,Apparel,49.49,1,0,49.49,26.21,23.28,Standard,6,False,4.0,Card,False
ORD-02385,2024-12-22,C0525,Enterprise,23,False,Email,Mobile,West,Sports,49.43,4,10,177.95,119.9,58.05,Economy,8,False,,Card,False
ORD-02386,2024-12-23,C0400,Consumer,24,False,Email,Desktop,East,Beauty,27.92,1,0,27.92,12.32,15.6,Standard,3,True,,Card,False
ORD-02387,2024-12-23,C0347,Small Business,47,True,Affiliate,Desktop,North,Beauty,25.84,3,10,69.77,31.85,37.92,Standard,3,False,5.0,Card,False
ORD-02388,2024-12-23,C0106,Consumer,40,False,Direct,Mobile,East,Home,78.25,3,10,211.28,138.09,73.19,Standard,5,False,,Card,False
ORD-02389,2024-12-23,C1118,Consumer,66,True,Paid Search,Desktop,South,Apparel,28.68,4,10,103.25,62.07,41.18,Standard,5,False,,Card,False
ORD-02390,2024-12-23,C0297,Consumer,66,False,Affiliate,Tablet,South,Sports,47.07,2,0,94.14,59.5,34.64,Economy,5,False,,Card,False
ORD-02391,2024-12-23,C0298,Small Business,53,False,Paid Search,Mobile,East,Apparel,44.34,4,15,150.76,93.69,57.07,Standard,3,False,4.0,Card,False
ORD-02392,2024-12-23,C1152,Consumer,68,False,Organic Search,Mobile,North,Toys,40.72,1,5,38.68,22.18,16.5,Standard,4,False,4.0,PayPal,False
ORD-02393,2024-12-23,C0365,Consumer,25,False,Direct,Mobile,South,Home,97.15,2,0,194.3,111.7,82.6,Standard,4,False,4.0,Card,False
ORD-02394,2024-12-23,C0315,Enterprise,56,False,Social,Tablet,East,Electronics,165.65,1,5,157.37,118.84,38.53,Standard,5,False,4.0,PayPal,False
ORD-02395,2024-12-23,C0728,Consumer,35,False,Paid Search,Desktop,South,Toys,67.96,1,10,61.16,35.17,25.99,Standard,5,False,3.0,Apple Pay,False
ORD-02396,2024-12-23,C0819,Consumer,52,False,Direct,Mobile,West,Beauty,23.5,2,10,42.3,20.61,21.69,Standard,6,False,,Apple Pay,False
ORD-02397,2024-12-24,C0987,Consumer,55,False,Social,Mobile,West,Apparel,49.03,2,10,88.25,49.8,38.45,Standard,7,True,3.0,PayPal,False
ORD-02398,2024-12-24,C1052,Consumer,73,False,Email,Mobile,North,Home,117.51,2,10,211.52,137.45,74.07,Standard,4,False,,Card,False
ORD-02399,2024-12-24,C0604,Consumer,25,False,Social,Desktop,East,Home,118.3,1,0,118.3,66.11,52.19,Standard,4,False,4.0,Bank Transfer,True
ORD-02400,2024-12-24,C0709,Consumer,30,False,Paid Search,Mobile,North,Apparel,48.2,1,10,43.38,25.34,18.04,Standard,3,False,5.0,Card,True
ORD-02401,2024-12-24,C0728,Consumer,35,False,Email,Tablet,North,Beauty,23.48,1,25,17.61,9.92,7.69,Standard,4,False,5.0,Card,False
ORD-02402,2024-12-24,C0911,Consumer,51,False,Paid Search,Mobile,North,Sports,55.4,1,20,44.32,33.42,10.9,Economy,6,False,3.0,PayPal,True
ORD-02403,2024-12-24,C0351,Consumer,74,False,Direct,Mobile,North,Sports,57.08,1,25,42.81,34.32,8.49,Express,2,False,5.0,Card,False
ORD-02404,2024-12-24,C0990,Consumer,23,False,Paid Search,Mobile,West,Beauty,32.38,2,10,58.28,28.04,30.24,Economy,9,False,4.0,Card,False
ORD-02405,2024-12-24,C0954,Consumer,23,False,Organic Search,Mobile,South,Apparel,31.67,3,20,76.01,48.41,27.6,Economy,6,False,,Apple Pay,True
ORD-02406,2024-12-24,C0622,Enterprise,66,True,Social,Desktop,South,Apparel,33.02,8,10,237.74,139.36,98.38,Standard,3,False,,Card,False
ORD-02407,2024-12-24,C0207,Consumer,48,False,Organic Search,Desktop,South,Apparel,39.83,1,0,39.83,20.91,18.92,Economy,7,False,3.0,Card,False
ORD-02408,2024-12-24,C1102,Consumer,60,True,Direct,Mobile,East,Toys,27.0,1,0,27.0,15.54,11.46,Economy,6,False,4.0,PayPal,False
ORD-02409,2024-12-24,C0298,Small Business,53,False,Paid Search,Mobile,South,Home,74.72,1,5,70.98,42.68,28.3,Economy,6,False,,Card,False
ORD-02410,2024-12-24,C0771,Consumer,19,False,Social,Desktop,North,Home,70.36,1,0,70.36,42.73,27.63,Standard,4,False,4.0,Card,False
ORD-02411,2024-12-24,C0676,Small Business,50,False,Organic Search,Desktop,East,Electronics,203.39,2,10,366.1,278.5,87.6,Standard,3,False,5.0,PayPal,False
ORD-02412,2024-12-25,C1156,Consumer,49,False,Paid Search,Mobile,North,Electronics,270.25,3,0,810.75,554.1,256.65,Express,1,False,5.0,Card,False
ORD-02413,2024-12-25,C1052,Consumer,73,False,Direct,Tablet,North,Toys,32.11,1,15,27.29,17.0,10.29,Express,2,False,,Apple Pay,False
ORD-02414,2024-12-25,C0567,Consumer,64,True,Paid Search,Mobile,East,Sports,97.01,4,10,349.24,231.84,117.4,Standard,5,False,4.0,Card,False
ORD-02415,2024-12-25,C0676,Small Business,50,False,Organic Search,Mobile,West,Apparel,35.56,3,25,80.01,55.25,24.76,Express,5,True,,Card,False
ORD-02416,2024-12-25,C1137,Small Business,70,False,Direct,Desktop,West,Toys,31.47,6,10,169.94,107.9,62.04,Standard,8,False,4.0,Apple Pay,False
ORD-02417,2024-12-25,C0102,Small Business,22,True,Direct,Mobile,West,Beauty,34.14,2,30,47.8,29.57,18.23,Standard,6,False,3.0,Card,False
ORD-02418,2024-12-25,C0343,Consumer,44,False,Paid Search,Mobile,North,Apparel,47.0,1,0,47.0,24.2,22.8,Standard,4,False,,Card,False
ORD-02419,2024-12-25,C0655,Consumer,21,False,Social,Mobile,West,Toys,30.88,2,5,58.67,33.87,24.8,Standard,7,False,3.0,Card,False
ORD-02420,2024-12-25,C0558,Small Business,22,False,Paid Search,Mobile,North,Sports,39.99,3,30,83.98,71.76,12.22,Standard,3,False,5.0,Card,False
ORD-02421,2024-12-25,C0880,Consumer,64,True,Social,Mobile,East,Beauty,33.35,1,5,31.68,14.77,16.91,Standard,3,False,5.0,PayPal,False
ORD-02422,2024-12-25,C0215,Consumer,73,False,Organic Search,Mobile,East,Home,146.9,2,30,205.66,170.84,34.82,Standard,4,False,5.0,Card,False
ORD-02423,2024-12-25,C0728,Consumer,35,False,Organic Search,Desktop,South,Home,102.17,3,0,306.51,171.03,135.48,Express,2,False,5.0,Card,False
ORD-02424,2024-12-26,C1125,Small Business,48,False,Paid Search,Mobile,South,Sports,99.29,3,5,282.98,174.01,108.97,Standard,5,False,5.0,Apple Pay,False
ORD-02425,2024-12-26,C1009,Consumer,60,False,Email,Desktop,West,Home,74.93,1,0,74.93,41.33,33.6,Standard,6,False,4.0,PayPal,False
ORD-02426,2024-12-26,C0272,Consumer,37,True,Direct,Mobile,North,Electronics,242.99,1,0,242.99,160.02,82.97,Express,1,False,,Apple Pay,False
ORD-02427,2024-12-26,C1052,Consumer,73,False,Organic Search,Mobile,East,Home,91.57,1,15,77.83,54.38,23.45,Standard,4,False,5.0,PayPal,False
ORD-02428,2024-12-26,C0728,Consumer,35,False,Paid Search,Mobile,West,Electronics,297.09,1,5,282.24,195.91,86.33,Standard,7,False,,Bank Transfer,False
ORD-02429,2024-12-26,C0406,Small Business,55,False,Email,Mobile,East,Beauty,38.11,4,30,106.71,69.43,37.28,Express,2,True,5.0,Apple Pay,True
ORD-02430,2024-12-26,C0550,Small Business,30,False,Social,Mobile,South,Electronics,373.49,2,10,672.28,484.45,187.83,Standard,3,False,5.0,Card,False
ORD-02431,2024-12-26,C1156,Consumer,49,False,Affiliate,Desktop,South,Beauty,21.95,1,0,21.95,9.78,12.17,Economy,7,False,,PayPal,False
ORD-02432,2024-12-26,C0445,Consumer,65,False,Organic Search,Tablet,West,Apparel,48.42,1,0,48.42,26.06,22.36,Express,4,False,4.0,Card,False
ORD-02433,2024-12-26,C1192,Small Business,61,False,Organic Search,Desktop,South,Apparel,44.91,5,15,190.87,108.32,82.55,Express,3,False,,Card,False
ORD-02434,2024-12-27,C0722,Consumer,64,False,Affiliate,Mobile,East,Electronics,201.37,1,15,171.16,127.63,43.53,Standard,3,False,5.0,Apple Pay,False
ORD-02435,2024-12-27,C0916,Consumer,38,False,Social,Desktop,East,Electronics,187.36,1,0,187.36,125.59,61.77,Standard,3,False,5.0,Card,False
ORD-02436,2024-12-27,C0455,Consumer,43,True,Email,Desktop,North,Apparel,62.36,2,20,99.78,62.99,36.79,Express,1,False,5.0,PayPal,False
ORD-02437,2024-12-27,C0803,Consumer,47,True,Email,Mobile,South,Apparel,38.51,2,20,61.62,38.97,22.65,Economy,7,False,3.0,Apple Pay,False
ORD-02438,2024-12-27,C1002,Consumer,49,False,Paid Search,Mobile,East,Beauty,37.52,2,30,52.53,33.26,19.27,Express,1,False,5.0,Card,False
ORD-02439,2024-12-27,C0382,Consumer,44,True,Paid Search,Desktop,East,Electronics,230.83,1,30,161.58,150.24,11.34,Express,1,False,5.0,PayPal,False
ORD-02440,2024-12-27,C1052,Consumer,73,False,Organic Search,Mobile,East,Toys,49.07,2,10,88.33,52.45,35.88,Express,1,False,,PayPal,False
ORD-02441,2024-12-27,C0685,Consumer,32,False,Organic Search,Desktop,North,Beauty,34.89,5,0,174.45,80.35,94.1,Economy,7,False,3.0,Card,False
ORD-02442,2024-12-27,C0529,Consumer,42,False,Email,Tablet,North,Home,110.49,2,0,220.98,131.66,89.32,Express,1,False,5.0,Card,False
ORD-02443,2024-12-27,C0063,Small Business,53,False,Direct,Tablet,South,Apparel,26.85,2,0,53.7,28.27,25.43,Standard,4,False,,Apple Pay,False
ORD-02444,2024-12-27,C0106,Consumer,40,False,Organic Search,Mobile,West,Home,111.95,1,10,100.76,65.42,35.34,Standard,6,False,4.0,Card,False
ORD-02445,2024-12-27,C0639,Consumer,20,True,Direct,Desktop,South,Sports,70.64,1,5,67.11,41.19,25.92,Economy,7,False,,Card,False
ORD-02446,2024-12-27,C0743,Consumer,57,False,Social,Mobile,South,Home,60.73,1,0,60.73,34.11,26.62,Express,2,False,5.0,Card,False
ORD-02447,2024-12-27,C0207,Consumer,48,False,Email,Mobile,North,Sports,71.65,1,30,50.16,40.89,9.27,Express,2,False,5.0,Card,False
ORD-02448,2024-12-27,C1134,Consumer,20,False,Email,Mobile,North,Apparel,54.47,1,5,51.75,28.61,23.14,Economy,6,False,,PayPal,False
ORD-02449,2024-12-27,C0265,Consumer,47,False,Social,Desktop,West,Apparel,41.77,3,10,112.78,64.95,47.83,Standard,7,False,5.0,Card,True
ORD-02450,2024-12-28,C0298,Small Business,53,False,Affiliate,Desktop,West,Home,97.38,3,15,248.32,177.82,70.5,Standard,8,False,,PayPal,False
ORD-02451,2024-12-28,C0926,Consumer,60,False,Affiliate,Mobile,South,Sports,68.34,2,20,109.34,82.48,26.86,Express,1,False,5.0,PayPal,False
ORD-02452,2024-12-28,C0298,Small Business,53,False,Paid Search,Desktop,East,Apparel,56.3,2,10,101.34,57.83,43.51,Express,2,False,5.0,PayPal,False
ORD-02453,2024-12-28,C0604,Consumer,25,False,Organic Search,Mobile,East,Apparel,39.75,2,25,59.62,41.48,18.14,Standard,3,False,5.0,Apple Pay,False
ORD-02454,2024-12-28,C0558,Small Business,22,False,Paid Search,Desktop,West,Apparel,64.66,2,20,103.46,62.75,40.71,Express,5,False,,PayPal,False
ORD-02455,2024-12-28,C0292,Consumer,46,False,Paid Search,Desktop,West,Home,98.75,1,5,93.81,60.2,33.61,Standard,6,False,,PayPal,False
ORD-02456,2024-12-28,C0403,Consumer,65,True,Email,Desktop,East,Beauty,26.76,3,0,80.28,36.43,43.85,Standard,4,True,5.0,Card,False
ORD-02457,2024-12-28,C0737,Small Business,27,True,Affiliate,Mobile,North,Toys,33.29,2,5,63.25,35.72,27.53,Standard,3,False,,Card,False
ORD-02458,2024-12-28,C1052,Consumer,73,False,Organic Search,Mobile,East,Home,125.23,1,0,125.23,76.35,48.88,Economy,6,False,4.0,PayPal,False
ORD-02459,2024-12-28,C0941,Consumer,32,True,Direct,Desktop,East,Electronics,210.78,2,5,400.48,284.72,115.76,Standard,3,False,,Card,False
ORD-02460,2024-12-28,C0037,Consumer,18,False,Organic Search,Tablet,North,Sports,74.09,1,20,59.27,44.99,14.28,Standard,4,False,5.0,PayPal,False
ORD-02461,2024-12-28,C0122,Consumer,54,False,Email,Desktop,East,Apparel,43.76,1,10,39.38,22.24,17.14,Express,1,False,,PayPal,False
ORD-02462,2024-12-29,C0814,Small Business,60,False,Affiliate,Mobile,North,Apparel,52.37,1,10,47.13,28.82,18.31,Standard,3,True,,Apple Pay,False
ORD-02463,2024-12-29,C1025,Consumer,42,False,Email,Mobile,East,Electronics,156.16,2,0,312.32,223.24,89.08,Express,2,False,5.0,Card,True
ORD-02464,2024-12-29,C1121,Small Business,36,False,Organic Search,Mobile,West,Electronics,269.68,3,0,809.04,536.25,272.79,Express,7,True,,Card,False
ORD-02465,2024-12-29,C0880,Consumer,64,False,Email,Mobile,West,Home,77.56,1,20,62.05,45.3,16.75,Standard,8,False,,Card,False
ORD-02466,2024-12-29,C0210,Consumer,19,False,Social,Mobile,South,Electronics,217.7,4,5,827.26,580.65,246.61,Express,1,False,,PayPal,True
ORD-02467,2024-12-29,C0200,Consumer,56,True,Paid Search,Mobile,North,Beauty,41.95,1,0,41.95,18.7,23.25,Standard,4,False,4.0,Apple Pay,False
ORD-02468,2024-12-29,C0595,Enterprise,22,False,Paid Search,Mobile,West,Electronics,183.74,3,15,468.54,383.88,84.66,Standard,7,False,3.0,Card,False
ORD-02469,2024-12-29,C0587,Consumer,68,False,Paid Search,Mobile,South,Electronics,247.46,1,5,235.09,159.7,75.39,Standard,3,False,5.0,Bank Transfer,True
ORD-02470,2024-12-29,C1016,Consumer,53,False,Social,Desktop,East,Toys,38.7,3,5,110.3,60.16,50.14,Standard,3,False,5.0,PayPal,True
ORD-02471,2024-12-29,C1195,Consumer,53,True,Email,Mobile,South,Apparel,45.18,1,5,42.92,23.67,19.25,Economy,8,True,,Card,False
ORD-02472,2024-12-29,C1052,Consumer,73,False,Email,Mobile,West,Sports,66.46,2,15,112.98,78.8,34.18,Standard,6,False,4.0,Card,False
ORD-02473,2024-12-29,C0345,Consumer,56,False,Email,Mobile,East,Beauty,20.0,1,15,17.0,8.95,8.05,Standard,3,False,4.0,PayPal,False
ORD-02474,2024-12-29,C0400,Consumer,24,False,Affiliate,Mobile,North,Toys,40.45,1,0,40.45,22.44,18.01,Standard,5,False,5.0,Bank Transfer,False
ORD-02475,2024-12-29,C0345,Consumer,56,False,Organic Search,Mobile,East,Beauty,27.75,2,5,52.72,24.44,28.28,Economy,5,False,,Bank Transfer,False
ORD-02476,2024-12-29,C0298,Small Business,53,False,Direct,Mobile,East,Toys,34.72,1,25,26.04,17.92,8.12,Express,1,False,5.0,PayPal,False
ORD-02477,2024-12-29,C0298,Small Business,53,False,Social,Desktop,East,Electronics,190.21,3,10,513.57,374.39,139.18,Economy,6,False,4.0,Card,False
ORD-02478,2024-12-29,C0246,Small Business,35,False,Email,Desktop,East,Apparel,48.79,3,10,131.73,77.48,54.25,Standard,3,False,4.0,Card,False
ORD-02479,2024-12-29,C0908,Small Business,21,False,Paid Search,Mobile,East,Beauty,29.6,1,5,28.12,13.39,14.73,Economy,6,False,4.0,Apple Pay,False
ORD-02480,2024-12-29,C0207,Consumer,48,False,Organic Search,Mobile,East,Beauty,27.48,1,0,27.48,12.11,15.37,Express,1,False,5.0,PayPal,False
ORD-02481,2024-12-30,C0301,Consumer,20,False,Direct,Mobile,South,Apparel,64.42,2,20,103.07,68.73,34.34,Express,5,True,3.0,Card,False
ORD-02482,2024-12-30,C1052,Consumer,73,False,Email,Mobile,East,Toys,44.38,1,10,39.94,24.42,15.52,Standard,4,False,5.0,Card,False
ORD-02483,2024-12-30,C0646,Consumer,19,False,Email,Mobile,East,Toys,37.17,1,0,37.17,21.05,16.12,Economy,6,False,4.0,PayPal,False
ORD-02484,2024-12-30,C1134,Consumer,20,False,Organic Search,Mobile,East,Apparel,23.2,2,0,46.4,24.51,21.89,Express,3,False,,Card,False
ORD-02485,2024-12-30,C0971,Consumer,48,False,Organic Search,Desktop,South,Home,79.55,2,30,111.37,93.3,18.07,Standard,3,False,5.0,Card,False
ORD-02486,2024-12-30,C0529,Consumer,42,False,Social,Mobile,South,Apparel,47.61,1,20,38.09,24.86,13.23,Standard,3,False,,PayPal,False
ORD-02487,2024-12-30,C0321,Consumer,49,False,Affiliate,Desktop,East,Home,80.5,1,20,64.4,45.37,19.03,Express,1,False,,Card,False
ORD-02488,2024-12-30,C0987,Consumer,55,False,Paid Search,Desktop,East,Sports,86.51,2,15,147.07,101.03,46.04,Standard,4,False,5.0,Card,True
ORD-02489,2024-12-30,C0235,Consumer,70,True,Direct,Tablet,West,Home,62.48,1,0,62.48,38.17,24.31,Standard,7,False,,Apple Pay,False
ORD-02490,2024-12-30,C0207,Consumer,48,False,Direct,Mobile,West,Apparel,71.69,2,10,129.04,72.62,56.42,Standard,9,True,,Card,False
ORD-02491,2024-12-30,C1041,Enterprise,31,False,Organic Search,Mobile,West,Apparel,64.96,3,25,146.16,103.86,42.3,Standard,8,False,,Card,False
ORD-02492,2024-12-31,C0339,Consumer,41,False,Direct,Mobile,North,Home,73.39,3,5,209.16,134.0,75.16,Express,2,True,,Card,False
ORD-02493,2024-12-31,C0681,Consumer,58,False,Direct,Mobile,South,Toys,32.59,2,5,61.92,36.39,25.53,Standard,3,False,5.0,Apple Pay,False
ORD-02494,2024-12-31,C0086,Small Business,50,False,Email,Desktop,East,Toys,41.8,4,10,150.48,91.17,59.31,Standard,4,False,4.0,Apple Pay,False
ORD-02495,2024-12-31,C0763,Small Business,26,False,Social,Desktop,East,Toys,25.84,2,20,41.34,29.47,11.87,Standard,5,False,4.0,Card,False
ORD-02496,2024-12-31,C0878,Consumer,34,False,Direct,Tablet,North,Home,111.34,1,15,94.64,62.73,31.91,Standard,3,False,4.0,PayPal,False
ORD-02497,2024-12-31,C1092,Small Business,55,True,Social,Tablet,North,Home,160.74,1,10,144.67,98.76,45.91,Express,1,True,4.0,Apple Pay,False
ORD-02498,2024-12-31,C0424,Consumer,68,False,Affiliate,Mobile,North,Toys,47.69,3,0,143.07,80.6,62.47,Standard,4,False,4.0,Card,False
ORD-02499,2024-12-31,C0671,Consumer,70,False,Paid Search,Mobile,West,Toys,42.25,1,30,29.58,23.42,6.16,Standard,6,False,4.0,Card,False
ORD-02500,2024-12-31,C0140,Enterprise,59,True,Social,Desktop,East,Home,90.59,1,0,90.59,51.86,38.73,Express,3,False,5.0,Bank Transfer,False
ORD-02501,2024-12-31,C0244,Consumer,35,False,Organic Search,Mobile,West,Home,78.98,3,15,201.4,136.5,64.9,Standard,7,False,5.0,PayPal,False
ORD-02502,2024-12-31,C1121,Small Business,36,False,Paid Search,Desktop,West,Apparel,47.92,4,0,191.68,100.92,90.76,Economy,10,False,,Card,False
ORD-02503,2024-12-31,C0244,Consumer,35,False,Affiliate,Desktop,South,Electronics,300.2,1,5,285.19,212.27,72.92,Express,1,False,5.0,PayPal,False
ORD-02504,2024-12-31,C1052,Consumer,73,False,Organic Search,Desktop,East,Sports,90.49,2,5,171.93,112.5,59.43,Standard,4,False,4.0,PayPal,False
ORD-02505,2025-01-01,C1012,Consumer,36,False,Paid Search,Mobile,South,Electronics,237.39,1,10,213.65,164.67,48.98,Standard,5,False,4.0,Card,False
ORD-02506,2025-01-01,C0758,Consumer,64,False,Affiliate,Mobile,East,Apparel,92.27,3,10,249.13,146.33,102.8,Standard,4,False,,Card,True
ORD-02507,2025-01-01,C0826,Consumer,73,False,Paid Search,Desktop,North,Home,84.56,2,0,169.12,96.32,72.8,Economy,5,False,,Bank Transfer,False
ORD-02508,2025-01-01,C0825,Small Business,23,False,Organic Search,Desktop,North,Electronics,303.68,4,15,1032.51,820.31,212.2,Express,2,False,,Card,False
ORD-02509,2025-01-01,C1137,Small Business,70,False,Organic Search,Mobile,South,Toys,30.2,3,0,90.6,48.72,41.88,Express,2,False,4.0,Card,False
ORD-02510,2025-01-01,C1064,Small Business,54,True,Direct,Mobile,North,Beauty,25.86,2,15,43.96,22.96,21.0,Express,6,False,4.0,Card,False
ORD-02511,2025-01-02,C0210,Consumer,19,False,Paid Search,Mobile,East,Home,73.42,1,0,73.42,40.63,32.79,Standard,5,False,3.0,Card,False
ORD-02512,2025-01-02,C0691,Consumer,51,True,Organic Search,Desktop,West,Electronics,183.75,2,15,312.38,249.07,63.31,Standard,6,False,4.0,PayPal,False
ORD-02513,2025-01-02,C0728,Consumer,35,False,Organic Search,Mobile,East,Toys,49.77,2,10,89.59,57.6,31.99,Standard,5,True,3.0,Apple Pay,True
ORD-02514,2025-01-03,C0113,Consumer,36,True,Email,Mobile,North,Electronics,252.08,3,30,529.37,519.2,10.17,Express,2,False,5.0,Card,False
ORD-02515,2025-01-03,C0298,Small Business,53,False,Paid Search,Mobile,South,Electronics,267.99,2,25,401.98,350.22,51.76,Standard,5,False,3.0,Card,False
ORD-02516,2025-01-03,C1134,Consumer,20,False,Affiliate,Desktop,East,Sports,67.58,4,10,243.29,168.74,74.55,Standard,4,True,3.0,Card,False
ORD-02517,2025-01-03,C0184,Small Business,74,False,Affiliate,Desktop,West,Beauty,29.2,1,0,29.2,13.29,15.91,Standard,8,False,4.0,Card,False
ORD-02518,2025-01-04,C0861,Small Business,22,False,Direct,Mobile,North,Apparel,62.38,5,0,311.9,165.28,146.62,Standard,3,False,,Card,False
ORD-02519,2025-01-04,C0887,Consumer,36,False,Organic Search,Desktop,East,Home,74.89,5,10,337.0,225.5,111.5,Standard,3,False,4.0,Bank Transfer,False
ORD-02520,2025-01-04,C0825,Small Business,23,False,Paid Search,Tablet,South,Apparel,70.83,4,5,269.15,148.93,120.22,Standard,4,False,4.0,PayPal,False
ORD-02521,2025-01-04,C0152,Consumer,46,False,Direct,Desktop,West,Electronics,205.63,2,10,370.13,279.26,90.87,Standard,6,True,,Card,False
ORD-02522,2025-01-04,C0992,Consumer,64,False,Organic Search,Mobile,East,Electronics,190.36,1,0,190.36,132.11,58.25,Express,1,False,4.0,Card,True
ORD-02523,2025-01-05,C0298,Small Business,53,False,Affiliate,Mobile,North,Electronics,252.36,2,0,504.72,364.49,140.23,Standard,4,False,4.0,Card,False
ORD-02524,2025-01-05,C0947,Consumer,26,False,Direct,Mobile,North,Toys,36.15,1,0,36.15,19.44,16.71,Economy,7,False,,Apple Pay,False
ORD-02525,2025-01-05,C1052,Consumer,73,False,Paid Search,Tablet,South,Home,97.65,1,10,87.88,59.46,28.42,Economy,7,True,2.0,PayPal,False
ORD-02526,2025-01-05,C0950,Consumer,71,False,Organic Search,Mobile,West,Apparel,94.94,1,30,66.46,48.0,18.46,Standard,6,False,,Apple Pay,False
ORD-02527,2025-01-05,C0906,Enterprise,70,False,Paid Search,Mobile,East,Home,58.43,3,10,157.76,101.52,56.24,Standard,4,False,,PayPal,False
ORD-02528,2025-01-05,C1006,Consumer,22,False,Paid Search,Tablet,North,Beauty,40.63,1,0,40.63,18.88,21.75,Express,3,False,4.0,PayPal,False
ORD-02529,2025-01-06,C0748,Consumer,33,False,Affiliate,Mobile,North,Home,52.66,1,0,52.66,31.31,21.35,Standard,4,False,4.0,PayPal,False
ORD-02530,2025-01-06,C1170,Consumer,42,True,Social,Mobile,South,Home,57.82,2,15,98.29,66.82,31.47,Express,2,False,5.0,Card,False
ORD-02531,2025-01-06,C0978,Consumer,61,True,Paid Search,Mobile,East,Apparel,49.5,2,0,99.0,51.83,47.17,Standard,4,False,,PayPal,False
ORD-02532,2025-01-06,C0567,Consumer,64,False,Organic Search,Mobile,North,Sports,78.12,2,20,124.99,97.13,27.86,Express,2,False,5.0,Card,False
ORD-02533,2025-01-06,C0633,Consumer,40,True,Direct,Tablet,East,Apparel,52.93,1,10,47.64,27.38,20.26,Economy,6,False,4.0,Card,False
ORD-02534,2025-01-06,C0719,Consumer,38,False,Organic Search,Desktop,South,Apparel,56.55,1,10,50.9,29.69,21.21,Standard,5,False,4.0,Bank Transfer,False
ORD-02535,2025-01-07,C0529,Consumer,42,False,Email,Desktop,West,Home,102.49,1,10,92.24,57.02,35.22,Standard,6,False,,Card,False
ORD-02536,2025-01-07,C0212,Small Business,25,False,Paid Search,Desktop,East,Home,109.97,1,10,98.97,62.35,36.62,Standard,3,False,,Card,False
ORD-02537,2025-01-07,C0264,Consumer,24,True,Paid Search,Desktop,East,Home,87.21,2,20,139.54,100.64,38.9,Standard,3,False,4.0,Apple Pay,False
ORD-02538,2025-01-07,C1137,Small Business,70,False,Organic Search,Desktop,West,Apparel,87.47,1,15,74.35,46.41,27.94,Express,6,False,4.0,Card,False
ORD-02539,2025-01-07,C0763,Small Business,26,False,Email,Desktop,North,Home,92.14,2,15,156.64,106.49,50.15,Express,1,False,,PayPal,False
ORD-02540,2025-01-08,C0400,Consumer,24,False,Paid Search,Mobile,North,Home,68.31,1,10,61.48,39.44,22.04,Express,2,False,5.0,Card,False
ORD-02541,2025-01-08,C0567,Consumer,64,False,Organic Search,Desktop,North,Toys,31.91,1,20,25.53,17.97,7.56,Express,2,False,,PayPal,False
ORD-02542,2025-01-08,C0808,Consumer,64,True,Email,Desktop,West,Home,115.24,2,0,230.48,134.69,95.79,Standard,7,False,,Bank Transfer,False
ORD-02543,2025-01-09,C0671,Consumer,70,False,Email,Desktop,East,Apparel,59.87,1,0,59.87,32.18,27.69,Express,2,False,5.0,Apple Pay,False
ORD-02544,2025-01-09,C0966,Enterprise,29,False,Direct,Mobile,South,Toys,38.25,8,10,275.4,168.21,107.19,Economy,5,False,4.0,Bank Transfer,False
ORD-02545,2025-01-09,C0920,Consumer,48,True,Direct,Desktop,East,Electronics,183.14,2,10,329.65,255.22,74.43,Standard,5,False,,PayPal,False
ORD-02546,2025-01-10,C0113,Consumer,36,False,Paid Search,Desktop,East,Electronics,159.78,3,5,455.37,330.48,124.89,Express,3,False,5.0,Card,False
ORD-02547,2025-01-10,C0246,Small Business,35,False,Email,Mobile,North,Home,80.9,2,5,153.71,94.5,59.21,Express,1,False,,Card,False
ORD-02548,2025-01-10,C0179,Small Business,25,False,Email,Mobile,East,Apparel,69.9,1,5,66.4,35.78,30.62,Economy,6,False,,Card,False
ORD-02549,2025-01-10,C0844,Consumer,64,True,Paid Search,Mobile,East,Sports,69.32,1,15,58.92,40.58,18.34,Express,2,False,5.0,Card,False
ORD-02550,2025-01-10,C0685,Consumer,32,False,Organic Search,Mobile,West,Sports,64.96,1,10,58.46,39.09,19.37,Express,6,False,5.0,Card,False
ORD-02551,2025-01-10,C1172,Consumer,45,True,Direct,Desktop,East,Sports,88.1,2,20,140.96,108.33,32.63,Standard,3,False,3.0,Card,False
ORD-02552,2025-01-11,C1052,Consumer,73,False,Email,Mobile,South,Sports,63.78,1,15,54.21,37.64,16.57,Express,2,False,5.0,Bank Transfer,True
ORD-02553,2025-01-11,C0575,Small Business,60,False,Direct,Mobile,North,Apparel,29.77,4,10,107.17,60.47,46.7,Express,2,False,,Apple Pay,False
ORD-02554,2025-01-11,C0298,Small Business,53,False,Social,Mobile,East,Home,90.55,1,0,90.55,49.81,40.74,Standard,4,True,4.0,Card,False
ORD-02555,2025-01-11,C0055,Small Business,62,True,Paid Search,Desktop,East,Apparel,32.21,1,30,22.55,17.13,5.42,Standard,6,False,4.0,Apple Pay,False
ORD-02556,2025-01-11,C0685,Consumer,32,False,Affiliate,Mobile,South,Sports,72.35,1,5,68.73,42.49,26.24,Economy,5,False,4.0,Card,False
ORD-02557,2025-01-12,C1140,Consumer,45,False,Organic Search,Mobile,North,Apparel,50.38,3,0,151.14,79.53,71.61,Standard,5,False,,Card,False
ORD-02558,2025-01-12,C1052,Consumer,73,False,Affiliate,Mobile,South,Home,125.47,1,5,119.2,73.06,46.14,Economy,6,False,,Card,False
ORD-02559,2025-01-12,C1196,Consumer,57,True,Paid Search,Mobile,South,Beauty,23.21,1,25,17.41,10.93,6.48,Economy,8,False,3.0,Card,False
ORD-02560,2025-01-12,C0728,Consumer,35,False,Direct,Tablet,East,Apparel,45.12,3,0,135.36,73.45,61.91,Express,1,False,5.0,Card,False
ORD-02561,2025-01-12,C0254,Consumer,62,False,Direct,Mobile,West,Electronics,196.55,2,10,353.79,265.62,88.17,Economy,10,False,,Card,False
ORD-02562,2025-01-13,C0298,Small Business,53,False,Social,Mobile,North,Apparel,38.11,1,0,38.11,19.03,19.08,Express,2,False,5.0,Card,False
ORD-02563,2025-01-13,C0548,Consumer,61,True,Direct,Mobile,West,Sports,55.04,2,30,77.06,67.74,9.32,Economy,10,False,2.0,Card,False
ORD-02564,2025-01-14,C0929,Consumer,38,False,Organic Search,Desktop,North,Sports,85.81,3,5,244.56,155.32,89.24,Standard,4,False,4.0,Bank Transfer,False
ORD-02565,2025-01-14,C1052,Consumer,73,False,Organic Search,Desktop,East,Apparel,53.88,1,15,45.8,29.31,16.49,Standard,3,True,,Card,False
ORD-02566,2025-01-14,C0529,Consumer,42,False,Direct,Mobile,West,Home,79.6,3,10,214.92,139.78,75.14,Standard,8,False,,Card,True
ORD-02567,2025-01-15,C0298,Small Business,53,False,Paid Search,Mobile,East,Apparel,41.56,4,10,149.62,85.75,63.87,Standard,4,False,,Apple Pay,False
ORD-02568,2025-01-15,C1137,Small Business,70,False,Social,Mobile,East,Apparel,41.37,2,5,78.6,43.26,35.34,Economy,5,False,4.0,Bank Transfer,False
ORD-02569,2025-01-15,C1052,Consumer,73,False,Direct,Desktop,North,Beauty,42.46,2,5,80.67,36.78,43.89,Standard,3,False,4.0,Card,False
ORD-02570,2025-01-15,C0230,Consumer,66,False,Email,Mobile,North,Electronics,199.82,2,10,359.68,275.49,84.19,Express,4,False,4.0,Apple Pay,False
ORD-02571,2025-01-15,C0927,Small Business,40,False,Social,Mobile,East,Home,106.78,5,15,453.81,291.59,162.22,Express,1,False,5.0,Bank Transfer,True
ORD-02572,2025-01-15,C0679,Consumer,63,False,Paid Search,Mobile,South,Apparel,59.79,2,25,89.68,62.21,27.47,Standard,6,False,4.0,Card,False
ORD-02573,2025-01-15,C0676,Small Business,50,False,Direct,Mobile,North,Beauty,25.77,4,10,92.77,49.67,43.1,Express,2,False,,Apple Pay,False
ORD-02574,2025-01-15,C0646,Consumer,19,False,Email,Desktop,South,Beauty,30.72,1,25,23.04,13.97,9.07,Standard,5,False,5.0,Card,False
ORD-02575,2025-01-15,C0679,Consumer,63,False,Paid Search,Desktop,East,Apparel,54.91,4,0,219.64,116.3,103.34,Standard,7,False,4.0,Apple Pay,False
ORD-02576,2025-01-15,C0748,Consumer,33,False,Social,Mobile,East,Sports,65.04,1,10,58.54,38.58,19.96,Express,2,False,,PayPal,False
ORD-02577,2025-01-16,C0788,Consumer,27,False,Email,Mobile,West,Beauty,53.31,1,30,37.32,23.18,14.14,Economy,9,False,,Card,False
ORD-02578,2025-01-16,C0334,Enterprise,60,False,Direct,Desktop,North,Home,79.98,6,15,407.9,266.51,141.39,Economy,5,False,3.0,Card,False
ORD-02579,2025-01-16,C0421,Consumer,73,False,Email,Tablet,West,Toys,59.14,2,30,82.8,62.55,20.25,Economy,9,False,,Card,True
ORD-02580,2025-01-16,C0685,Consumer,32,False,Email,Mobile,North,Electronics,218.95,1,0,218.95,154.01,64.94,Economy,6,False,,Apple Pay,False
ORD-02581,2025-01-16,C0889,Enterprise,64,False,Direct,Desktop,South,Apparel,33.38,5,0,166.9,82.64,84.26,Standard,3,False,4.0,Apple Pay,False
ORD-02582,2025-01-16,C0152,Consumer,46,False,Paid Search,Desktop,North,Apparel,51.55,2,5,97.94,53.38,44.56,Standard,3,False,5.0,Card,False
ORD-02583,2025-01-17,C0709,Consumer,30,False,Paid Search,Mobile,South,Apparel,55.51,2,0,111.02,58.24,52.78,Express,1,False,5.0,PayPal,False
ORD-02584,2025-01-17,C0996,Small Business,28,False,Organic Search,Mobile,South,Electronics,275.5,2,15,468.35,371.02,97.33,Express,3,False,5.0,Bank Transfer,False
ORD-02585,2025-01-17,C0911,Consumer,51,False,Email,Mobile,North,Home,102.27,3,0,306.81,165.44,141.37,Express,2,False,5.0,Card,False
ORD-02586,2025-01-17,C0139,Consumer,29,False,Organic Search,Desktop,South,Apparel,52.6,3,5,149.91,81.14,68.77,Express,1,False,5.0,Card,False
ORD-02587,2025-01-18,C0369,Consumer,43,False,Organic Search,Mobile,North,Electronics,252.28,1,10,227.05,173.23,53.82,Standard,5,False,4.0,Card,False
ORD-02588,2025-01-18,C0918,Consumer,48,False,Social,Mobile,West,Electronics,242.42,1,25,181.82,162.61,19.21,Standard,7,False,,Apple Pay,False
ORD-02589,2025-01-18,C1134,Consumer,20,False,Social,Mobile,North,Toys,35.1,1,0,35.1,18.68,16.42,Standard,4,False,,PayPal,False
ORD-02590,2025-01-19,C0728,Consumer,35,False,Organic Search,Mobile,South,Beauty,32.53,2,0,65.06,28.56,36.5,Express,1,False,5.0,Card,False
ORD-02591,2025-01-19,C0671,Consumer,70,False,Organic Search,Mobile,South,Electronics,249.37,1,20,199.5,175.81,23.69,Standard,5,False,4.0,Card,False
ORD-02592,2025-01-19,C0090,Small Business,55,False,Paid Search,Mobile,South,Apparel,46.76,2,20,74.82,49.03,25.79,Standard,4,False,5.0,Apple Pay,False
ORD-02593,2025-01-19,C1052,Consumer,73,False,Email,Mobile,South,Apparel,49.27,1,5,46.81,26.05,20.76,Standard,3,False,5.0,Card,False
ORD-02594,2025-01-19,C0728,Consumer,35,False,Social,Mobile,North,Apparel,43.91,1,0,43.91,22.76,21.15,Standard,5,False,5.0,Card,False
ORD-02595,2025-01-19,C1052,Consumer,73,False,Social,Mobile,East,Sports,130.91,1,20,104.73,75.7,29.03,Standard,5,True,2.0,Bank Transfer,False
ORD-02596,2025-01-19,C0365,Consumer,25,False,Paid Search,Mobile,East,Beauty,39.77,1,0,39.77,17.0,22.77,Express,1,False,4.0,Card,False
ORD-02597,2025-01-19,C0978,Consumer,61,False,Social,Mobile,East,Toys,30.68,2,5,58.29,32.65,25.64,Express,2,False,,Card,False
ORD-02598,2025-01-19,C0393,Consumer,42,False,Email,Desktop,East,Electronics,179.28,2,5,340.63,242.03,98.6,Standard,3,False,,PayPal,False
ORD-02599,2025-01-20,C0207,Consumer,48,False,Paid Search,Mobile,South,Sports,51.0,1,0,51.0,30.12,20.88,Economy,5,False,,Card,False
ORD-02600,2025-01-20,C0921,Consumer,53,False,Social,Desktop,East,Electronics,225.22,3,5,641.88,446.39,195.49,Economy,7,False,4.0,Card,False
ORD-02601,2025-01-20,C0298,Small Business,53,False,Social,Desktop,North,Electronics,181.64,3,15,463.18,356.5,106.68,Express,2,False,4.0,PayPal,True
ORD-02602,2025-01-20,C0207,Consumer,48,False,Email,Mobile,South,Apparel,56.28,2,0,112.56,59.53,53.03,Standard,4,False,,Card,True
ORD-02603,2025-01-20,C0606,Small Business,62,False,Paid Search,Mobile,North,Home,75.13,3,15,191.58,137.43,54.15,Standard,5,False,4.0,Card,False
ORD-02604,2025-01-20,C0748,Consumer,33,False,Social,Mobile,South,Apparel,49.45,3,25,111.26,77.42,33.84,Standard,5,False,5.0,PayPal,False
ORD-02605,2025-01-20,C0469,Small Business,56,False,Affiliate,Mobile,East,Toys,25.67,3,15,65.46,41.59,23.87,Standard,4,False,3.0,Card,False
ORD-02606,2025-01-20,C0400,Consumer,24,False,Social,Mobile,North,Beauty,42.6,5,5,202.35,93.82,108.53,Economy,8,False,,Card,False
ORD-02607,2025-01-20,C1052,Consumer,73,False,Organic Search,Mobile,North,Toys,34.36,4,0,137.44,74.88,62.56,Standard,4,False,5.0,Card,False
ORD-02608,2025-01-20,C0758,Consumer,64,False,Paid Search,Mobile,East,Beauty,33.61,2,0,67.22,29.29,37.93,Economy,5,False,5.0,Card,True
ORD-02609,2025-01-21,C0676,Small Business,50,False,Organic Search,Desktop,South,Home,105.43,2,20,168.69,120.83,47.86,Express,2,False,,Card,False
ORD-02610,2025-01-21,C0529,Consumer,42,False,Organic Search,Tablet,West,Electronics,323.15,1,20,258.52,206.7,51.82,Standard,6,False,4.0,Apple Pay,True
ORD-02611,2025-01-21,C0840,Consumer,43,False,Organic Search,Desktop,West,Electronics,259.74,2,0,519.48,360.86,158.62,Standard,6,False,,PayPal,False
ORD-02612,2025-01-21,C0612,Consumer,24,True,Direct,Mobile,North,Apparel,31.81,2,0,63.62,33.1,30.52,Standard,4,False,4.0,Bank Transfer,False
ORD-02613,2025-01-21,C0619,Consumer,31,False,Organic Search,Desktop,South,Electronics,253.86,1,30,177.7,172.87,4.83,Economy,5,False,4.0,Apple Pay,False
ORD-02614,2025-01-22,C1003,Consumer,74,False,Paid Search,Desktop,West,Home,93.31,1,20,74.65,54.11,20.54,Express,5,False,4.0,Card,False
ORD-02615,2025-01-22,C1052,Consumer,73,False,Direct,Mobile,South,Beauty,37.19,1,0,37.19,17.5,19.69,Standard,3,False,4.0,Card,False
ORD-02616,2025-01-22,C1022,Consumer,51,False,Direct,Tablet,South,Apparel,38.07,1,0,38.07,20.05,18.02,Express,2,False,,Card,False
ORD-02617,2025-01-22,C0298,Small Business,53,False,Direct,Desktop,South,Apparel,42.0,3,5,119.7,63.18,56.52,Standard,5,False,,Card,False
ORD-02618,2025-01-22,C0237,Small Business,74,False,Organic Search,Desktop,South,Home,113.76,4,0,455.04,268.96,186.08,Standard,3,False,4.0,Card,False
ORD-02619,2025-01-22,C0628,Consumer,49,False,Paid Search,Mobile,North,Electronics,318.2,3,15,811.41,663.52,147.89,Standard,4,False,,Card,False
ORD-02620,2025-01-22,C0730,Consumer,72,False,Organic Search,Desktop,North,Sports,70.77,1,25,53.08,43.35,9.73,Standard,4,False,5.0,Apple Pay,False
ORD-02621,2025-01-23,C0210,Consumer,19,False,Social,Mobile,North,Home,74.04,1,10,66.64,42.96,23.68,Standard,3,False,5.0,PayPal,False
ORD-02622,2025-01-23,C1137,Small Business,70,False,Direct,Desktop,South,Apparel,48.59,3,0,145.77,72.46,73.31,Express,2,False,,Card,False
ORD-02623,2025-01-23,C1088,Consumer,46,False,Organic Search,Desktop,North,Electronics,271.33,2,5,515.53,372.67,142.86,Express,2,False,,Apple Pay,False
ORD-02624,2025-01-23,C0892,Consumer,20,False,Organic Search,Mobile,North,Apparel,41.18,1,0,41.18,22.19,18.99,Standard,4,False,,Card,False
ORD-02625,2025-01-23,C0558,Small Business,22,False,Direct,Desktop,South,Electronics,281.45,4,15,956.93,731.96,224.97,Standard,5,False,4.0,Card,False
ORD-02626,2025-01-24,C0207,Consumer,48,False,Email,Mobile,West,Beauty,39.49,1,0,39.49,17.62,21.87,Standard,7,False,,Card,False
ORD-02627,2025-01-24,C0519,Consumer,72,False,Social,Desktop,West,Sports,81.6,2,0,163.2,94.2,69.0,Standard,6,True,3.0,Card,False
ORD-02628,2025-01-24,C0687,Consumer,27,True,Affiliate,Desktop,West,Toys,44.09,2,30,61.73,49.35,12.38,Standard,7,False,,Card,False
ORD-02629,2025-01-25,C0356,Consumer,42,False,Affiliate,Desktop,West,Home,88.56,2,0,177.12,101.25,75.87,Economy,8,False,2.0,PayPal,False
ORD-02630,2025-01-25,C0529,Consumer,42,False,Affiliate,Desktop,East,Beauty,34.03,2,15,57.85,30.62,27.23,Standard,4,False,,PayPal,False
ORD-02631,2025-01-25,C1052,Consumer,73,False,Email,Mobile,South,Home,117.95,2,0,235.9,136.42,99.48,Standard,4,False,,Card,False
ORD-02632,2025-01-25,C0529,Consumer,42,False,Paid Search,Desktop,South,Sports,87.82,2,25,131.73,108.51,23.22,Express,1,False,5.0,Card,False
ORD-02633,2025-01-25,C0365,Consumer,25,False,Social,Desktop,North,Toys,49.04,2,10,88.27,53.03,35.24,Standard,3,False,5.0,Card,False
ORD-02634,2025-01-25,C0646,Consumer,19,False,Social,Mobile,East,Electronics,353.43,1,25,265.07,244.07,21.0,Economy,5,True,,PayPal,False
ORD-02635,2025-01-26,C0728,Consumer,35,False,Direct,Desktop,South,Apparel,42.8,2,20,68.48,43.43,25.05,Standard,3,False,5.0,Card,True
ORD-02636,2025-01-26,C0728,Consumer,35,False,Direct,Mobile,East,Apparel,39.39,1,5,37.42,19.69,17.73,Standard,6,False,,PayPal,False
ORD-02637,2025-01-27,C0202,Small Business,18,False,Organic Search,Desktop,East,Beauty,34.58,2,0,69.16,31.74,37.42,Standard,4,False,,Bank Transfer,False
ORD-02638,2025-01-27,C1006,Consumer,22,False,Organic Search,Mobile,West,Sports,67.98,2,5,129.16,86.35,42.81,Standard,7,False,4.0,PayPal,False
ORD-02639,2025-01-27,C0210,Consumer,19,False,Paid Search,Desktop,East,Apparel,45.42,1,10,40.88,23.47,17.41,Standard,4,False,4.0,Card,True
ORD-02640,2025-01-27,C0297,Consumer,66,False,Paid Search,Mobile,South,Home,73.15,2,10,131.67,87.76,43.91,Standard,3,False,,Card,False
ORD-02641,2025-01-27,C1137,Small Business,70,False,Email,Desktop,East,Home,64.73,2,5,122.99,75.27,47.72,Standard,3,False,5.0,Card,True
ORD-02642,2025-01-28,C0840,Consumer,43,False,Email,Mobile,North,Home,69.0,1,15,58.65,41.83,16.82,Standard,3,False,,Bank Transfer,False
ORD-02643,2025-01-28,C0198,Consumer,30,False,Email,Mobile,North,Home,101.65,2,0,203.3,120.47,82.83,Standard,5,False,3.0,Apple Pay,False
ORD-02644,2025-01-28,C1147,Small Business,19,False,Direct,Desktop,West,Home,70.07,3,20,168.17,123.16,45.01,Economy,10,True,2.0,Card,False
ORD-02645,2025-01-28,C1052,Consumer,73,False,Direct,Mobile,South,Electronics,215.67,3,0,647.01,450.48,196.53,Express,3,False,,Card,False
ORD-02646,2025-01-28,C0298,Small Business,53,False,Direct,Desktop,North,Toys,36.84,3,15,93.94,62.77,31.17,Standard,5,False,,PayPal,False
ORD-02647,2025-01-29,C0207,Consumer,48,False,Organic Search,Desktop,West,Home,50.67,2,15,86.14,59.83,26.31,Express,5,False,4.0,PayPal,True
ORD-02648,2025-01-29,C1031,Small Business,58,False,Affiliate,Mobile,West,Toys,31.02,4,25,93.06,68.68,24.38,Standard,8,False,,Card,False
ORD-02649,2025-01-29,C0749,Consumer,65,True,Social,Tablet,West,Toys,50.24,1,10,45.22,26.92,18.3,Express,5,False,,PayPal,False
ORD-02650,2025-01-29,C0297,Consumer,66,False,Social,Mobile,East,Sports,67.02,2,0,134.04,80.08,53.96,Standard,7,False,,Apple Pay,False
ORD-02651,2025-01-29,C0721,Consumer,24,False,Organic Search,Desktop,North,Apparel,64.62,1,25,48.46,34.31,14.15,Standard,3,False,5.0,Card,False
ORD-02652,2025-01-29,C1134,Consumer,20,False,Affiliate,Desktop,East,Electronics,251.12,2,0,502.24,344.93,157.31,Economy,6,False,3.0,PayPal,False
ORD-02653,2025-01-29,C1052,Consumer,73,False,Email,Desktop,West,Beauty,26.96,1,0,26.96,12.66,14.3,Express,8,False,,Card,False
ORD-02654,2025-01-30,C0885,Consumer,48,False,Paid Search,Desktop,East,Toys,41.07,1,0,41.07,21.41,19.66,Standard,4,False,,Card,False
ORD-02655,2025-01-30,C0012,Consumer,31,False,Email,Desktop,West,Electronics,332.91,1,15,282.97,221.61,61.36,Standard,8,False,3.0,Card,False
ORD-02656,2025-01-30,C0987,Consumer,55,False,Paid Search,Desktop,East,Home,87.46,2,5,166.17,100.75,65.42,Standard,3,False,,PayPal,False
ORD-02657,2025-01-30,C1052,Consumer,73,False,Direct,Mobile,East,Electronics,242.22,2,15,411.77,328.56,83.21,Economy,5,False,4.0,PayPal,False
ORD-02658,2025-01-31,C0106,Consumer,40,False,Organic Search,Mobile,North,Home,58.84,1,10,52.96,34.83,18.13,Standard,4,False,,Bank Transfer,False
ORD-02659,2025-01-31,C1031,Small Business,58,False,Organic Search,Desktop,South,Electronics,136.92,3,20,328.61,276.13,52.48,Economy,5,False,,Apple Pay,True
ORD-02660,2025-01-31,C0744,Consumer,28,False,Organic Search,Tablet,East,Electronics,294.97,1,5,280.22,197.54,82.68,Express,1,True,,Card,False
ORD-02661,2025-01-31,C0400,Consumer,24,False,Paid Search,Mobile,North,Electronics,226.36,3,5,645.13,455.35,189.78,Standard,4,False,4.0,Apple Pay,True
ORD-02662,2025-02-01,C0084,Consumer,59,False,Paid Search,Desktop,North,Home,120.68,2,10,217.22,139.64,77.58,Economy,5,False,,Apple Pay,False
ORD-02663,2025-02-01,C1095,Consumer,38,False,Social,Mobile,North,Apparel,36.0,1,15,30.6,19.3,11.3,Express,2,False,5.0,Card,False
ORD-02664,2025-02-01,C1015,Consumer,39,True,Organic Search,Mobile,North,Sports,50.67,3,30,106.41,88.28,18.13,Standard,5,False,5.0,Bank Transfer,True
ORD-02665,2025-02-02,C0207,Consumer,48,False,Email,Desktop,South,Apparel,62.75,3,15,160.01,103.22,56.79,Standard,4,False,,Apple Pay,False
ORD-02666,2025-02-02,C0529,Consumer,42,False,Social,Desktop,North,Home,75.12,1,25,56.34,44.71,11.63,Express,3,False,5.0,PayPal,False
ORD-02667,2025-02-02,C1164,Small Business,41,False,Paid Search,Desktop,North,Beauty,36.16,2,0,72.32,33.6,38.72,Standard,4,False,5.0,Card,False
ORD-02668,2025-02-02,C0529,Consumer,42,False,Paid Search,Desktop,East,Toys,29.72,2,20,47.55,31.63,15.92,Economy,6,False,,Card,False
ORD-02669,2025-02-02,C1137,Small Business,70,False,Organic Search,Desktop,East,Electronics,180.39,3,30,378.82,367.24,11.58,Standard,3,False,5.0,Card,False
ORD-02670,2025-02-03,C0943,Small Business,52,False,Affiliate,Mobile,North,Apparel,36.17,3,30,75.96,55.27,20.69,Express,2,False,5.0,Card,False
ORD-02671,2025-02-03,C0950,Consumer,71,False,Paid Search,Mobile,North,Electronics,263.11,2,0,526.22,342.45,183.77,Standard,3,False,,PayPal,False
ORD-02672,2025-02-03,C0297,Consumer,66,False,Email,Desktop,North,Toys,42.72,3,10,115.34,71.29,44.05,Standard,3,False,5.0,Card,False
ORD-02673,2025-02-03,C1052,Consumer,73,False,Organic Search,Mobile,South,Toys,45.6,1,0,45.6,26.34,19.26,Express,1,False,,Card,False
ORD-02674,2025-02-04,C0529,Consumer,42,False,Direct,Mobile,North,Apparel,44.36,1,30,31.05,23.7,7.35,Economy,5,False,,Apple Pay,True
ORD-02675,2025-02-04,C0400,Consumer,24,False,Organic Search,Tablet,East,Electronics,225.99,2,0,451.98,323.03,128.95,Standard,3,False,,Card,False
ORD-02676,2025-02-04,C1052,Consumer,73,False,Organic Search,Desktop,East,Apparel,41.86,3,20,100.46,67.54,32.92,Economy,5,False,,Card,False
ORD-02677,2025-02-04,C0112,Consumer,60,True,Affiliate,Mobile,West,Electronics,142.08,1,25,106.56,92.6,13.96,Economy,11,False,2.0,Card,False
ORD-02678,2025-02-04,C1052,Consumer,73,False,Organic Search,Desktop,West,Electronics,354.32,1,5,336.6,237.15,99.45,Standard,6,False,,Bank Transfer,False
ORD-02679,2025-02-04,C0037,Consumer,18,False,Affiliate,Mobile,North,Apparel,55.13,1,20,44.1,28.43,15.67,Standard,4,False,,PayPal,True
ORD-02680,2025-02-05,C0749,Consumer,65,False,Paid Search,Mobile,East,Home,85.84,3,10,231.77,144.54,87.23,Economy,5,False,5.0,Card,False
ORD-02681,2025-02-05,C0800,Consumer,34,False,Paid Search,Mobile,East,Apparel,44.71,2,5,84.95,46.09,38.86,Standard,3,False,3.0,Card,False
ORD-02682,2025-02-05,C1004,Consumer,39,False,Paid Search,Desktop,South,Apparel,71.25,2,20,114.0,70.83,43.17,Standard,3,False,5.0,Apple Pay,False
ORD-02683,2025-02-06,C0685,Consumer,32,False,Organic Search,Desktop,South,Sports,51.81,3,30,108.8,94.72,14.08,Standard,3,False,5.0,Bank Transfer,False
ORD-02684,2025-02-06,C0484,Consumer,50,False,Social,Mobile,North,Home,96.92,2,10,174.46,109.19,65.27,Economy,6,False,5.0,Card,False
ORD-02685,2025-02-07,C0655,Consumer,21,False,Social,Desktop,South,Sports,66.67,2,0,133.34,76.66,56.68,Standard,3,False,,Card,True
ORD-02686,2025-02-07,C0907,Consumer,27,False,Paid Search,Mobile,West,Home,85.25,2,20,136.4,95.97,40.43,Express,4,False,4.0,PayPal,False
ORD-02687,2025-02-07,C0406,Small Business,55,False,Social,Mobile,West,Beauty,21.46,1,0,21.46,9.48,11.98,Standard,6,False,4.0,Card,False
ORD-02688,2025-02-07,C0758,Consumer,64,False,Paid Search,Mobile,East,Apparel,45.4,1,0,45.4,23.56,21.84,Express,2,False,5.0,Card,True
ORD-02689,2025-02-07,C0181,Consumer,65,True,Paid Search,Mobile,South,Toys,46.67,1,10,42.0,26.83,15.17,Economy,6,False,3.0,Card,False
ORD-02690,2025-02-07,C0728,Consumer,35,False,Social,Mobile,East,Toys,33.72,1,0,33.72,17.8,15.92,Standard,3,False,,PayPal,False
ORD-02691,2025-02-08,C0685,Consumer,32,False,Direct,Mobile,West,Apparel,43.98,1,0,43.98,22.66,21.32,Express,4,False,4.0,Bank Transfer,False
ORD-02692,2025-02-08,C0819,Consumer,52,False,Email,Mobile,West,Electronics,213.19,3,0,639.57,433.67,205.9,Economy,10,False,,Card,False
ORD-02693,2025-02-08,C0207,Consumer,48,False,Affiliate,Desktop,West,Electronics,208.83,2,15,355.01,290.2,64.81,Economy,10,False,3.0,Card,True
ORD-02694,2025-02-08,C0885,Consumer,48,False,Paid Search,Mobile,East,Home,76.35,2,30,106.89,83.64,23.25,Standard,4,False,5.0,Card,False
ORD-02695,2025-02-09,C0207,Consumer,48,False,Social,Mobile,East,Electronics,286.13,3,25,643.79,597.69,46.1,Standard,4,False,5.0,Card,False
ORD-02696,2025-02-09,C0676,Small Business,50,False,Paid Search,Desktop,North,Sports,58.11,4,5,220.82,136.22,84.6,Standard,3,False,,PayPal,False
ORD-02697,2025-02-09,C0950,Consumer,71,False,Organic Search,Mobile,East,Sports,76.19,3,5,217.14,139.52,77.62,Express,3,False,5.0,PayPal,False
ORD-02698,2025-02-09,C0728,Consumer,35,False,Organic Search,Mobile,South,Sports,69.64,1,15,59.19,43.46,15.73,Standard,3,False,,Apple Pay,False
ORD-02699,2025-02-09,C0939,Consumer,47,True,Email,Mobile,East,Beauty,40.55,3,0,121.65,53.73,67.92,Standard,4,False,5.0,Card,False
ORD-02700,2025-02-09,C1127,Consumer,72,False,Direct,Mobile,West,Home,88.79,3,0,266.37,151.35,115.02,Economy,10,False,,PayPal,False
ORD-02701,2025-02-09,C0840,Consumer,43,False,Affiliate,Mobile,North,Toys,74.99,1,10,67.49,40.5,26.99,Standard,4,False,4.0,Bank Transfer,False
ORD-02702,2025-02-09,C0188,Small Business,33,False,Organic Search,Desktop,East,Toys,45.21,2,25,67.82,48.92,18.9,Economy,6,False,5.0,PayPal,False
ORD-02703,2025-02-09,C0728,Consumer,35,False,Social,Tablet,East,Apparel,59.15,3,10,159.7,87.96,71.74,Standard,3,False,5.0,Card,True
ORD-02704,2025-02-10,C0982,Small Business,59,False,Email,Mobile,South,Toys,58.75,2,0,117.5,62.32,55.18,Standard,4,False,4.0,Card,False
ORD-02705,2025-02-10,C0416,Consumer,68,False,Paid Search,Desktop,East,Sports,82.44,4,25,247.32,197.75,49.57,Standard,3,False,5.0,Card,True
ORD-02706,2025-02-10,C0210,Consumer,19,False,Email,Desktop,West,Apparel,52.71,1,30,36.9,26.8,10.1,Standard,10,False,4.0,PayPal,False
ORD-02707,2025-02-10,C0529,Consumer,42,False,Affiliate,Desktop,East,Electronics,184.83,1,0,184.83,125.84,58.99,Economy,5,False,5.0,Apple Pay,False
ORD-02708,2025-02-10,C0188,Small Business,33,False,Organic Search,Desktop,East,Apparel,33.35,1,20,26.68,17.2,9.48,Standard,5,False,4.0,Card,False
ORD-02709,2025-02-10,C1140,Consumer,45,False,Organic Search,Mobile,East,Sports,104.19,4,5,395.92,255.45,140.47,Standard,3,False,4.0,Card,False
ORD-02710,2025-02-10,C1165,Consumer,43,False,Organic Search,Desktop,East,Toys,35.14,3,0,105.42,59.21,46.21,Standard,4,False,,PayPal,False
ORD-02711,2025-02-11,C0338,Consumer,69,True,Social,Mobile,East,Toys,40.3,4,10,145.08,91.36,53.72,Standard,4,False,5.0,Bank Transfer,False
ORD-02712,2025-02-11,C0732,Enterprise,21,True,Direct,Mobile,East,Sports,113.24,5,15,481.27,346.16,135.11,Standard,5,False,,Apple Pay,False
ORD-02713,2025-02-11,C0392,Consumer,61,True,Affiliate,Desktop,South,Electronics,190.4,3,0,571.2,402.27,168.93,Standard,3,False,5.0,Card,False
ORD-02714,2025-02-12,C1125,Small Business,48,False,Direct,Mobile,North,Toys,28.42,2,0,56.84,31.01,25.83,Economy,6,False,4.0,PayPal,True
ORD-02715,2025-02-12,C0393,Consumer,42,False,Direct,Tablet,West,Electronics,176.97,2,0,353.94,247.51,106.43,Economy,8,False,,Card,False
ORD-02716,2025-02-13,C0205,Consumer,45,False,Affiliate,Desktop,South,Apparel,38.27,1,15,32.53,20.34,12.19,Economy,7,False,,PayPal,False
ORD-02717,2025-02-13,C0298,Small Business,53,False,Direct,Desktop,North,Sports,53.37,1,15,45.36,31.2,14.16,Standard,3,False,4.0,Card,False
ORD-02718,2025-02-13,C0207,Consumer,48,False,Organic Search,Mobile,South,Toys,30.21,3,20,72.5,48.5,24.0,Economy,8,True,1.0,Card,True
ORD-02719,2025-02-13,C1052,Consumer,73,False,Direct,Tablet,East,Sports,81.09,2,30,113.53,97.13,16.4,Standard,3,False,5.0,PayPal,False
ORD-02720,2025-02-13,C0676,Small Business,50,False,Social,Mobile,North,Apparel,44.6,3,15,113.73,69.39,44.34,Express,2,False,5.0,PayPal,False
ORD-02721,2025-02-14,C0921,Consumer,53,False,Social,Desktop,East,Sports,71.24,4,30,199.47,175.95,23.52,Express,2,True,,Apple Pay,False
ORD-02722,2025-02-14,C0670,Consumer,29,False,Direct,Mobile,East,Sports,77.11,2,20,123.38,91.07,32.31,Economy,6,False,4.0,Bank Transfer,True
ORD-02723,2025-02-14,C1195,Consumer,53,False,Email,Mobile,North,Apparel,35.06,1,10,31.55,18.05,13.5,Express,1,False,,Card,False
ORD-02724,2025-02-14,C0212,Small Business,25,False,Organic Search,Mobile,North,Apparel,38.77,2,0,77.54,41.38,36.16,Economy,6,False,4.0,Apple Pay,False
ORD-02725,2025-02-14,C0744,Consumer,28,False,Social,Mobile,South,Home,57.77,1,15,49.1,34.19,14.91,Express,1,False,5.0,Card,False
ORD-02726,2025-02-14,C1137,Small Business,70,False,Organic Search,Desktop,South,Beauty,35.95,3,0,107.85,47.77,60.08,Standard,3,True,4.0,PayPal,False
ORD-02727,2025-02-14,C0716,Consumer,24,True,Social,Mobile,South,Electronics,159.84,3,15,407.59,348.16,59.43,Standard,4,False,,Card,False
ORD-02728,2025-02-14,C0105,Consumer,41,False,Direct,Mobile,South,Apparel,32.72,1,25,24.54,17.56,6.98,Express,2,False,,Card,False
ORD-02729,2025-02-15,C0693,Consumer,22,False,Email,Mobile,East,Electronics,171.79,1,0,171.79,113.89,57.9,Express,1,False,,Card,False
ORD-02730,2025-02-15,C0957,Consumer,21,False,Direct,Mobile,North,Beauty,28.47,1,15,24.2,13.23,10.97,Standard,4,False,4.0,Card,False
ORD-02731,2025-02-15,C0325,Consumer,21,False,Paid Search,Mobile,West,Toys,49.52,2,10,89.14,53.25,35.89,Standard,8,True,3.0,PayPal,False
ORD-02732,2025-02-16,C0558,Small Business,22,False,Social,Desktop,South,Home,101.71,3,10,274.62,191.56,83.06,Standard,3,False,5.0,Card,False
ORD-02733,2025-02-16,C1052,Consumer,73,False,Social,Mobile,East,Home,89.35,1,0,89.35,52.12,37.23,Express,2,False,5.0,PayPal,True
ORD-02734,2025-02-17,C0950,Consumer,71,False,Direct,Mobile,South,Apparel,41.84,1,0,41.84,20.86,20.98,Economy,6,False,,Card,False
ORD-02735,2025-02-17,C0205,Consumer,45,False,Email,Desktop,North,Sports,64.76,1,0,64.76,38.77,25.99,Economy,6,False,,Apple Pay,False
ORD-02736,2025-02-17,C0393,Consumer,42,False,Direct,Mobile,North,Toys,58.61,1,0,58.61,32.33,26.28,Economy,11,False,,Apple Pay,True
ORD-02737,2025-02-18,C0506,Consumer,35,False,Email,Desktop,West,Sports,47.22,3,20,113.33,88.03,25.3,Standard,8,False,2.0,Bank Transfer,False
ORD-02738,2025-02-18,C1140,Consumer,45,False,Organic Search,Mobile,North,Apparel,51.26,1,25,38.44,26.34,12.1,Economy,5,False,,Bank Transfer,True
ORD-02739,2025-02-18,C0399,Consumer,22,False,Direct,Desktop,East,Apparel,63.29,2,10,113.92,63.66,50.26,Economy,7,False,2.0,Apple Pay,False
ORD-02740,2025-02-18,C0728,Consumer,35,False,Organic Search,Mobile,South,Apparel,71.82,2,15,122.09,69.65,52.44,Standard,6,False,,PayPal,False
ORD-02741,2025-02-19,C0851,Consumer,18,False,Direct,Mobile,East,Beauty,38.49,2,0,76.98,32.78,44.2,Economy,8,False,3.0,PayPal,False
ORD-02742,2025-02-19,C0400,Consumer,24,False,Direct,Desktop,North,Electronics,222.16,2,20,355.46,304.77,50.69,Express,1,False,5.0,PayPal,False
ORD-02743,2025-02-19,C1093,Consumer,72,True,Paid Search,Desktop,East,Electronics,171.16,1,20,136.93,113.6,23.33,Standard,3,False,5.0,Card,False
ORD-02744,2025-02-19,C0950,Consumer,71,False,Organic Search,Desktop,South,Sports,109.51,3,20,262.82,197.33,65.49,Standard,4,False,3.0,Card,False
ORD-02745,2025-02-20,C0095,Consumer,73,False,Social,Mobile,South,Sports,65.18,2,0,130.36,81.0,49.36,Economy,6,False,4.0,Apple Pay,True
ORD-02746,2025-02-20,C0084,Consumer,59,False,Organic Search,Mobile,North,Apparel,57.6,2,10,103.68,59.46,44.22,Standard,3,False,,Card,False
ORD-02747,2025-02-20,C0406,Small Business,55,False,Direct,Mobile,West,Electronics,214.56,4,25,643.68,599.6,44.08,Standard,7,False,3.0,Card,False
ORD-02748,2025-02-21,C0889,Enterprise,64,False,Direct,Mobile,North,Home,86.49,5,20,345.96,253.29,92.67,Standard,4,False,4.0,PayPal,False
ORD-02749,2025-02-21,C1010,Consumer,39,False,Organic Search,Mobile,South,Apparel,49.64,1,20,39.71,25.32,14.39,Standard,3,False,4.0,Card,False
ORD-02750,2025-02-22,C1169,Consumer,38,False,Organic Search,Desktop,North,Apparel,60.07,1,0,60.07,32.93,27.14,Economy,7,False,4.0,Apple Pay,False
ORD-02751,2025-02-22,C0309,Consumer,52,False,Email,Mobile,North,Home,54.26,1,10,48.83,31.59,17.24,Express,3,False,5.0,Apple Pay,False
ORD-02752,2025-02-22,C0719,Consumer,38,False,Paid Search,Desktop,East,Electronics,149.31,2,0,298.62,202.89,95.73,Express,1,False,5.0,PayPal,False
ORD-02753,2025-02-23,C0685,Consumer,32,False,Direct,Mobile,West,Home,53.48,1,10,48.13,30.66,17.47,Standard,7,False,2.0,Card,True
ORD-02754,2025-02-23,C1127,Consumer,72,False,Direct,Desktop,South,Home,66.08,1,15,56.17,38.48,17.69,Standard,5,False,3.0,PayPal,False
ORD-02755,2025-02-23,C1052,Consumer,73,False,Organic Search,Mobile,South,Beauty,23.03,2,0,46.06,20.22,25.84,Standard,5,False,4.0,Card,True
ORD-02756,2025-02-23,C0335,Consumer,20,False,Email,Desktop,West,Home,138.33,1,0,138.33,83.88,54.45,Standard,7,False,,PayPal,False
ORD-02757,2025-02-23,C0301,Consumer,20,False,Paid Search,Desktop,East,Home,76.85,1,0,76.85,46.21,30.64,Standard,4,False,4.0,PayPal,False
ORD-02758,2025-02-23,C0312,Consumer,72,False,Direct,Mobile,South,Home,86.03,4,10,309.71,202.63,107.08,Standard,5,True,3.0,Card,True
ORD-02759,2025-02-23,C0954,Consumer,23,False,Paid Search,Desktop,South,Beauty,25.46,1,10,22.91,11.86,11.05,Standard,4,False,5.0,Card,False
ORD-02760,2025-02-24,C0954,Consumer,23,False,Paid Search,Desktop,South,Home,93.8,2,25,140.7,102.62,38.08,Standard,3,False,,Card,False
ORD-02761,2025-02-24,C0415,Consumer,29,True,Paid Search,Desktop,North,Electronics,135.22,1,10,121.7,92.79,28.91,Economy,6,False,3.0,Card,False
ORD-02762,2025-02-24,C0916,Consumer,38,False,Affiliate,Desktop,North,Apparel,44.3,1,20,35.44,22.56,12.88,Express,1,True,,PayPal,False
ORD-02763,2025-02-24,C0671,Consumer,70,False,Email,Desktop,East,Sports,58.22,1,20,46.58,33.2,13.38,Economy,8,False,3.0,Card,False
ORD-02764,2025-02-24,C0021,Consumer,39,False,Organic Search,Mobile,South,Sports,85.35,1,5,81.08,53.77,27.31,Standard,6,False,,Card,False
ORD-02765,2025-02-24,C0693,Consumer,22,False,Social,Desktop,South,Toys,35.71,4,10,128.56,79.83,48.73,Standard,4,False,5.0,Card,False
ORD-02766,2025-02-24,C0400,Consumer,24,False,Paid Search,Mobile,East,Sports,76.03,2,15,129.25,98.12,31.13,Standard,5,False,,Card,True
ORD-02767,2025-02-24,C0188,Small Business,33,False,Social,Mobile,South,Apparel,45.74,2,0,91.48,49.07,42.41,Standard,6,False,,Card,False
ORD-02768,2025-02-25,C0246,Small Business,35,False,Organic Search,Mobile,South,Sports,54.9,2,0,109.8,65.58,44.22,Standard,3,False,5.0,Card,False
ORD-02769,2025-02-25,C0445,Consumer,65,False,Social,Mobile,East,Electronics,177.26,2,0,354.52,241.86,112.66,Standard,4,False,5.0,Card,False
ORD-02770,2025-02-25,C0066,Consumer,22,False,Paid Search,Tablet,West,Home,56.69,2,0,113.38,61.84,51.54,Express,5,False,,Card,False
ORD-02771,2025-02-26,C0010,Small Business,35,False,Organic Search,Desktop,North,Home,114.75,4,0,459.0,289.08,169.92,Standard,4,False,3.0,Card,False
ORD-02772,2025-02-26,C0393,Consumer,42,False,Social,Desktop,South,Sports,64.15,1,15,54.53,37.62,16.91,Standard,4,True,,Card,False
ORD-02773,2025-02-26,C0440,Consumer,69,False,Direct,Mobile,East,Beauty,33.14,1,30,23.2,14.34,8.86,Economy,7,True,3.0,Card,False
ORD-02774,2025-02-26,C0424,Consumer,68,False,Paid Search,Desktop,West,Home,67.23,1,25,50.42,41.92,8.5,Economy,10,False,,PayPal,False
ORD-02775,2025-02-26,C0202,Small Business,18,False,Direct,Tablet,East,Home,169.78,5,0,848.9,499.18,349.72,Standard,3,False,4.0,Card,False
ORD-02776,2025-02-26,C0465,Consumer,29,False,Paid Search,Mobile,South,Apparel,51.67,3,30,108.51,81.0,27.51,Standard,4,False,,Card,True
ORD-02777,2025-02-26,C0515,Enterprise,34,False,Affiliate,Desktop,North,Apparel,61.27,6,20,294.1,192.88,101.22,Express,1,False,5.0,Card,False
ORD-02778,2025-02-27,C0297,Consumer,66,False,Direct,Mobile,North,Apparel,45.57,1,10,41.01,23.73,17.28,Standard,3,True,,Apple Pay,False
ORD-02779,2025-02-27,C0728,Consumer,35,False,Organic Search,Tablet,East,Beauty,26.26,1,30,18.38,11.52,6.86,Standard,4,False,4.0,Apple Pay,False
ORD-02780,2025-02-27,C0763,Small Business,26,False,Direct,Tablet,West,Sports,76.92,1,0,76.92,46.26,30.66,Economy,13,False,1.0,Card,False
ORD-02781,2025-02-27,C0954,Consumer,23,False,Social,Mobile,East,Home,91.35,1,10,82.22,51.68,30.54,Standard,7,False,,Card,False
ORD-02782,2025-02-27,C0400,Consumer,24,False,Affiliate,Mobile,East,Beauty,28.07,2,10,50.53,25.32,25.21,Standard,3,True,,Card,False
ORD-02783,2025-02-27,C1164,Small Business,41,False,Paid Search,Desktop,East,Apparel,46.53,2,5,88.41,49.18,39.23,Standard,3,False,4.0,PayPal,False
ORD-02784,2025-02-27,C0753,Consumer,37,False,Paid Search,Mobile,East,Sports,64.27,1,25,48.2,37.79,10.41,Standard,3,False,5.0,Apple Pay,False
ORD-02785,2025-02-27,C0676,Small Business,50,False,Email,Mobile,North,Apparel,47.78,1,15,40.61,25.36,15.25,Standard,4,False,,Card,False
ORD-02786,2025-02-27,C0918,Consumer,48,False,Social,Mobile,South,Sports,53.93,2,20,86.29,64.29,22.0,Economy,5,False,3.0,Card,False
ORD-02787,2025-02-28,C0558,Small Business,22,False,Social,Desktop,East,Beauty,24.58,2,20,39.33,22.11,17.22,Standard,3,False,5.0,Apple Pay,False
ORD-02788,2025-02-28,C0297,Consumer,66,False,Affiliate,Desktop,South,Apparel,68.8,3,20,165.12,106.06,59.06,Standard,4,False,4.0,Apple Pay,True
ORD-02789,2025-02-28,C0118,Consumer,19,False,Direct,Tablet,South,Toys,54.22,2,5,103.02,59.91,43.11,Standard,3,False,5.0,Card,False
ORD-02790,2025-02-28,C0519,Consumer,72,False,Paid Search,Mobile,North,Electronics,180.35,1,15,153.3,119.57,33.73,Express,2,False,5.0,PayPal,False
ORD-02791,2025-02-28,C0434,Consumer,62,True,Social,Desktop,West,Home,82.07,1,10,73.86,45.67,28.19,Economy,10,False,2.0,Card,True
ORD-02792,2025-03-01,C1165,Consumer,43,False,Social,Desktop,South,Beauty,23.72,3,0,71.16,30.84,40.32,Standard,4,True,3.0,Card,False
ORD-02793,2025-03-01,C1006,Consumer,22,False,Social,Desktop,South,Home,83.76,1,15,71.2,49.03,22.17,Standard,4,False,5.0,Bank Transfer,True
ORD-02794,2025-03-02,C0207,Consumer,48,False,Paid Search,Mobile,North,Beauty,29.96,1,5,28.46,13.51,14.95,Standard,4,False,4.0,Card,False
ORD-02795,2025-03-02,C1140,Consumer,45,False,Paid Search,Desktop,North,Home,96.35,1,20,77.08,53.72,23.36,Standard,3,False,,Card,False
ORD-02796,2025-03-02,C0403,Consumer,65,False,Organic Search,Mobile,South,Beauty,30.68,1,0,30.68,14.13,16.55,Standard,3,False,4.0,PayPal,False
ORD-02797,2025-03-02,C0728,Consumer,35,False,Social,Desktop,South,Apparel,58.86,2,25,88.29,57.08,31.21,Standard,4,False,5.0,Apple Pay,False
ORD-02798,2025-03-03,C0728,Consumer,35,False,Email,Desktop,North,Apparel,53.2,3,10,143.64,84.64,59.0,Standard,5,True,,Apple Pay,True
ORD-02799,2025-03-03,C0856,Consumer,43,False,Direct,Desktop,North,Home,63.65,2,25,95.48,78.95,16.53,Standard,3,False,,Card,False
ORD-02800,2025-03-03,C0685,Consumer,32,False,Email,Desktop,East,Home,69.28,2,20,110.85,83.58,27.27,Standard,5,False,,Card,False
ORD-02801,2025-03-03,C0871,Consumer,29,False,Social,Desktop,North,Home,129.75,2,30,181.65,147.41,34.24,Standard,4,False,5.0,Card,False
ORD-02802,2025-03-04,C1147,Small Business,19,False,Affiliate,Desktop,East,Sports,79.01,3,0,237.03,140.94,96.09,Express,2,False,,Bank Transfer,False
ORD-02803,2025-03-04,C0728,Consumer,35,False,Organic Search,Desktop,South,Sports,62.68,1,0,62.68,37.57,25.11,Express,1,True,4.0,PayPal,False
ORD-02804,2025-03-04,C1052,Consumer,73,False,Direct,Mobile,North,Electronics,256.89,1,30,179.82,172.35,7.47,Standard,5,False,,Card,False
ORD-02805,2025-03-04,C0097,Consumer,69,False,Direct,Mobile,East,Home,84.75,3,0,254.25,137.44,116.81,Economy,5,False,5.0,PayPal,False
ORD-02806,2025-03-05,C0063,Small Business,53,False,Organic Search,Mobile,North,Electronics,282.63,1,5,268.5,191.16,77.34,Standard,6,False,4.0,Card,False
ORD-02807,2025-03-05,C0728,Consumer,35,False,Paid Search,Mobile,West,Beauty,35.35,1,20,28.28,15.38,12.9,Economy,9,False,2.0,Card,False
ORD-02808,2025-03-05,C1128,Consumer,51,True,Paid Search,Mobile,South,Home,86.39,1,5,82.07,51.13,30.94,Express,3,False,5.0,Card,False
ORD-02809,2025-03-05,C0312,Consumer,72,False,Paid Search,Mobile,West,Electronics,193.02,1,5,183.37,134.55,48.82,Standard,8,False,,Apple Pay,False
ORD-02810,2025-03-05,C0685,Consumer,32,False,Direct,Desktop,North,Home,96.27,2,20,154.03,109.16,44.87,Standard,3,False,5.0,PayPal,False
ORD-02811,2025-03-05,C0676,Small Business,50,False,Email,Mobile,West,Toys,55.69,3,10,150.36,92.39,57.97,Standard,7,False,,PayPal,False
ORD-02812,2025-03-05,C0908,Small Business,21,False,Social,Mobile,West,Apparel,57.24,2,20,91.58,57.6,33.98,Economy,9,False,3.0,Card,False
ORD-02813,2025-03-05,C0691,Consumer,51,False,Organic Search,Tablet,West,Sports,65.55,2,5,124.54,81.3,43.24,Standard,9,False,2.0,Apple Pay,False
ORD-02814,2025-03-06,C0992,Consumer,64,False,Organic Search,Mobile,East,Toys,46.17,2,0,92.34,50.98,41.36,Economy,5,False,5.0,Card,False
ORD-02815,2025-03-06,C0819,Consumer,52,False,Email,Tablet,East,Home,69.23,2,20,110.77,79.46,31.31,Standard,3,True,4.0,Card,False
ORD-02816,2025-03-06,C0207,Consumer,48,False,Social,Mobile,West,Apparel,55.75,1,15,47.39,28.46,18.93,Standard,7,False,4.0,PayPal,False
ORD-02817,2025-03-06,C0966,Enterprise,29,False,Email,Mobile,North,Electronics,226.86,5,0,1134.3,767.2,367.1,Standard,4,False,4.0,Card,False
ORD-02818,2025-03-06,C0254,Consumer,62,False,Social,Mobile,South,Apparel,72.05,1,25,54.04,36.57,17.47,Standard,4,False,5.0,Card,False
ORD-02819,2025-03-06,C0947,Consumer,26,False,Direct,Mobile,North,Electronics,216.79,1,10,195.11,138.67,56.44,Standard,4,False,5.0,Card,False
ORD-02820,2025-03-07,C0074,Consumer,26,False,Organic Search,Mobile,South,Apparel,76.46,1,5,72.64,40.08,32.56,Standard,3,False,,PayPal,False
ORD-02821,2025-03-07,C0210,Consumer,19,False,Social,Desktop,East,Apparel,41.45,3,5,118.13,66.74,51.39,Standard,4,False,4.0,Card,False
ORD-02822,2025-03-07,C1052,Consumer,73,False,Direct,Desktop,West,Beauty,36.85,1,10,33.16,16.59,16.57,Express,5,False,4.0,Apple Pay,False
ORD-02823,2025-03-08,C0400,Consumer,24,False,Social,Mobile,South,Toys,26.97,2,20,43.15,29.72,13.43,Express,1,False,,Card,False
ORD-02824,2025-03-08,C1169,Consumer,38,False,Paid Search,Desktop,North,Apparel,47.66,1,0,47.66,26.79,20.87,Standard,5,True,4.0,Card,False
ORD-02825,2025-03-08,C0210,Consumer,19,False,Organic Search,Desktop,South,Toys,66.31,1,10,59.68,37.86,21.82,Express,2,False,5.0,Apple Pay,False
ORD-02826,2025-03-08,C1137,Small Business,70,False,Paid Search,Desktop,East,Sports,74.53,2,0,149.06,86.11,62.95,Standard,6,False,,Card,True
ORD-02827,2025-03-08,C0881,Consumer,33,False,Social,Desktop,North,Home,67.04,2,0,134.08,73.71,60.37,Economy,8,False,3.0,Card,False
ORD-02828,2025-03-08,C0671,Consumer,70,False,Organic Search,Desktop,North,Home,132.62,2,10,238.72,159.69,79.03,Standard,4,False,5.0,Bank Transfer,False
ORD-02829,2025-03-09,C0685,Consumer,32,False,Organic Search,Desktop,North,Apparel,50.21,2,25,75.32,51.11,24.21,Express,2,False,,Bank Transfer,False
ORD-02830,2025-03-09,C0026,Consumer,27,True,Direct,Tablet,North,Electronics,274.25,2,20,438.8,373.2,65.6,Express,4,False,5.0,Apple Pay,False
ORD-02831,2025-03-09,C0055,Small Business,62,False,Email,Mobile,South,Electronics,277.52,3,25,624.42,545.7,78.72,Standard,4,False,4.0,Card,False
ORD-02832,2025-03-09,C0763,Small Business,26,False,Affiliate,Mobile,East,Toys,34.32,3,15,87.52,55.52,32.0,Express,2,False,,Card,False
ORD-02833,2025-03-09,C1156,Consumer,49,False,Direct,Mobile,East,Beauty,22.47,2,20,35.95,20.09,15.86,Economy,6,False,,PayPal,False
ORD-02834,2025-03-09,C0026,Consumer,27,False,Email,Desktop,West,Apparel,53.04,3,10,143.21,81.35,61.86,Express,5,False,3.0,Bank Transfer,False
ORD-02835,2025-03-09,C0063,Small Business,53,False,Affiliate,Desktop,East,Electronics,265.42,3,15,676.82,523.82,153.0,Economy,5,False,4.0,Card,False
ORD-02836,2025-03-10,C0063,Small Business,53,False,Social,Mobile,West,Home,73.14,5,0,365.7,217.71,147.99,Standard,9,False,2.0,Card,False
ORD-02837,2025-03-10,C0309,Consumer,52,False,Paid Search,Mobile,North,Apparel,39.34,1,25,29.51,21.55,7.96,Express,2,False,5.0,Card,False
ORD-02838,2025-03-10,C1156,Consumer,49,False,Email,Mobile,South,Beauty,51.03,3,15,130.13,67.98,62.15,Economy,6,False,,PayPal,False
ORD-02839,2025-03-10,C0298,Small Business,53,False,Paid Search,Desktop,South,Beauty,31.44,1,15,26.72,13.5,13.22,Express,6,False,,Card,False
ORD-02840,2025-03-11,C0126,Small Business,61,False,Direct,Desktop,West,Home,76.75,4,0,307.0,165.08,141.92,Standard,9,False,,Card,True
ORD-02841,2025-03-12,C0809,Consumer,49,False,Organic Search,Desktop,North,Electronics,219.44,3,5,625.4,442.21,183.19,Express,2,False,,Card,False
ORD-02842,2025-03-12,C0556,Small Business,40,False,Direct,Tablet,South,Home,82.76,4,0,331.04,186.82,144.22,Express,2,False,4.0,Bank Transfer,False
ORD-02843,2025-03-12,C0685,Consumer,32,False,Organic Search,Desktop,West,Sports,47.45,3,5,135.23,82.72,52.51,Express,5,False,4.0,Card,False
ORD-02844,2025-03-12,C1016,Consumer,53,False,Affiliate,Mobile,West,Electronics,189.79,1,0,189.79,127.43,62.36,Standard,6,False,3.0,Card,False
ORD-02845,2025-03-12,C0840,Consumer,43,False,Paid Search,Desktop,South,Sports,56.35,3,10,152.15,96.69,55.46,Express,1,False,5.0,PayPal,False
ORD-02846,2025-03-12,C1137,Small Business,70,False,Email,Mobile,East,Toys,56.67,3,5,161.51,93.01,68.5,Standard,4,False,4.0,Card,False
ORD-02847,2025-03-12,C0746,Consumer,22,False,Paid Search,Desktop,North,Home,74.98,1,30,52.49,42.94,9.55,Economy,7,False,,Card,False
ORD-02848,2025-03-13,C1181,Consumer,34,False,Social,Desktop,South,Beauty,35.25,1,10,31.72,16.02,15.7,Standard,3,False,4.0,Apple Pay,False
ORD-02849,2025-03-13,C1067,Consumer,58,False,Paid Search,Desktop,East,Apparel,32.65,1,15,27.75,17.26,10.49,Express,2,False,5.0,Apple Pay,True
ORD-02850,2025-03-13,C0188,Small Business,33,False,Direct,Tablet,South,Sports,45.91,2,10,82.64,57.37,25.27,Express,3,False,4.0,Card,False
ORD-02851,2025-03-14,C0657,Small Business,45,False,Social,Desktop,East,Beauty,23.25,7,15,138.34,73.63,64.71,Express,3,False,5.0,Apple Pay,False
ORD-02852,2025-03-14,C1012,Consumer,36,False,Organic Search,Mobile,North,Electronics,229.12,1,20,183.3,163.95,19.35,Standard,4,False,3.0,Card,False
ORD-02853,2025-03-14,C0106,Consumer,40,False,Organic Search,Desktop,East,Toys,37.37,2,30,52.32,39.69,12.63,Express,2,False,,Card,False
ORD-02854,2025-03-15,C0342,Consumer,71,False,Social,Desktop,North,Electronics,238.77,1,10,214.89,167.27,47.62,Express,1,True,4.0,PayPal,False
ORD-02855,2025-03-15,C0881,Consumer,33,False,Organic Search,Mobile,West,Electronics,308.82,3,0,926.46,656.26,270.2,Standard,7,False,4.0,Apple Pay,False
ORD-02856,2025-03-15,C0246,Small Business,35,False,Organic Search,Mobile,West,Home,122.08,2,15,207.54,142.65,64.89,Standard,8,False,3.0,Card,False
ORD-02857,2025-03-15,C0638,Enterprise,41,False,Organic Search,Desktop,North,Toys,52.26,5,30,182.91,145.3,37.61,Standard,4,True,4.0,Card,False
ORD-02858,2025-03-15,C1125,Small Business,48,False,Social,Mobile,North,Electronics,254.47,4,0,1017.88,703.66,314.22,Express,2,False,5.0,Apple Pay,False
ORD-02859,2025-03-15,C0312,Consumer,72,False,Organic Search,Desktop,East,Apparel,59.62,2,15,101.35,60.96,40.39,Economy,8,False,,PayPal,False
ORD-02860,2025-03-15,C0122,Consumer,54,False,Social,Mobile,North,Home,112.78,2,5,214.28,125.78,88.5,Express,3,False,5.0,Card,False
ORD-02861,2025-03-16,C0966,Enterprise,29,False,Organic Search,Desktop,South,Beauty,33.1,3,10,89.37,43.15,46.22,Standard,3,False,5.0,Card,False
ORD-02862,2025-03-16,C0378,Consumer,20,False,Email,Mobile,South,Sports,67.52,2,20,108.03,80.62,27.41,Express,3,False,3.0,Card,False
ORD-02863,2025-03-16,C1097,Enterprise,52,False,Direct,Mobile,South,Apparel,36.63,1,25,27.47,18.45,9.02,Standard,3,False,5.0,Card,False
ORD-02864,2025-03-16,C0268,Consumer,19,False,Direct,Desktop,South,Sports,98.15,1,25,73.61,58.6,15.01,Standard,3,False,4.0,Card,True
ORD-02865,2025-03-17,C0609,Consumer,56,False,Email,Mobile,South,Home,103.31,1,10,92.98,57.77,35.21,Standard,4,False,,Bank Transfer,False
ORD-02866,2025-03-17,C0719,Consumer,38,False,Affiliate,Desktop,East,Apparel,47.2,2,25,70.8,48.25,22.55,Economy,6,False,5.0,Card,False
ORD-02867,2025-03-17,C0400,Consumer,24,False,Organic Search,Desktop,North,Beauty,33.93,1,15,28.84,14.97,13.87,Economy,5,False,4.0,Card,False
ORD-02868,2025-03-18,C0776,Consumer,55,False,Direct,Desktop,North,Sports,70.48,2,30,98.67,85.41,13.26,Standard,4,False,5.0,Card,False
ORD-02869,2025-03-18,C0950,Consumer,71,False,Direct,Desktop,East,Apparel,52.8,2,0,105.6,53.95,51.65,Standard,3,False,5.0,Card,True
ORD-02870,2025-03-18,C0720,Consumer,27,False,Social,Mobile,West,Electronics,117.01,2,10,210.62,170.44,40.18,Express,5,False,,Card,False
ORD-02871,2025-03-18,C0445,Consumer,65,False,Social,Mobile,North,Apparel,51.4,1,10,46.26,26.24,20.02,Standard,6,False,,Card,False
ORD-02872,2025-03-18,C0529,Consumer,42,False,Direct,Desktop,South,Apparel,51.2,1,20,40.96,25.46,15.5,Express,2,False,5.0,PayPal,False
ORD-02873,2025-03-19,C0671,Consumer,70,False,Organic Search,Mobile,North,Sports,73.07,2,10,131.53,90.56,40.97,Express,2,False,4.0,Card,False
ORD-02874,2025-03-19,C0728,Consumer,35,False,Social,Mobile,South,Toys,39.73,2,5,75.49,44.22,31.27,Standard,3,False,5.0,Card,False
ORD-02875,2025-03-19,C1140,Consumer,45,False,Social,Desktop,North,Sports,80.61,1,30,56.43,49.02,7.41,Express,3,False,4.0,Card,False
ORD-02876,2025-03-19,C0298,Small Business,53,False,Email,Mobile,North,Apparel,85.29,4,25,255.87,183.8,72.07,Standard,5,False,4.0,Card,False
ORD-02877,2025-03-19,C0929,Consumer,38,False,Organic Search,Tablet,North,Beauty,22.91,2,10,41.24,20.17,21.07,Standard,3,False,,Card,False
ORD-02878,2025-03-19,C1023,Small Business,51,False,Direct,Desktop,North,Home,88.26,3,20,211.82,147.33,64.49,Standard,3,False,,Card,True
ORD-02879,2025-03-19,C1125,Small Business,48,False,Direct,Mobile,West,Sports,57.42,6,15,292.84,204.86,87.98,Standard,8,False,4.0,Card,False
ORD-02880,2025-03-19,C0545,Consumer,54,True,Email,Desktop,East,Sports,40.69,2,5,77.31,48.58,28.73,Express,1,False,,Card,False
ORD-02881,2025-03-19,C0207,Consumer,48,False,Organic Search,Mobile,East,Sports,94.14,1,0,94.14,56.83,37.31,Economy,8,False,,PayPal,False
ORD-02882,2025-03-19,C1140,Consumer,45,False,Email,Mobile,South,Sports,46.84,2,0,93.68,55.13,38.55,Standard,5,False,4.0,Card,True
ORD-02883,2025-03-20,C0322,Consumer,48,True,Affiliate,Desktop,East,Apparel,66.66,1,10,59.99,33.52,26.47,Standard,3,False,5.0,Card,False
ORD-02884,2025-03-20,C0189,Consumer,18,False,Affiliate,Desktop,South,Beauty,31.89,2,30,44.65,29.55,15.1,Express,1,False,5.0,Card,False
ORD-02885,2025-03-20,C0685,Consumer,32,False,Paid Search,Mobile,East,Apparel,39.67,1,20,31.74,19.7,12.04,Standard,3,False,4.0,Bank Transfer,False
ORD-02886,2025-03-21,C0641,Consumer,43,False,Social,Mobile,East,Electronics,217.15,1,10,195.44,155.83,39.61,Economy,5,False,4.0,Bank Transfer,False
ORD-02887,2025-03-21,C0954,Consumer,23,False,Paid Search,Desktop,East,Apparel,42.87,2,5,81.45,43.67,37.78,Standard,3,False,,Bank Transfer,False
ORD-02888,2025-03-21,C0065,Enterprise,62,False,Organic Search,Desktop,West,Beauty,36.37,4,20,116.38,64.33,52.05,Economy,11,True,,Card,False
ORD-02889,2025-03-21,C0023,Small Business,73,True,Social,Mobile,North,Electronics,160.35,3,5,457.0,313.89,143.11,Standard,3,False,5.0,PayPal,False
ORD-02890,2025-03-21,C1052,Consumer,73,False,Paid Search,Desktop,West,Electronics,292.31,3,0,876.93,586.55,290.38,Standard,6,False,,Card,False
ORD-02891,2025-03-21,C0207,Consumer,48,False,Social,Mobile,North,Apparel,35.33,2,0,70.66,37.68,32.98,Economy,5,True,3.0,Card,False
ORD-02892,2025-03-22,C0728,Consumer,35,False,Paid Search,Desktop,East,Apparel,58.28,3,0,174.84,93.48,81.36,Economy,5,True,,PayPal,False
ORD-02893,2025-03-22,C0063,Small Business,53,False,Paid Search,Desktop,South,Beauty,28.03,2,5,53.26,24.82,28.44,Standard,3,False,4.0,Apple Pay,False
ORD-02894,2025-03-22,C0188,Small Business,33,False,Paid Search,Desktop,North,Home,67.69,2,5,128.61,76.08,52.53,Economy,5,False,4.0,Apple Pay,False
ORD-02895,2025-03-22,C1052,Consumer,73,False,Direct,Mobile,West,Beauty,28.78,3,5,82.02,40.11,41.91,Standard,8,False,3.0,Card,False
ORD-02896,2025-03-22,C0054,Consumer,31,True,Affiliate,Desktop,South,Electronics,209.54,1,5,199.06,143.07,55.99,Standard,4,False,,Apple Pay,True
ORD-02897,2025-03-22,C0188,Small Business,33,False,Paid Search,Mobile,North,Toys,54.5,2,20,87.2,59.16,28.04,Standard,3,False,,PayPal,False
ORD-02898,2025-03-22,C0545,Consumer,54,False,Direct,Mobile,South,Home,68.87,1,10,61.98,38.2,23.78,Express,1,False,5.0,PayPal,True
ORD-02899,2025-03-22,C1052,Consumer,73,False,Organic Search,Mobile,South,Home,77.74,2,0,155.48,89.68,65.8,Economy,6,False,,Card,False
ORD-02900,2025-03-22,C1169,Consumer,38,False,Organic Search,Desktop,East,Sports,62.88,2,15,106.9,73.65,33.25,Express,2,False,,Bank Transfer,False
ORD-02901,2025-03-22,C0941,Consumer,32,False,Organic Search,Desktop,North,Electronics,213.38,1,5,202.71,137.93,64.78,Economy,5,False,3.0,Bank Transfer,False
ORD-02902,2025-03-22,C1105,Small Business,44,False,Email,Tablet,South,Electronics,228.26,3,0,684.78,462.34,222.44,Standard,4,False,4.0,PayPal,False
ORD-02903,2025-03-23,C1031,Small Business,58,False,Organic Search,Mobile,South,Sports,85.53,2,5,162.51,105.14,57.37,Express,2,False,,PayPal,False
ORD-02904,2025-03-23,C0297,Consumer,66,False,Social,Mobile,North,Apparel,33.04,1,0,33.04,16.79,16.25,Standard,5,True,,Card,False
ORD-02905,2025-03-23,C0092,Small Business,70,False,Direct,Mobile,West,Apparel,55.8,1,20,44.64,29.43,15.21,Economy,9,False,3.0,Apple Pay,False
ORD-02906,2025-03-23,C1134,Consumer,20,False,Organic Search,Mobile,East,Beauty,23.71,3,10,64.02,33.37,30.65,Express,1,False,5.0,Apple Pay,True
ORD-02907,2025-03-23,C0370,Consumer,35,False,Paid Search,Desktop,North,Apparel,31.12,3,5,88.69,47.69,41.0,Standard,3,False,5.0,Bank Transfer,False
ORD-02908,2025-03-23,C0406,Small Business,55,False,Email,Mobile,South,Electronics,217.08,3,20,520.99,453.16,67.83,Express,2,False,,Card,False
ORD-02909,2025-03-23,C0255,Consumer,46,False,Email,Mobile,North,Toys,34.6,1,5,32.87,19.68,13.19,Standard,3,False,5.0,Card,False
ORD-02910,2025-03-23,C0122,Consumer,54,False,Direct,Mobile,North,Electronics,196.7,3,20,472.08,396.02,76.06,Economy,5,True,,Card,False
ORD-02911,2025-03-23,C0270,Small Business,21,False,Organic Search,Mobile,West,Apparel,53.23,4,5,202.27,111.64,90.63,Express,4,False,4.0,Card,False
ORD-02912,2025-03-23,C0298,Small Business,53,False,Organic Search,Tablet,East,Apparel,53.2,4,15,180.88,111.52,69.36,Economy,7,False,,Card,False
ORD-02913,2025-03-23,C0947,Consumer,26,False,Paid Search,Tablet,South,Home,97.68,3,0,293.04,161.75,131.29,Standard,4,False,5.0,Card,True
ORD-02914,2025-03-24,C1052,Consumer,73,False,Organic Search,Mobile,South,Sports,53.09,4,0,212.36,132.48,79.88,Standard,4,False,5.0,Card,False
ORD-02915,2025-03-24,C0207,Consumer,48,False,Organic Search,Desktop,North,Sports,63.75,1,5,60.56,38.17,22.39,Standard,4,True,3.0,Apple Pay,False
ORD-02916,2025-03-24,C0671,Consumer,70,False,Social,Desktop,North,Sports,84.22,2,25,126.33,99.94,26.39,Standard,3,False,4.0,Card,False
ORD-02917,2025-03-25,C0202,Small Business,18,False,Email,Mobile,South,Beauty,27.22,3,10,73.49,33.82,39.67,Standard,5,False,5.0,PayPal,True
ORD-02918,2025-03-25,C0646,Consumer,19,False,Organic Search,Mobile,East,Sports,57.88,2,20,92.61,70.0,22.61,Express,2,False,5.0,Apple Pay,False
ORD-02919,2025-03-25,C0012,Consumer,31,False,Organic Search,Desktop,East,Electronics,206.47,1,15,175.5,138.18,37.32,Standard,4,False,4.0,Apple Pay,False
ORD-02920,2025-03-25,C0043,Consumer,69,False,Social,Mobile,South,Home,90.05,1,10,81.04,52.89,28.15,Standard,3,False,4.0,Card,False
ORD-02921,2025-03-25,C0772,Enterprise,50,False,Paid Search,Mobile,West,Beauty,29.34,3,5,83.62,40.87,42.75,Standard,7,False,,PayPal,False
ORD-02922,2025-03-25,C0728,Consumer,35,False,Email,Mobile,North,Home,67.93,3,5,193.6,124.63,68.97,Standard,7,False,4.0,Apple Pay,False
ORD-02923,2025-03-25,C0083,Enterprise,60,False,Social,Desktop,West,Apparel,41.37,6,10,223.4,128.9,94.5,Economy,8,False,2.0,Card,False
ORD-02924,2025-03-26,C0671,Consumer,70,False,Paid Search,Mobile,North,Home,87.21,2,10,156.98,100.09,56.89,Standard,7,False,,Card,False
ORD-02925,2025-03-26,C0021,Consumer,39,False,Organic Search,Mobile,East,Sports,67.55,1,25,50.66,38.82,11.84,Standard,5,False,,Card,False
ORD-02926,2025-03-26,C0043,Consumer,69,False,Direct,Desktop,North,Home,115.18,2,5,218.84,135.16,83.68,Standard,3,False,5.0,Card,False
ORD-02927,2025-03-26,C0722,Consumer,64,False,Paid Search,Mobile,North,Sports,65.03,1,20,52.02,36.94,15.08,Economy,5,True,2.0,Bank Transfer,False
ORD-02928,2025-03-26,C0063,Small Business,53,False,Direct,Desktop,West,Electronics,258.88,1,25,194.16,171.19,22.97,Standard,7,False,4.0,Card,False
ORD-02929,2025-03-27,C0065,Enterprise,62,False,Paid Search,Mobile,East,Apparel,48.15,6,15,245.56,155.11,90.45,Economy,8,False,4.0,Card,False
ORD-02930,2025-03-27,C0534,Consumer,68,False,Email,Mobile,East,Sports,72.82,1,0,72.82,44.3,28.52,Standard,4,False,5.0,Apple Pay,False
ORD-02931,2025-03-27,C0606,Small Business,62,False,Email,Mobile,South,Apparel,57.44,4,25,172.32,117.18,55.14,Standard,6,False,3.0,Apple Pay,False
ORD-02932,2025-03-27,C1052,Consumer,73,False,Direct,Mobile,South,Beauty,33.63,1,0,33.63,15.01,18.62,Express,2,False,,Card,False
ORD-02933,2025-03-27,C0591,Consumer,73,False,Social,Mobile,West,Apparel,54.76,1,25,41.07,29.33,11.74,Economy,9,False,,Card,False
ORD-02934,2025-03-28,C0365,Consumer,25,False,Direct,Desktop,East,Apparel,39.72,1,0,39.72,21.31,18.41,Standard,3,False,5.0,Card,False
ORD-02935,2025-03-28,C0202,Small Business,18,False,Direct,Mobile,North,Electronics,191.06,5,0,955.3,648.81,306.49,Standard,3,False,5.0,Card,False
ORD-02936,2025-03-28,C0106,Consumer,40,False,Paid Search,Mobile,South,Toys,54.25,3,0,162.75,87.28,75.47,Express,1,False,5.0,PayPal,False
ORD-02937,2025-03-28,C0671,Consumer,70,False,Direct,Mobile,North,Sports,66.1,1,25,49.58,39.38,10.2,Express,2,False,5.0,Card,False
ORD-02938,2025-03-28,C0400,Consumer,24,False,Paid Search,Mobile,East,Electronics,207.3,1,5,196.94,137.74,59.2,Standard,4,False,,Apple Pay,False
ORD-02939,2025-03-28,C0685,Consumer,32,False,Affiliate,Mobile,North,Apparel,49.54,1,0,49.54,27.43,22.11,Standard,3,True,4.0,PayPal,False
ORD-02940,2025-03-28,C1054,Consumer,36,False,Social,Desktop,North,Beauty,39.8,1,20,31.84,18.46,13.38,Standard,4,False,4.0,Card,False
ORD-02941,2025-03-28,C0061,Small Business,71,False,Paid Search,Mobile,South,Apparel,36.09,2,20,57.74,37.11,20.63,Standard,3,True,,Bank Transfer,False
ORD-02942,2025-03-29,C0113,Consumer,36,False,Email,Desktop,South,Electronics,247.59,1,25,185.69,168.86,16.83,Economy,6,False,,Card,False
ORD-02943,2025-03-29,C1052,Consumer,73,False,Affiliate,Desktop,East,Electronics,201.98,1,30,141.39,132.21,9.18,Express,1,False,5.0,PayPal,False
ORD-02944,2025-03-29,C0722,Consumer,64,False,Organic Search,Mobile,West,Home,72.26,1,0,72.26,42.24,30.02,Economy,9,False,3.0,Apple Pay,False
ORD-02945,2025-03-29,C0356,Consumer,42,False,Paid Search,Mobile,South,Electronics,208.28,1,20,166.62,140.78,25.84,Standard,4,False,5.0,Card,False
ORD-02946,2025-03-30,C0370,Consumer,35,False,Paid Search,Desktop,East,Beauty,40.23,2,10,72.41,36.4,36.01,Express,2,True,4.0,Card,False
ORD-02947,2025-03-30,C0210,Consumer,19,False,Email,Mobile,North,Home,79.67,2,0,159.34,94.84,64.5,Standard,3,False,5.0,Bank Transfer,False
ORD-02948,2025-03-30,C0479,Consumer,51,True,Organic Search,Mobile,East,Apparel,52.49,2,20,83.98,55.63,28.35,Express,2,False,5.0,Bank Transfer,False
ORD-02949,2025-03-30,C0685,Consumer,32,False,Direct,Mobile,East,Home,87.56,3,10,236.41,150.47,85.94,Standard,4,False,4.0,PayPal,False
ORD-02950,2025-03-30,C0415,Consumer,29,False,Paid Search,Desktop,North,Sports,84.81,2,25,127.22,104.71,22.51,Express,1,False,,Apple Pay,False
ORD-02951,2025-03-30,C0188,Small Business,33,False,Organic Search,Desktop,South,Apparel,36.15,2,0,72.3,37.34,34.96,Express,1,False,5.0,Card,False
ORD-02952,2025-03-30,C1143,Consumer,54,False,Affiliate,Desktop,South,Electronics,206.62,2,0,413.24,281.46,131.78,Express,1,False,5.0,Card,False
ORD-02953,2025-03-30,C0743,Consumer,57,False,Organic Search,Desktop,South,Home,139.63,3,10,377.0,236.61,140.39,Standard,5,False,4.0,Bank Transfer,True
ORD-02954,2025-03-31,C0063,Small Business,53,False,Social,Desktop,West,Home,80.4,3,5,229.14,137.67,91.47,Standard,6,False,,Card,False
ORD-02955,2025-03-31,C1143,Consumer,54,False,Paid Search,Mobile,East,Electronics,276.14,2,30,386.6,365.98,20.62,Express,2,False,5.0,PayPal,True
ORD-02956,2025-03-31,C0232,Consumer,48,False,Direct,Desktop,North,Home,68.55,1,5,65.12,37.3,27.82,Economy,5,False,5.0,Card,False
ORD-02957,2025-03-31,C1054,Consumer,36,False,Email,Tablet,North,Electronics,230.88,1,0,230.88,154.38,76.5,Standard,4,False,4.0,Bank Transfer,True
ORD-02958,2025-03-31,C0195,Small Business,18,False,Paid Search,Desktop,East,Apparel,33.77,3,5,96.24,52.81,43.43,Express,2,False,,PayPal,False
ORD-02959,2025-03-31,C0213,Consumer,19,False,Direct,Desktop,North,Beauty,22.81,1,0,22.81,10.62,12.19,Standard,3,False,5.0,PayPal,False
ORD-02960,2025-03-31,C0944,Consumer,55,True,Paid Search,Tablet,East,Apparel,65.65,1,0,65.65,33.41,32.24,Standard,5,False,4.0,PayPal,False
ORD-02961,2025-04-01,C0685,Consumer,32,False,Email,Mobile,West,Apparel,91.14,2,0,182.28,94.21,88.07,Standard,6,False,3.0,PayPal,False
ORD-02962,2025-04-01,C0061,Small Business,71,False,Social,Mobile,East,Apparel,55.29,1,15,47.0,29.77,17.23,Standard,3,True,,PayPal,False
ORD-02963,2025-04-01,C0202,Small Business,18,False,Paid Search,Mobile,West,Home,100.32,1,25,75.24,57.6,17.64,Express,5,False,4.0,Card,False
ORD-02964,2025-04-01,C0063,Small Business,53,False,Paid Search,Tablet,North,Toys,32.91,3,10,88.86,53.6,35.26,Standard,4,False,5.0,Card,False
ORD-02965,2025-04-01,C0393,Consumer,42,False,Organic Search,Desktop,North,Beauty,32.51,1,30,22.76,14.14,8.62,Express,4,False,3.0,Card,False
ORD-02966,2025-04-01,C1052,Consumer,73,False,Email,Mobile,West,Electronics,164.32,2,0,328.64,222.1,106.54,Standard,6,False,5.0,Bank Transfer,False
ORD-02967,2025-04-01,C0283,Consumer,55,False,Social,Desktop,West,Sports,72.33,2,5,137.43,88.19,49.24,Express,7,False,3.0,Card,False
ORD-02968,2025-04-02,C0685,Consumer,32,False,Paid Search,Tablet,East,Electronics,256.74,1,30,179.72,167.26,12.46,Standard,4,False,,Apple Pay,False
ORD-02969,2025-04-02,C0421,Consumer,73,False,Paid Search,Mobile,West,Home,65.09,2,15,110.65,77.57,33.08,Standard,6,False,4.0,Card,True
ORD-02970,2025-04-02,C1013,Consumer,32,False,Organic Search,Mobile,South,Apparel,46.6,1,0,46.6,24.2,22.4,Standard,4,False,,Card,False
ORD-02971,2025-04-02,C0444,Enterprise,65,False,Organic Search,Desktop,North,Electronics,191.84,1,10,172.66,125.29,47.37,Economy,5,False,,PayPal,False
ORD-02972,2025-04-02,C0207,Consumer,48,False,Organic Search,Mobile,East,Beauty,28.68,2,25,43.02,25.09,17.93,Standard,3,False,5.0,PayPal,False
ORD-02973,2025-04-02,C1106,Consumer,67,False,Direct,Mobile,West,Electronics,230.85,1,15,196.22,151.82,44.4,Economy,9,False,2.0,Card,False
ORD-02974,2025-04-03,C0778,Enterprise,34,False,Social,Mobile,East,Beauty,33.14,4,0,132.56,61.16,71.4,Express,2,False,5.0,Card,True
ORD-02975,2025-04-03,C0954,Consumer,23,False,Email,Mobile,West,Home,52.01,2,5,98.82,60.42,38.4,Standard,8,True,3.0,PayPal,True
ORD-02976,2025-04-03,C0392,Consumer,61,False,Organic Search,Tablet,South,Beauty,33.71,3,0,101.13,45.05,56.08,Express,4,False,,Card,False
ORD-02977,2025-04-03,C0645,Enterprise,61,False,Paid Search,Desktop,West,Toys,37.81,4,0,151.24,84.54,66.7,Express,4,False,,Card,False
ORD-02978,2025-04-03,C1137,Small Business,70,False,Organic Search,Desktop,West,Toys,28.38,2,5,53.92,31.53,22.39,Standard,8,False,,Apple Pay,True
ORD-02979,2025-04-04,C1134,Consumer,20,False,Organic Search,Desktop,West,Sports,91.92,2,20,147.07,116.21,30.86,Standard,6,False,5.0,Card,False
ORD-02980,2025-04-04,C1032,Consumer,53,False,Direct,Mobile,South,Home,69.68,3,25,156.78,119.43,37.35,Standard,4,False,5.0,Apple Pay,False
ORD-02981,2025-04-05,C0819,Consumer,52,False,Paid Search,Desktop,East,Beauty,30.64,2,0,61.28,26.76,34.52,Standard,5,False,,Card,False
ORD-02982,2025-04-05,C0923,Small Business,24,False,Direct,Desktop,East,Toys,22.4,1,0,22.4,12.04,10.36,Standard,3,False,5.0,Card,True
ORD-02983,2025-04-05,C0310,Consumer,55,False,Affiliate,Mobile,West,Beauty,29.87,3,30,62.73,40.51,22.22,Express,5,False,4.0,Apple Pay,False
ORD-02984,2025-04-05,C0744,Consumer,28,False,Email,Desktop,North,Home,74.55,1,20,59.64,44.15,15.49,Economy,7,False,,PayPal,False
ORD-02985,2025-04-06,C0555,Consumer,73,False,Email,Mobile,West,Electronics,432.24,1,30,302.57,291.58,10.99,Standard,7,False,3.0,Bank Transfer,False
ORD-02986,2025-04-06,C0990,Consumer,23,False,Organic Search,Desktop,North,Apparel,38.01,1,30,26.61,21.05,5.56,Standard,4,False,5.0,Card,False
ORD-02987,2025-04-06,C0188,Small Business,33,False,Social,Desktop,West,Apparel,62.42,2,5,118.6,62.04,56.56,Economy,10,False,3.0,Card,False
ORD-02988,2025-04-06,C1012,Consumer,36,False,Email,Mobile,West,Apparel,46.96,1,25,35.22,25.01,10.21,Express,4,False,5.0,Apple Pay,True
ORD-02989,2025-04-06,C1147,Small Business,19,False,Organic Search,Desktop,North,Apparel,47.19,2,30,66.07,49.58,16.49,Standard,7,False,,Card,False
ORD-02990,2025-04-06,C1176,Consumer,22,True,Social,Mobile,East,Apparel,88.13,2,0,176.26,93.0,83.26,Standard,6,False,4.0,Apple Pay,False
ORD-02991,2025-04-06,C0671,Consumer,70,False,Email,Tablet,West,Apparel,43.08,2,25,64.62,44.79,19.83,Standard,6,False,4.0,Bank Transfer,False
ORD-02992,2025-04-07,C0646,Consumer,19,False,Direct,Mobile,North,Home,107.61,2,25,161.42,124.42,37.0,Standard,3,False,5.0,Bank Transfer,True
ORD-02993,2025-04-07,C0037,Consumer,18,False,Paid Search,Desktop,North,Toys,35.85,3,5,102.17,61.71,40.46,Standard,4,True,,PayPal,False
ORD-02994,2025-04-07,C0174,Consumer,46,True,Email,Desktop,South,Beauty,48.69,1,0,48.69,22.25,26.44,Express,2,False,5.0,Card,False
ORD-02995,2025-04-07,C0840,Consumer,43,False,Paid Search,Desktop,West,Toys,31.35,1,10,28.22,16.74,11.48,Standard,6,False,,PayPal,False
ORD-02996,2025-04-07,C0639,Consumer,20,False,Organic Search,Desktop,East,Beauty,36.34,1,5,34.52,16.03,18.49,Economy,8,False,4.0,Card,False
ORD-02997,2025-04-07,C0245,Consumer,52,False,Email,Desktop,South,Toys,33.89,2,0,67.78,36.87,30.91,Standard,4,False,,PayPal,False
ORD-02998,2025-04-08,C0152,Consumer,46,False,Social,Desktop,South,Home,62.86,2,5,119.43,74.89,44.54,Standard,4,False,,PayPal,False
ORD-02999,2025-04-08,C0734,Consumer,43,False,Direct,Mobile,West,Toys,44.67,3,10,120.61,74.8,45.81,Economy,10,False,3.0,Apple Pay,False
ORD-03000,2025-04-08,C0671,Consumer,70,False,Organic Search,Mobile,West,Beauty,45.1,1,20,36.08,20.28,15.8,Standard,8,False,4.0,Card,False
ORD-03001,2025-04-08,C0926,Consumer,60,False,Organic Search,Mobile,East,Toys,39.87,2,0,79.74,42.38,37.36,Standard,4,False,4.0,Card,False
ORD-03002,2025-04-08,C1142,Consumer,31,True,Email,Mobile,East,Electronics,229.75,1,25,172.31,167.0,5.31,Express,3,False,,Card,False
ORD-03003,2025-04-09,C0363,Consumer,53,False,Social,Mobile,South,Apparel,42.64,1,0,42.64,21.26,21.38,Economy,5,False,4.0,Card,False
ORD-03004,2025-04-09,C0298,Small Business,53,False,Affiliate,Mobile,South,Beauty,37.35,3,0,112.05,50.84,61.21,Standard,4,False,,Card,False
ORD-03005,2025-04-09,C0392,Consumer,61,False,Direct,Desktop,South,Beauty,38.32,2,10,68.98,35.7,33.28,Economy,6,False,3.0,PayPal,False
ORD-03006,2025-04-09,C0106,Consumer,40,False,Direct,Desktop,West,Sports,62.3,1,0,62.3,39.05,23.25,Express,4,False,5.0,PayPal,False
ORD-03007,2025-04-09,C0106,Consumer,40,False,Organic Search,Mobile,South,Electronics,251.95,2,25,377.92,352.13,25.79,Express,4,False,,Card,False
ORD-03008,2025-04-09,C0312,Consumer,72,False,Organic Search,Desktop,East,Toys,42.54,2,10,76.57,46.54,30.03,Standard,5,False,,PayPal,False
ORD-03009,2025-04-09,C0685,Consumer,32,False,Organic Search,Desktop,East,Toys,29.67,1,15,25.22,16.56,8.66,Express,3,False,,Card,True
ORD-03010,2025-04-09,C0504,Consumer,50,False,Organic Search,Desktop,South,Beauty,56.96,3,10,153.79,74.6,79.19,Standard,5,False,4.0,Card,True
ORD-03011,2025-04-10,C0210,Consumer,19,False,Organic Search,Tablet,East,Toys,70.25,1,0,70.25,38.53,31.72,Economy,6,False,,Card,False
ORD-03012,2025-04-10,C0097,Consumer,69,False,Organic Search,Mobile,South,Apparel,114.64,4,30,320.99,247.72,73.27,Standard,4,False,5.0,PayPal,False
ORD-03013,2025-04-10,C1105,Small Business,44,False,Organic Search,Mobile,East,Home,95.2,2,10,171.36,110.01,61.35,Standard,4,False,5.0,Card,False
ORD-03014,2025-04-10,C0298,Small Business,53,False,Organic Search,Mobile,South,Home,82.89,2,0,165.78,102.11,63.67,Express,3,False,,Card,False
ORD-03015,2025-04-11,C0728,Consumer,35,False,Organic Search,Desktop,West,Sports,67.26,3,5,191.69,127.04,64.65,Express,5,False,,Card,False
ORD-03016,2025-04-11,C0646,Consumer,19,False,Direct,Desktop,South,Electronics,152.39,1,0,152.39,105.66,46.73,Economy,7,False,3.0,Apple Pay,False
ORD-03017,2025-04-11,C0966,Enterprise,29,False,Paid Search,Mobile,West,Apparel,42.97,7,0,300.79,151.87,148.92,Economy,8,False,,Card,True
ORD-03018,2025-04-11,C0309,Consumer,52,False,Affiliate,Mobile,North,Beauty,47.27,1,10,42.54,21.62,20.92,Standard,4,False,,Card,True
ORD-03019,2025-04-11,C0325,Consumer,21,False,Email,Mobile,East,Apparel,36.23,1,0,36.23,18.32,17.91,Express,1,False,4.0,Card,True
ORD-03020,2025-04-12,C0519,Consumer,72,False,Social,Mobile,West,Beauty,43.41,4,20,138.91,76.88,62.03,Standard,7,False,5.0,Card,True
ORD-03021,2025-04-12,C0951,Consumer,30,True,Email,Mobile,East,Apparel,68.71,3,0,206.13,107.3,98.83,Express,2,False,5.0,PayPal,True
ORD-03022,2025-04-12,C0911,Consumer,51,False,Organic Search,Desktop,South,Toys,33.58,1,10,30.22,19.51,10.71,Standard,4,False,,PayPal,False
ORD-03023,2025-04-12,C0254,Consumer,62,False,Paid Search,Mobile,North,Toys,30.57,2,20,48.91,33.27,15.64,Standard,6,False,3.0,Bank Transfer,False
ORD-03024,2025-04-12,C0097,Consumer,69,False,Organic Search,Mobile,East,Toys,44.42,3,0,133.26,73.22,60.04,Standard,4,False,,Card,True
ORD-03025,2025-04-12,C1025,Consumer,42,False,Direct,Desktop,East,Apparel,59.59,1,5,56.61,28.77,27.84,Economy,5,False,4.0,Card,False
ORD-03026,2025-04-13,C0340,Consumer,45,True,Social,Desktop,East,Apparel,52.72,1,25,39.54,28.31,11.23,Express,3,False,5.0,PayPal,False
ORD-03027,2025-04-13,C0497,Consumer,37,False,Paid Search,Desktop,South,Apparel,53.58,2,0,107.16,54.54,52.62,Standard,3,False,5.0,Apple Pay,False
ORD-03028,2025-04-13,C0012,Consumer,31,False,Social,Mobile,West,Apparel,57.87,1,30,40.51,30.42,10.09,Express,4,False,,Apple Pay,False
ORD-03029,2025-04-13,C0406,Small Business,55,False,Paid Search,Mobile,South,Electronics,279.12,3,0,837.36,579.01,258.35,Standard,4,False,,PayPal,False
ORD-03030,2025-04-13,C0486,Consumer,30,True,Affiliate,Mobile,South,Beauty,33.58,1,0,33.58,14.8,18.78,Standard,3,True,4.0,PayPal,False
ORD-03031,2025-04-14,C0650,Enterprise,34,True,Paid Search,Desktop,West,Apparel,60.21,5,5,286.0,158.01,127.99,Express,6,False,4.0,Card,False
ORD-03032,2025-04-14,C0778,Enterprise,34,False,Direct,Tablet,West,Toys,44.98,5,5,213.65,123.14,90.51,Economy,9,False,,Card,False
ORD-03033,2025-04-14,C0879,Consumer,63,True,Direct,Mobile,North,Beauty,41.36,2,0,82.72,38.12,44.6,Express,1,False,5.0,Card,False
ORD-03034,2025-04-14,C0523,Small Business,33,False,Direct,Mobile,West,Home,65.61,2,0,131.22,75.1,56.12,Standard,10,False,,Card,False
ORD-03035,2025-04-14,C0921,Consumer,53,False,Paid Search,Desktop,East,Sports,83.02,1,0,83.02,48.78,34.24,Economy,7,False,,Apple Pay,False
ORD-03036,2025-04-15,C0297,Consumer,66,False,Email,Desktop,North,Electronics,167.2,3,20,401.28,344.0,57.28,Standard,5,False,4.0,Apple Pay,False
ORD-03037,2025-04-15,C1031,Small Business,58,False,Affiliate,Mobile,West,Home,80.66,3,5,229.88,139.11,90.77,Express,4,False,,Apple Pay,False
ORD-03038,2025-04-15,C0454,Small Business,53,False,Organic Search,Mobile,North,Apparel,36.72,5,0,183.6,90.35,93.25,Standard,3,False,,Bank Transfer,False
ORD-03039,2025-04-15,C0207,Consumer,48,False,Direct,Mobile,East,Home,110.26,2,15,187.44,128.56,58.88,Express,2,False,5.0,Bank Transfer,False
ORD-03040,2025-04-15,C1156,Consumer,49,False,Paid Search,Mobile,South,Apparel,26.13,1,10,23.52,13.8,9.72,Standard,3,False,,Apple Pay,False
ORD-03041,2025-04-16,C0982,Small Business,59,False,Paid Search,Desktop,North,Toys,25.17,2,10,45.31,27.65,17.66,Standard,4,False,5.0,Card,False
ORD-03042,2025-04-16,C0180,Consumer,36,False,Email,Desktop,North,Apparel,47.46,2,25,71.19,49.5,21.69,Standard,3,False,,PayPal,False
ORD-03043,2025-04-17,C1052,Consumer,73,False,Direct,Mobile,East,Sports,35.37,4,10,127.33,88.57,38.76,Economy,5,False,4.0,PayPal,False
ORD-03044,2025-04-17,C0298,Small Business,53,False,Organic Search,Tablet,West,Sports,83.13,2,5,157.95,95.0,62.95,Standard,7,False,3.0,Card,True
ORD-03045,2025-04-17,C1048,Consumer,73,False,Social,Mobile,East,Electronics,235.18,1,0,235.18,163.71,71.47,Express,2,False,,Card,False
ORD-03046,2025-04-17,C0572,Small Business,58,False,Paid Search,Desktop,East,Sports,85.61,4,5,325.32,207.66,117.66,Standard,4,False,5.0,Bank Transfer,True
ORD-03047,2025-04-17,C1012,Consumer,36,False,Social,Mobile,East,Beauty,27.45,2,20,43.92,24.42,19.5,Standard,7,False,3.0,PayPal,False
ORD-03048,2025-04-17,C0106,Consumer,40,False,Organic Search,Mobile,West,Electronics,230.08,1,0,230.08,161.54,68.54,Standard,11,False,,Apple Pay,False
ORD-03049,2025-04-17,C1052,Consumer,73,False,Direct,Desktop,South,Electronics,178.47,1,20,142.78,122.39,20.39,Standard,4,False,,Card,True
ORD-03050,2025-04-17,C0575,Small Business,60,False,Organic Search,Mobile,West,Apparel,51.65,2,30,72.31,54.61,17.7,Standard,7,False,3.0,Apple Pay,False
ORD-03051,2025-04-17,C0210,Consumer,19,False,Organic Search,Tablet,East,Toys,27.67,1,0,27.67,15.52,12.15,Standard,3,False,5.0,Card,False
ORD-03052,2025-04-17,C0918,Consumer,48,False,Organic Search,Mobile,East,Home,83.1,1,10,74.79,50.14,24.65,Standard,3,False,,Bank Transfer,False
ORD-03053,2025-04-17,C0868,Small Business,72,False,Affiliate,Mobile,West,Apparel,56.66,2,25,84.99,61.13,23.86,Standard,6,False,,Apple Pay,False
ORD-03054,2025-04-17,C1107,Consumer,66,True,Paid Search,Desktop,South,Electronics,303.69,2,15,516.27,406.75,109.52,Economy,6,False,4.0,Card,False
ORD-03055,2025-04-18,C0728,Consumer,35,False,Email,Mobile,West,Toys,32.86,1,0,32.86,18.34,14.52,Express,7,False,4.0,PayPal,False
ORD-03056,2025-04-18,C1100,Small Business,22,False,Social,Desktop,North,Home,89.38,4,10,321.77,197.63,124.14,Standard,3,False,,Card,False
ORD-03057,2025-04-18,C0728,Consumer,35,False,Affiliate,Desktop,West,Beauty,41.85,1,5,39.76,18.81,20.95,Express,5,False,5.0,Apple Pay,True
ORD-03058,2025-04-18,C1156,Consumer,49,False,Email,Mobile,North,Electronics,148.64,2,0,297.28,209.87,87.41,Economy,5,False,5.0,Card,False
ORD-03059,2025-04-18,C0791,Consumer,35,False,Affiliate,Mobile,South,Home,74.48,1,25,55.86,44.53,11.33,Express,1,False,4.0,Card,False
ORD-03060,2025-04-18,C0469,Small Business,56,False,Organic Search,Tablet,South,Electronics,176.58,4,10,635.69,469.78,165.91,Standard,4,False,,Card,True
ORD-03061,2025-04-18,C0265,Consumer,47,False,Organic Search,Tablet,South,Home,68.17,2,0,136.34,75.68,60.66,Standard,3,False,4.0,Card,False
ORD-03062,2025-04-18,C0210,Consumer,19,False,Affiliate,Mobile,East,Sports,93.13,1,20,74.5,57.67,16.83,Economy,5,False,,PayPal,False
ORD-03063,2025-04-18,C0671,Consumer,70,False,Paid Search,Desktop,North,Apparel,47.04,2,5,89.38,48.62,40.76,Economy,5,True,4.0,Bank Transfer,False
ORD-03064,2025-04-19,C1052,Consumer,73,False,Organic Search,Desktop,South,Home,78.42,3,5,223.5,129.89,93.61,Standard,6,False,3.0,Bank Transfer,False
ORD-03065,2025-04-19,C1037,Consumer,74,False,Social,Desktop,North,Toys,30.94,2,0,61.88,35.64,26.24,Express,1,False,5.0,Apple Pay,False
ORD-03066,2025-04-19,C1137,Small Business,70,False,Direct,Desktop,East,Sports,72.07,1,25,54.05,45.57,8.48,Economy,5,False,5.0,Card,False
ORD-03067,2025-04-19,C0913,Consumer,49,False,Organic Search,Desktop,North,Sports,95.51,2,0,191.02,111.86,79.16,Economy,6,False,,Card,True
ORD-03068,2025-04-19,C0213,Consumer,19,False,Social,Desktop,North,Toys,41.49,3,20,99.58,69.56,30.02,Economy,6,True,2.0,Apple Pay,False
ORD-03069,2025-04-20,C0929,Consumer,38,False,Organic Search,Mobile,West,Home,72.7,2,10,130.86,87.67,43.19,Economy,8,False,3.0,Card,False
ORD-03070,2025-04-20,C0964,Small Business,67,False,Social,Desktop,East,Apparel,52.28,1,0,52.28,27.1,25.18,Standard,5,False,4.0,Card,True
ORD-03071,2025-04-20,C0777,Consumer,43,False,Paid Search,Tablet,East,Home,108.12,1,5,102.71,60.97,41.74,Standard,4,False,5.0,Apple Pay,False
ORD-03072,2025-04-20,C1052,Consumer,73,False,Social,Mobile,West,Home,100.62,1,0,100.62,55.83,44.79,Economy,9,False,,Card,False
ORD-03073,2025-04-20,C0302,Consumer,50,False,Organic Search,Desktop,South,Apparel,41.09,1,25,30.82,21.45,9.37,Standard,4,False,,Card,False
ORD-03074,2025-04-20,C0996,Small Business,28,False,Email,Mobile,East,Electronics,192.95,2,5,366.6,269.41,97.19,Economy,5,False,4.0,Card,False
ORD-03075,2025-04-20,C1156,Consumer,49,False,Email,Desktop,East,Apparel,47.33,1,0,47.33,24.85,22.48,Standard,4,False,,Card,True
ORD-03076,2025-04-20,C1125,Small Business,48,False,Social,Tablet,East,Home,73.35,2,10,132.03,87.91,44.12,Standard,4,False,5.0,Apple Pay,False
ORD-03077,2025-04-21,C0063,Small Business,53,False,Paid Search,Mobile,South,Beauty,33.89,3,0,101.67,47.61,54.06,Standard,4,True,,Card,False
ORD-03078,2025-04-21,C0207,Consumer,48,False,Organic Search,Desktop,West,Beauty,57.04,2,10,102.67,52.42,50.25,Standard,6,False,,Card,False
ORD-03079,2025-04-21,C0606,Small Business,62,False,Affiliate,Desktop,North,Electronics,171.95,2,20,275.12,232.26,42.86,Standard,4,False,5.0,PayPal,False
ORD-03080,2025-04-21,C0840,Consumer,43,False,Paid Search,Mobile,East,Toys,42.03,2,20,67.25,47.17,20.08,Economy,5,False,4.0,Card,False
ORD-03081,2025-04-22,C0727,Consumer,31,True,Organic Search,Mobile,South,Sports,51.82,2,0,103.64,57.25,46.39,Express,1,False,5.0,Bank Transfer,False
ORD-03082,2025-04-22,C0743,Consumer,57,False,Direct,Tablet,North,Sports,92.59,2,20,148.14,106.55,41.59,Standard,3,False,,Card,False
ORD-03083,2025-04-22,C0202,Small Business,18,False,Paid Search,Mobile,West,Electronics,175.08,4,0,700.32,479.79,220.53,Economy,10,False,3.0,Card,False
ORD-03084,2025-04-22,C0298,Small Business,53,False,Organic Search,Mobile,East,Sports,61.88,4,10,222.77,147.72,75.05,Economy,7,False,4.0,Apple Pay,False
ORD-03085,2025-04-22,C0889,Enterprise,64,False,Paid Search,Desktop,West,Home,90.11,4,5,342.42,205.93,136.49,Standard,8,False,3.0,Card,False
ORD-03086,2025-04-22,C0406,Small Business,55,False,Paid Search,Mobile,North,Apparel,53.76,4,10,193.54,113.37,80.17,Economy,5,False,4.0,Card,False
ORD-03087,2025-04-22,C0646,Consumer,19,False,Direct,Desktop,North,Beauty,27.34,1,5,25.97,12.24,13.73,Standard,4,False,4.0,PayPal,False
ORD-03088,2025-04-22,C0634,Consumer,20,False,Affiliate,Mobile,South,Beauty,31.84,2,25,47.76,28.66,19.1,Economy,8,False,,Card,False
ORD-03089,2025-04-22,C0207,Consumer,48,False,Organic Search,Mobile,North,Home,89.92,1,0,89.92,52.98,36.94,Express,3,False,5.0,PayPal,False
ORD-03090,2025-04-22,C0069,Consumer,27,True,Social,Desktop,South,Sports,65.95,2,0,131.9,80.94,50.96,Express,2,False,4.0,Bank Transfer,False
ORD-03091,2025-04-22,C0992,Consumer,64,False,Social,Mobile,North,Home,65.41,4,5,248.56,147.37,101.19,Economy,6,False,4.0,PayPal,False
ORD-03092,2025-04-23,C0558,Small Business,22,False,Direct,Mobile,North,Apparel,70.99,3,5,202.32,110.77,91.55,Economy,8,False,3.0,Card,False
ORD-03093,2025-04-23,C0063,Small Business,53,False,Email,Mobile,East,Electronics,245.96,4,5,934.65,662.43,272.22,Economy,5,False,3.0,Card,False
ORD-03094,2025-04-23,C0670,Consumer,29,False,Direct,Mobile,North,Home,64.16,2,30,89.82,72.65,17.17,Standard,4,False,4.0,Card,True
ORD-03095,2025-04-23,C0628,Consumer,49,False,Paid Search,Desktop,South,Home,66.75,1,5,63.41,39.49,23.92,Standard,3,False,4.0,Card,False
ORD-03096,2025-04-24,C0588,Consumer,62,False,Affiliate,Desktop,West,Beauty,29.35,1,10,26.42,13.54,12.88,Standard,7,True,3.0,Card,True
ORD-03097,2025-04-24,C0980,Consumer,28,False,Paid Search,Desktop,North,Toys,40.53,2,5,77.01,46.27,30.74,Standard,3,False,5.0,Apple Pay,False
ORD-03098,2025-04-24,C0525,Enterprise,23,False,Organic Search,Desktop,North,Home,76.54,6,20,367.39,264.37,103.02,Economy,7,False,,PayPal,False
ORD-03099,2025-04-24,C1137,Small Business,70,False,Paid Search,Tablet,West,Home,79.04,2,20,126.46,94.05,32.41,Economy,8,False,2.0,Card,False
ORD-03100,2025-04-25,C0992,Consumer,64,False,Email,Mobile,West,Electronics,224.69,2,5,426.91,311.53,115.38,Standard,8,False,3.0,Card,False
ORD-03101,2025-04-25,C0298,Small Business,53,False,Paid Search,Mobile,North,Sports,52.1,2,30,72.94,61.64,11.3,Standard,4,False,4.0,Apple Pay,True
ORD-03102,2025-04-25,C0885,Consumer,48,False,Affiliate,Desktop,East,Apparel,37.73,2,25,56.6,39.98,16.62,Economy,6,False,,Card,False
ORD-03103,2025-04-25,C0270,Small Business,21,False,Social,Tablet,East,Sports,96.44,2,25,144.66,113.25,31.41,Economy,6,False,4.0,Card,False
ORD-03104,2025-04-26,C0268,Consumer,19,False,Direct,Mobile,West,Sports,90.34,1,20,72.27,52.12,20.15,Express,5,False,5.0,Card,True
ORD-03105,2025-04-27,C0060,Consumer,29,False,Social,Mobile,North,Sports,48.16,1,5,45.75,29.08,16.67,Standard,4,False,5.0,Apple Pay,False
ORD-03106,2025-04-27,C1143,Consumer,54,False,Direct,Desktop,South,Beauty,31.08,2,5,59.05,28.3,30.75,Standard,4,False,,PayPal,False
ORD-03107,2025-04-27,C0950,Consumer,71,False,Organic Search,Mobile,North,Home,94.42,2,15,160.51,115.73,44.78,Standard,3,False,4.0,PayPal,False
ORD-03108,2025-04-27,C0918,Consumer,48,False,Paid Search,Mobile,West,Home,68.14,2,25,102.21,76.26,25.95,Economy,9,False,3.0,Card,False
ORD-03109,2025-04-27,C1052,Consumer,73,False,Paid Search,Mobile,East,Beauty,50.04,3,20,120.1,71.68,48.42,Standard,4,False,,Apple Pay,False
ORD-03110,2025-04-27,C0424,Consumer,68,False,Organic Search,Desktop,West,Electronics,190.98,1,0,190.98,126.82,64.16,Standard,7,False,,Card,True
ORD-03111,2025-04-27,C1016,Consumer,53,False,Paid Search,Desktop,West,Apparel,60.39,1,5,57.37,31.09,26.28,Standard,7,False,,Card,False
ORD-03112,2025-04-28,C0063,Small Business,53,False,Direct,Mobile,North,Beauty,39.76,3,5,113.32,54.19,59.13,Economy,5,False,4.0,Card,False
ORD-03113,2025-04-28,C0130,Consumer,43,False,Affiliate,Desktop,West,Home,61.67,2,15,104.84,69.98,34.86,Express,4,False,,PayPal,False
ORD-03114,2025-04-28,C0298,Small Business,53,False,Email,Desktop,West,Home,77.4,5,20,309.6,208.71,100.89,Standard,7,False,4.0,Card,True
ORD-03115,2025-04-28,C1052,Consumer,73,False,Social,Mobile,West,Toys,32.83,2,15,55.81,34.3,21.51,Standard,6,False,4.0,PayPal,False
ORD-03116,2025-04-28,C0840,Consumer,43,False,Paid Search,Mobile,South,Home,84.0,3,5,239.4,144.08,95.32,Economy,6,False,,Card,False
ORD-03117,2025-04-28,C0128,Enterprise,18,True,Organic Search,Mobile,North,Beauty,23.39,6,15,119.29,64.26,55.03,Standard,5,False,3.0,Card,True
ORD-03118,2025-04-29,C0822,Consumer,25,False,Organic Search,Mobile,South,Apparel,46.91,4,10,168.88,95.63,73.25,Standard,3,False,,Card,False
ORD-03119,2025-04-29,C0986,Consumer,67,True,Organic Search,Desktop,East,Beauty,29.4,1,10,26.46,13.38,13.08,Economy,5,False,4.0,PayPal,False
ORD-03120,2025-04-30,C0207,Consumer,48,False,Email,Mobile,South,Electronics,255.98,3,25,575.95,516.97,58.98,Standard,3,False,,Card,False
ORD-03121,2025-04-30,C1134,Consumer,20,False,Organic Search,Desktop,South,Electronics,274.52,1,0,274.52,196.81,77.71,Standard,5,False,,Apple Pay,False
ORD-03122,2025-04-30,C0244,Consumer,35,False,Email,Mobile,South,Beauty,23.97,1,5,22.77,10.92,11.85,Standard,5,False,3.0,Card,False
ORD-03123,2025-04-30,C0990,Consumer,23,False,Email,Mobile,West,Sports,44.52,3,25,100.17,79.47,20.7,Express,4,False,3.0,Card,False
ORD-03124,2025-04-30,C0586,Consumer,22,False,Organic Search,Desktop,East,Beauty,34.02,3,5,96.96,43.9,53.06,Express,3,False,,Card,False
ORD-03125,2025-04-30,C0950,Consumer,71,False,Email,Mobile,South,Electronics,150.31,2,5,285.59,215.62,69.97,Standard,3,False,5.0,Card,False
ORD-03126,2025-04-30,C0568,Small Business,53,False,Direct,Mobile,South,Toys,35.78,2,0,71.56,40.23,31.33,Economy,6,False,4.0,Card,False
ORD-03127,2025-04-30,C1010,Consumer,39,False,Direct,Mobile,West,Electronics,297.45,4,0,1189.8,842.07,347.73,Standard,6,False,,Card,False
ORD-03128,2025-05-01,C0529,Consumer,42,False,Organic Search,Tablet,South,Apparel,58.14,1,0,58.14,30.62,27.52,Standard,4,True,,Card,False
ORD-03129,2025-05-01,C1134,Consumer,20,False,Direct,Mobile,West,Home,77.21,3,5,220.05,138.34,81.71,Express,6,False,4.0,Apple Pay,True
ORD-03130,2025-05-01,C0676,Small Business,50,False,Social,Mobile,West,Beauty,20.1,1,15,17.08,9.1,7.98,Standard,7,True,4.0,Card,False
ORD-03131,2025-05-02,C0670,Consumer,29,False,Organic Search,Desktop,North,Sports,57.81,1,5,54.92,34.9,20.02,Economy,6,False,,Card,False
ORD-03132,2025-05-02,C1169,Consumer,38,False,Social,Mobile,North,Apparel,58.14,1,0,58.14,30.06,28.08,Standard,3,False,,PayPal,False
ORD-03133,2025-05-02,C0026,Consumer,27,False,Organic Search,Desktop,East,Apparel,45.0,2,0,90.0,45.88,44.12,Standard,5,False,4.0,Card,False
ORD-03134,2025-05-02,C0685,Consumer,32,False,Email,Desktop,South,Electronics,242.83,3,5,692.07,506.72,185.35,Express,1,False,,Card,False
ORD-03135,2025-05-02,C0122,Consumer,54,False,Organic Search,Mobile,South,Electronics,132.88,3,20,318.91,273.58,45.33,Express,2,False,5.0,PayPal,False
ORD-03136,2025-05-02,C1030,Consumer,69,False,Organic Search,Desktop,North,Apparel,41.85,3,15,106.72,64.47,42.25,Standard,4,False,,Bank Transfer,False
ORD-03137,2025-05-02,C1052,Consumer,73,False,Direct,Mobile,West,Beauty,36.76,1,25,27.57,16.43,11.14,Express,8,False,4.0,Card,False
ORD-03138,2025-05-02,C0105,Consumer,41,False,Social,Desktop,West,Apparel,42.87,1,0,42.87,22.19,20.68,Standard,7,True,,Apple Pay,False
ORD-03139,2025-05-03,C0298,Small Business,53,False,Paid Search,Mobile,North,Toys,28.36,3,10,76.57,46.07,30.5,Economy,7,False,,Card,True
ORD-03140,2025-05-03,C0685,Consumer,32,False,Email,Mobile,East,Apparel,43.26,1,0,43.26,23.78,19.48,Standard,4,False,5.0,Card,False
ORD-03141,2025-05-03,C0814,Small Business,60,False,Direct,Mobile,West,Beauty,28.39,2,0,56.78,26.15,30.63,Economy,11,False,3.0,PayPal,False
ORD-03142,2025-05-03,C0012,Consumer,31,False,Direct,Desktop,East,Apparel,39.16,1,0,39.16,19.71,19.45,Express,2,False,,Card,False
ORD-03143,2025-05-03,C0207,Consumer,48,False,Affiliate,Mobile,North,Home,70.64,2,5,134.22,82.65,51.57,Standard,3,False,4.0,PayPal,False
ORD-03144,2025-05-03,C0671,Consumer,70,False,Direct,Mobile,East,Home,121.24,2,25,181.86,143.2,38.66,Express,1,False,5.0,PayPal,False
ORD-03145,2025-05-03,C0063,Small Business,53,False,Direct,Mobile,East,Beauty,36.24,2,5,68.86,31.08,37.78,Standard,3,False,5.0,Apple Pay,False
ORD-03146,2025-05-03,C0255,Consumer,46,False,Organic Search,Mobile,North,Apparel,43.29,3,0,129.87,69.31,60.56,Standard,7,False,3.0,Apple Pay,False
ORD-03147,2025-05-04,C0283,Consumer,55,False,Email,Mobile,West,Toys,26.0,2,20,41.6,28.27,13.33,Express,5,False,,Apple Pay,True
ORD-03148,2025-05-04,C1006,Consumer,22,False,Paid Search,Mobile,East,Electronics,225.1,2,30,315.14,311.3,3.84,Standard,3,False,,Card,False
ORD-03149,2025-05-04,C0728,Consumer,35,False,Social,Mobile,South,Home,99.68,1,15,84.73,58.44,26.29,Standard,5,False,4.0,Card,False
ORD-03150,2025-05-04,C0298,Small Business,53,False,Email,Desktop,East,Electronics,222.01,3,15,566.13,444.94,121.19,Economy,6,False,4.0,Apple Pay,False
ORD-03151,2025-05-04,C0763,Small Business,26,False,Social,Mobile,West,Apparel,34.23,1,10,30.81,17.72,13.09,Standard,7,True,2.0,PayPal,False
ORD-03152,2025-05-04,C0679,Consumer,63,False,Direct,Mobile,South,Beauty,34.61,1,10,31.15,15.19,15.96,Economy,7,False,4.0,Apple Pay,False
ORD-03153,2025-05-04,C0765,Consumer,37,False,Paid Search,Desktop,East,Beauty,32.71,1,20,26.17,14.6,11.57,Economy,5,False,,Card,False
ORD-03154,2025-05-04,C0153,Consumer,44,False,Direct,Mobile,East,Beauty,25.55,2,0,51.1,21.81,29.29,Standard,3,False,,Card,True
ORD-03155,2025-05-04,C0189,Consumer,18,False,Organic Search,Mobile,South,Electronics,223.98,2,0,447.96,297.02,150.94,Express,1,False,5.0,Apple Pay,False
ORD-03156,2025-05-05,C0685,Consumer,32,False,Social,Desktop,East,Home,130.3,1,0,130.3,76.03,54.27,Standard,3,False,4.0,Card,True
ORD-03157,2025-05-05,C0671,Consumer,70,False,Organic Search,Mobile,West,Apparel,74.63,1,5,70.9,39.72,31.18,Express,4,False,,Card,False
ORD-03158,2025-05-05,C0298,Small Business,53,False,Email,Mobile,North,Apparel,46.28,1,0,46.28,22.51,23.77,Standard,4,False,3.0,Bank Transfer,False
ORD-03159,2025-05-06,C0606,Small Business,62,False,Email,Mobile,West,Beauty,31.48,3,20,75.55,40.42,35.13,Standard,9,False,3.0,PayPal,False
ORD-03160,2025-05-06,C0708,Consumer,19,False,Social,Mobile,East,Beauty,48.4,1,10,43.56,20.98,22.58,Express,2,False,5.0,PayPal,True
ORD-03161,2025-05-06,C1134,Consumer,20,False,Social,Mobile,East,Home,75.65,3,5,215.6,133.46,82.14,Standard,5,False,4.0,Card,False
ORD-03162,2025-05-06,C0743,Consumer,57,False,Organic Search,Mobile,South,Toys,44.11,1,0,44.11,23.9,20.21,Standard,5,False,3.0,Card,False
ORD-03163,2025-05-06,C0676,Small Business,50,False,Paid Search,Mobile,North,Sports,85.3,2,5,162.07,98.12,63.95,Standard,3,False,5.0,PayPal,False
ORD-03164,2025-05-06,C0188,Small Business,33,False,Email,Mobile,West,Toys,23.86,2,5,45.33,26.18,19.15,Standard,6,False,3.0,Card,False
ORD-03165,2025-05-06,C0980,Consumer,28,False,Organic Search,Mobile,South,Electronics,233.9,1,20,187.12,157.66,29.46,Standard,3,False,4.0,PayPal,False
ORD-03166,2025-05-07,C1143,Consumer,54,False,Direct,Desktop,South,Toys,43.34,1,20,34.67,23.65,11.02,Standard,3,False,,PayPal,False
ORD-03167,2025-05-07,C1147,Small Business,19,False,Social,Mobile,East,Apparel,47.9,2,5,91.01,49.41,41.6,Economy,6,False,2.0,Card,False
ORD-03168,2025-05-07,C0606,Small Business,62,False,Email,Desktop,South,Apparel,61.35,1,30,42.94,32.46,10.48,Standard,5,True,,PayPal,False
ORD-03169,2025-05-07,C0758,Consumer,64,False,Affiliate,Desktop,East,Beauty,26.59,1,15,22.6,12.4,10.2,Standard,4,False,4.0,Apple Pay,True
ORD-03170,2025-05-07,C1052,Consumer,73,False,Direct,Desktop,West,Electronics,349.97,2,15,594.95,455.51,139.44,Standard,6,False,4.0,Card,False
ORD-03171,2025-05-07,C0861,Small Business,22,False,Social,Mobile,East,Apparel,50.91,3,15,129.82,82.01,47.81,Express,2,False,,Card,True
ORD-03172,2025-05-08,C0212,Small Business,25,False,Organic Search,Desktop,East,Sports,78.28,2,20,125.25,93.33,31.92,Economy,6,False,4.0,Card,False
ORD-03173,2025-05-08,C0918,Consumer,48,False,Direct,Desktop,North,Beauty,35.63,1,20,28.5,16.5,12.0,Standard,3,False,5.0,Card,False
ORD-03174,2025-05-08,C1134,Consumer,20,False,Email,Desktop,East,Sports,54.45,3,0,163.35,98.94,64.41,Standard,4,False,4.0,Card,False
ORD-03175,2025-05-08,C0084,Consumer,59,False,Affiliate,Desktop,East,Toys,39.31,2,10,70.76,43.24,27.52,Standard,4,False,4.0,Apple Pay,False
ORD-03176,2025-05-08,C0400,Consumer,24,False,Social,Tablet,North,Electronics,225.44,2,10,405.79,298.53,107.26,Standard,3,False,4.0,Card,False
ORD-03177,2025-05-09,C0789,Small Business,64,False,Social,Desktop,North,Home,97.05,3,30,203.8,164.68,39.12,Standard,4,False,4.0,Card,False
ORD-03178,2025-05-09,C1080,Consumer,19,False,Organic Search,Desktop,West,Apparel,46.61,2,30,65.25,51.73,13.52,Standard,6,False,4.0,Card,False
ORD-03179,2025-05-09,C0910,Consumer,18,False,Affiliate,Mobile,South,Apparel,50.27,3,0,150.81,81.99,68.82,Economy,7,False,4.0,Card,False
ORD-03180,2025-05-09,C0535,Small Business,44,False,Paid Search,Tablet,East,Apparel,43.33,2,0,86.66,45.54,41.12,Standard,4,False,4.0,Card,False
ORD-03181,2025-05-09,C0671,Consumer,70,False,Email,Mobile,North,Beauty,28.1,2,20,44.96,25.83,19.13,Economy,6,False,4.0,PayPal,False
ORD-03182,2025-05-09,C0789,Small Business,64,False,Social,Mobile,South,Toys,31.88,2,20,51.01,36.68,14.33,Express,3,False,,Card,False
ORD-03183,2025-05-10,C0393,Consumer,42,False,Social,Mobile,East,Sports,33.87,1,0,33.87,21.3,12.57,Express,2,False,5.0,Card,False
ORD-03184,2025-05-10,C0523,Small Business,33,False,Direct,Desktop,East,Home,88.11,3,25,198.25,167.76,30.49,Standard,4,False,,Apple Pay,False
ORD-03185,2025-05-10,C0215,Consumer,73,False,Paid Search,Desktop,West,Toys,24.93,2,15,42.38,27.62,14.76,Economy,9,False,3.0,Card,True
ORD-03186,2025-05-10,C0671,Consumer,70,False,Direct,Mobile,West,Home,134.61,2,5,255.76,156.6,99.16,Economy,9,False,3.0,Bank Transfer,False
ORD-03187,2025-05-10,C0063,Small Business,53,False,Organic Search,Desktop,West,Electronics,209.16,2,20,334.66,285.62,49.04,Standard,6,False,2.0,PayPal,False
ORD-03188,2025-05-10,C0207,Consumer,48,False,Direct,Mobile,West,Home,93.84,1,10,84.46,55.51,28.95,Standard,7,True,2.0,PayPal,False
ORD-03189,2025-05-10,C0515,Enterprise,34,False,Direct,Tablet,West,Electronics,185.55,6,0,1113.3,789.52,323.78,Economy,9,False,,Card,False
ORD-03190,2025-05-10,C0938,Enterprise,68,False,Email,Mobile,East,Beauty,30.56,6,5,174.19,84.9,89.29,Standard,4,False,,Card,False
ORD-03191,2025-05-11,C0237,Small Business,74,False,Paid Search,Desktop,West,Home,95.27,2,15,161.96,113.99,47.97,Standard,7,False,,Apple Pay,False
ORD-03192,2025-05-11,C0662,Enterprise,41,False,Social,Desktop,South,Electronics,213.76,6,15,1090.18,881.8,208.38,Express,1,False,5.0,Card,False
ORD-03193,2025-05-11,C0840,Consumer,43,False,Paid Search,Desktop,West,Electronics,138.08,2,0,276.16,190.78,85.38,Standard,7,False,,Card,False
ORD-03194,2025-05-11,C0646,Consumer,19,False,Social,Mobile,West,Home,102.5,3,10,276.75,176.58,100.17,Economy,8,False,,Card,False
ORD-03195,2025-05-11,C0529,Consumer,42,False,Email,Mobile,East,Home,50.76,1,30,35.53,30.16,5.37,Standard,7,False,,PayPal,False
ORD-03196,2025-05-11,C0914,Consumer,72,True,Paid Search,Mobile,East,Toys,46.94,2,20,75.1,49.33,25.77,Standard,5,False,,PayPal,False
ORD-03197,2025-05-11,C1134,Consumer,20,False,Paid Search,Mobile,West,Sports,84.39,1,0,84.39,52.63,31.76,Standard,8,False,,PayPal,False
ORD-03198,2025-05-11,C0840,Consumer,43,False,Affiliate,Desktop,West,Electronics,201.48,1,10,181.33,136.76,44.57,Standard,8,False,4.0,Card,False
ORD-03199,2025-05-11,C0063,Small Business,53,False,Direct,Mobile,North,Toys,37.2,2,10,66.96,40.91,26.05,Standard,3,False,,Card,False
ORD-03200,2025-05-11,C0063,Small Business,53,False,Affiliate,Desktop,South,Apparel,50.37,3,15,128.44,80.6,47.84,Economy,5,False,,Card,False
ORD-03201,2025-05-11,C0996,Small Business,28,False,Organic Search,Tablet,East,Electronics,171.27,3,5,488.12,355.56,132.56,Standard,3,False,4.0,Card,False
ORD-03202,2025-05-11,C0424,Consumer,68,False,Paid Search,Mobile,South,Electronics,158.85,1,0,158.85,106.93,51.92,Express,3,False,5.0,Card,False
ORD-03203,2025-05-12,C0947,Consumer,26,False,Direct,Desktop,West,Apparel,60.84,1,15,51.71,30.19,21.52,Standard,7,False,3.0,PayPal,False
ORD-03204,2025-05-12,C0180,Consumer,36,False,Organic Search,Mobile,West,Electronics,194.38,1,30,136.07,135.12,0.95,Standard,8,False,4.0,Card,False
ORD-03205,2025-05-12,C0676,Small Business,50,False,Direct,Desktop,North,Apparel,52.11,4,0,208.44,109.33,99.11,Economy,8,False,3.0,PayPal,False
ORD-03206,2025-05-12,C0957,Consumer,21,False,Social,Tablet,West,Home,47.27,4,15,160.72,108.79,51.93,Standard,6,False,5.0,Apple Pay,False
ORD-03207,2025-05-12,C1134,Consumer,20,False,Organic Search,Desktop,East,Apparel,70.79,3,0,212.37,111.37,101.0,Economy,5,False,4.0,Apple Pay,True
ORD-03208,2025-05-13,C0292,Consumer,46,False,Social,Mobile,North,Apparel,26.97,2,25,40.46,28.87,11.59,Economy,6,True,3.0,Card,False
ORD-03209,2025-05-13,C1031,Small Business,58,False,Social,Mobile,South,Apparel,43.2,5,20,172.8,107.12,65.68,Economy,5,False,3.0,Apple Pay,False
ORD-03210,2025-05-13,C0825,Small Business,23,False,Email,Mobile,South,Home,55.31,2,10,99.56,68.14,31.42,Standard,3,True,,Card,False
ORD-03211,2025-05-13,C0840,Consumer,43,False,Organic Search,Mobile,North,Home,69.15,2,15,117.56,79.0,38.56,Standard,4,False,4.0,PayPal,False
ORD-03212,2025-05-13,C0109,Consumer,71,True,Paid Search,Desktop,South,Apparel,45.57,2,15,77.47,45.15,32.32,Standard,5,False,,Card,False
ORD-03213,2025-05-13,C1124,Consumer,55,False,Organic Search,Mobile,South,Home,76.19,1,0,76.19,44.33,31.86,Express,3,False,5.0,Card,False
ORD-03214,2025-05-13,C1140,Consumer,45,False,Paid Search,Desktop,West,Apparel,44.74,2,15,76.06,46.53,29.53,Standard,7,False,4.0,Card,False
ORD-03215,2025-05-13,C0085,Consumer,40,False,Direct,Desktop,North,Sports,73.4,2,15,124.78,88.26,36.52,Standard,3,False,4.0,Card,False
ORD-03216,2025-05-13,C1052,Consumer,73,False,Organic Search,Mobile,West,Beauty,39.4,3,25,88.65,53.5,35.15,Express,6,False,4.0,PayPal,False
ORD-03217,2025-05-14,C0265,Consumer,47,False,Direct,Desktop,South,Electronics,218.75,1,20,175.0,148.4,26.6,Economy,6,False,,Apple Pay,False
ORD-03218,2025-05-14,C0207,Consumer,48,False,Paid Search,Mobile,North,Home,64.07,2,20,102.51,75.08,27.43,Standard,5,False,4.0,Card,False
ORD-03219,2025-05-14,C0468,Consumer,34,False,Paid Search,Mobile,South,Home,121.11,2,30,169.55,135.91,33.64,Standard,3,False,5.0,Card,False
ORD-03220,2025-05-14,C1052,Consumer,73,False,Paid Search,Desktop,West,Beauty,26.33,1,20,21.06,12.26,8.8,Standard,7,False,,Bank Transfer,False
ORD-03221,2025-05-14,C0812,Consumer,21,False,Email,Mobile,West,Sports,51.97,3,10,140.32,92.74,47.58,Standard,6,False,,Card,False
ORD-03222,2025-05-14,C0670,Consumer,29,False,Direct,Tablet,West,Sports,42.59,2,0,85.18,51.33,33.85,Economy,9,False,4.0,Apple Pay,False
ORD-03223,2025-05-14,C1025,Consumer,42,False,Affiliate,Desktop,East,Electronics,213.25,1,15,181.26,143.81,37.45,Standard,4,True,5.0,PayPal,False
ORD-03224,2025-05-14,C0207,Consumer,48,False,Direct,Mobile,East,Sports,80.74,1,0,80.74,49.64,31.1,Economy,10,False,,Card,False
ORD-03225,2025-05-14,C0152,Consumer,46,False,Paid Search,Mobile,South,Beauty,39.71,2,5,75.45,33.42,42.03,Express,2,False,5.0,PayPal,False
ORD-03226,2025-05-14,C0811,Consumer,42,False,Email,Mobile,East,Toys,50.01,1,0,50.01,28.03,21.98,Express,4,False,4.0,Card,False
ORD-03227,2025-05-14,C1052,Consumer,73,False,Email,Desktop,East,Apparel,46.75,4,10,168.3,97.14,71.16,Express,1,True,4.0,Card,False
ORD-03228,2025-05-14,C0176,Consumer,56,True,Organic Search,Mobile,South,Electronics,230.1,2,15,391.17,316.14,75.03,Standard,4,False,4.0,Apple Pay,False
ORD-03229,2025-05-14,C1052,Consumer,73,False,Direct,Tablet,South,Electronics,200.41,2,0,400.82,273.7,127.12,Standard,7,False,,PayPal,False
ORD-03230,2025-05-15,C0210,Consumer,19,False,Social,Tablet,East,Sports,66.31,1,10,59.68,41.81,17.87,Economy,6,False,4.0,Card,False
ORD-03231,2025-05-15,C0063,Small Business,53,False,Paid Search,Mobile,North,Electronics,240.65,3,0,721.95,487.97,233.98,Standard,4,False,,Card,False
ORD-03232,2025-05-15,C0554,Consumer,69,True,Organic Search,Mobile,North,Beauty,38.45,1,0,38.45,17.17,21.28,Economy,5,False,4.0,Card,False
ORD-03233,2025-05-15,C0424,Consumer,68,False,Paid Search,Desktop,West,Apparel,61.2,3,0,183.6,92.21,91.39,Standard,6,True,4.0,Card,False
ORD-03234,2025-05-16,C0393,Consumer,42,False,Email,Desktop,North,Apparel,45.25,2,20,72.4,44.0,28.4,Standard,3,False,4.0,Card,False
ORD-03235,2025-05-16,C0106,Consumer,40,False,Email,Mobile,North,Sports,61.49,3,5,175.25,112.68,62.57,Standard,4,False,4.0,Card,False
ORD-03236,2025-05-17,C0954,Consumer,23,False,Paid Search,Mobile,West,Sports,58.04,2,15,98.67,68.91,29.76,Standard,7,False,,Card,False
ORD-03237,2025-05-17,C0188,Small Business,33,False,Direct,Desktop,East,Apparel,39.64,3,15,101.08,63.64,37.44,Express,4,True,4.0,Card,False
ORD-03238,2025-05-17,C0728,Consumer,35,False,Affiliate,Tablet,West,Electronics,365.77,2,10,658.39,498.67,159.72,Economy,12,False,,Card,False
ORD-03239,2025-05-17,C0298,Small Business,53,False,Organic Search,Mobile,South,Toys,36.31,2,20,58.1,38.61,19.49,Express,1,False,5.0,Card,False
ORD-03240,2025-05-17,C0268,Consumer,19,False,Organic Search,Mobile,East,Home,60.25,1,30,42.18,36.97,5.21,Express,1,False,5.0,PayPal,False
ORD-03241,2025-05-17,C1052,Consumer,73,False,Affiliate,Desktop,East,Home,85.01,2,0,170.02,100.69,69.33,Economy,5,False,4.0,Card,False
ORD-03242,2025-05-18,C0063,Small Business,53,False,Paid Search,Desktop,North,Sports,57.52,1,10,51.77,32.77,19.0,Standard,3,False,5.0,Card,True
ORD-03243,2025-05-18,C0012,Consumer,31,False,Affiliate,Mobile,North,Apparel,58.69,1,25,44.02,32.11,11.91,Standard,4,True,4.0,Card,False
ORD-03244,2025-05-18,C0953,Consumer,55,False,Affiliate,Tablet,North,Home,76.68,2,25,115.02,86.36,28.66,Standard,5,False,3.0,PayPal,False
ORD-03245,2025-05-18,C0207,Consumer,48,False,Social,Tablet,East,Electronics,175.55,1,25,131.66,116.93,14.73,Economy,8,False,,Card,False
ORD-03246,2025-05-18,C0183,Consumer,72,False,Social,Mobile,South,Beauty,29.99,2,0,59.98,27.04,32.94,Standard,5,False,,Card,False
ORD-03247,2025-05-18,C1140,Consumer,45,False,Email,Desktop,South,Apparel,64.09,1,0,64.09,34.66,29.43,Standard,5,False,,Card,False
ORD-03248,2025-05-18,C0597,Small Business,56,False,Direct,Tablet,West,Electronics,231.49,3,5,659.75,474.4,185.35,Standard,6,False,4.0,Card,False
ORD-03249,2025-05-18,C0916,Consumer,38,False,Paid Search,Mobile,West,Beauty,28.34,2,15,48.18,25.54,22.64,Express,6,False,,Card,False
ORD-03250,2025-05-19,C0152,Consumer,46,False,Organic Search,Mobile,South,Apparel,45.32,1,10,40.79,22.76,18.03,Standard,3,False,5.0,Card,False
ORD-03251,2025-05-19,C0063,Small Business,53,False,Organic Search,Mobile,East,Apparel,43.78,2,10,78.8,49.33,29.47,Standard,4,False,3.0,Card,False
ORD-03252,2025-05-19,C0071,Consumer,45,True,Direct,Tablet,West,Electronics,264.31,2,0,528.62,347.87,180.75,Economy,8,False,4.0,PayPal,False
ORD-03253,2025-05-19,C0297,Consumer,66,False,Social,Desktop,East,Apparel,36.21,1,15,30.78,18.96,11.82,Economy,7,False,4.0,Card,True
ORD-03254,2025-05-19,C0074,Consumer,26,False,Direct,Mobile,South,Toys,36.2,2,10,65.16,40.1,25.06,Economy,5,False,4.0,Card,False
ORD-03255,2025-05-19,C0525,Enterprise,23,False,Social,Mobile,South,Beauty,32.28,3,0,96.84,44.66,52.18,Standard,4,False,4.0,Apple Pay,False
ORD-03256,2025-05-19,C0065,Enterprise,62,False,Paid Search,Desktop,North,Electronics,151.62,5,0,758.1,500.27,257.83,Economy,6,False,,Card,False
ORD-03257,2025-05-19,C1045,Enterprise,66,False,Paid Search,Mobile,West,Electronics,298.56,7,0,2089.92,1367.85,722.07,Standard,7,False,4.0,PayPal,False
ORD-03258,2025-05-19,C1009,Consumer,60,False,Paid Search,Desktop,North,Electronics,356.28,1,10,320.65,247.04,73.61,Standard,4,False,,Card,False
ORD-03259,2025-05-20,C0572,Small Business,58,False,Affiliate,Mobile,North,Home,84.3,2,0,168.6,100.54,68.06,Economy,6,False,3.0,Card,False
ORD-03260,2025-05-20,C0298,Small Business,53,False,Organic Search,Mobile,East,Electronics,184.74,3,0,554.22,370.51,183.71,Standard,4,False,,Card,False
ORD-03261,2025-05-20,C1137,Small Business,70,False,Direct,Desktop,West,Electronics,153.16,5,0,765.8,533.01,232.79,Standard,6,False,4.0,PayPal,False
ORD-03262,2025-05-20,C0459,Consumer,38,False,Email,Mobile,South,Home,50.45,2,0,100.9,56.39,44.51,Express,1,False,4.0,Card,False
ORD-03263,2025-05-20,C0643,Consumer,65,False,Social,Mobile,South,Beauty,30.63,2,5,58.2,27.85,30.35,Express,2,False,,Bank Transfer,False
ORD-03264,2025-05-20,C0748,Consumer,33,False,Social,Mobile,North,Apparel,46.93,1,5,44.58,24.31,20.27,Standard,4,False,,Apple Pay,False
ORD-03265,2025-05-21,C0728,Consumer,35,False,Organic Search,Mobile,South,Electronics,182.81,1,10,164.53,127.08,37.45,Standard,4,False,,Card,False
ORD-03266,2025-05-21,C0728,Consumer,35,False,Paid Search,Desktop,North,Sports,85.58,1,0,85.58,53.3,32.28,Standard,4,False,5.0,PayPal,True
ORD-03267,2025-05-21,C0393,Consumer,42,False,Email,Desktop,East,Beauty,38.29,3,0,114.87,50.69,64.18,Economy,6,False,3.0,Apple Pay,True
ORD-03268,2025-05-21,C0789,Small Business,64,False,Organic Search,Mobile,North,Sports,81.46,2,10,146.63,100.36,46.27,Standard,3,False,,Card,False
ORD-03269,2025-05-21,C0246,Small Business,35,False,Organic Search,Desktop,South,Sports,66.44,2,25,99.66,83.51,16.15,Standard,5,False,3.0,Card,False
ORD-03270,2025-05-21,C0210,Consumer,19,False,Organic Search,Mobile,North,Toys,39.25,1,15,33.36,21.77,11.59,Standard,3,False,5.0,Card,False
ORD-03271,2025-05-21,C1052,Consumer,73,False,Social,Mobile,West,Electronics,287.51,3,5,819.4,601.34,218.06,Express,5,False,4.0,Card,False
ORD-03272,2025-05-21,C0115,Consumer,58,False,Organic Search,Tablet,South,Apparel,37.5,2,0,75.0,36.81,38.19,Economy,6,False,3.0,Card,False
ORD-03273,2025-05-21,C0297,Consumer,66,False,Social,Mobile,North,Sports,44.3,3,20,106.32,78.53,27.79,Standard,3,False,5.0,Card,False
ORD-03274,2025-05-21,C0626,Small Business,56,False,Direct,Desktop,North,Beauty,36.2,3,30,76.02,48.64,27.38,Standard,4,False,5.0,Card,False
ORD-03275,2025-05-21,C1009,Consumer,60,False,Affiliate,Desktop,West,Apparel,39.67,2,30,55.54,42.77,12.77,Express,5,False,4.0,Card,True
ORD-03276,2025-05-22,C1052,Consumer,73,False,Organic Search,Mobile,West,Electronics,153.48,1,5,145.81,103.77,42.04,Standard,8,False,3.0,Apple Pay,False
ORD-03277,2025-05-22,C0685,Consumer,32,False,Email,Desktop,East,Sports,51.6,3,10,139.32,98.15,41.17,Express,1,False,,Card,False
ORD-03278,2025-05-22,C0207,Consumer,48,False,Paid Search,Desktop,West,Apparel,51.59,2,10,92.86,54.35,38.51,Standard,7,False,5.0,PayPal,False
ORD-03279,2025-05-22,C0198,Consumer,30,False,Paid Search,Desktop,South,Beauty,27.04,2,0,54.08,23.98,30.1,Economy,6,False,4.0,PayPal,False
ORD-03280,2025-05-22,C0292,Consumer,46,False,Affiliate,Tablet,North,Sports,97.88,5,10,440.46,292.6,147.86,Standard,3,False,4.0,Card,False
ORD-03281,2025-05-22,C1143,Consumer,54,False,Email,Mobile,South,Toys,34.61,2,30,48.45,38.41,10.04,Standard,3,False,,Card,False
ORD-03282,2025-05-23,C0921,Consumer,53,False,Direct,Desktop,North,Beauty,21.81,2,25,32.71,19.41,13.3,Express,2,False,4.0,Apple Pay,False
ORD-03283,2025-05-23,C0322,Consumer,48,False,Social,Mobile,South,Beauty,25.44,3,0,76.32,35.09,41.23,Standard,5,False,4.0,Apple Pay,False
ORD-03284,2025-05-23,C1052,Consumer,73,False,Organic Search,Mobile,West,Home,62.23,4,15,211.58,141.56,70.02,Standard,7,False,2.0,PayPal,False
ORD-03285,2025-05-23,C0385,Consumer,24,True,Affiliate,Desktop,East,Apparel,54.97,2,25,82.46,58.66,23.8,Standard,4,True,3.0,PayPal,False
ORD-03286,2025-05-23,C1052,Consumer,73,False,Organic Search,Tablet,East,Toys,44.0,2,20,70.4,47.95,22.45,Standard,3,False,4.0,Card,False
ORD-03287,2025-05-23,C0646,Consumer,19,False,Organic Search,Mobile,South,Apparel,73.01,1,10,65.71,37.47,28.24,Economy,7,False,4.0,PayPal,False
ORD-03288,2025-05-24,C0238,Consumer,42,False,Organic Search,Mobile,East,Toys,36.39,4,5,138.28,78.83,59.45,Standard,4,False,5.0,Card,True
ORD-03289,2025-05-24,C1031,Small Business,58,False,Organic Search,Desktop,West,Home,103.57,2,10,186.43,123.11,63.32,Standard,6,True,3.0,Bank Transfer,True
ORD-03290,2025-05-24,C0667,Consumer,43,False,Organic Search,Mobile,West,Electronics,132.88,1,0,132.88,92.7,40.18,Standard,6,False,4.0,Card,False
ORD-03291,2025-05-24,C1052,Consumer,73,False,Direct,Mobile,South,Apparel,55.98,3,10,151.15,88.71,62.44,Standard,4,False,4.0,Card,False
ORD-03292,2025-05-25,C0298,Small Business,53,False,Organic Search,Mobile,East,Apparel,71.52,3,10,193.1,111.14,81.96,Standard,4,False,3.0,Card,True
ORD-03293,2025-05-25,C0126,Small Business,61,False,Affiliate,Desktop,West,Apparel,39.09,2,5,74.27,41.36,32.91,Standard,7,True,3.0,Card,False
ORD-03294,2025-05-25,C0825,Small Business,23,False,Affiliate,Desktop,North,Electronics,169.83,4,5,645.35,449.45,195.9,Standard,4,False,5.0,Card,False
ORD-03295,2025-05-25,C0311,Small Business,37,True,Social,Tablet,East,Sports,79.92,2,30,111.89,101.88,10.01,Standard,3,False,3.0,Card,False
ORD-03296,2025-05-25,C0369,Consumer,43,False,Paid Search,Desktop,North,Sports,71.13,1,0,71.13,44.37,26.76,Standard,3,False,5.0,Bank Transfer,False
ORD-03297,2025-05-25,C0207,Consumer,48,False,Social,Mobile,South,Toys,26.64,4,5,101.23,58.82,42.41,Standard,4,False,3.0,Apple Pay,False
ORD-03298,2025-05-25,C0090,Small Business,55,False,Paid Search,Mobile,East,Home,78.31,3,0,234.93,139.47,95.46,Economy,6,False,,PayPal,False
ORD-03299,2025-05-25,C0303,Small Business,68,False,Email,Desktop,East,Apparel,48.59,2,10,87.46,48.09,39.37,Standard,3,False,5.0,Card,False
ORD-03300,2025-05-25,C0097,Consumer,69,False,Social,Desktop,South,Apparel,44.13,2,0,88.26,48.73,39.53,Standard,4,False,,Apple Pay,True
ORD-03301,2025-05-25,C0671,Consumer,70,False,Email,Mobile,North,Toys,58.47,1,10,52.62,31.98,20.64,Economy,8,False,4.0,Bank Transfer,False
ORD-03302,2025-05-26,C0441,Consumer,69,False,Affiliate,Mobile,East,Home,136.23,1,0,136.23,77.88,58.35,Economy,5,True,,Card,False
ORD-03303,2025-05-26,C0918,Consumer,48,False,Paid Search,Mobile,South,Home,90.5,2,0,181.0,100.67,80.33,Standard,4,False,,Apple Pay,True
ORD-03304,2025-05-26,C0312,Consumer,72,False,Email,Desktop,East,Beauty,24.53,3,15,62.55,33.05,29.5,Standard,3,True,4.0,Bank Transfer,False
ORD-03305,2025-05-26,C1140,Consumer,45,False,Organic Search,Desktop,South,Beauty,30.4,1,0,30.4,13.36,17.04,Standard,4,False,,Apple Pay,False
ORD-03306,2025-05-26,C1052,Consumer,73,False,Social,Mobile,South,Electronics,180.03,2,20,288.05,238.04,50.01,Express,1,True,,Card,False
ORD-03307,2025-05-26,C0758,Consumer,64,False,Paid Search,Desktop,East,Home,74.93,2,0,149.86,85.82,64.04,Standard,6,False,4.0,Card,False
ORD-03308,2025-05-28,C0697,Consumer,37,True,Affiliate,Desktop,West,Beauty,38.98,2,0,77.96,33.49,44.47,Economy,8,False,3.0,Bank Transfer,False
ORD-03309,2025-05-28,C0207,Consumer,48,False,Paid Search,Desktop,West,Electronics,223.65,2,10,402.57,309.71,92.86,Express,5,False,3.0,PayPal,True
ORD-03310,2025-05-28,C0969,Enterprise,25,True,Organic Search,Mobile,South,Electronics,251.12,5,30,878.92,886.12,-7.2,Economy,7,False,,Card,False
ORD-03311,2025-05-28,C1143,Consumer,54,False,Email,Mobile,East,Toys,33.19,1,30,23.23,18.14,5.09,Express,3,False,5.0,Card,False
ORD-03312,2025-05-29,C0207,Consumer,48,False,Organic Search,Mobile,South,Electronics,240.26,1,0,240.26,164.88,75.38,Standard,3,False,,PayPal,False
ORD-03313,2025-05-29,C0400,Consumer,24,False,Paid Search,Mobile,West,Beauty,26.09,2,10,46.96,23.27,23.69,Express,5,False,4.0,Bank Transfer,False
ORD-03314,2025-05-29,C0301,Consumer,20,False,Social,Mobile,West,Home,71.88,1,30,50.32,43.91,6.41,Express,6,False,4.0,Card,False
ORD-03315,2025-05-29,C0011,Consumer,30,False,Organic Search,Mobile,East,Home,109.4,2,0,218.8,124.84,93.96,Standard,5,False,3.0,PayPal,False
ORD-03316,2025-05-29,C0763,Small Business,26,False,Affiliate,Mobile,East,Beauty,21.09,3,25,47.45,28.77,18.68,Standard,4,False,,PayPal,True
ORD-03317,2025-05-29,C0572,Small Business,58,False,Paid Search,Desktop,West,Electronics,231.61,6,25,1042.25,961.08,81.17,Standard,7,False,3.0,Apple Pay,False
ORD-03318,2025-05-29,C1134,Consumer,20,False,Social,Desktop,North,Sports,79.71,1,0,79.71,49.34,30.37,Economy,7,True,,Apple Pay,False
ORD-03319,2025-05-30,C0312,Consumer,72,False,Direct,Desktop,South,Home,75.34,2,20,120.54,87.76,32.78,Express,2,False,,PayPal,False
ORD-03320,2025-05-30,C0211,Consumer,39,True,Direct,Desktop,East,Beauty,33.83,3,20,81.19,44.36,36.83,Standard,3,False,4.0,PayPal,False
ORD-03321,2025-05-30,C0263,Small Business,25,False,Social,Mobile,South,Home,91.78,4,0,367.12,214.48,152.64,Express,2,False,5.0,Card,True
ORD-03322,2025-05-30,C1005,Enterprise,22,True,Social,Mobile,East,Sports,150.37,5,0,751.85,438.48,313.37,Standard,6,False,,PayPal,True
ORD-03323,2025-05-30,C0703,Consumer,45,False,Social,Desktop,North,Apparel,26.91,3,15,68.62,42.66,25.96,Standard,3,False,,Apple Pay,False
ORD-03324,2025-05-30,C0103,Consumer,48,False,Email,Mobile,East,Apparel,35.49,1,0,35.49,18.1,17.39,Express,1,True,,PayPal,False
ORD-03325,2025-05-30,C0108,Consumer,31,False,Affiliate,Mobile,South,Toys,24.08,1,20,19.26,13.24,6.02,Standard,3,False,5.0,Bank Transfer,False
ORD-03326,2025-05-31,C0400,Consumer,24,False,Social,Mobile,West,Home,95.28,1,15,80.99,56.78,24.21,Standard,7,True,3.0,Apple Pay,False
ORD-03327,2025-05-31,C0825,Small Business,23,False,Direct,Mobile,East,Apparel,50.16,1,0,50.16,25.92,24.24,Standard,5,False,4.0,PayPal,False
ORD-03328,2025-06-01,C0265,Consumer,47,False,Paid Search,Mobile,West,Apparel,52.14,1,0,52.14,26.69,25.45,Economy,8,False,3.0,Card,False
ORD-03329,2025-06-01,C0882,Consumer,61,True,Email,Mobile,West,Beauty,42.98,2,0,85.96,39.2,46.76,Standard,6,False,4.0,Apple Pay,False
ORD-03330,2025-06-01,C0728,Consumer,35,False,Affiliate,Mobile,East,Sports,51.57,1,0,51.57,31.95,19.62,Standard,4,False,5.0,Apple Pay,False
ORD-03331,2025-06-01,C0063,Small Business,53,False,Direct,Mobile,South,Electronics,231.26,4,5,878.79,625.43,253.36,Standard,3,False,,Card,False
ORD-03332,2025-06-01,C0063,Small Business,53,False,Direct,Mobile,North,Electronics,203.22,1,10,182.9,145.65,37.25,Economy,6,False,,Card,False
ORD-03333,2025-06-01,C1140,Consumer,45,False,Organic Search,Desktop,North,Beauty,23.07,2,0,46.14,21.81,24.33,Express,1,False,5.0,Apple Pay,False
ORD-03334,2025-06-01,C0298,Small Business,53,False,Social,Mobile,South,Beauty,40.58,1,20,32.46,18.8,13.66,Economy,5,False,,Card,False
ORD-03335,2025-06-01,C1052,Consumer,73,False,Affiliate,Mobile,East,Beauty,22.21,2,10,39.98,20.2,19.78,Economy,7,False,4.0,Card,False
ORD-03336,2025-06-02,C1137,Small Business,70,False,Social,Desktop,East,Electronics,193.73,4,15,658.68,520.84,137.84,Standard,4,False,,Apple Pay,False
ORD-03337,2025-06-02,C1137,Small Business,70,False,Organic Search,Mobile,South,Apparel,52.5,5,25,196.88,131.11,65.77,Standard,4,False,5.0,Card,False
ORD-03338,2025-06-02,C0889,Enterprise,64,False,Paid Search,Mobile,East,Toys,43.88,3,10,118.48,72.18,46.3,Express,2,False,5.0,PayPal,True
ORD-03339,2025-06-02,C0756,Consumer,29,False,Paid Search,Mobile,East,Electronics,277.76,2,10,499.97,362.03,137.94,Standard,5,False,4.0,Card,True
ORD-03340,2025-06-02,C0846,Consumer,27,False,Social,Desktop,West,Electronics,131.79,1,5,125.2,87.48,37.72,Standard,8,True,2.0,Card,False
ORD-03341,2025-06-02,C1010,Consumer,39,False,Paid Search,Mobile,North,Electronics,159.43,2,5,302.92,217.72,85.2,Standard,4,False,,PayPal,False
ORD-03342,2025-06-02,C1137,Small Business,70,False,Organic Search,Mobile,North,Toys,33.6,4,0,134.4,69.95,64.45,Express,3,False,,Apple Pay,False
ORD-03343,2025-06-02,C1169,Consumer,38,False,Organic Search,Desktop,North,Apparel,45.11,2,0,90.22,47.73,42.49,Standard,4,False,4.0,Card,True
ORD-03344,2025-06-03,C0312,Consumer,72,False,Direct,Mobile,South,Sports,60.13,1,0,60.13,36.02,24.11,Economy,5,False,,Card,False
ORD-03345,2025-06-03,C0106,Consumer,40,False,Social,Desktop,West,Home,107.89,1,15,91.71,62.97,28.74,Standard,7,False,,Apple Pay,False
ORD-03346,2025-06-03,C0424,Consumer,68,False,Organic Search,Desktop,North,Electronics,240.13,3,30,504.27,498.81,5.46,Standard,5,False,4.0,Card,False
ORD-03347,2025-06-03,C0298,Small Business,53,False,Direct,Mobile,South,Apparel,37.7,4,15,128.18,79.22,48.96,Express,3,True,4.0,Card,False
ORD-03348,2025-06-03,C0210,Consumer,19,False,Direct,Mobile,South,Home,68.93,1,30,48.25,38.8,9.45,Standard,4,False,4.0,Card,False
ORD-03349,2025-06-03,C1080,Consumer,19,False,Organic Search,Desktop,West,Apparel,48.34,1,0,48.34,25.15,23.19,Standard,8,False,4.0,Apple Pay,True
ORD-03350,2025-06-03,C0819,Consumer,52,False,Paid Search,Desktop,South,Beauty,28.42,3,10,76.73,37.18,39.55,Standard,3,False,4.0,Bank Transfer,False
ORD-03351,2025-06-04,C0380,Consumer,59,False,Paid Search,Mobile,North,Sports,53.67,1,10,48.3,32.33,15.97,Economy,9,False,,Card,True
ORD-03352,2025-06-04,C0748,Consumer,33,False,Organic Search,Mobile,South,Electronics,203.26,2,0,406.52,278.78,127.74,Economy,5,True,3.0,Card,False
ORD-03353,2025-06-04,C0558,Small Business,22,False,Email,Mobile,West,Toys,31.98,4,25,95.94,72.57,23.37,Standard,6,False,4.0,Bank Transfer,False
ORD-03354,2025-06-04,C0670,Consumer,29,False,Paid Search,Mobile,South,Electronics,216.67,2,10,390.01,290.51,99.5,Standard,4,False,,Card,False
ORD-03355,2025-06-04,C0685,Consumer,32,False,Direct,Desktop,East,Apparel,58.58,2,30,82.01,62.92,19.09,Standard,5,False,,Card,False
ORD-03356,2025-06-05,C0739,Consumer,72,False,Social,Mobile,South,Beauty,51.48,3,0,154.44,69.46,84.98,Standard,3,False,5.0,Card,False
ORD-03357,2025-06-05,C1147,Small Business,19,False,Direct,Mobile,North,Apparel,45.18,4,10,162.65,95.05,67.6,Standard,4,False,,Bank Transfer,False
ORD-03358,2025-06-05,C0918,Consumer,48,False,Email,Mobile,North,Sports,64.23,3,0,192.69,120.11,72.58,Standard,5,False,,Card,False
ORD-03359,2025-06-05,C1140,Consumer,45,False,Direct,Desktop,East,Electronics,269.77,1,15,229.3,185.72,43.58,Standard,3,False,4.0,Apple Pay,False
ORD-03360,2025-06-05,C0685,Consumer,32,False,Direct,Mobile,South,Beauty,44.37,2,10,79.87,39.76,40.11,Express,2,False,4.0,Bank Transfer,False
ORD-03361,2025-06-05,C0604,Consumer,25,False,Social,Desktop,South,Beauty,29.74,1,25,22.3,12.51,9.79,Standard,3,False,5.0,Card,False
ORD-03362,2025-06-06,C0918,Consumer,48,False,Social,Mobile,North,Apparel,47.61,3,5,135.69,77.89,57.8,Standard,4,False,,Card,False
ORD-03363,2025-06-06,C0529,Consumer,42,False,Organic Search,Mobile,East,Home,64.35,3,20,154.44,111.64,42.8,Standard,3,False,,Bank Transfer,False
ORD-03364,2025-06-06,C1005,Enterprise,22,False,Paid Search,Mobile,North,Toys,43.11,6,10,232.79,143.47,89.32,Economy,6,False,,Card,False
ORD-03365,2025-06-06,C0535,Small Business,44,False,Organic Search,Mobile,West,Sports,87.21,2,10,156.98,105.14,51.84,Standard,7,False,,PayPal,False
ORD-03366,2025-06-06,C1015,Consumer,39,False,Social,Mobile,West,Home,83.11,1,10,74.8,48.91,25.89,Standard,7,True,,Apple Pay,False
ORD-03367,2025-06-06,C0005,Consumer,64,True,Social,Mobile,West,Electronics,214.55,1,5,203.82,143.48,60.34,Standard,7,False,4.0,Card,False
ORD-03368,2025-06-06,C0244,Consumer,35,False,Direct,Mobile,South,Toys,53.09,1,0,53.09,28.94,24.15,Standard,5,False,3.0,Card,False
ORD-03369,2025-06-07,C1073,Consumer,60,False,Organic Search,Mobile,North,Electronics,186.73,2,10,336.11,259.73,76.38,Standard,6,False,,Bank Transfer,False
ORD-03370,2025-06-07,C0728,Consumer,35,False,Organic Search,Tablet,South,Sports,73.75,1,0,73.75,44.19,29.56,Standard,8,False,2.0,Card,True
ORD-03371,2025-06-07,C0571,Small Business,30,False,Paid Search,Tablet,South,Beauty,29.01,3,10,78.33,38.48,39.85,Express,1,False,5.0,Card,False
ORD-03372,2025-06-07,C0595,Enterprise,22,False,Organic Search,Mobile,West,Beauty,33.37,3,15,85.09,43.7,41.39,Standard,7,False,4.0,Card,False
ORD-03373,2025-06-07,C1052,Consumer,73,False,Paid Search,Mobile,East,Home,82.04,2,10,147.67,95.41,52.26,Standard,4,False,3.0,Apple Pay,False
ORD-03374,2025-06-07,C0308,Consumer,21,True,Social,Mobile,South,Home,107.71,1,5,102.32,63.08,39.24,Economy,6,True,3.0,Card,False
ORD-03375,2025-06-08,C0763,Small Business,26,False,Organic Search,Mobile,West,Electronics,166.95,2,25,250.42,235.81,14.61,Standard,7,False,4.0,PayPal,False
ORD-03376,2025-06-08,C0825,Small Business,23,False,Direct,Mobile,South,Apparel,42.6,5,10,191.7,115.98,75.72,Standard,3,False,,Card,False
ORD-03377,2025-06-08,C1097,Enterprise,52,False,Organic Search,Mobile,West,Toys,62.41,5,25,234.04,175.26,58.78,Express,5,False,3.0,Bank Transfer,False
ORD-03378,2025-06-09,C0380,Consumer,59,False,Direct,Mobile,South,Electronics,156.89,1,15,133.36,107.03,26.33,Standard,4,False,4.0,Card,False
ORD-03379,2025-06-10,C1140,Consumer,45,False,Organic Search,Mobile,East,Home,65.08,4,20,208.26,149.94,58.32,Express,1,False,,Card,False
ORD-03380,2025-06-10,C1134,Consumer,20,False,Paid Search,Desktop,East,Electronics,177.77,3,25,399.98,350.64,49.34,Economy,5,False,5.0,PayPal,False
ORD-03381,2025-06-10,C0990,Consumer,23,False,Organic Search,Mobile,North,Electronics,311.66,2,15,529.82,446.85,82.97,Standard,3,False,5.0,PayPal,False
ORD-03382,2025-06-10,C0207,Consumer,48,False,Email,Mobile,West,Apparel,80.85,1,30,56.59,41.73,14.86,Economy,8,False,3.0,PayPal,True
ORD-03383,2025-06-10,C1040,Consumer,70,True,Organic Search,Desktop,North,Sports,115.63,1,25,86.72,70.82,15.9,Standard,3,False,,PayPal,False
ORD-03384,2025-06-11,C0265,Consumer,47,False,Email,Desktop,West,Apparel,39.27,2,5,74.61,40.3,34.31,Standard,6,False,4.0,Card,False
ORD-03385,2025-06-11,C0301,Consumer,20,False,Organic Search,Desktop,West,Home,65.44,1,15,55.62,38.23,17.39,Express,4,False,4.0,Card,True
ORD-03386,2025-06-11,C1052,Consumer,73,False,Organic Search,Desktop,South,Beauty,30.22,2,25,45.33,27.75,17.58,Express,2,False,,Card,False
ORD-03387,2025-06-11,C0400,Consumer,24,False,Affiliate,Mobile,South,Electronics,211.5,4,0,846.0,565.62,280.38,Standard,6,False,4.0,Card,False
ORD-03388,2025-06-11,C0763,Small Business,26,False,Organic Search,Mobile,North,Apparel,66.1,3,15,168.55,107.47,61.08,Express,4,False,5.0,Apple Pay,False
ORD-03389,2025-06-12,C0322,Consumer,48,False,Email,Desktop,North,Beauty,48.85,1,0,48.85,22.52,26.33,Standard,4,False,3.0,Card,False
ORD-03390,2025-06-12,C0298,Small Business,53,False,Direct,Mobile,West,Beauty,28.7,3,5,81.79,39.59,42.2,Express,5,False,4.0,PayPal,False
ORD-03391,2025-06-12,C1180,Consumer,37,True,Direct,Desktop,North,Apparel,42.32,2,20,67.71,44.12,23.59,Standard,5,False,5.0,Card,False
ORD-03392,2025-06-12,C0115,Consumer,58,False,Direct,Mobile,South,Apparel,39.36,2,0,78.72,40.0,38.72,Economy,6,False,,Apple Pay,False
ORD-03393,2025-06-13,C0188,Small Business,33,False,Paid Search,Desktop,North,Sports,67.94,4,20,217.41,162.69,54.72,Express,1,False,5.0,Card,False
ORD-03394,2025-06-13,C0572,Small Business,58,False,Paid Search,Mobile,North,Electronics,213.51,2,25,320.26,293.76,26.5,Standard,4,False,5.0,Card,False
ORD-03395,2025-06-13,C0734,Consumer,43,False,Paid Search,Mobile,West,Sports,76.71,2,5,145.75,91.37,54.38,Standard,7,True,,Card,False
ORD-03396,2025-06-13,C0308,Consumer,21,False,Paid Search,Mobile,North,Apparel,34.06,1,30,23.84,17.55,6.29,Standard,3,False,4.0,Card,False
ORD-03397,2025-06-13,C0227,Consumer,23,False,Organic Search,Mobile,East,Apparel,48.72,3,15,124.24,73.82,50.42,Economy,6,False,3.0,Card,False
ORD-03398,2025-06-13,C0265,Consumer,47,False,Email,Desktop,North,Apparel,31.42,2,25,47.13,32.61,14.52,Express,3,False,,Card,False
ORD-03399,2025-06-13,C0061,Small Business,71,False,Social,Desktop,West,Electronics,213.72,5,20,854.88,726.73,128.15,Standard,6,False,3.0,Card,False
ORD-03400,2025-06-13,C0298,Small Business,53,False,Social,Desktop,North,Apparel,61.93,2,30,86.7,62.89,23.81,Standard,4,False,3.0,PayPal,False
ORD-03401,2025-06-13,C0393,Consumer,42,False,Email,Mobile,South,Toys,23.86,1,15,20.28,12.93,7.35,Standard,4,False,,Card,False
ORD-03402,2025-06-14,C1052,Consumer,73,False,Email,Mobile,East,Toys,39.67,1,30,27.77,21.63,6.14,Standard,4,False,5.0,Card,False
ORD-03403,2025-06-14,C0615,Consumer,71,False,Organic Search,Desktop,North,Sports,61.32,4,15,208.49,140.55,67.94,Express,3,False,,Card,False
ORD-03404,2025-06-14,C1147,Small Business,19,False,Paid Search,Desktop,North,Beauty,34.73,4,30,97.24,62.65,34.59,Standard,3,False,5.0,Card,False
ORD-03405,2025-06-14,C1052,Consumer,73,False,Organic Search,Desktop,South,Electronics,259.6,2,15,441.32,371.19,70.13,Standard,3,False,4.0,Apple Pay,False
ORD-03406,2025-06-14,C1052,Consumer,73,False,Organic Search,Tablet,North,Home,65.95,2,20,105.52,74.99,30.53,Standard,3,False,,Card,False
ORD-03407,2025-06-14,C0301,Consumer,20,False,Direct,Desktop,East,Apparel,37.06,3,25,83.38,58.27,25.11,Standard,3,True,5.0,PayPal,False
ORD-03408,2025-06-14,C0536,Consumer,63,True,Direct,Desktop,East,Home,157.28,1,25,117.96,90.4,27.56,Standard,5,False,4.0,Bank Transfer,False
ORD-03409,2025-06-14,C0400,Consumer,24,False,Direct,Mobile,East,Electronics,184.74,1,0,184.74,124.1,60.64,Economy,6,False,,Card,False
ORD-03410,2025-06-15,C0021,Consumer,39,False,Organic Search,Desktop,North,Sports,72.49,1,15,61.62,40.25,21.37,Standard,3,False,,PayPal,False
ORD-03411,2025-06-15,C0722,Consumer,64,False,Organic Search,Desktop,South,Electronics,259.85,4,20,831.52,684.88,146.64,Standard,3,True,,Card,True
ORD-03412,2025-06-15,C0333,Enterprise,40,False,Social,Desktop,East,Beauty,29.86,7,30,146.31,93.61,52.7,Express,3,False,,PayPal,False
ORD-03413,2025-06-15,C1019,Consumer,34,False,Social,Mobile,North,Apparel,36.73,2,20,58.77,39.34,19.43,Standard,4,False,4.0,PayPal,False
ORD-03414,2025-06-15,C0500,Consumer,30,True,Social,Mobile,East,Apparel,41.69,3,15,106.31,60.7,45.61,Standard,3,True,3.0,Card,False
ORD-03415,2025-06-15,C0037,Consumer,18,False,Organic Search,Mobile,West,Home,75.28,3,0,225.84,136.52,89.32,Standard,7,True,,Apple Pay,False
ORD-03416,2025-06-15,C0021,Consumer,39,False,Paid Search,Mobile,East,Electronics,155.36,1,10,139.82,107.06,32.76,Standard,5,False,5.0,Apple Pay,True
ORD-03417,2025-06-15,C0728,Consumer,35,False,Paid Search,Mobile,West,Apparel,36.42,2,30,50.99,39.36,11.63,Standard,8,True,3.0,Card,False
ORD-03418,2025-06-15,C1140,Consumer,45,False,Organic Search,Desktop,North,Apparel,41.1,2,10,73.98,43.64,30.34,Standard,3,True,,Card,False
ORD-03419,2025-06-16,C0061,Small Business,71,False,Social,Mobile,East,Sports,88.37,4,5,335.81,218.0,117.81,Economy,5,False,,Apple Pay,False
ORD-03420,2025-06-16,C0106,Consumer,40,False,Direct,Mobile,North,Sports,55.62,1,0,55.62,32.03,23.59,Standard,3,False,5.0,PayPal,False
ORD-03421,2025-06-16,C0763,Small Business,26,False,Direct,Tablet,East,Electronics,238.84,3,0,716.52,500.63,215.89,Economy,5,False,4.0,Apple Pay,False
ORD-03422,2025-06-16,C1052,Consumer,73,False,Paid Search,Mobile,North,Home,75.0,2,10,135.0,86.22,48.78,Economy,5,False,5.0,Apple Pay,False
ORD-03423,2025-06-16,C0950,Consumer,71,False,Social,Desktop,West,Home,105.72,1,0,105.72,59.03,46.69,Standard,7,True,2.0,Card,False
ORD-03424,2025-06-16,C0446,Consumer,40,False,Direct,Desktop,East,Beauty,28.31,3,20,67.94,37.28,30.66,Standard,3,False,,Card,False
ORD-03425,2025-06-16,C0950,Consumer,71,False,Direct,Tablet,West,Electronics,316.78,1,15,269.26,216.63,52.63,Economy,8,False,2.0,Card,False
ORD-03426,2025-06-17,C0327,Consumer,61,False,Paid Search,Mobile,South,Beauty,23.82,1,15,20.25,10.79,9.46,Standard,3,True,4.0,Card,False
ORD-03427,2025-06-17,C0184,Small Business,74,False,Organic Search,Mobile,West,Beauty,39.72,4,0,158.88,70.43,88.45,Standard,6,False,5.0,Card,False
ORD-03428,2025-06-17,C1052,Consumer,73,False,Paid Search,Mobile,West,Sports,94.25,2,10,169.65,113.07,56.58,Standard,6,False,,PayPal,False
ORD-03429,2025-06-17,C0298,Small Business,53,False,Organic Search,Mobile,South,Electronics,230.29,5,0,1151.45,777.5,373.95,Standard,4,False,,Card,False
ORD-03430,2025-06-17,C0213,Consumer,19,False,Paid Search,Mobile,North,Home,153.32,2,0,306.64,179.13,127.51,Standard,4,False,4.0,Card,False
ORD-03431,2025-06-18,C1052,Consumer,73,False,Email,Desktop,East,Electronics,328.88,1,0,328.88,220.46,108.42,Economy,8,False,,Card,False
ORD-03432,2025-06-18,C0421,Consumer,73,False,Email,Desktop,South,Home,82.08,2,30,114.91,94.41,20.5,Standard,3,True,3.0,Apple Pay,False
ORD-03433,2025-06-18,C0265,Consumer,47,False,Social,Desktop,West,Toys,41.99,2,30,58.79,48.68,10.11,Express,4,True,,Bank Transfer,False
ORD-03434,2025-06-18,C0298,Small Business,53,False,Direct,Mobile,East,Apparel,37.13,8,5,282.19,154.55,127.64,Standard,6,False,,Bank Transfer,False
ORD-03435,2025-06-18,C0012,Consumer,31,False,Direct,Mobile,West,Apparel,50.93,4,15,173.16,108.62,64.54,Economy,9,False,,Card,False
ORD-03436,2025-06-18,C0270,Small Business,21,False,Affiliate,Desktop,West,Sports,75.74,2,15,128.76,90.17,38.59,Express,4,False,4.0,PayPal,False
ORD-03437,2025-06-18,C0144,Enterprise,32,False,Social,Mobile,East,Toys,28.25,6,20,135.6,92.15,43.45,Standard,4,False,,Card,False
ORD-03438,2025-06-18,C0298,Small Business,53,False,Social,Mobile,North,Home,124.67,1,0,124.67,71.07,53.6,Economy,7,False,3.0,Card,False
ORD-03439,2025-06-19,C0529,Consumer,42,False,Organic Search,Desktop,West,Sports,58.78,1,0,58.78,35.66,23.12,Express,5,False,4.0,Card,False
ORD-03440,2025-06-19,C0777,Consumer,43,False,Social,Desktop,West,Toys,50.72,2,0,101.44,55.06,46.38,Standard,7,False,4.0,Apple Pay,False
ORD-03441,2025-06-19,C0173,Consumer,74,False,Social,Mobile,West,Sports,64.89,1,25,48.67,37.9,10.77,Express,6,True,3.0,Card,False
ORD-03442,2025-06-19,C0301,Consumer,20,False,Paid Search,Desktop,West,Home,94.23,3,10,254.42,176.36,78.06,Express,4,False,5.0,Card,False
ORD-03443,2025-06-19,C0776,Consumer,55,False,Direct,Mobile,West,Home,95.59,2,10,172.06,115.26,56.8,Standard,6,False,4.0,Card,True
ORD-03444,2025-06-19,C1034,Consumer,55,True,Organic Search,Mobile,North,Electronics,256.19,2,5,486.76,358.07,128.69,Economy,6,False,3.0,Card,False
ORD-03445,2025-06-19,C0556,Small Business,40,False,Direct,Tablet,East,Toys,23.0,2,0,46.0,25.84,20.16,Standard,6,False,3.0,Apple Pay,False
ORD-03446,2025-06-19,C0889,Enterprise,64,False,Organic Search,Mobile,East,Toys,42.04,6,5,239.63,132.53,107.1,Standard,4,True,3.0,Card,False
ORD-03447,2025-06-19,C0840,Consumer,43,False,Social,Mobile,West,Apparel,56.15,1,10,50.54,28.3,22.24,Standard,7,True,,Card,False
ORD-03448,2025-06-19,C1007,Consumer,33,False,Paid Search,Tablet,West,Apparel,62.97,2,0,125.94,65.91,60.03,Standard,8,False,,Apple Pay,False
ORD-03449,2025-06-20,C0980,Consumer,28,False,Direct,Mobile,North,Beauty,38.28,2,0,76.56,32.82,43.74,Standard,5,False,4.0,Card,False
ORD-03450,2025-06-20,C1052,Consumer,73,False,Email,Mobile,West,Home,104.35,1,30,73.04,59.37,13.67,Economy,10,False,,PayPal,True
ORD-03451,2025-06-20,C0927,Small Business,40,False,Organic Search,Tablet,North,Toys,52.02,2,5,98.84,57.9,40.94,Standard,3,False,,PayPal,False
ORD-03452,2025-06-20,C0558,Small Business,22,False,Paid Search,Mobile,West,Apparel,43.43,2,10,78.17,46.49,31.68,Express,6,False,,Card,False
ORD-03453,2025-06-20,C0671,Consumer,70,False,Affiliate,Mobile,North,Toys,36.05,3,30,75.7,61.46,14.24,Economy,6,False,5.0,Card,False
ORD-03454,2025-06-20,C0297,Consumer,66,False,Social,Desktop,North,Beauty,30.47,1,0,30.47,13.56,16.91,Standard,4,False,5.0,Apple Pay,False
ORD-03455,2025-06-21,C0066,Consumer,22,False,Organic Search,Desktop,North,Electronics,324.68,1,0,324.68,211.78,112.9,Standard,6,False,3.0,Apple Pay,False
ORD-03456,2025-06-21,C0875,Small Business,25,True,Social,Desktop,West,Apparel,36.82,4,5,139.92,75.12,64.8,Standard,6,False,3.0,PayPal,False
ORD-03457,2025-06-21,C0139,Consumer,29,False,Social,Mobile,North,Electronics,164.31,5,5,780.47,556.3,224.17,Standard,3,False,3.0,Card,False
ORD-03458,2025-06-21,C1052,Consumer,73,False,Social,Mobile,North,Apparel,75.61,2,25,113.42,77.14,36.28,Standard,6,False,,PayPal,False
ORD-03459,2025-06-21,C1140,Consumer,45,False,Direct,Desktop,South,Apparel,77.19,2,0,154.38,80.66,73.72,Standard,4,False,5.0,Card,True
ORD-03460,2025-06-21,C0776,Consumer,55,False,Organic Search,Desktop,East,Electronics,193.92,2,15,329.66,270.26,59.4,Standard,3,False,,Bank Transfer,False
ORD-03461,2025-06-22,C1052,Consumer,73,False,Paid Search,Desktop,West,Apparel,61.99,2,10,111.58,67.43,44.15,Express,5,False,4.0,Card,False
ORD-03462,2025-06-22,C0927,Small Business,40,False,Direct,Mobile,West,Home,99.1,3,15,252.7,178.43,74.27,Standard,8,False,4.0,Card,False
ORD-03463,2025-06-22,C0207,Consumer,48,False,Paid Search,Mobile,East,Home,137.4,3,10,370.98,247.87,123.11,Standard,6,False,4.0,PayPal,False
ORD-03464,2025-06-22,C0110,Consumer,38,True,Affiliate,Mobile,North,Sports,57.21,2,20,91.54,67.97,23.57,Economy,8,False,4.0,Card,True
ORD-03465,2025-06-22,C0763,Small Business,26,False,Direct,Mobile,South,Beauty,24.81,3,0,74.43,33.21,41.22,Standard,6,False,,Bank Transfer,False
ORD-03466,2025-06-23,C0106,Consumer,40,False,Affiliate,Desktop,North,Toys,49.28,1,0,49.28,26.38,22.9,Economy,7,False,2.0,Card,False
ORD-03467,2025-06-23,C1140,Consumer,45,False,Paid Search,Desktop,South,Electronics,199.38,1,0,199.38,138.92,60.46,Express,2,False,4.0,Card,False
ORD-03468,2025-06-23,C0558,Small Business,22,False,Social,Mobile,North,Apparel,41.27,2,0,82.54,42.93,39.61,Standard,3,True,4.0,Card,False
ORD-03469,2025-06-23,C0339,Consumer,41,False,Email,Mobile,West,Toys,20.55,2,20,32.88,22.99,9.89,Standard,6,False,4.0,PayPal,False
ORD-03470,2025-06-23,C0996,Small Business,28,False,Paid Search,Mobile,North,Sports,52.75,1,10,47.48,30.97,16.51,Standard,3,False,5.0,PayPal,False
ORD-03471,2025-06-23,C0693,Consumer,22,False,Organic Search,Mobile,East,Beauty,38.89,2,0,77.78,35.64,42.14,Standard,4,False,5.0,Card,False
ORD-03472,2025-06-24,C0966,Enterprise,29,False,Direct,Desktop,South,Sports,93.55,4,10,336.78,221.23,115.55,Economy,5,False,3.0,Card,False
ORD-03473,2025-06-24,C0703,Consumer,45,False,Direct,Desktop,North,Toys,39.61,1,10,35.65,22.8,12.85,Standard,4,False,,Apple Pay,False
ORD-03474,2025-06-24,C0298,Small Business,53,False,Affiliate,Tablet,North,Apparel,44.84,3,15,114.34,66.41,47.93,Standard,5,False,4.0,Bank Transfer,False
ORD-03475,2025-06-24,C0706,Consumer,27,True,Organic Search,Mobile,West,Home,75.51,2,10,135.92,87.7,48.22,Express,8,False,3.0,PayPal,False
ORD-03476,2025-06-24,C0529,Consumer,42,False,Social,Tablet,North,Beauty,30.66,3,20,73.58,40.45,33.13,Standard,3,False,5.0,Card,True
ORD-03477,2025-06-24,C0719,Consumer,38,False,Email,Mobile,North,Sports,64.54,1,10,58.09,37.88,20.21,Standard,4,False,4.0,Card,False
ORD-03478,2025-06-24,C0595,Enterprise,22,False,Social,Desktop,North,Sports,54.68,4,20,174.98,128.49,46.49,Express,1,False,5.0,Card,False
ORD-03479,2025-06-25,C0298,Small Business,53,False,Direct,Mobile,South,Home,114.72,1,25,86.04,64.75,21.29,Standard,4,False,,Apple Pay,False
ORD-03480,2025-06-25,C0400,Consumer,24,False,Email,Desktop,South,Toys,42.79,2,0,85.58,48.9,36.68,Standard,4,False,5.0,Apple Pay,False
ORD-03481,2025-06-25,C0210,Consumer,19,False,Paid Search,Mobile,South,Electronics,140.13,2,10,252.23,195.09,57.14,Standard,3,False,,Card,True
ORD-03482,2025-06-25,C0972,Consumer,33,False,Paid Search,Mobile,West,Sports,57.6,2,10,103.68,71.44,32.24,Standard,8,False,,Card,False
ORD-03483,2025-06-25,C0459,Consumer,38,False,Direct,Desktop,West,Toys,33.06,2,15,56.2,37.23,18.97,Standard,7,False,,Card,False
ORD-03484,2025-06-25,C0916,Consumer,38,False,Paid Search,Desktop,East,Sports,68.2,2,0,136.4,85.93,50.47,Standard,4,False,,Apple Pay,True
ORD-03485,2025-06-25,C1137,Small Business,70,False,Email,Mobile,South,Home,80.94,3,15,206.4,140.39,66.01,Express,2,False,4.0,PayPal,False
ORD-03486,2025-06-25,C0996,Small Business,28,False,Direct,Mobile,North,Apparel,36.48,3,0,109.44,56.32,53.12,Express,2,False,5.0,Card,False
ORD-03487,2025-06-25,C1052,Consumer,73,False,Organic Search,Mobile,West,Home,103.66,1,0,103.66,61.95,41.71,Express,4,True,4.0,Card,False
ORD-03488,2025-06-26,C0778,Enterprise,34,False,Email,Mobile,South,Sports,90.8,4,30,254.24,211.72,42.52,Economy,5,True,,Card,False
ORD-03489,2025-06-26,C1052,Consumer,73,False,Organic Search,Mobile,West,Beauty,40.2,1,0,40.2,18.14,22.06,Economy,8,False,3.0,Card,True
ORD-03490,2025-06-26,C0592,Consumer,52,True,Organic Search,Desktop,West,Home,82.0,1,5,77.9,48.96,28.94,Standard,8,False,,Apple Pay,False
ORD-03491,2025-06-26,C0446,Consumer,40,False,Social,Tablet,West,Sports,113.72,1,0,113.72,65.93,47.79,Standard,6,False,,PayPal,False
ORD-03492,2025-06-26,C0913,Consumer,49,False,Email,Desktop,North,Home,43.93,1,10,39.54,26.01,13.53,Express,2,False,,Card,False
ORD-03493,2025-06-26,C0445,Consumer,65,False,Organic Search,Desktop,North,Sports,51.05,1,20,40.84,32.4,8.44,Standard,4,False,5.0,Card,False
ORD-03494,2025-06-27,C0298,Small Business,53,False,Affiliate,Tablet,North,Beauty,32.75,1,0,32.75,15.17,17.58,Standard,4,False,,PayPal,False
ORD-03495,2025-06-27,C0189,Consumer,18,False,Direct,Tablet,South,Home,85.19,1,0,85.19,49.68,35.51,Standard,5,False,5.0,Card,False
ORD-03496,2025-06-27,C1052,Consumer,73,False,Organic Search,Desktop,East,Sports,67.14,3,5,191.35,116.2,75.15,Standard,3,False,4.0,Apple Pay,False
ORD-03497,2025-06-27,C0529,Consumer,42,False,Organic Search,Desktop,West,Sports,68.38,1,20,54.7,40.04,14.66,Economy,12,False,,Card,False
ORD-03498,2025-06-27,C0106,Consumer,40,False,Paid Search,Mobile,East,Home,85.81,1,0,85.81,46.52,39.29,Standard,3,False,5.0,Card,False
ORD-03499,2025-06-28,C0867,Consumer,53,True,Paid Search,Desktop,West,Electronics,159.46,1,5,151.49,104.83,46.66,Standard,6,True,2.0,PayPal,False
ORD-03500,2025-06-28,C1140,Consumer,45,False,Organic Search,Desktop,West,Home,68.01,1,5,64.61,38.7,25.91,Standard,7,False,,Card,False
ORD-03501,2025-06-28,C0298,Small Business,53,False,Affiliate,Mobile,East,Home,100.9,2,5,191.71,117.34,74.37,Economy,7,True,2.0,Card,False
ORD-03502,2025-06-28,C0846,Consumer,27,False,Direct,Mobile,West,Electronics,238.69,1,0,238.69,166.22,72.47,Standard,8,False,,Card,True
ORD-03503,2025-06-28,C1031,Small Business,58,False,Direct,Desktop,West,Electronics,193.29,3,25,434.9,389.75,45.15,Express,5,True,2.0,PayPal,False
ORD-03504,2025-06-28,C0292,Consumer,46,False,Paid Search,Mobile,South,Sports,99.29,3,0,297.87,178.95,118.92,Economy,5,False,4.0,Card,False
ORD-03505,2025-06-28,C0558,Small Business,22,False,Direct,Desktop,West,Home,83.59,4,10,300.92,200.73,100.19,Standard,6,False,4.0,Card,False
ORD-03506,2025-06-29,C0254,Consumer,62,False,Organic Search,Mobile,North,Toys,30.87,2,10,55.57,33.61,21.96,Express,2,False,,Apple Pay,False
ORD-03507,2025-06-29,C0871,Consumer,29,False,Affiliate,Desktop,East,Apparel,45.99,2,15,78.18,49.79,28.39,Express,1,False,5.0,Card,False
ORD-03508,2025-06-29,C0261,Consumer,34,True,Email,Mobile,East,Electronics,243.05,1,20,194.44,164.22,30.22,Standard,4,False,3.0,Card,True
ORD-03509,2025-06-30,C0887,Consumer,36,False,Paid Search,Mobile,South,Electronics,150.01,2,0,300.02,207.24,92.78,Standard,4,False,4.0,PayPal,False
ORD-03510,2025-06-30,C0066,Consumer,22,False,Paid Search,Mobile,South,Home,84.4,2,0,168.8,98.41,70.39,Express,2,False,4.0,Card,False
ORD-03511,2025-06-30,C0529,Consumer,42,False,Direct,Desktop,West,Electronics,211.56,2,30,296.18,280.07,16.11,Standard,7,False,,Card,True
ORD-03512,2025-06-30,C0246,Small Business,35,False,Email,Mobile,West,Electronics,262.07,2,5,497.93,356.53,141.4,Standard,10,False,2.0,Card,False
ORD-03513,2025-07-01,C0334,Enterprise,60,False,Paid Search,Mobile,South,Toys,56.01,9,0,504.09,261.25,242.84,Standard,5,False,,Bank Transfer,True
ORD-03514,2025-07-01,C0188,Small Business,33,False,Email,Desktop,West,Home,73.15,3,30,153.62,126.48,27.14,Standard,8,False,3.0,Apple Pay,False
ORD-03515,2025-07-01,C0465,Consumer,29,False,Direct,Desktop,East,Home,107.65,3,5,306.8,185.1,121.7,Standard,5,False,,Card,False
ORD-03516,2025-07-01,C1052,Consumer,73,False,Affiliate,Desktop,West,Electronics,258.16,2,15,438.87,363.91,74.96,Express,4,False,2.0,Apple Pay,False
ORD-03517,2025-07-01,C1030,Consumer,69,False,Affiliate,Tablet,East,Beauty,39.41,1,0,39.41,17.71,21.7,Economy,7,False,3.0,Apple Pay,False
ORD-03518,2025-07-01,C0037,Consumer,18,False,Direct,Desktop,East,Apparel,48.09,2,15,81.75,51.74,30.01,Standard,6,False,4.0,Apple Pay,False
ORD-03519,2025-07-01,C0845,Consumer,45,True,Affiliate,Desktop,North,Apparel,58.55,1,0,58.55,30.73,27.82,Standard,7,False,4.0,Card,False
ORD-03520,2025-07-01,C0671,Consumer,70,False,Organic Search,Desktop,North,Electronics,159.56,3,15,406.88,339.05,67.83,Express,2,False,4.0,PayPal,False
ORD-03521,2025-07-01,C0022,Consumer,41,True,Social,Desktop,North,Apparel,54.12,1,5,51.41,26.91,24.5,Express,3,False,,Card,False
ORD-03522,2025-07-02,C0685,Consumer,32,False,Organic Search,Mobile,South,Electronics,299.56,2,0,599.12,409.58,189.54,Express,3,False,4.0,Card,False
ORD-03523,2025-07-02,C0243,Consumer,30,False,Email,Mobile,North,Apparel,40.27,1,5,38.26,21.19,17.07,Standard,4,False,4.0,Card,False
ORD-03524,2025-07-03,C0926,Consumer,60,False,Organic Search,Desktop,East,Beauty,27.85,1,30,19.5,12.66,6.84,Economy,5,False,4.0,Card,False
ORD-03525,2025-07-03,C0365,Consumer,25,False,Email,Mobile,East,Sports,44.17,1,25,33.13,27.23,5.9,Standard,3,False,5.0,Card,True
ORD-03526,2025-07-04,C0990,Consumer,23,False,Paid Search,Desktop,South,Apparel,30.33,1,0,30.33,15.9,14.43,Standard,4,False,4.0,Card,False
ORD-03527,2025-07-04,C1137,Small Business,70,False,Affiliate,Tablet,South,Electronics,264.87,1,25,198.65,172.26,26.39,Economy,5,False,4.0,Bank Transfer,False
ORD-03528,2025-07-04,C0758,Consumer,64,False,Direct,Mobile,North,Home,96.0,2,5,182.4,110.1,72.3,Standard,3,False,5.0,Card,False
ORD-03529,2025-07-04,C1025,Consumer,42,False,Direct,Mobile,South,Home,67.31,3,30,141.35,122.69,18.66,Express,1,False,5.0,Card,False
ORD-03530,2025-07-05,C0207,Consumer,48,False,Organic Search,Mobile,South,Toys,70.41,1,10,63.37,39.73,23.64,Standard,3,False,,Card,False
ORD-03531,2025-07-05,C0743,Consumer,57,False,Email,Mobile,West,Home,49.85,2,15,84.74,58.74,26.0,Standard,7,False,3.0,Bank Transfer,False
ORD-03532,2025-07-05,C0685,Consumer,32,False,Email,Mobile,East,Toys,52.15,3,10,140.8,84.83,55.97,Express,1,False,5.0,Card,False
ORD-03533,2025-07-05,C0122,Consumer,54,False,Social,Desktop,North,Home,78.34,4,30,219.35,173.51,45.84,Standard,7,True,2.0,Card,False
ORD-03534,2025-07-05,C1096,Small Business,55,False,Social,Mobile,East,Sports,48.34,2,5,91.85,56.48,35.37,Standard,4,False,,PayPal,False
ORD-03535,2025-07-06,C1140,Consumer,45,False,Email,Desktop,East,Home,70.44,4,5,267.67,166.94,100.73,Standard,6,False,4.0,Card,False
ORD-03536,2025-07-06,C1052,Consumer,73,False,Email,Tablet,West,Home,107.01,2,0,214.02,124.5,89.52,Standard,6,True,3.0,PayPal,False
ORD-03537,2025-07-06,C0534,Consumer,68,False,Affiliate,Desktop,South,Apparel,47.62,1,0,47.62,23.77,23.85,Express,1,False,5.0,PayPal,False
ORD-03538,2025-07-06,C0106,Consumer,40,False,Social,Desktop,North,Home,63.58,2,0,127.16,76.69,50.47,Economy,6,True,2.0,Card,False
ORD-03539,2025-07-06,C1169,Consumer,38,False,Affiliate,Mobile,North,Beauty,32.43,2,0,64.86,28.54,36.32,Express,2,False,5.0,Card,False
ORD-03540,2025-07-07,C0676,Small Business,50,False,Organic Search,Mobile,South,Sports,51.28,4,0,205.12,121.36,83.76,Standard,3,False,,PayPal,False
ORD-03541,2025-07-07,C1079,Consumer,56,True,Email,Mobile,East,Sports,120.74,1,25,90.56,75.0,15.56,Standard,4,False,,Card,False
ORD-03542,2025-07-07,C0676,Small Business,50,False,Organic Search,Desktop,West,Home,90.08,6,0,540.48,314.36,226.12,Standard,6,False,,Card,False
ORD-03543,2025-07-07,C0776,Consumer,55,False,Social,Desktop,South,Beauty,50.22,1,0,50.22,22.89,27.33,Standard,5,True,3.0,PayPal,False
ORD-03544,2025-07-07,C0446,Consumer,40,False,Organic Search,Mobile,East,Apparel,48.64,1,10,43.78,25.13,18.65,Standard,4,False,,Card,False
ORD-03545,2025-07-07,C0728,Consumer,35,False,Email,Mobile,East,Electronics,184.62,1,0,184.62,121.56,63.06,Standard,4,False,,Card,False
ORD-03546,2025-07-07,C1134,Consumer,20,False,Affiliate,Mobile,North,Beauty,15.61,3,30,32.78,21.55,11.23,Standard,4,False,,Apple Pay,False
ORD-03547,2025-07-07,C0207,Consumer,48,False,Paid Search,Mobile,West,Beauty,32.54,4,30,91.11,57.52,33.59,Express,5,False,5.0,Apple Pay,False
ORD-03548,2025-07-07,C0086,Small Business,50,False,Social,Desktop,West,Apparel,64.69,4,25,194.07,133.86,60.21,Express,4,True,,Bank Transfer,True
ORD-03549,2025-07-07,C0021,Consumer,39,False,Email,Desktop,North,Toys,74.01,2,0,148.02,80.99,67.03,Standard,3,False,5.0,Card,False
ORD-03550,2025-07-07,C0298,Small Business,53,False,Paid Search,Mobile,West,Toys,27.63,6,0,165.78,89.08,76.7,Standard,6,False,5.0,Card,False
ORD-03551,2025-07-08,C0393,Consumer,42,False,Direct,Desktop,South,Toys,35.69,2,15,60.67,39.05,21.62,Standard,6,False,,PayPal,False
ORD-03552,2025-07-08,C0065,Enterprise,62,False,Social,Mobile,West,Apparel,53.42,7,0,373.94,196.84,177.1,Standard,8,False,,Card,False
ORD-03553,2025-07-08,C0889,Enterprise,64,False,Organic Search,Mobile,North,Sports,69.44,8,30,388.86,320.65,68.21,Express,1,False,5.0,Apple Pay,False
ORD-03554,2025-07-08,C0207,Consumer,48,False,Social,Desktop,North,Beauty,26.86,2,20,42.98,24.84,18.14,Standard,6,False,,Card,False
ORD-03555,2025-07-08,C0920,Consumer,48,False,Organic Search,Mobile,South,Home,135.34,1,25,101.5,75.5,26.0,Economy,8,False,4.0,Card,True
ORD-03556,2025-07-08,C0424,Consumer,68,False,Paid Search,Tablet,South,Beauty,18.29,2,0,36.58,16.25,20.33,Standard,7,False,3.0,Card,True
ORD-03557,2025-07-08,C1052,Consumer,73,False,Paid Search,Mobile,West,Sports,89.12,2,0,178.24,103.53,74.71,Economy,9,False,4.0,PayPal,False
ORD-03558,2025-07-08,C1006,Consumer,22,False,Social,Tablet,South,Toys,56.24,1,10,50.62,30.35,20.27,Express,2,True,,PayPal,False
ORD-03559,2025-07-08,C0606,Small Business,62,False,Paid Search,Tablet,East,Beauty,31.29,4,5,118.9,57.77,61.13,Economy,8,False,4.0,Card,True
ORD-03560,2025-07-08,C0626,Small Business,56,False,Affiliate,Desktop,West,Home,72.52,1,5,68.89,39.31,29.58,Express,4,False,4.0,Card,False
ORD-03561,2025-07-08,C0376,Small Business,53,False,Social,Mobile,East,Apparel,55.65,1,20,44.52,30.3,14.22,Express,1,True,4.0,Apple Pay,False
ORD-03562,2025-07-09,C1118,Consumer,66,False,Social,Mobile,West,Home,103.63,4,30,290.16,241.43,48.73,Express,6,True,4.0,Card,False
ORD-03563,2025-07-10,C0840,Consumer,43,False,Paid Search,Tablet,East,Toys,44.52,1,0,44.52,23.56,20.96,Express,2,False,4.0,Card,False
ORD-03564,2025-07-10,C0822,Consumer,25,False,Organic Search,Mobile,South,Apparel,58.97,1,0,58.97,29.79,29.18,Economy,7,False,3.0,Card,False
ORD-03565,2025-07-10,C0743,Consumer,57,False,Organic Search,Mobile,South,Home,96.91,3,10,261.66,164.82,96.84,Standard,3,False,5.0,PayPal,False
ORD-03566,2025-07-10,C0298,Small Business,53,False,Affiliate,Tablet,North,Electronics,149.23,3,25,335.77,289.25,46.52,Standard,4,False,,Card,False
ORD-03567,2025-07-11,C1134,Consumer,20,False,Email,Mobile,West,Toys,32.81,2,0,65.62,34.81,30.81,Economy,9,False,3.0,PayPal,False
ORD-03568,2025-07-11,C0728,Consumer,35,False,Social,Mobile,West,Electronics,223.97,2,0,447.94,307.85,140.09,Economy,8,False,,Apple Pay,False
ORD-03569,2025-07-11,C0954,Consumer,23,False,Paid Search,Desktop,South,Sports,66.38,1,10,59.74,41.9,17.84,Standard,6,False,3.0,PayPal,False
ORD-03570,2025-07-11,C0728,Consumer,35,False,Paid Search,Desktop,South,Home,95.78,2,25,143.67,109.64,34.03,Economy,7,False,,Card,False
ORD-03571,2025-07-11,C0516,Enterprise,32,False,Social,Mobile,West,Electronics,206.36,9,0,1857.24,1279.74,577.5,Express,6,False,3.0,Card,False
ORD-03572,2025-07-11,C0210,Consumer,19,False,Paid Search,Mobile,East,Home,87.58,1,20,70.06,50.95,19.11,Standard,4,False,4.0,Bank Transfer,False
ORD-03573,2025-07-11,C0772,Enterprise,50,False,Direct,Mobile,South,Beauty,33.37,6,10,180.2,88.54,91.66,Economy,7,False,2.0,Apple Pay,False
ORD-03574,2025-07-11,C0491,Consumer,27,True,Social,Desktop,West,Toys,50.86,2,0,101.72,56.72,45.0,Standard,7,False,,PayPal,False
ORD-03575,2025-07-11,C1141,Small Business,52,False,Email,Desktop,East,Apparel,62.39,3,5,177.81,93.81,84.0,Economy,6,False,3.0,Card,False
ORD-03576,2025-07-12,C0300,Consumer,40,False,Email,Tablet,East,Sports,44.53,4,15,151.4,108.62,42.78,Standard,3,False,5.0,Card,True
ORD-03577,2025-07-12,C0855,Consumer,35,True,Organic Search,Mobile,North,Home,82.77,1,20,66.22,47.36,18.86,Economy,6,False,,PayPal,False
ORD-03578,2025-07-12,C0838,Consumer,29,False,Organic Search,Mobile,South,Sports,69.8,2,0,139.6,86.48,53.12,Express,1,False,,Card,False
ORD-03579,2025-07-12,C1176,Consumer,22,False,Paid Search,Mobile,North,Electronics,229.17,2,15,389.59,315.07,74.52,Standard,5,False,4.0,PayPal,False
ORD-03580,2025-07-12,C0393,Consumer,42,False,Email,Mobile,West,Beauty,29.1,1,20,23.28,12.49,10.79,Economy,10,False,2.0,PayPal,False
ORD-03581,2025-07-12,C0881,Consumer,33,False,Email,Mobile,South,Apparel,26.06,1,5,24.76,13.59,11.17,Standard,3,False,4.0,Card,False
ORD-03582,2025-07-13,C0421,Consumer,73,False,Paid Search,Desktop,North,Sports,61.94,1,15,52.65,34.46,18.19,Express,3,False,5.0,PayPal,True
ORD-03583,2025-07-13,C0292,Consumer,46,False,Organic Search,Mobile,East,Electronics,262.47,1,30,183.73,170.29,13.44,Standard,4,False,,Bank Transfer,False
ORD-03584,2025-07-13,C0063,Small Business,53,False,Affiliate,Mobile,North,Sports,67.14,2,0,134.28,78.54,55.74,Standard,3,False,4.0,Card,False
ORD-03585,2025-07-13,C1052,Consumer,73,False,Direct,Mobile,South,Electronics,214.08,1,15,181.97,144.41,37.56,Standard,4,False,4.0,Card,False
ORD-03586,2025-07-13,C0575,Small Business,60,False,Direct,Mobile,North,Toys,41.63,1,20,33.3,23.32,9.98,Standard,4,False,,Apple Pay,False
ORD-03587,2025-07-13,C0588,Consumer,62,False,Social,Mobile,West,Toys,41.85,2,20,66.96,47.66,19.3,Standard,9,False,3.0,Card,False
ORD-03588,2025-07-13,C0529,Consumer,42,False,Affiliate,Mobile,East,Home,84.26,3,25,189.59,142.28,47.31,Standard,5,False,,Card,False
ORD-03589,2025-07-13,C1169,Consumer,38,False,Social,Desktop,South,Apparel,59.27,1,30,41.49,31.35,10.14,Economy,6,False,,PayPal,False
ORD-03590,2025-07-13,C0728,Consumer,35,False,Paid Search,Mobile,West,Sports,52.32,3,15,133.42,92.56,40.86,Standard,8,False,2.0,PayPal,False
ORD-03591,2025-07-14,C0400,Consumer,24,False,Social,Mobile,North,Home,43.06,2,15,73.2,50.6,22.6,Standard,4,False,4.0,Card,False
ORD-03592,2025-07-14,C1054,Consumer,36,False,Organic Search,Desktop,East,Electronics,193.26,2,15,328.54,237.7,90.84,Economy,5,False,,Card,False
ORD-03593,2025-07-14,C0465,Consumer,29,False,Email,Mobile,North,Home,97.71,1,0,97.71,55.43,42.28,Standard,3,False,,Bank Transfer,False
ORD-03594,2025-07-14,C0776,Consumer,55,False,Direct,Mobile,South,Home,58.55,1,25,43.91,32.99,10.92,Standard,3,False,5.0,Apple Pay,False
ORD-03595,2025-07-14,C0046,Small Business,42,True,Direct,Tablet,South,Toys,38.54,2,30,53.96,43.24,10.72,Standard,3,False,,PayPal,True
ORD-03596,2025-07-15,C0112,Consumer,60,False,Direct,Desktop,East,Home,62.89,2,30,88.05,68.15,19.9,Express,2,False,5.0,Bank Transfer,False
ORD-03597,2025-07-15,C0901,Small Business,35,True,Paid Search,Mobile,East,Apparel,36.02,3,15,91.85,56.02,35.83,Standard,3,False,,Card,False
ORD-03598,2025-07-15,C0868,Small Business,72,False,Organic Search,Mobile,North,Toys,45.0,3,0,135.0,73.52,61.48,Economy,5,False,4.0,Card,False
ORD-03599,2025-07-15,C1052,Consumer,73,False,Organic Search,Mobile,North,Home,62.89,3,5,179.24,106.72,72.52,Standard,4,False,5.0,Bank Transfer,False
ORD-03600,2025-07-15,C0670,Consumer,29,False,Email,Desktop,South,Home,63.16,3,15,161.06,112.87,48.19,Standard,3,False,,Apple Pay,False
ORD-03601,2025-07-15,C0604,Consumer,25,False,Paid Search,Desktop,North,Sports,77.28,2,30,108.19,91.64,16.55,Express,2,False,,Apple Pay,True
ORD-03602,2025-07-16,C0558,Small Business,22,False,Email,Mobile,East,Electronics,171.95,3,5,490.06,363.35,126.71,Standard,5,False,,Card,False
ORD-03603,2025-07-16,C1189,Consumer,61,False,Paid Search,Mobile,West,Home,49.47,3,25,111.31,84.94,26.37,Standard,6,False,,Card,False
ORD-03604,2025-07-16,C0778,Enterprise,34,False,Organic Search,Mobile,West,Toys,30.91,9,0,278.19,153.6,124.59,Economy,8,False,4.0,Card,False
ORD-03605,2025-07-16,C0558,Small Business,22,False,Paid Search,Desktop,South,Toys,61.85,5,0,309.25,163.02,146.23,Express,1,False,,Card,False
ORD-03606,2025-07-17,C0292,Consumer,46,False,Direct,Mobile,West,Home,134.68,3,5,383.84,230.94,152.9,Standard,6,False,4.0,Card,False
ORD-03607,2025-07-17,C1156,Consumer,49,False,Direct,Mobile,East,Home,73.75,2,5,140.12,85.07,55.05,Economy,6,False,,Card,False
ORD-03608,2025-07-17,C0567,Consumer,64,False,Email,Mobile,South,Home,130.47,2,0,260.94,154.84,106.1,Standard,3,False,5.0,Apple Pay,False
ORD-03609,2025-07-17,C0950,Consumer,71,False,Email,Desktop,East,Toys,39.52,3,10,106.7,65.09,41.61,Standard,4,False,4.0,Card,False
ORD-03610,2025-07-18,C0529,Consumer,42,False,Paid Search,Desktop,East,Electronics,174.72,2,0,349.44,232.16,117.28,Standard,4,False,4.0,Card,False
ORD-03611,2025-07-19,C0497,Consumer,37,False,Organic Search,Desktop,South,Electronics,309.55,3,15,789.35,618.78,170.57,Express,2,False,,PayPal,False
ORD-03612,2025-07-19,C0671,Consumer,70,False,Direct,Tablet,East,Apparel,66.94,1,30,46.86,35.8,11.06,Standard,4,False,4.0,Card,False
ORD-03613,2025-07-19,C1022,Consumer,51,False,Affiliate,Desktop,North,Apparel,42.83,2,25,64.24,41.68,22.56,Standard,5,False,4.0,Bank Transfer,False
ORD-03614,2025-07-19,C0817,Small Business,46,False,Organic Search,Mobile,South,Home,119.43,3,0,358.29,210.84,147.45,Express,2,False,4.0,Bank Transfer,False
ORD-03615,2025-07-19,C0840,Consumer,43,False,Email,Mobile,West,Beauty,31.39,2,20,50.22,30.37,19.85,Standard,6,False,4.0,Card,False
ORD-03616,2025-07-19,C1134,Consumer,20,False,Organic Search,Desktop,West,Apparel,47.47,3,20,113.93,76.33,37.6,Economy,9,False,3.0,Apple Pay,True
ORD-03617,2025-07-19,C0884,Consumer,63,True,Organic Search,Mobile,East,Home,63.59,3,25,143.08,111.05,32.03,Express,2,False,,Apple Pay,False
ORD-03618,2025-07-20,C1115,Consumer,44,True,Email,Desktop,North,Toys,30.84,1,0,30.84,17.34,13.5,Standard,4,False,3.0,Card,True
ORD-03619,2025-07-20,C1048,Consumer,73,False,Social,Desktop,South,Home,90.09,2,0,180.18,100.93,79.25,Standard,3,False,5.0,Card,False
ORD-03620,2025-07-20,C0210,Consumer,19,False,Paid Search,Desktop,East,Sports,87.4,1,5,83.03,53.87,29.16,Standard,5,False,3.0,Apple Pay,False
ORD-03621,2025-07-20,C1011,Consumer,56,False,Affiliate,Mobile,East,Home,80.53,1,0,80.53,46.52,34.01,Standard,4,False,5.0,Card,False
ORD-03622,2025-07-20,C0744,Consumer,28,False,Email,Mobile,East,Apparel,70.55,2,0,141.1,76.09,65.01,Economy,6,False,,Card,True
ORD-03623,2025-07-20,C0188,Small Business,33,False,Email,Mobile,West,Apparel,55.59,6,5,316.86,182.1,134.76,Standard,6,False,3.0,PayPal,False
ORD-03624,2025-07-21,C0385,Consumer,24,False,Paid Search,Tablet,North,Sports,90.56,3,15,230.93,158.26,72.67,Standard,3,False,4.0,Bank Transfer,False
ORD-03625,2025-07-21,C0440,Consumer,69,False,Affiliate,Desktop,South,Apparel,26.84,2,5,51.0,27.21,23.79,Standard,3,False,,Card,False
ORD-03626,2025-07-21,C0213,Consumer,19,False,Affiliate,Mobile,East,Sports,64.89,3,10,175.2,115.88,59.32,Standard,6,True,,Apple Pay,True
ORD-03627,2025-07-21,C0572,Small Business,58,False,Direct,Desktop,North,Apparel,36.1,2,20,57.76,38.46,19.3,Standard,4,True,4.0,PayPal,True
ORD-03628,2025-07-22,C0237,Small Business,74,False,Organic Search,Mobile,East,Sports,43.43,4,5,165.03,101.47,63.56,Express,3,False,4.0,Card,False
ORD-03629,2025-07-22,C0670,Consumer,29,False,Affiliate,Mobile,West,Home,74.68,1,0,74.68,40.09,34.59,Express,4,True,4.0,Card,False
ORD-03630,2025-07-23,C0096,Consumer,52,False,Paid Search,Mobile,West,Home,100.37,1,10,90.33,57.72,32.61,Express,5,False,,Bank Transfer,True
ORD-03631,2025-07-23,C0740,Small Business,52,True,Paid Search,Mobile,South,Sports,97.95,1,0,97.95,58.86,39.09,Standard,5,False,5.0,Card,False
ORD-03632,2025-07-23,C0468,Consumer,34,False,Organic Search,Desktop,North,Sports,97.72,1,20,78.18,57.85,20.33,Standard,4,False,,Card,False
ORD-03633,2025-07-23,C0646,Consumer,19,False,Social,Desktop,West,Electronics,163.51,1,10,147.16,109.79,37.37,Express,4,False,,Card,False
ORD-03634,2025-07-23,C0822,Consumer,25,False,Affiliate,Desktop,North,Home,139.46,3,30,292.87,245.11,47.76,Standard,5,False,5.0,Card,False
ORD-03635,2025-07-23,C1052,Consumer,73,False,Direct,Mobile,South,Home,57.66,1,20,46.13,32.87,13.26,Standard,6,False,,Apple Pay,False
ORD-03636,2025-07-24,C0312,Consumer,72,False,Organic Search,Mobile,West,Toys,29.6,3,10,79.92,47.71,32.21,Economy,10,False,,Card,False
ORD-03637,2025-07-24,C0685,Consumer,32,False,Affiliate,Desktop,East,Apparel,30.88,1,30,21.62,15.78,5.84,Economy,5,False,,Card,False
ORD-03638,2025-07-24,C0728,Consumer,35,False,Organic Search,Desktop,West,Toys,32.48,2,0,64.96,34.59,30.37,Express,6,False,,PayPal,True
ORD-03639,2025-07-24,C0400,Consumer,24,False,Organic Search,Mobile,South,Sports,54.32,3,0,162.96,96.92,66.04,Standard,4,False,4.0,Bank Transfer,False
ORD-03640,2025-07-25,C1102,Consumer,60,False,Email,Mobile,East,Toys,44.42,1,5,42.2,24.16,18.04,Express,2,False,5.0,Bank Transfer,False
ORD-03641,2025-07-25,C0256,Consumer,41,True,Organic Search,Mobile,West,Apparel,48.17,2,15,81.89,49.59,32.3,Express,7,False,3.0,Card,False
ORD-03642,2025-07-25,C0563,Consumer,73,False,Email,Desktop,East,Home,62.37,1,0,62.37,36.6,25.77,Express,2,False,4.0,Card,False
ORD-03643,2025-07-26,C1052,Consumer,73,False,Social,Tablet,South,Toys,38.53,1,15,32.75,21.62,11.13,Express,1,False,5.0,Card,True
ORD-03644,2025-07-26,C1010,Consumer,39,False,Social,Desktop,South,Beauty,44.1,4,20,141.12,77.33,63.79,Standard,5,False,,Card,False
ORD-03645,2025-07-26,C0558,Small Business,22,False,Affiliate,Desktop,North,Beauty,19.26,4,0,77.04,36.19,40.85,Standard,4,False,,Apple Pay,False
ORD-03646,2025-07-27,C0207,Consumer,48,False,Direct,Mobile,East,Sports,61.73,1,5,58.64,37.64,21.0,Express,1,False,5.0,PayPal,False
ORD-03647,2025-07-27,C1052,Consumer,73,False,Social,Mobile,South,Home,71.74,1,15,60.98,41.1,19.88,Economy,7,False,,Card,False
ORD-03648,2025-07-27,C0050,Consumer,65,True,Email,Desktop,North,Sports,48.84,2,25,73.26,62.99,10.27,Standard,5,False,3.0,Card,False
ORD-03649,2025-07-27,C0789,Small Business,64,False,Social,Desktop,North,Toys,32.46,2,5,61.67,34.75,26.92,Standard,3,True,,Bank Transfer,False
ORD-03650,2025-07-27,C0167,Small Business,63,False,Paid Search,Desktop,West,Sports,55.79,5,15,237.11,177.63,59.48,Standard,6,True,3.0,Bank Transfer,False
ORD-03651,2025-07-27,C0128,Enterprise,18,False,Social,Desktop,East,Beauty,43.6,3,20,104.64,59.79,44.85,Standard,6,False,,Apple Pay,False
ORD-03652,2025-07-27,C1052,Consumer,73,False,Paid Search,Desktop,East,Apparel,46.2,2,0,92.4,47.56,44.84,Standard,3,False,4.0,Card,False
ORD-03653,2025-07-28,C0676,Small Business,50,False,Paid Search,Tablet,East,Apparel,44.47,3,0,133.41,70.07,63.34,Standard,3,False,,Bank Transfer,False
ORD-03654,2025-07-28,C1052,Consumer,73,False,Social,Mobile,East,Beauty,54.09,2,15,91.95,47.51,44.44,Economy,6,False,3.0,Card,False
ORD-03655,2025-07-28,C0716,Consumer,24,False,Email,Mobile,West,Electronics,178.93,2,15,304.18,248.89,55.29,Standard,8,False,3.0,PayPal,False
ORD-03656,2025-07-28,C0421,Consumer,73,False,Email,Desktop,North,Apparel,51.19,3,0,153.57,76.91,76.66,Express,2,False,,PayPal,False
ORD-03657,2025-07-28,C0207,Consumer,48,False,Email,Mobile,North,Apparel,68.89,1,0,68.89,34.38,34.51,Economy,7,False,4.0,PayPal,False
ORD-03658,2025-07-29,C0399,Consumer,22,False,Organic Search,Desktop,East,Sports,59.64,2,20,95.42,74.96,20.46,Economy,6,False,4.0,Card,False
ORD-03659,2025-07-29,C0851,Consumer,18,False,Affiliate,Desktop,East,Home,99.76,1,15,84.8,56.59,28.21,Economy,6,False,,Apple Pay,False
ORD-03660,2025-07-29,C0037,Consumer,18,False,Direct,Mobile,North,Sports,50.83,1,0,50.83,31.08,19.75,Standard,4,False,4.0,PayPal,False
ORD-03661,2025-07-29,C1052,Consumer,73,False,Direct,Tablet,East,Home,116.35,1,25,87.26,69.66,17.6,Standard,4,False,5.0,PayPal,False
ORD-03662,2025-07-29,C1022,Consumer,51,False,Paid Search,Tablet,North,Apparel,48.06,2,10,86.51,49.19,37.32,Express,1,False,5.0,PayPal,False
ORD-03663,2025-07-29,C1041,Enterprise,31,False,Organic Search,Desktop,North,Sports,54.15,7,0,379.05,227.07,151.98,Standard,3,False,,Apple Pay,False
ORD-03664,2025-07-29,C1087,Consumer,51,False,Social,Desktop,South,Sports,64.45,2,30,90.23,75.53,14.7,Standard,3,False,3.0,Card,False
ORD-03665,2025-07-30,C0604,Consumer,25,False,Social,Desktop,North,Home,53.7,2,10,96.66,60.99,35.67,Express,4,True,3.0,Card,True
ORD-03666,2025-07-30,C0482,Consumer,37,False,Direct,Mobile,North,Electronics,234.13,1,10,210.72,164.59,46.13,Standard,3,False,4.0,Card,False
ORD-03667,2025-07-30,C1140,Consumer,45,False,Email,Desktop,South,Apparel,55.1,2,0,110.2,56.57,53.63,Express,4,False,4.0,Apple Pay,False
ORD-03668,2025-07-30,C1131,Small Business,33,False,Paid Search,Desktop,West,Sports,83.05,4,5,315.59,194.01,121.58,Standard,6,False,3.0,Card,False
ORD-03669,2025-07-30,C0825,Small Business,23,False,Email,Mobile,West,Apparel,75.21,3,0,225.63,110.54,115.09,Standard,8,False,,Card,True
ORD-03670,2025-07-30,C0778,Enterprise,34,False,Affiliate,Tablet,North,Toys,41.16,8,5,312.82,181.01,131.81,Standard,5,False,4.0,Card,False
ORD-03671,2025-07-30,C0188,Small Business,33,False,Social,Desktop,East,Toys,50.12,2,0,100.24,52.56,47.68,Standard,4,False,4.0,PayPal,False
ORD-03672,2025-07-31,C0207,Consumer,48,False,Email,Mobile,South,Apparel,57.49,1,10,51.74,28.48,23.26,Standard,4,False,5.0,Card,False
ORD-03673,2025-07-31,C0400,Consumer,24,False,Organic Search,Mobile,East,Home,108.9,2,30,152.46,123.97,28.49,Express,4,True,,Card,False
ORD-03674,2025-07-31,C0557,Small Business,59,True,Paid Search,Mobile,East,Electronics,257.12,1,5,244.26,172.59,71.67,Standard,3,False,5.0,Card,False
ORD-03675,2025-07-31,C0519,Consumer,72,False,Organic Search,Desktop,South,Home,70.18,1,0,70.18,37.95,32.23,Express,2,False,,Card,True
ORD-03676,2025-07-31,C0079,Consumer,31,False,Paid Search,Desktop,West,Electronics,351.93,2,10,633.47,484.71,148.76,Standard,8,False,2.0,Apple Pay,False
ORD-03677,2025-08-01,C1147,Small Business,19,False,Email,Desktop,West,Electronics,172.41,5,0,862.05,612.45,249.6,Standard,7,True,,PayPal,False
ORD-03678,2025-08-01,C0455,Consumer,43,False,Direct,Mobile,South,Electronics,180.97,1,10,162.87,123.95,38.92,Standard,5,False,,Apple Pay,False
ORD-03679,2025-08-01,C0096,Consumer,52,False,Direct,Mobile,East,Home,69.69,1,10,62.72,41.9,20.82,Standard,5,False,4.0,Card,False
ORD-03680,2025-08-01,C0671,Consumer,70,False,Paid Search,Mobile,East,Beauty,39.36,2,5,74.78,36.69,38.09,Standard,4,True,3.0,Apple Pay,False
ORD-03681,2025-08-02,C0063,Small Business,53,False,Affiliate,Desktop,East,Sports,61.87,1,10,55.68,36.63,19.05,Standard,4,False,4.0,Card,False
ORD-03682,2025-08-02,C1117,Consumer,33,True,Paid Search,Desktop,South,Sports,75.1,3,10,202.77,142.46,60.31,Express,1,False,5.0,Card,False
ORD-03683,2025-08-02,C0662,Enterprise,41,False,Email,Mobile,South,Electronics,240.17,3,30,504.36,510.88,-6.52,Standard,4,False,5.0,Card,False
ORD-03684,2025-08-02,C0743,Consumer,57,False,Email,Mobile,West,Electronics,218.89,4,0,875.56,597.77,277.79,Standard,7,True,,Card,False
ORD-03685,2025-08-02,C0117,Small Business,42,False,Social,Desktop,West,Electronics,159.84,4,10,575.42,463.1,112.32,Express,5,True,,PayPal,True
ORD-03686,2025-08-03,C0043,Consumer,69,False,Organic Search,Mobile,North,Home,112.69,2,10,202.84,128.25,74.59,Standard,6,False,2.0,Card,False
ORD-03687,2025-08-03,C0063,Small Business,53,False,Social,Desktop,South,Electronics,188.63,2,0,377.26,244.38,132.88,Standard,4,False,5.0,Card,True
ORD-03688,2025-08-03,C0202,Small Business,18,False,Social,Mobile,West,Home,79.18,1,0,79.18,45.08,34.1,Express,6,False,4.0,PayPal,False
ORD-03689,2025-08-03,C0063,Small Business,53,False,Affiliate,Mobile,South,Toys,43.73,3,0,131.19,70.55,60.64,Standard,5,False,4.0,Card,False
ORD-03690,2025-08-03,C0954,Consumer,23,False,Paid Search,Desktop,South,Electronics,237.32,2,20,379.71,317.08,62.63,Standard,3,False,,PayPal,False
ORD-03691,2025-08-03,C1140,Consumer,45,False,Affiliate,Desktop,East,Sports,67.32,1,0,67.32,40.75,26.57,Express,2,False,4.0,Card,False
ORD-03692,2025-08-03,C0144,Enterprise,32,False,Paid Search,Tablet,North,Beauty,30.25,3,20,72.6,40.07,32.53,Express,1,False,5.0,Card,True
ORD-03693,2025-08-04,C1048,Consumer,73,False,Social,Desktop,South,Home,65.37,2,10,117.67,76.32,41.35,Standard,5,True,4.0,Card,True
ORD-03694,2025-08-04,C0207,Consumer,48,False,Affiliate,Desktop,West,Toys,47.02,1,20,37.62,26.26,11.36,Standard,7,False,4.0,Bank Transfer,False
ORD-03695,2025-08-04,C0892,Consumer,20,False,Direct,Desktop,North,Home,65.12,1,0,65.12,36.67,28.45,Standard,4,False,5.0,Card,False
ORD-03696,2025-08-04,C0207,Consumer,48,False,Organic Search,Mobile,East,Home,85.4,3,15,217.77,143.1,74.67,Economy,5,False,,Bank Transfer,False
ORD-03697,2025-08-04,C1022,Consumer,51,False,Paid Search,Desktop,North,Home,60.57,3,15,154.45,106.6,47.85,Standard,3,False,,Card,False
ORD-03698,2025-08-05,C0743,Consumer,57,False,Paid Search,Desktop,North,Apparel,42.04,1,5,39.94,21.43,18.51,Economy,6,False,,Card,False
ORD-03699,2025-08-05,C1052,Consumer,73,False,Paid Search,Desktop,North,Apparel,38.91,2,15,66.15,40.41,25.74,Economy,6,False,5.0,Card,False
ORD-03700,2025-08-05,C1183,Consumer,48,False,Organic Search,Mobile,South,Beauty,18.94,1,0,18.94,8.3,10.64,Express,2,False,,Card,False
ORD-03701,2025-08-05,C0728,Consumer,35,False,Organic Search,Desktop,North,Electronics,125.29,1,5,119.03,85.03,34.0,Standard,4,False,4.0,Apple Pay,False
ORD-03702,2025-08-05,C0378,Consumer,20,False,Email,Tablet,East,Electronics,180.53,1,25,135.4,124.36,11.04,Economy,6,False,,Apple Pay,False
ORD-03703,2025-08-05,C1062,Enterprise,53,False,Organic Search,Desktop,East,Beauty,24.63,5,30,86.2,55.86,30.34,Standard,5,False,4.0,Apple Pay,False
ORD-03704,2025-08-05,C0910,Consumer,18,False,Paid Search,Desktop,West,Apparel,43.98,1,10,39.58,23.56,16.02,Economy,10,False,3.0,Apple Pay,False
ORD-03705,2025-08-05,C0230,Consumer,66,False,Paid Search,Desktop,East,Apparel,54.8,1,0,54.8,28.95,25.85,Economy,5,False,5.0,Card,False
ORD-03706,2025-08-05,C0548,Consumer,61,False,Email,Mobile,West,Apparel,33.99,2,5,64.58,35.8,28.78,Economy,8,False,,Card,False
ORD-03707,2025-08-06,C0406,Small Business,55,False,Direct,Desktop,West,Beauty,23.75,2,25,35.62,22.4,13.22,Standard,7,False,,Card,False
ORD-03708,2025-08-06,C1052,Consumer,73,False,Affiliate,Desktop,North,Beauty,37.73,2,15,64.14,36.02,28.12,Standard,3,False,5.0,Bank Transfer,False
ORD-03709,2025-08-06,C1169,Consumer,38,False,Paid Search,Desktop,West,Toys,53.64,1,30,37.55,30.48,7.07,Economy,9,False,4.0,PayPal,False
ORD-03710,2025-08-06,C0424,Consumer,68,False,Organic Search,Mobile,West,Apparel,54.94,1,0,54.94,29.13,25.81,Economy,9,False,,Card,False
ORD-03711,2025-08-06,C0918,Consumer,48,False,Email,Mobile,East,Apparel,34.51,2,0,69.02,37.19,31.83,Economy,6,False,4.0,Card,False
ORD-03712,2025-08-07,C0195,Small Business,18,False,Organic Search,Desktop,North,Home,106.49,1,0,106.49,65.14,41.35,Economy,5,False,5.0,Apple Pay,False
ORD-03713,2025-08-07,C0957,Consumer,21,False,Affiliate,Desktop,North,Beauty,34.36,2,10,61.85,30.3,31.55,Standard,3,False,4.0,Apple Pay,False
ORD-03714,2025-08-07,C0899,Consumer,66,False,Paid Search,Desktop,North,Sports,97.13,3,15,247.68,169.41,78.27,Standard,6,False,5.0,Card,False
ORD-03715,2025-08-07,C0257,Consumer,64,False,Social,Mobile,East,Sports,41.99,1,5,39.89,24.65,15.24,Economy,5,False,,Card,False
ORD-03716,2025-08-07,C0301,Consumer,20,False,Email,Mobile,East,Apparel,34.78,1,20,27.82,18.6,9.22,Standard,6,False,4.0,PayPal,False
ORD-03717,2025-08-08,C0996,Small Business,28,False,Paid Search,Mobile,North,Apparel,43.59,3,10,117.69,68.57,49.12,Express,2,False,5.0,Card,True
ORD-03718,2025-08-08,C1052,Consumer,73,False,Social,Mobile,South,Home,77.56,1,10,69.8,45.07,24.73,Standard,5,False,5.0,Card,False
ORD-03719,2025-08-08,C1009,Consumer,60,False,Direct,Mobile,West,Home,88.47,2,0,176.94,104.67,72.27,Economy,9,False,3.0,PayPal,True
ORD-03720,2025-08-08,C0728,Consumer,35,False,Social,Mobile,North,Electronics,206.88,1,20,165.5,137.81,27.69,Express,3,True,4.0,PayPal,False
ORD-03721,2025-08-08,C0298,Small Business,53,False,Direct,Mobile,North,Home,70.8,3,0,212.4,124.02,88.38,Economy,7,False,3.0,Card,False
ORD-03722,2025-08-08,C0263,Small Business,25,False,Organic Search,Tablet,East,Sports,72.48,5,15,308.04,210.85,97.19,Standard,3,False,5.0,PayPal,False
ORD-03723,2025-08-09,C0400,Consumer,24,False,Direct,Desktop,East,Home,103.4,1,5,98.23,59.81,38.42,Economy,7,False,,Card,False
ORD-03724,2025-08-09,C0728,Consumer,35,False,Paid Search,Desktop,East,Beauty,42.02,4,15,142.87,75.29,67.58,Economy,6,False,4.0,Bank Transfer,True
ORD-03725,2025-08-09,C0994,Small Business,47,False,Organic Search,Mobile,South,Beauty,21.64,3,5,61.67,30.17,31.5,Standard,3,False,5.0,PayPal,False
ORD-03726,2025-08-09,C0535,Small Business,44,False,Paid Search,Mobile,East,Home,88.24,2,10,158.83,103.89,54.94,Standard,4,False,4.0,Card,False
ORD-03727,2025-08-09,C0953,Consumer,55,False,Email,Mobile,South,Apparel,59.68,1,20,47.74,32.31,15.43,Express,2,False,,Card,False
ORD-03728,2025-08-09,C0174,Consumer,46,False,Affiliate,Mobile,South,Apparel,59.09,2,10,106.36,61.64,44.72,Standard,4,False,,Card,False
ORD-03729,2025-08-10,C0568,Small Business,53,False,Affiliate,Mobile,North,Home,63.41,3,5,180.72,114.05,66.67,Express,1,False,5.0,Card,True
ORD-03730,2025-08-10,C1048,Consumer,73,False,Organic Search,Desktop,East,Toys,45.06,1,30,31.54,25.32,6.22,Express,3,False,4.0,Card,False
ORD-03731,2025-08-10,C1121,Small Business,36,False,Organic Search,Mobile,South,Home,56.19,2,0,112.38,64.54,47.84,Standard,5,False,,Card,False
ORD-03732,2025-08-10,C1043,Consumer,68,True,Social,Desktop,North,Apparel,47.97,1,10,43.17,24.42,18.75,Standard,3,False,5.0,PayPal,False
ORD-03733,2025-08-10,C1052,Consumer,73,False,Social,Mobile,North,Sports,105.91,2,5,201.23,131.63,69.6,Economy,5,False,4.0,Card,True
ORD-03734,2025-08-11,C1052,Consumer,73,False,Paid Search,Mobile,West,Beauty,33.56,2,20,53.7,30.39,23.31,Standard,7,False,3.0,PayPal,True
ORD-03735,2025-08-11,C0445,Consumer,65,False,Social,Desktop,East,Beauty,28.83,1,0,28.83,12.68,16.15,Economy,6,False,3.0,PayPal,False
ORD-03736,2025-08-11,C0106,Consumer,40,False,Paid Search,Mobile,North,Toys,30.02,1,0,30.02,16.74,13.28,Standard,6,False,,PayPal,False
ORD-03737,2025-08-11,C0744,Consumer,28,False,Direct,Desktop,South,Beauty,27.12,1,0,27.12,11.94,15.18,Standard,5,False,5.0,PayPal,False
ORD-03738,2025-08-12,C0921,Consumer,53,False,Affiliate,Mobile,West,Sports,88.93,1,0,88.93,49.61,39.32,Standard,7,False,3.0,Apple Pay,False
ORD-03739,2025-08-12,C0763,Small Business,26,False,Organic Search,Desktop,East,Toys,30.24,3,0,90.72,48.39,42.33,Express,1,False,5.0,Card,False
ORD-03740,2025-08-12,C0929,Consumer,38,False,Organic Search,Tablet,East,Home,67.09,2,0,134.18,78.39,55.79,Express,3,False,,PayPal,False
ORD-03741,2025-08-12,C0215,Consumer,73,False,Email,Desktop,West,Sports,77.93,2,20,124.69,96.61,28.08,Standard,8,False,5.0,Card,False
ORD-03742,2025-08-12,C0480,Consumer,68,False,Affiliate,Mobile,North,Beauty,29.95,1,30,20.96,12.76,8.2,Standard,5,False,4.0,Apple Pay,False
ORD-03743,2025-08-12,C1156,Consumer,49,False,Direct,Mobile,West,Apparel,50.22,1,10,45.2,26.85,18.35,Standard,8,False,3.0,Card,False
ORD-03744,2025-08-12,C0094,Consumer,74,False,Organic Search,Mobile,South,Sports,80.37,3,10,217.0,139.88,77.12,Standard,3,False,5.0,PayPal,True
ORD-03745,2025-08-13,C1052,Consumer,73,False,Affiliate,Desktop,North,Apparel,58.13,3,15,148.23,89.58,58.65,Standard,3,False,4.0,Card,False
ORD-03746,2025-08-13,C0442,Small Business,69,False,Email,Mobile,West,Apparel,56.77,2,10,102.19,57.21,44.98,Economy,8,False,4.0,Card,False
ORD-03747,2025-08-13,C0207,Consumer,48,False,Organic Search,Mobile,East,Apparel,42.42,1,10,38.18,21.52,16.66,Standard,4,False,,PayPal,False
ORD-03748,2025-08-13,C0662,Enterprise,41,False,Organic Search,Desktop,West,Apparel,72.8,4,10,262.08,151.94,110.14,Express,5,False,3.0,Card,False
ORD-03749,2025-08-13,C0202,Small Business,18,False,Affiliate,Desktop,North,Beauty,22.93,2,5,43.57,21.17,22.4,Express,2,False,,Apple Pay,False
ORD-03750,2025-08-14,C0298,Small Business,53,False,Social,Mobile,East,Sports,101.95,3,25,229.39,182.29,47.1,Standard,5,False,3.0,Apple Pay,True
ORD-03751,2025-08-14,C1052,Consumer,73,False,Direct,Mobile,South,Electronics,238.14,1,15,202.42,157.75,44.67,Economy,7,False,4.0,Card,True
ORD-03752,2025-08-14,C0246,Small Business,35,False,Direct,Desktop,North,Apparel,63.61,2,5,120.86,66.19,54.67,Express,2,False,,Card,False
ORD-03753,2025-08-14,C0529,Consumer,42,False,Social,Mobile,East,Toys,29.94,1,0,29.94,15.52,14.42,Standard,4,True,3.0,Card,False
ORD-03754,2025-08-14,C0606,Small Business,62,False,Direct,Desktop,East,Electronics,240.74,4,15,818.52,656.67,161.85,Express,2,False,,Card,False
ORD-03755,2025-08-14,C0298,Small Business,53,False,Direct,Desktop,North,Home,62.11,3,0,186.33,106.23,80.1,Standard,3,False,5.0,Card,False
ORD-03756,2025-08-14,C0785,Consumer,54,False,Direct,Tablet,West,Toys,44.83,1,25,33.62,26.21,7.41,Economy,9,False,,Card,False
ORD-03757,2025-08-14,C0424,Consumer,68,False,Email,Mobile,South,Home,71.95,1,0,71.95,42.65,29.3,Express,3,False,5.0,Card,False
ORD-03758,2025-08-15,C0534,Consumer,68,False,Direct,Mobile,East,Home,52.79,2,10,95.02,60.28,34.74,Express,2,False,,PayPal,False
ORD-03759,2025-08-15,C0671,Consumer,70,False,Organic Search,Mobile,East,Toys,38.37,2,15,65.23,42.03,23.2,Standard,3,False,5.0,Card,False
ORD-03760,2025-08-15,C0400,Consumer,24,False,Email,Mobile,East,Electronics,210.9,2,0,421.8,287.66,134.14,Standard,6,False,3.0,Card,False
ORD-03761,2025-08-15,C0118,Consumer,19,False,Paid Search,Desktop,South,Beauty,21.94,1,0,21.94,9.5,12.44,Standard,4,False,,Card,False
ORD-03762,2025-08-15,C0885,Consumer,48,False,Paid Search,Mobile,East,Electronics,190.83,3,10,515.24,409.28,105.96,Standard,3,False,,Card,False
ORD-03763,2025-08-15,C0207,Consumer,48,False,Affiliate,Desktop,East,Beauty,24.68,2,10,44.42,22.7,21.72,Standard,3,False,,Card,False
ORD-03764,2025-08-15,C0226,Consumer,36,False,Paid Search,Mobile,North,Beauty,29.62,2,0,59.24,28.45,30.79,Standard,5,False,,Apple Pay,False
ORD-03765,2025-08-15,C1052,Consumer,73,False,Affiliate,Desktop,West,Home,70.82,2,0,141.64,82.81,58.83,Economy,9,False,3.0,Card,False
ORD-03766,2025-08-16,C0063,Small Business,53,False,Organic Search,Desktop,West,Electronics,191.85,4,15,652.29,539.01,113.28,Express,6,False,3.0,PayPal,False
ORD-03767,2025-08-16,C0805,Consumer,46,True,Social,Desktop,South,Sports,74.02,2,10,133.24,88.47,44.77,Standard,5,False,3.0,Card,False
ORD-03768,2025-08-16,C0685,Consumer,32,False,Organic Search,Desktop,West,Home,62.47,2,5,118.69,75.26,43.43,Standard,7,False,3.0,Card,False
ORD-03769,2025-08-16,C1052,Consumer,73,False,Direct,Mobile,East,Home,78.98,1,30,55.29,44.74,10.55,Standard,4,True,4.0,Bank Transfer,True
ORD-03770,2025-08-16,C0021,Consumer,39,False,Email,Desktop,North,Beauty,34.63,1,0,34.63,15.11,19.52,Standard,4,False,3.0,PayPal,False
ORD-03771,2025-08-16,C0604,Consumer,25,False,Direct,Tablet,East,Apparel,43.6,2,0,87.2,44.61,42.59,Standard,4,False,5.0,Apple Pay,False
ORD-03772,2025-08-16,C0207,Consumer,48,False,Paid Search,Desktop,West,Beauty,20.77,1,25,15.58,9.11,6.47,Standard,6,False,4.0,Card,False
ORD-03773,2025-08-16,C0581,Consumer,57,False,Social,Desktop,North,Sports,68.91,1,0,68.91,42.4,26.51,Economy,6,False,4.0,Apple Pay,False
ORD-03774,2025-08-16,C0950,Consumer,71,False,Email,Mobile,South,Apparel,68.38,1,0,68.38,35.99,32.39,Standard,4,False,4.0,Card,False
ORD-03775,2025-08-16,C0630,Consumer,34,False,Direct,Desktop,West,Home,73.35,1,25,55.01,41.36,13.65,Economy,9,False,4.0,Card,True
ORD-03776,2025-08-16,C0207,Consumer,48,False,Social,Mobile,West,Beauty,35.78,2,25,53.67,32.4,21.27,Standard,6,False,,Apple Pay,False
ORD-03777,2025-08-17,C1147,Small Business,19,False,Organic Search,Desktop,North,Electronics,217.01,1,25,162.76,146.37,16.39,Standard,4,True,4.0,Card,False
ORD-03778,2025-08-17,C0237,Small Business,74,False,Organic Search,Mobile,South,Apparel,53.39,2,0,106.78,55.16,51.62,Express,3,False,,PayPal,True
ORD-03779,2025-08-17,C1052,Consumer,73,False,Social,Tablet,North,Toys,71.26,2,15,121.14,81.55,39.59,Standard,3,False,,PayPal,False
ORD-03780,2025-08-17,C0671,Consumer,70,False,Paid Search,Mobile,South,Electronics,209.98,1,0,209.98,146.38,63.6,Standard,3,False,5.0,Card,False
ORD-03781,2025-08-17,C0892,Consumer,20,False,Social,Desktop,East,Home,67.63,2,30,94.68,77.22,17.46,Express,1,False,,Card,False
ORD-03782,2025-08-17,C0575,Small Business,60,False,Organic Search,Mobile,West,Beauty,28.88,4,25,86.64,50.76,35.88,Standard,6,False,4.0,Bank Transfer,False
ORD-03783,2025-08-17,C0902,Consumer,41,False,Paid Search,Desktop,West,Apparel,57.11,2,10,102.8,60.52,42.28,Standard,8,False,,PayPal,False
ORD-03784,2025-08-17,C1062,Enterprise,53,False,Paid Search,Mobile,East,Home,166.8,8,20,1067.52,789.64,277.88,Standard,4,False,,Card,False
ORD-03785,2025-08-17,C0400,Consumer,24,False,Organic Search,Mobile,South,Apparel,59.25,2,10,106.65,61.92,44.73,Standard,5,False,5.0,Card,False
ORD-03786,2025-08-18,C0096,Consumer,52,False,Social,Desktop,North,Apparel,65.72,1,0,65.72,35.56,30.16,Standard,3,False,4.0,Apple Pay,False
ORD-03787,2025-08-18,C0992,Consumer,64,False,Organic Search,Mobile,South,Toys,23.36,3,10,63.07,37.68,25.39,Standard,3,False,,Bank Transfer,False
ORD-03788,2025-08-18,C0564,Consumer,26,True,Paid Search,Mobile,East,Apparel,57.63,1,15,48.99,29.74,19.25,Economy,6,False,4.0,Apple Pay,False
ORD-03789,2025-08-18,C0424,Consumer,68,False,Affiliate,Desktop,East,Beauty,32.51,2,0,65.02,28.84,36.18,Economy,7,False,4.0,Card,False
ORD-03790,2025-08-18,C1134,Consumer,20,False,Email,Desktop,East,Electronics,275.0,2,5,522.5,389.95,132.55,Standard,5,False,4.0,Card,True
ORD-03791,2025-08-18,C0851,Consumer,18,False,Paid Search,Mobile,East,Apparel,32.83,4,20,105.06,66.29,38.77,Express,1,False,5.0,Card,False
ORD-03792,2025-08-18,C0445,Consumer,65,False,Email,Mobile,West,Apparel,23.81,1,15,20.24,12.68,7.56,Standard,6,False,5.0,Card,True
ORD-03793,2025-08-18,C1164,Small Business,41,False,Affiliate,Mobile,East,Electronics,222.65,1,30,155.85,142.77,13.08,Economy,6,False,,Card,False
ORD-03794,2025-08-19,C0108,Consumer,31,False,Organic Search,Mobile,East,Toys,36.29,1,25,27.22,19.9,7.32,Economy,6,False,,Card,False
ORD-03795,2025-08-19,C0334,Enterprise,60,False,Organic Search,Mobile,South,Beauty,20.37,5,25,76.39,47.0,29.39,Standard,3,False,5.0,Card,False
ORD-03796,2025-08-19,C1134,Consumer,20,False,Paid Search,Desktop,East,Apparel,66.47,3,30,139.59,100.63,38.96,Standard,4,False,,Card,False
ORD-03797,2025-08-19,C0864,Consumer,53,True,Email,Mobile,East,Toys,48.94,1,15,41.6,27.24,14.36,Standard,3,False,,Card,True
ORD-03798,2025-08-19,C0728,Consumer,35,False,Direct,Desktop,North,Apparel,40.23,1,25,30.17,21.52,8.65,Standard,5,False,4.0,Bank Transfer,False
ORD-03799,2025-08-19,C0676,Small Business,50,False,Paid Search,Mobile,East,Electronics,196.63,4,10,707.87,557.89,149.98,Standard,5,False,5.0,Card,False
ORD-03800,2025-08-19,C0334,Enterprise,60,False,Organic Search,Mobile,East,Beauty,41.43,7,10,261.01,128.03,132.98,Standard,3,False,4.0,Card,False
ORD-03801,2025-08-20,C0400,Consumer,24,False,Paid Search,Mobile,North,Beauty,27.67,2,5,52.57,25.55,27.02,Standard,3,False,5.0,Card,False
ORD-03802,2025-08-21,C0558,Small Business,22,False,Email,Desktop,West,Electronics,221.05,1,15,187.89,161.78,26.11,Standard,7,False,,Apple Pay,False
ORD-03803,2025-08-21,C0207,Consumer,48,False,Affiliate,Desktop,East,Electronics,180.06,2,20,288.1,243.4,44.7,Economy,9,True,3.0,Card,False
ORD-03804,2025-08-21,C1087,Consumer,51,False,Affiliate,Desktop,North,Beauty,32.51,3,5,92.65,42.08,50.57,Express,1,False,5.0,PayPal,False
ORD-03805,2025-08-21,C0325,Consumer,21,False,Direct,Mobile,South,Apparel,59.84,2,20,95.74,62.85,32.89,Standard,5,False,4.0,PayPal,False
ORD-03806,2025-08-21,C0728,Consumer,35,False,Direct,Mobile,East,Sports,65.92,2,15,112.06,79.22,32.84,Economy,7,False,3.0,Card,False
ORD-03807,2025-08-22,C1095,Consumer,38,False,Affiliate,Mobile,West,Electronics,178.9,2,5,339.91,229.49,110.42,Economy,8,False,,Card,False
ORD-03808,2025-08-22,C0207,Consumer,48,False,Paid Search,Mobile,East,Home,70.34,2,0,140.68,81.79,58.89,Standard,4,False,,Card,False
ORD-03809,2025-08-23,C0132,Consumer,65,False,Paid Search,Desktop,South,Toys,43.86,1,20,35.09,24.81,10.28,Economy,5,False,5.0,PayPal,False
ORD-03810,2025-08-23,C1052,Consumer,73,False,Email,Tablet,South,Apparel,48.9,1,0,48.9,25.63,23.27,Standard,5,False,4.0,Card,False
ORD-03811,2025-08-23,C0965,Small Business,66,True,Social,Mobile,East,Electronics,273.22,3,15,696.71,552.2,144.51,Economy,7,False,3.0,Card,False
ORD-03812,2025-08-23,C0671,Consumer,70,False,Paid Search,Desktop,West,Toys,22.0,1,0,22.0,11.6,10.4,Standard,6,False,4.0,Card,False
ORD-03813,2025-08-23,C0785,Consumer,54,False,Paid Search,Mobile,South,Electronics,204.25,2,0,408.5,273.24,135.26,Standard,4,False,5.0,PayPal,False
ORD-03814,2025-08-24,C0207,Consumer,48,False,Affiliate,Desktop,West,Apparel,39.24,1,25,29.43,21.95,7.48,Standard,8,False,3.0,Card,False
ORD-03815,2025-08-24,C0547,Consumer,59,False,Organic Search,Mobile,East,Home,118.96,1,25,89.22,70.71,18.51,Economy,6,False,3.0,Bank Transfer,False
ORD-03816,2025-08-24,C0671,Consumer,70,False,Paid Search,Desktop,South,Home,59.6,1,0,59.6,34.41,25.19,Economy,6,False,4.0,Card,False
ORD-03817,2025-08-24,C0421,Consumer,73,False,Email,Desktop,West,Electronics,231.88,2,0,463.76,308.64,155.12,Standard,9,False,3.0,Card,False
ORD-03818,2025-08-24,C0400,Consumer,24,False,Affiliate,Desktop,South,Sports,56.82,2,0,113.64,70.16,43.48,Economy,5,False,4.0,Card,True
ORD-03819,2025-08-24,C0728,Consumer,35,False,Paid Search,Mobile,East,Home,126.19,2,0,252.38,145.64,106.74,Economy,5,False,3.0,Card,False
ORD-03820,2025-08-24,C0722,Consumer,64,False,Social,Mobile,North,Toys,50.92,1,5,48.37,28.27,20.1,Standard,4,True,3.0,Bank Transfer,False
ORD-03821,2025-08-25,C1140,Consumer,45,False,Direct,Desktop,South,Electronics,164.04,2,5,311.68,224.24,87.44,Economy,6,False,4.0,Card,False
ORD-03822,2025-08-25,C0994,Small Business,47,False,Affiliate,Desktop,East,Toys,37.19,4,5,141.32,78.3,63.02,Standard,3,False,,Bank Transfer,False
ORD-03823,2025-08-25,C0409,Consumer,24,False,Paid Search,Desktop,North,Home,75.38,1,0,75.38,44.3,31.08,Standard,3,False,3.0,PayPal,False
ORD-03824,2025-08-26,C0421,Consumer,73,False,Organic Search,Desktop,West,Sports,62.51,1,20,50.01,38.09,11.92,Economy,10,False,,Bank Transfer,False
ORD-03825,2025-08-26,C0840,Consumer,43,False,Affiliate,Desktop,South,Apparel,57.96,3,0,173.88,89.29,84.59,Standard,6,False,4.0,Card,False
ORD-03826,2025-08-26,C0728,Consumer,35,False,Organic Search,Mobile,West,Home,76.46,2,0,152.92,90.0,62.92,Standard,8,False,,Card,False
ORD-03827,2025-08-26,C0544,Consumer,67,False,Organic Search,Desktop,North,Toys,24.8,4,0,99.2,55.67,43.53,Standard,4,False,,Card,False
ORD-03828,2025-08-26,C0524,Consumer,62,True,Paid Search,Mobile,East,Home,86.75,2,25,130.12,99.41,30.71,Economy,6,False,3.0,Card,False
ORD-03829,2025-08-26,C1052,Consumer,73,False,Email,Mobile,West,Toys,34.2,4,5,129.96,75.57,54.39,Standard,6,False,,PayPal,False
ORD-03830,2025-08-26,C0012,Consumer,31,False,Email,Desktop,North,Apparel,29.06,1,0,29.06,16.08,12.98,Express,3,False,,Card,False
ORD-03831,2025-08-26,C0063,Small Business,53,False,Social,Mobile,South,Home,96.85,1,0,96.85,55.73,41.12,Economy,6,True,,Card,False
ORD-03832,2025-08-26,C0207,Consumer,48,False,Email,Mobile,South,Toys,33.38,3,30,70.1,53.77,16.33,Express,2,False,,PayPal,False
ORD-03833,2025-08-26,C1151,Consumer,65,False,Paid Search,Mobile,East,Electronics,150.44,4,25,451.32,396.32,55.0,Express,1,False,5.0,Card,False
ORD-03834,2025-08-27,C1137,Small Business,70,False,Direct,Desktop,North,Toys,49.98,6,5,284.89,165.32,119.57,Standard,4,False,5.0,Card,False
ORD-03835,2025-08-27,C0834,Consumer,29,False,Social,Desktop,East,Toys,46.69,2,15,79.37,50.92,28.45,Economy,6,False,4.0,PayPal,False
ORD-03836,2025-08-27,C0400,Consumer,24,False,Social,Desktop,East,Toys,44.81,2,5,85.14,49.6,35.54,Economy,7,False,,Card,True
ORD-03837,2025-08-27,C0152,Consumer,46,False,Paid Search,Mobile,North,Apparel,28.62,2,20,45.79,29.5,16.29,Express,2,False,,Card,False
ORD-03838,2025-08-27,C0182,Small Business,66,False,Social,Mobile,North,Home,138.3,2,0,276.6,156.45,120.15,Standard,4,False,4.0,Card,False
ORD-03839,2025-08-27,C0535,Small Business,44,False,Affiliate,Desktop,West,Apparel,23.61,3,0,70.83,38.37,32.46,Express,5,False,4.0,Card,False
ORD-03840,2025-08-27,C0400,Consumer,24,False,Direct,Desktop,North,Beauty,28.7,2,0,57.4,25.54,31.86,Standard,4,False,,PayPal,False
ORD-03841,2025-08-27,C0106,Consumer,40,False,Social,Desktop,North,Home,118.19,3,0,354.57,195.08,159.49,Economy,5,False,3.0,Card,False
ORD-03842,2025-08-28,C1052,Consumer,73,False,Organic Search,Mobile,South,Apparel,59.39,1,0,59.39,32.18,27.21,Express,3,False,5.0,Card,False
ORD-03843,2025-08-28,C0298,Small Business,53,False,Organic Search,Mobile,West,Toys,39.06,2,5,74.21,43.21,31.0,Standard,6,False,4.0,PayPal,False
ORD-03844,2025-08-28,C0356,Consumer,42,False,Email,Desktop,North,Toys,39.87,2,10,71.77,43.81,27.96,Standard,4,False,5.0,Card,False
ORD-03845,2025-08-28,C0342,Consumer,71,False,Organic Search,Desktop,West,Sports,66.0,3,0,198.0,114.15,83.85,Standard,6,False,,Card,False
ORD-03846,2025-08-29,C0748,Consumer,33,False,Paid Search,Desktop,South,Toys,34.08,3,5,97.13,55.88,41.25,Standard,5,False,5.0,PayPal,False
ORD-03847,2025-08-29,C0037,Consumer,18,False,Social,Desktop,West,Home,115.84,1,15,98.46,68.46,30.0,Economy,10,False,3.0,Card,False
ORD-03848,2025-08-29,C0671,Consumer,70,False,Direct,Mobile,South,Apparel,55.05,1,0,55.05,29.74,25.31,Standard,3,False,,Card,False
ORD-03849,2025-08-29,C0889,Enterprise,64,False,Direct,Mobile,East,Electronics,220.89,2,0,441.78,297.65,144.13,Express,1,False,5.0,Card,False
ORD-03850,2025-08-29,C0840,Consumer,43,False,Email,Tablet,West,Beauty,28.72,2,20,45.95,26.51,19.44,Express,4,False,4.0,Apple Pay,False
ORD-03851,2025-08-29,C0298,Small Business,53,False,Affiliate,Mobile,North,Toys,47.72,1,0,47.72,25.76,21.96,Standard,4,False,,Apple Pay,False
ORD-03852,2025-08-29,C0670,Consumer,29,False,Organic Search,Desktop,South,Electronics,201.3,3,10,543.51,400.66,142.85,Economy,6,False,3.0,Card,False
ORD-03853,2025-08-30,C0202,Small Business,18,False,Paid Search,Mobile,East,Home,125.95,1,0,125.95,76.46,49.49,Standard,3,False,,Card,False
ORD-03854,2025-08-30,C1052,Consumer,73,False,Organic Search,Desktop,East,Electronics,246.98,1,20,197.58,169.87,27.71,Economy,5,False,,Card,False
ORD-03855,2025-08-30,C0174,Consumer,46,False,Organic Search,Mobile,North,Apparel,69.17,2,15,117.59,74.81,42.78,Express,4,False,4.0,Card,False
ORD-03856,2025-08-30,C0981,Enterprise,69,True,Paid Search,Mobile,South,Beauty,19.3,4,0,77.2,36.07,41.13,Standard,3,False,,Card,False
ORD-03857,2025-08-30,C0298,Small Business,53,False,Organic Search,Desktop,South,Sports,85.48,5,20,341.92,260.91,81.01,Standard,5,False,3.0,Apple Pay,False
ORD-03858,2025-08-30,C1052,Consumer,73,False,Direct,Desktop,North,Sports,67.21,2,0,134.42,75.7,58.72,Standard,6,True,,Card,False
ORD-03859,2025-08-30,C1010,Consumer,39,False,Organic Search,Tablet,West,Electronics,145.63,1,0,145.63,96.56,49.07,Express,6,False,4.0,Card,False
ORD-03860,2025-08-31,C0687,Consumer,27,False,Social,Desktop,East,Electronics,235.59,1,20,188.47,162.78,25.69,Economy,7,False,,Apple Pay,False
ORD-03861,2025-08-31,C0365,Consumer,25,False,Paid Search,Mobile,West,Home,137.13,2,0,274.26,163.1,111.16,Express,6,False,5.0,Card,False
ORD-03862,2025-08-31,C0022,Consumer,41,False,Paid Search,Mobile,West,Home,112.67,2,25,169.0,135.14,33.86,Express,6,False,,Apple Pay,True
ORD-03863,2025-08-31,C0207,Consumer,48,False,Organic Search,Mobile,North,Apparel,49.74,3,25,111.92,78.62,33.3,Standard,3,False,5.0,PayPal,True
ORD-03864,2025-08-31,C0207,Consumer,48,False,Paid Search,Desktop,North,Home,73.3,2,10,131.94,88.5,43.44,Standard,3,False,5.0,Card,True
ORD-03865,2025-09-01,C0606,Small Business,62,False,Email,Mobile,South,Home,108.46,3,5,309.11,190.52,118.59,Standard,3,False,,Card,False
ORD-03866,2025-09-01,C0655,Consumer,21,False,Organic Search,Mobile,South,Home,74.58,2,5,141.7,87.16,54.54,Standard,4,False,5.0,Apple Pay,True
ORD-03867,2025-09-01,C0083,Enterprise,60,False,Social,Desktop,North,Toys,29.37,8,10,211.46,127.83,83.63,Standard,4,False,,Card,False
ORD-03868,2025-09-01,C0269,Consumer,45,True,Organic Search,Desktop,North,Toys,51.17,3,5,145.83,83.55,62.28,Standard,3,False,5.0,Card,False
ORD-03869,2025-09-01,C0063,Small Business,53,False,Email,Desktop,East,Apparel,43.94,2,10,79.09,43.58,35.51,Economy,5,False,4.0,PayPal,False
ORD-03870,2025-09-01,C0421,Consumer,73,False,Social,Desktop,East,Toys,25.74,1,15,21.88,13.76,8.12,Standard,4,False,4.0,Bank Transfer,False
ORD-03871,2025-09-01,C0337,Consumer,65,False,Paid Search,Desktop,South,Electronics,227.26,1,0,227.26,155.59,71.67,Standard,5,False,5.0,Card,False
ORD-03872,2025-09-02,C0875,Small Business,25,False,Affiliate,Desktop,North,Home,92.37,2,5,175.5,109.45,66.05,Standard,4,True,4.0,PayPal,False
ORD-03873,2025-09-02,C0188,Small Business,33,False,Organic Search,Desktop,West,Home,115.3,1,0,115.3,66.75,48.55,Economy,8,False,,Apple Pay,False
ORD-03874,2025-09-02,C1186,Enterprise,48,True,Paid Search,Mobile,West,Home,86.72,4,10,312.19,208.36,103.83,Express,4,False,,Card,False
ORD-03875,2025-09-02,C0728,Consumer,35,False,Organic Search,Tablet,North,Sports,90.46,1,0,90.46,55.92,34.54,Economy,9,False,2.0,Card,True
ORD-03876,2025-09-02,C0472,Consumer,72,False,Email,Mobile,West,Apparel,62.56,1,0,62.56,32.78,29.78,Express,5,False,,Apple Pay,False
ORD-03877,2025-09-02,C1052,Consumer,73,False,Email,Desktop,North,Home,70.22,2,0,140.44,81.37,59.07,Express,1,False,,Card,False
ORD-03878,2025-09-02,C0744,Consumer,28,False,Paid Search,Desktop,West,Apparel,61.72,2,30,86.41,61.12,25.29,Standard,6,True,4.0,Card,False
ORD-03879,2025-09-02,C1052,Consumer,73,False,Direct,Mobile,South,Apparel,52.11,1,15,44.29,26.32,17.97,Standard,3,False,5.0,Card,False
ORD-03880,2025-09-02,C0152,Consumer,46,False,Organic Search,Mobile,West,Apparel,34.79,1,5,33.05,18.37,14.68,Standard,7,False,4.0,Card,False
ORD-03881,2025-09-03,C0864,Consumer,53,False,Paid Search,Mobile,South,Beauty,40.77,1,5,38.73,17.12,21.61,Standard,4,False,,PayPal,False
ORD-03882,2025-09-04,C0038,Consumer,33,True,Direct,Tablet,West,Sports,77.9,1,0,77.9,47.07,30.83,Standard,9,False,,PayPal,False
ORD-03883,2025-09-04,C0670,Consumer,29,False,Organic Search,Desktop,North,Sports,43.85,1,25,32.89,25.53,7.36,Standard,3,False,5.0,Card,True
ORD-03884,2025-09-04,C0188,Small Business,33,False,Organic Search,Desktop,East,Apparel,51.48,2,10,92.66,55.14,37.52,Standard,3,False,4.0,Apple Pay,False
ORD-03885,2025-09-04,C0283,Consumer,55,False,Social,Mobile,South,Apparel,55.47,1,20,44.38,30.03,14.35,Standard,3,False,,PayPal,False
ORD-03886,2025-09-04,C0038,Consumer,33,False,Direct,Mobile,West,Electronics,154.99,1,0,154.99,107.53,47.46,Economy,10,False,,Card,False
ORD-03887,2025-09-04,C0670,Consumer,29,False,Paid Search,Mobile,North,Home,128.03,3,15,326.48,231.47,95.01,Economy,6,False,,Card,False
ORD-03888,2025-09-05,C1052,Consumer,73,False,Social,Desktop,West,Beauty,37.02,1,10,33.32,17.42,15.9,Standard,6,False,,Card,False
ORD-03889,2025-09-05,C0671,Consumer,70,False,Paid Search,Desktop,North,Sports,123.39,1,10,111.05,75.63,35.42,Standard,3,False,5.0,Apple Pay,False
ORD-03890,2025-09-05,C0298,Small Business,53,False,Direct,Desktop,South,Home,92.91,1,0,92.91,54.27,38.64,Express,3,False,5.0,Card,False
ORD-03891,2025-09-05,C0679,Consumer,63,False,Email,Mobile,East,Toys,67.7,2,0,135.4,75.67,59.73,Standard,3,False,,PayPal,False
ORD-03892,2025-09-05,C1052,Consumer,73,False,Paid Search,Desktop,South,Electronics,151.46,4,20,484.67,421.21,63.46,Standard,5,False,4.0,Apple Pay,False
ORD-03893,2025-09-05,C0207,Consumer,48,False,Affiliate,Mobile,East,Apparel,72.04,1,0,72.04,35.26,36.78,Standard,6,False,,Apple Pay,False
ORD-03894,2025-09-05,C0529,Consumer,42,False,Direct,Desktop,North,Electronics,208.55,2,10,375.39,287.83,87.56,Standard,3,False,,Card,False
ORD-03895,2025-09-05,C0086,Small Business,50,False,Affiliate,Mobile,South,Toys,40.95,4,30,114.66,89.16,25.5,Standard,6,False,4.0,PayPal,False
ORD-03896,2025-09-05,C0950,Consumer,71,False,Email,Desktop,North,Toys,39.71,1,5,37.72,21.74,15.98,Standard,3,False,4.0,Card,False
ORD-03897,2025-09-05,C0721,Consumer,24,False,Paid Search,Tablet,West,Toys,44.35,2,0,88.7,49.81,38.89,Standard,7,False,4.0,Card,False
ORD-03898,2025-09-05,C0063,Small Business,53,False,Direct,Desktop,West,Beauty,31.53,2,0,63.06,29.93,33.13,Standard,6,False,,Apple Pay,False
ORD-03899,2025-09-06,C0799,Consumer,45,False,Organic Search,Mobile,South,Apparel,44.24,1,0,44.24,23.3,20.94,Standard,3,False,5.0,Card,False
ORD-03900,2025-09-06,C0934,Small Business,58,True,Paid Search,Mobile,West,Home,86.62,4,10,311.83,210.9,100.93,Economy,10,False,3.0,PayPal,False
ORD-03901,2025-09-06,C0106,Consumer,40,False,Direct,Tablet,East,Apparel,33.94,3,5,96.73,52.72,44.01,Economy,6,False,3.0,Card,False
ORD-03902,2025-09-06,C0063,Small Business,53,False,Paid Search,Desktop,North,Beauty,15.29,4,0,61.16,26.0,35.16,Standard,5,False,4.0,Apple Pay,False
ORD-03903,2025-09-06,C0312,Consumer,72,False,Email,Mobile,South,Toys,35.18,3,0,105.54,58.22,47.32,Standard,3,False,3.0,Card,False
ORD-03904,2025-09-07,C0575,Small Business,60,False,Email,Desktop,East,Electronics,230.79,4,20,738.53,650.58,87.95,Economy,5,False,,Card,False
ORD-03905,2025-09-07,C0606,Small Business,62,False,Direct,Mobile,East,Apparel,66.93,1,30,46.85,35.68,11.17,Standard,3,False,,PayPal,False
ORD-03906,2025-09-07,C1052,Consumer,73,False,Paid Search,Mobile,North,Home,62.26,1,0,62.26,36.27,25.99,Express,1,False,5.0,PayPal,False
ORD-03907,2025-09-07,C0868,Small Business,72,False,Direct,Desktop,South,Electronics,164.54,2,5,312.63,224.49,88.14,Express,2,False,5.0,Card,False
ORD-03908,2025-09-08,C1122,Consumer,26,True,Email,Mobile,North,Apparel,58.67,1,30,41.07,31.38,9.69,Standard,4,False,5.0,Card,True
ORD-03909,2025-09-08,C1062,Enterprise,53,False,Social,Mobile,West,Sports,78.04,2,20,124.86,94.17,30.69,Standard,7,False,3.0,Card,False
ORD-03910,2025-09-08,C0619,Consumer,31,False,Social,Desktop,West,Electronics,193.94,1,0,193.94,129.53,64.41,Express,5,False,5.0,Card,False
ORD-03911,2025-09-08,C0210,Consumer,19,False,Email,Mobile,North,Sports,112.55,1,20,90.04,65.5,24.54,Standard,3,False,4.0,Card,False
ORD-03912,2025-09-08,C1052,Consumer,73,False,Affiliate,Mobile,North,Beauty,31.55,1,30,22.08,13.72,8.36,Express,2,False,5.0,PayPal,False
ORD-03913,2025-09-08,C0175,Consumer,26,False,Affiliate,Mobile,North,Home,82.39,1,0,82.39,47.87,34.52,Express,1,False,5.0,Card,False
ORD-03914,2025-09-09,C0744,Consumer,28,False,Social,Desktop,West,Sports,48.0,3,15,122.4,89.01,33.39,Standard,7,False,3.0,Card,False
ORD-03915,2025-09-09,C0345,Consumer,56,False,Social,Mobile,South,Sports,33.97,1,0,33.97,19.44,14.53,Standard,4,False,,Card,True
ORD-03916,2025-09-09,C0207,Consumer,48,False,Direct,Mobile,East,Sports,63.99,2,5,121.58,80.81,40.77,Standard,4,False,,PayPal,False
ORD-03917,2025-09-09,C0210,Consumer,19,False,Paid Search,Mobile,North,Toys,33.29,3,20,79.9,55.94,23.96,Standard,4,True,4.0,Apple Pay,False
ORD-03918,2025-09-09,C0424,Consumer,68,False,Organic Search,Mobile,North,Sports,91.84,1,0,91.84,51.65,40.19,Economy,5,False,4.0,Apple Pay,False
ORD-03919,2025-09-09,C0263,Small Business,25,False,Organic Search,Mobile,West,Apparel,64.01,2,30,89.61,67.46,22.15,Standard,6,False,,Card,False
ORD-03920,2025-09-09,C0227,Consumer,23,False,Organic Search,Desktop,North,Toys,39.63,1,30,27.74,21.15,6.59,Standard,3,False,4.0,Card,False
ORD-03921,2025-09-09,C1172,Consumer,45,False,Paid Search,Mobile,West,Electronics,155.47,1,0,155.47,103.92,51.55,Economy,11,False,2.0,Card,False
ORD-03922,2025-09-10,C1125,Small Business,48,False,Affiliate,Mobile,West,Electronics,257.29,2,5,488.85,356.91,131.94,Express,7,False,,PayPal,False
ORD-03923,2025-09-10,C0889,Enterprise,64,False,Organic Search,Mobile,North,Apparel,79.01,4,30,221.23,166.9,54.33,Economy,6,False,,Apple Pay,False
ORD-03924,2025-09-10,C0298,Small Business,53,False,Organic Search,Desktop,North,Sports,78.23,1,30,54.76,44.8,9.96,Standard,3,False,4.0,Card,True
ORD-03925,2025-09-10,C0728,Consumer,35,False,Social,Desktop,West,Electronics,289.27,3,15,737.64,567.16,170.48,Economy,9,False,,PayPal,False
ORD-03926,2025-09-10,C0052,Consumer,44,False,Direct,Mobile,West,Apparel,34.29,2,10,61.72,34.62,27.1,Standard,10,False,,PayPal,False
ORD-03927,2025-09-10,C0424,Consumer,68,False,Social,Desktop,East,Home,71.89,4,25,215.67,176.29,39.38,Express,3,False,,Card,False
ORD-03928,2025-09-10,C0889,Enterprise,64,False,Organic Search,Mobile,South,Toys,40.57,3,10,109.54,63.62,45.92,Standard,5,False,5.0,Bank Transfer,False
ORD-03929,2025-09-10,C1062,Enterprise,53,False,Paid Search,Mobile,South,Sports,73.52,7,20,411.71,300.8,110.91,Standard,4,False,4.0,PayPal,False
ORD-03930,2025-09-11,C1176,Consumer,22,False,Social,Desktop,West,Apparel,34.52,3,5,98.38,53.89,44.49,Standard,6,True,3.0,Card,False
ORD-03931,2025-09-11,C0840,Consumer,43,False,Email,Mobile,East,Electronics,164.58,2,25,246.87,213.56,33.31,Standard,5,False,4.0,Card,False
ORD-03932,2025-09-11,C1000,Consumer,57,True,Organic Search,Mobile,East,Home,101.36,2,15,172.31,113.9,58.41,Standard,5,False,,Card,False
ORD-03933,2025-09-11,C0400,Consumer,24,False,Affiliate,Tablet,West,Beauty,26.5,1,5,25.17,11.74,13.43,Express,4,False,4.0,Card,False
ORD-03934,2025-09-11,C1052,Consumer,73,False,Paid Search,Mobile,North,Toys,37.54,2,30,52.56,39.96,12.6,Standard,3,False,5.0,PayPal,False
ORD-03935,2025-09-11,C0800,Consumer,34,False,Organic Search,Tablet,East,Home,77.52,3,15,197.68,137.14,60.54,Express,2,False,,Card,False
ORD-03936,2025-09-11,C1052,Consumer,73,False,Paid Search,Mobile,West,Sports,63.71,2,5,121.05,82.05,39.0,Standard,6,False,4.0,Card,False
ORD-03937,2025-09-11,C0742,Small Business,58,True,Paid Search,Desktop,North,Toys,37.37,4,0,149.48,84.06,65.42,Standard,4,False,5.0,Card,False
ORD-03938,2025-09-11,C0303,Small Business,68,False,Social,Desktop,West,Apparel,59.51,6,0,357.06,194.63,162.43,Standard,6,False,,Card,False
ORD-03939,2025-09-12,C0169,Consumer,39,True,Organic Search,Mobile,North,Sports,66.89,1,5,63.55,39.39,24.16,Standard,3,False,5.0,Card,False
ORD-03940,2025-09-12,C0462,Consumer,29,True,Direct,Tablet,East,Sports,73.83,2,20,118.13,86.17,31.96,Economy,7,False,,Apple Pay,False
ORD-03941,2025-09-12,C0297,Consumer,66,False,Organic Search,Mobile,West,Beauty,44.35,2,0,88.7,40.64,48.06,Standard,6,False,3.0,Card,False
ORD-03942,2025-09-12,C0390,Consumer,38,False,Organic Search,Mobile,East,Apparel,57.29,2,0,114.58,59.18,55.4,Standard,4,False,4.0,Bank Transfer,False
ORD-03943,2025-09-12,C0966,Enterprise,29,False,Organic Search,Mobile,South,Beauty,41.27,5,0,206.35,88.97,117.38,Economy,5,False,,Bank Transfer,False
ORD-03944,2025-09-12,C1052,Consumer,73,False,Paid Search,Mobile,East,Electronics,199.73,3,30,419.43,392.71,26.72,Standard,4,False,5.0,Card,False
ORD-03945,2025-09-12,C0996,Small Business,28,False,Affiliate,Mobile,North,Home,108.03,3,0,324.09,192.69,131.4,Standard,4,False,4.0,Apple Pay,False
ORD-03946,2025-09-13,C0728,Consumer,35,False,Social,Desktop,South,Beauty,30.43,4,0,121.72,56.6,65.12,Standard,6,True,2.0,Card,False
ORD-03947,2025-09-13,C0238,Consumer,42,False,Organic Search,Desktop,North,Electronics,243.1,1,25,182.32,159.43,22.89,Standard,3,False,,Bank Transfer,False
ORD-03948,2025-09-13,C0287,Enterprise,46,True,Direct,Desktop,East,Home,64.78,7,10,408.11,283.68,124.43,Standard,5,False,4.0,Card,False
ORD-03949,2025-09-13,C0106,Consumer,40,False,Paid Search,Mobile,South,Home,77.78,2,30,108.89,91.74,17.15,Standard,3,False,,Apple Pay,False
ORD-03950,2025-09-14,C0117,Small Business,42,False,Email,Mobile,North,Home,104.29,3,30,219.01,174.45,44.56,Standard,3,False,4.0,Card,False
ORD-03951,2025-09-14,C0106,Consumer,40,False,Organic Search,Mobile,East,Apparel,57.45,3,10,155.12,91.39,63.73,Standard,3,False,,Card,True
ORD-03952,2025-09-14,C1052,Consumer,73,False,Paid Search,Mobile,North,Beauty,22.92,3,25,51.57,31.43,20.14,Standard,3,False,,Bank Transfer,False
ORD-03953,2025-09-14,C1102,Consumer,60,False,Paid Search,Mobile,North,Apparel,41.61,1,25,31.21,22.33,8.88,Standard,4,False,5.0,Card,False
ORD-03954,2025-09-14,C0214,Consumer,71,True,Social,Mobile,North,Apparel,44.49,1,10,40.04,22.59,17.45,Economy,8,False,4.0,Apple Pay,False
ORD-03955,2025-09-14,C0596,Consumer,69,False,Email,Mobile,East,Beauty,35.46,2,15,60.28,31.54,28.74,Standard,4,False,5.0,PayPal,False
ORD-03956,2025-09-14,C0978,Consumer,61,False,Direct,Mobile,South,Toys,26.85,4,5,102.03,56.17,45.86,Standard,5,False,5.0,Card,False
ORD-03957,2025-09-14,C1052,Consumer,73,False,Paid Search,Mobile,North,Toys,46.55,2,0,93.1,51.95,41.15,Express,1,False,,PayPal,False
ORD-03958,2025-09-14,C0188,Small Business,33,False,Affiliate,Mobile,West,Sports,90.66,4,0,362.64,213.49,149.15,Express,5,True,4.0,Card,False
ORD-03959,2025-09-15,C0946,Consumer,74,True,Direct,Mobile,North,Home,125.46,4,0,501.84,288.21,213.63,Standard,5,False,,Bank Transfer,False
ORD-03960,2025-09-15,C0396,Consumer,35,False,Direct,Tablet,North,Home,128.15,1,25,96.11,68.65,27.46,Standard,5,True,3.0,Card,False
ORD-03961,2025-09-15,C0446,Consumer,40,False,Direct,Tablet,West,Apparel,45.47,2,5,86.39,46.23,40.16,Standard,7,False,4.0,PayPal,False
ORD-03962,2025-09-15,C0810,Consumer,39,False,Organic Search,Desktop,East,Electronics,111.08,1,5,105.53,72.96,32.57,Standard,4,False,5.0,Card,False
ORD-03963,2025-09-15,C0763,Small Business,26,False,Social,Mobile,West,Apparel,44.09,4,20,141.09,87.74,53.35,Express,4,False,,Card,False
ORD-03964,2025-09-16,C1169,Consumer,38,False,Email,Mobile,South,Electronics,200.76,2,5,381.44,273.01,108.43,Express,2,False,5.0,Bank Transfer,False
ORD-03965,2025-09-16,C0152,Consumer,46,False,Organic Search,Mobile,North,Home,82.94,1,20,66.35,47.47,18.88,Economy,7,True,,Card,False
ORD-03966,2025-09-16,C1134,Consumer,20,False,Social,Mobile,West,Home,77.16,4,0,308.64,179.95,128.69,Standard,7,True,4.0,PayPal,False
ORD-03967,2025-09-17,C0558,Small Business,22,False,Affiliate,Tablet,East,Electronics,300.35,6,15,1531.78,1271.91,259.87,Standard,3,False,4.0,PayPal,False
ORD-03968,2025-09-17,C0265,Consumer,47,False,Organic Search,Mobile,South,Home,49.65,2,20,79.44,59.33,20.11,Express,2,False,4.0,PayPal,False
ORD-03969,2025-09-17,C0702,Consumer,33,False,Social,Mobile,West,Toys,43.92,2,10,79.06,46.5,32.56,Standard,8,False,2.0,PayPal,False
ORD-03970,2025-09-17,C1052,Consumer,73,False,Organic Search,Mobile,North,Electronics,261.94,3,15,667.95,544.01,123.94,Standard,4,False,,Card,False
ORD-03971,2025-09-17,C0545,Consumer,54,False,Email,Desktop,East,Toys,27.72,1,20,22.18,15.63,6.55,Standard,3,False,4.0,Card,False
ORD-03972,2025-09-17,C0719,Consumer,38,False,Direct,Mobile,West,Apparel,30.39,1,15,25.83,15.66,10.17,Standard,7,False,3.0,Card,False
ORD-03973,2025-09-17,C0887,Consumer,36,False,Organic Search,Desktop,West,Electronics,226.01,3,0,678.03,465.36,212.67,Express,5,False,,PayPal,False
ORD-03974,2025-09-18,C0207,Consumer,48,False,Social,Desktop,South,Toys,25.48,1,0,25.48,13.84,11.64,Standard,4,True,2.0,Card,False
ORD-03975,2025-09-18,C0370,Consumer,35,False,Organic Search,Desktop,East,Electronics,170.31,1,10,153.28,113.18,40.1,Express,3,False,,Card,False
ORD-03976,2025-09-18,C0947,Consumer,26,False,Organic Search,Desktop,North,Electronics,306.08,4,30,857.02,798.18,58.84,Economy,6,False,4.0,Card,False
ORD-03977,2025-09-18,C0853,Small Business,27,False,Paid Search,Mobile,North,Apparel,81.96,5,0,409.8,205.99,203.81,Economy,5,False,4.0,Bank Transfer,False
ORD-03978,2025-09-18,C1164,Small Business,41,False,Direct,Mobile,South,Electronics,198.74,5,15,844.64,663.24,181.4,Standard,3,False,4.0,Bank Transfer,False
ORD-03979,2025-09-18,C0210,Consumer,19,False,Organic Search,Mobile,West,Apparel,74.86,2,15,127.26,76.24,51.02,Standard,7,False,,PayPal,False
ORD-03980,2025-09-18,C0207,Consumer,48,False,Paid Search,Mobile,South,Sports,82.63,1,5,78.5,50.48,28.02,Express,1,False,5.0,Card,False
ORD-03981,2025-09-18,C0529,Consumer,42,False,Direct,Mobile,West,Apparel,37.84,1,0,37.84,19.24,18.6,Standard,7,False,,Apple Pay,False
ORD-03982,2025-09-18,C0207,Consumer,48,False,Email,Desktop,West,Electronics,170.14,3,0,510.42,348.49,161.93,Express,5,False,4.0,Apple Pay,False
ORD-03983,2025-09-18,C0965,Small Business,66,False,Social,Mobile,North,Sports,58.6,1,0,58.6,35.75,22.85,Standard,3,False,,Card,False
ORD-03984,2025-09-18,C0619,Consumer,31,False,Email,Desktop,South,Apparel,76.91,1,25,57.68,39.52,18.16,Standard,4,False,,Bank Transfer,False
ORD-03985,2025-09-19,C0188,Small Business,33,False,Social,Desktop,North,Toys,33.89,1,30,23.72,17.98,5.74,Standard,5,False,4.0,Card,False
ORD-03986,2025-09-19,C1052,Consumer,73,False,Direct,Mobile,West,Home,103.44,1,10,93.1,57.26,35.84,Economy,8,False,3.0,Card,False
ORD-03987,2025-09-19,C0037,Consumer,18,False,Social,Mobile,South,Home,103.06,3,5,293.72,191.07,102.65,Express,3,True,4.0,PayPal,False
ORD-03988,2025-09-19,C0825,Small Business,23,False,Social,Desktop,East,Electronics,350.97,3,0,1052.91,698.87,354.04,Standard,4,False,,Card,False
ORD-03989,2025-09-19,C1147,Small Business,19,False,Organic Search,Desktop,North,Home,108.58,1,5,103.15,64.43,38.72,Standard,3,False,5.0,PayPal,False
ORD-03990,2025-09-19,C0646,Consumer,19,False,Paid Search,Mobile,North,Toys,33.54,2,0,67.08,36.43,30.65,Standard,3,False,4.0,Card,False
ORD-03991,2025-09-19,C0309,Consumer,52,False,Direct,Desktop,East,Electronics,163.06,1,0,163.06,107.36,55.7,Express,1,False,5.0,Card,False
ORD-03992,2025-09-19,C0301,Consumer,20,False,Email,Mobile,East,Apparel,51.84,1,15,44.06,28.39,15.67,Standard,3,False,,Apple Pay,False
ORD-03993,2025-09-20,C1156,Consumer,49,False,Social,Desktop,West,Sports,54.7,3,15,139.49,100.37,39.12,Express,6,False,3.0,Card,False
ORD-03994,2025-09-20,C0590,Small Business,65,False,Direct,Desktop,West,Toys,42.73,3,0,128.19,68.48,59.71,Standard,10,False,2.0,PayPal,False
ORD-03995,2025-09-20,C1052,Consumer,73,False,Paid Search,Mobile,North,Electronics,264.96,5,25,993.6,914.96,78.64,Standard,4,False,,Card,True
ORD-03996,2025-09-20,C0840,Consumer,43,False,Direct,Mobile,East,Home,90.62,1,15,77.03,51.45,25.58,Express,3,False,5.0,Apple Pay,False
ORD-03997,2025-09-20,C0606,Small Business,62,False,Direct,Tablet,West,Home,95.63,2,10,172.13,118.19,53.94,Express,4,True,5.0,PayPal,False
ORD-03998,2025-09-21,C1101,Small Business,53,False,Email,Desktop,South,Electronics,195.94,4,0,783.76,542.92,240.84,Standard,3,False,,PayPal,False
ORD-03999,2025-09-21,C0768,Small Business,63,False,Email,Mobile,West,Beauty,37.1,3,30,77.91,50.12,27.79,Standard,6,False,3.0,Card,False
ORD-04000,2025-09-21,C0440,Consumer,69,False,Email,Mobile,East,Beauty,34.08,2,10,61.34,30.69,30.65,Economy,6,False,4.0,Card,False
ORD-04001,2025-09-21,C0789,Small Business,64,False,Organic Search,Mobile,West,Toys,23.93,2,0,47.86,26.54,21.32,Economy,8,False,4.0,PayPal,False
ORD-04002,2025-09-21,C1023,Small Business,51,False,Direct,Desktop,East,Electronics,274.51,4,15,933.33,725.0,208.33,Economy,5,False,3.0,Card,False
ORD-04003,2025-09-21,C1052,Consumer,73,False,Social,Tablet,East,Electronics,165.5,5,5,786.12,566.83,219.29,Standard,4,True,3.0,Card,False
ORD-04004,2025-09-22,C0301,Consumer,20,False,Paid Search,Mobile,South,Apparel,46.98,3,10,126.85,78.31,48.54,Standard,4,False,4.0,Card,False
ORD-04005,2025-09-22,C0671,Consumer,70,False,Organic Search,Desktop,East,Apparel,58.23,1,5,55.32,30.61,24.71,Standard,5,False,5.0,Card,True
ORD-04006,2025-09-22,C0139,Consumer,29,False,Paid Search,Desktop,East,Electronics,301.0,2,10,541.8,404.4,137.4,Express,1,False,5.0,Bank Transfer,False
ORD-04007,2025-09-22,C0743,Consumer,57,False,Direct,Desktop,South,Electronics,204.14,2,5,387.87,286.08,101.79,Economy,8,False,4.0,Card,False
ORD-04008,2025-09-22,C0950,Consumer,71,False,Paid Search,Mobile,East,Apparel,29.3,3,0,87.9,44.61,43.29,Express,2,True,3.0,Card,False
ORD-04009,2025-09-22,C0243,Consumer,30,False,Organic Search,Mobile,West,Toys,29.32,2,10,52.78,33.32,19.46,Standard,7,False,4.0,Bank Transfer,False
ORD-04010,2025-09-22,C0646,Consumer,19,False,Email,Mobile,East,Home,95.82,2,5,182.06,113.81,68.25,Standard,6,True,,Card,False
ORD-04011,2025-09-22,C0207,Consumer,48,False,Email,Mobile,West,Home,74.84,1,30,52.39,44.14,8.25,Express,5,False,4.0,PayPal,False
ORD-04012,2025-09-23,C0950,Consumer,71,False,Organic Search,Mobile,East,Apparel,50.02,2,0,100.04,49.75,50.29,Standard,5,False,5.0,Card,False
ORD-04013,2025-09-23,C0992,Consumer,64,False,Paid Search,Tablet,East,Electronics,304.19,3,0,912.57,627.1,285.47,Economy,6,False,,Apple Pay,False
ORD-04014,2025-09-23,C0535,Small Business,44,False,Social,Desktop,South,Sports,76.39,1,25,57.29,45.05,12.24,Express,2,True,,Apple Pay,False
ORD-04015,2025-09-24,C0400,Consumer,24,False,Direct,Mobile,South,Apparel,33.91,1,0,33.91,17.23,16.68,Express,1,False,,Apple Pay,False
ORD-04016,2025-09-24,C0105,Consumer,41,False,Organic Search,Desktop,East,Home,82.1,1,10,73.89,48.33,25.56,Standard,3,False,4.0,Card,False
ORD-04017,2025-09-24,C0728,Consumer,35,False,Organic Search,Mobile,West,Electronics,297.05,4,15,1009.97,782.42,227.55,Economy,9,False,,Apple Pay,False
ORD-04018,2025-09-24,C1105,Small Business,44,False,Affiliate,Desktop,East,Apparel,48.09,6,10,259.69,149.76,109.93,Standard,3,False,5.0,PayPal,True
ORD-04019,2025-09-24,C0406,Small Business,55,False,Affiliate,Mobile,West,Beauty,20.55,1,10,18.5,9.38,9.12,Express,6,True,3.0,Bank Transfer,False
ORD-04020,2025-09-24,C0885,Consumer,48,False,Organic Search,Mobile,West,Sports,91.41,1,5,86.84,56.2,30.64,Economy,9,False,3.0,PayPal,False
ORD-04021,2025-09-24,C0728,Consumer,35,False,Organic Search,Desktop,West,Toys,49.73,1,25,37.3,25.88,11.42,Standard,6,False,4.0,Card,False
ORD-04022,2025-09-24,C0237,Small Business,74,False,Paid Search,Desktop,West,Beauty,58.82,2,25,88.23,51.86,36.37,Standard,7,False,3.0,PayPal,False
ORD-04023,2025-09-25,C0840,Consumer,43,False,Organic Search,Tablet,East,Home,82.81,1,5,78.67,45.8,32.87,Economy,5,False,4.0,Apple Pay,True
ORD-04024,2025-09-25,C0298,Small Business,53,False,Organic Search,Desktop,West,Electronics,279.73,1,15,237.77,194.5,43.27,Economy,9,False,3.0,Bank Transfer,False
ORD-04025,2025-09-25,C0763,Small Business,26,False,Social,Mobile,East,Apparel,37.69,1,0,37.69,20.23,17.46,Standard,5,True,3.0,PayPal,True
ORD-04026,2025-09-25,C0219,Consumer,71,False,Social,Tablet,East,Sports,63.72,2,0,127.44,76.25,51.19,Standard,3,False,4.0,Card,True
ORD-04027,2025-09-25,C1105,Small Business,44,False,Social,Mobile,North,Toys,37.87,4,15,128.76,86.39,42.37,Standard,5,False,,Bank Transfer,False
ORD-04028,2025-09-25,C0069,Consumer,27,False,Direct,Desktop,South,Home,109.51,3,5,312.1,190.0,122.1,Standard,4,True,3.0,Card,False
ORD-04029,2025-09-25,C0990,Consumer,23,False,Paid Search,Desktop,North,Apparel,52.71,3,0,158.13,82.68,75.45,Economy,7,False,,Card,False
ORD-04030,2025-09-25,C0144,Enterprise,32,False,Organic Search,Mobile,West,Home,78.29,3,15,199.64,127.82,71.82,Economy,9,True,1.0,Card,False
ORD-04031,2025-09-25,C0728,Consumer,35,False,Direct,Desktop,West,Apparel,64.1,2,10,115.38,64.68,50.7,Standard,7,False,3.0,Card,False
ORD-04032,2025-09-25,C0840,Consumer,43,False,Social,Mobile,South,Sports,64.05,2,20,102.48,75.93,26.55,Standard,4,False,,Card,False
ORD-04033,2025-09-26,C0002,Consumer,29,False,Affiliate,Mobile,South,Apparel,62.9,2,0,125.8,63.01,62.79,Standard,4,False,,PayPal,False
ORD-04034,2025-09-26,C0950,Consumer,71,False,Paid Search,Mobile,West,Electronics,397.06,2,10,714.71,505.1,209.61,Express,4,False,4.0,Card,False
ORD-04035,2025-09-26,C1052,Consumer,73,False,Organic Search,Desktop,West,Apparel,47.9,1,5,45.5,25.13,20.37,Standard,7,False,4.0,Card,False
ORD-04036,2025-09-26,C0545,Consumer,54,False,Organic Search,Mobile,South,Home,87.77,2,20,140.43,99.74,40.69,Express,2,False,5.0,PayPal,False
ORD-04037,2025-09-26,C0037,Consumer,18,False,Paid Search,Desktop,West,Beauty,31.77,1,10,28.59,14.38,14.21,Standard,7,False,4.0,Apple Pay,False
ORD-04038,2025-09-26,C0789,Small Business,64,False,Organic Search,Desktop,East,Electronics,236.52,3,0,709.56,477.93,231.63,Economy,5,False,5.0,Card,True
ORD-04039,2025-09-27,C0304,Small Business,19,True,Paid Search,Mobile,West,Toys,38.15,5,20,152.6,102.42,50.18,Express,6,False,4.0,Apple Pay,False
ORD-04040,2025-09-27,C1137,Small Business,70,False,Organic Search,Mobile,East,Apparel,44.09,2,15,74.95,47.27,27.68,Standard,4,False,,Apple Pay,False
ORD-04041,2025-09-27,C1131,Small Business,33,False,Affiliate,Mobile,West,Apparel,50.5,5,0,252.5,133.42,119.08,Economy,9,False,3.0,Apple Pay,False
ORD-04042,2025-09-27,C0572,Small Business,58,False,Paid Search,Tablet,North,Home,120.72,3,10,325.94,212.37,113.57,Standard,4,False,5.0,PayPal,False
ORD-04043,2025-09-27,C0300,Consumer,40,False,Direct,Desktop,West,Toys,32.18,1,0,32.18,17.89,14.29,Standard,7,False,,Card,False
ORD-04044,2025-09-27,C0187,Small Business,46,True,Paid Search,Desktop,West,Home,61.23,1,0,61.23,36.59,24.64,Standard,6,False,4.0,Card,False
ORD-04045,2025-09-27,C0188,Small Business,33,False,Direct,Mobile,West,Sports,77.89,3,15,198.62,143.43,55.19,Express,4,False,5.0,Card,False
ORD-04046,2025-09-28,C0048,Consumer,18,True,Direct,Desktop,South,Sports,52.19,1,20,41.75,30.42,11.33,Standard,5,False,4.0,Card,False
ORD-04047,2025-09-28,C0207,Consumer,48,False,Social,Mobile,South,Beauty,28.15,3,0,84.45,38.34,46.11,Standard,3,True,,Card,False
ORD-04048,2025-09-28,C0763,Small Business,26,False,Social,Desktop,South,Beauty,33.32,2,5,63.31,29.06,34.25,Standard,3,False,4.0,Card,False
ORD-04049,2025-09-29,C1088,Consumer,46,False,Direct,Mobile,East,Beauty,35.34,2,20,56.54,31.66,24.88,Economy,6,False,,PayPal,False
ORD-04050,2025-09-29,C0400,Consumer,24,False,Social,Mobile,South,Apparel,44.58,3,0,133.74,65.78,67.96,Economy,5,True,,PayPal,False
ORD-04051,2025-09-29,C0558,Small Business,22,False,Paid Search,Mobile,North,Home,105.39,3,10,284.55,187.63,96.92,Standard,8,False,,Card,False
ORD-04052,2025-09-29,C1137,Small Business,70,False,Direct,Mobile,North,Toys,27.43,3,5,78.18,44.81,33.37,Economy,6,False,,Card,False
ORD-04053,2025-09-29,C0068,Consumer,34,True,Direct,Mobile,West,Apparel,40.23,1,10,36.21,20.92,15.29,Economy,10,True,2.0,Card,True
ORD-04054,2025-09-30,C0105,Consumer,41,False,Organic Search,Desktop,South,Toys,34.24,2,10,61.63,39.01,22.62,Standard,3,False,4.0,Card,True
ORD-04055,2025-09-30,C0300,Consumer,40,False,Paid Search,Tablet,North,Apparel,49.3,1,0,49.3,25.25,24.05,Standard,3,False,,PayPal,False
ORD-04056,2025-09-30,C0924,Small Business,43,True,Organic Search,Mobile,South,Beauty,36.64,2,25,54.96,33.41,21.55,Standard,5,False,,Bank Transfer,False
ORD-04057,2025-10-01,C0604,Consumer,25,False,Paid Search,Desktop,East,Home,80.56,3,0,241.68,145.27,96.41,Standard,4,False,5.0,Bank Transfer,False
ORD-04058,2025-10-01,C0950,Consumer,71,False,Email,Desktop,South,Home,54.13,3,0,162.39,94.52,67.87,Standard,4,False,,PayPal,False
ORD-04059,2025-10-01,C0800,Consumer,34,False,Paid Search,Mobile,East,Electronics,256.37,1,0,256.37,170.32,86.05,Express,2,False,,PayPal,False
ORD-04060,2025-10-02,C1112,Consumer,19,False,Direct,Desktop,East,Electronics,202.88,1,10,182.59,138.5,44.09,Standard,4,False,,Card,True
ORD-04061,2025-10-02,C0345,Consumer,56,False,Email,Mobile,West,Electronics,345.67,1,0,345.67,247.06,98.61,Express,7,False,,Card,False
ORD-04062,2025-10-02,C0943,Small Business,52,False,Social,Tablet,East,Sports,52.62,3,25,118.39,96.04,22.35,Standard,5,False,,Apple Pay,True
ORD-04063,2025-10-02,C1052,Consumer,73,False,Organic Search,Mobile,West,Home,70.9,2,0,141.8,85.97,55.83,Economy,8,True,2.0,Apple Pay,False
ORD-04064,2025-10-03,C0334,Enterprise,60,False,Direct,Mobile,North,Sports,68.0,3,10,183.6,122.54,61.06,Standard,3,False,3.0,Card,False
ORD-04065,2025-10-03,C0063,Small Business,53,False,Paid Search,Desktop,West,Electronics,277.96,2,15,472.53,375.43,97.1,Express,6,False,,PayPal,True
ORD-04066,2025-10-03,C0671,Consumer,70,False,Direct,Mobile,East,Home,101.06,2,10,181.91,121.81,60.1,Standard,4,False,5.0,PayPal,False
ORD-04067,2025-10-03,C1163,Small Business,33,True,Organic Search,Tablet,West,Apparel,36.81,4,0,147.24,76.88,70.36,Standard,11,False,3.0,Card,False
ORD-04068,2025-10-03,C0868,Small Business,72,False,Organic Search,Mobile,East,Beauty,37.85,5,0,189.25,83.41,105.84,Standard,4,False,5.0,Card,False
ORD-04069,2025-10-03,C0152,Consumer,46,False,Direct,Mobile,North,Home,82.9,2,0,165.8,93.63,72.17,Standard,3,False,3.0,Apple Pay,False
ORD-04070,2025-10-04,C1058,Consumer,63,True,Organic Search,Mobile,East,Electronics,152.42,1,10,137.18,106.16,31.02,Economy,6,False,3.0,Card,False
ORD-04071,2025-10-04,C1183,Consumer,48,False,Social,Mobile,East,Home,88.51,1,20,70.81,51.59,19.22,Express,2,False,,PayPal,False
ORD-04072,2025-10-05,C0719,Consumer,38,False,Direct,Mobile,West,Electronics,206.48,2,10,371.66,290.15,81.51,Standard,7,False,3.0,PayPal,False
ORD-04073,2025-10-05,C0119,Consumer,49,True,Paid Search,Desktop,West,Electronics,282.94,4,0,1131.76,780.0,351.76,Standard,6,False,4.0,PayPal,False
ORD-04074,2025-10-05,C1010,Consumer,39,False,Social,Mobile,North,Toys,47.0,2,20,75.2,49.81,25.39,Express,3,False,,Card,False
ORD-04075,2025-10-05,C1125,Small Business,48,False,Affiliate,Desktop,North,Electronics,198.83,3,20,477.19,398.23,78.96,Standard,3,False,5.0,PayPal,False
ORD-04076,2025-10-05,C0400,Consumer,24,False,Social,Mobile,East,Sports,64.76,3,30,136.0,120.12,15.88,Economy,6,False,,Card,False
ORD-04077,2025-10-05,C0063,Small Business,53,False,Direct,Mobile,East,Sports,55.25,4,5,209.95,127.94,82.01,Economy,6,False,,Card,True
ORD-04078,2025-10-06,C0424,Consumer,68,False,Social,Desktop,North,Home,106.12,3,10,286.52,183.28,103.24,Standard,5,False,4.0,Card,False
ORD-04079,2025-10-06,C1052,Consumer,73,False,Direct,Mobile,South,Beauty,47.16,2,15,80.17,42.33,37.84,Standard,4,False,4.0,Card,False
ORD-04080,2025-10-06,C1134,Consumer,20,False,Paid Search,Mobile,West,Home,63.02,4,0,252.08,147.18,104.9,Standard,7,False,,Card,False
ORD-04081,2025-10-06,C1010,Consumer,39,False,Social,Desktop,South,Toys,29.53,2,0,59.06,32.76,26.3,Economy,7,False,4.0,Card,False
ORD-04082,2025-10-06,C0210,Consumer,19,False,Direct,Tablet,North,Apparel,50.28,3,10,135.76,81.44,54.32,Standard,5,False,,Card,False
ORD-04083,2025-10-06,C0561,Small Business,24,True,Organic Search,Mobile,East,Beauty,27.21,4,0,108.84,49.29,59.55,Economy,6,False,3.0,PayPal,False
ORD-04084,2025-10-06,C0671,Consumer,70,False,Affiliate,Mobile,East,Home,49.22,2,15,83.67,56.49,27.18,Standard,4,False,5.0,Apple Pay,False
ORD-04085,2025-10-07,C0677,Consumer,71,True,Direct,Desktop,East,Toys,47.14,4,0,188.56,110.76,77.8,Standard,4,False,4.0,Bank Transfer,False
ORD-04086,2025-10-07,C1141,Small Business,52,False,Organic Search,Mobile,East,Beauty,38.12,3,0,114.36,50.54,63.82,Standard,5,False,,PayPal,False
ORD-04087,2025-10-07,C0570,Consumer,51,False,Affiliate,Desktop,North,Electronics,319.4,1,5,303.43,209.06,94.37,Express,2,False,5.0,Card,False
ORD-04088,2025-10-07,C0265,Consumer,47,False,Email,Desktop,East,Beauty,34.9,1,0,34.9,15.91,18.99,Standard,4,False,,Card,False
ORD-04089,2025-10-07,C0728,Consumer,35,False,Email,Mobile,South,Apparel,50.19,1,25,37.64,26.79,10.85,Standard,3,True,,PayPal,False
ORD-04090,2025-10-07,C0119,Consumer,49,False,Affiliate,Mobile,East,Beauty,26.44,2,10,47.59,25.08,22.51,Standard,3,False,,Card,True
ORD-04091,2025-10-07,C0742,Small Business,58,False,Organic Search,Desktop,North,Electronics,195.11,1,0,195.11,129.61,65.5,Standard,4,False,4.0,Bank Transfer,False
ORD-04092,2025-10-07,C0330,Small Business,48,True,Direct,Mobile,South,Toys,44.28,3,10,119.56,70.02,49.54,Economy,6,False,4.0,Card,False
ORD-04093,2025-10-07,C0619,Consumer,31,False,Affiliate,Mobile,North,Sports,43.52,1,15,36.99,27.01,9.98,Standard,3,False,4.0,PayPal,False
ORD-04094,2025-10-07,C0312,Consumer,72,False,Email,Mobile,East,Toys,53.17,1,10,47.85,29.06,18.79,Standard,4,False,,Card,False
ORD-04095,2025-10-07,C0763,Small Business,26,False,Organic Search,Mobile,North,Apparel,31.99,2,15,54.38,33.79,20.59,Standard,4,False,5.0,Card,False
ORD-04096,2025-10-08,C0558,Small Business,22,False,Social,Desktop,North,Apparel,43.17,3,10,116.56,66.79,49.77,Standard,5,False,5.0,PayPal,True
ORD-04097,2025-10-08,C0529,Consumer,42,False,Paid Search,Mobile,East,Beauty,35.59,1,5,33.81,16.07,17.74,Standard,3,False,,PayPal,False
ORD-04098,2025-10-08,C1095,Consumer,38,False,Direct,Desktop,South,Sports,72.37,2,5,137.5,86.32,51.18,Express,1,False,5.0,PayPal,False
ORD-04099,2025-10-08,C0215,Consumer,73,False,Organic Search,Mobile,West,Apparel,38.12,1,15,32.4,19.3,13.1,Standard,7,False,3.0,Card,False
ORD-04100,2025-10-08,C1023,Small Business,51,False,Direct,Desktop,West,Home,104.47,3,30,219.39,184.31,35.08,Economy,9,False,3.0,Card,False
ORD-04101,2025-10-09,C0609,Consumer,56,False,Organic Search,Mobile,North,Home,109.87,2,0,219.74,135.14,84.6,Standard,4,False,,Card,False
ORD-04102,2025-10-09,C0921,Consumer,53,False,Social,Mobile,East,Apparel,45.04,1,5,42.79,23.9,18.89,Standard,3,False,,PayPal,False
ORD-04103,2025-10-09,C0384,Consumer,33,False,Organic Search,Desktop,East,Home,70.4,1,0,70.4,39.82,30.58,Express,3,True,3.0,PayPal,False
ORD-04104,2025-10-09,C0728,Consumer,35,False,Organic Search,Mobile,West,Beauty,34.05,1,5,32.35,14.64,17.71,Standard,6,True,3.0,Card,True
ORD-04105,2025-10-09,C0803,Consumer,47,False,Email,Mobile,South,Home,102.72,1,0,102.72,61.88,40.84,Standard,3,False,4.0,Apple Pay,True
ORD-04106,2025-10-10,C1054,Consumer,36,False,Direct,Mobile,East,Apparel,42.11,3,0,126.33,65.46,60.87,Standard,3,False,,Bank Transfer,False
ORD-04107,2025-10-10,C0213,Consumer,19,False,Email,Tablet,South,Home,65.75,3,0,197.25,111.55,85.7,Economy,8,False,,PayPal,False
ORD-04108,2025-10-10,C0758,Consumer,64,False,Direct,Desktop,West,Home,75.02,3,0,225.06,130.55,94.51,Standard,7,False,3.0,Card,False
ORD-04109,2025-10-10,C0298,Small Business,53,False,Organic Search,Desktop,West,Beauty,29.97,2,0,59.94,26.12,33.82,Standard,6,False,4.0,Card,False
ORD-04110,2025-10-10,C0728,Consumer,35,False,Direct,Mobile,West,Apparel,34.63,1,0,34.63,18.54,16.09,Economy,8,False,,Card,False
ORD-04111,2025-10-10,C0676,Small Business,50,False,Email,Mobile,North,Sports,80.08,3,15,204.2,146.74,57.46,Express,1,False,5.0,Apple Pay,False
ORD-04112,2025-10-10,C0012,Consumer,31,False,Paid Search,Mobile,West,Toys,37.99,5,0,189.95,102.63,87.32,Standard,6,False,4.0,Card,False
ORD-04113,2025-10-11,C0840,Consumer,43,False,Paid Search,Tablet,East,Beauty,24.27,2,20,38.83,22.64,16.19,Standard,5,False,,Bank Transfer,False
ORD-04114,2025-10-11,C0210,Consumer,19,False,Paid Search,Mobile,East,Home,67.08,3,15,171.05,119.56,51.49,Express,2,False,5.0,Card,False
ORD-04115,2025-10-11,C0816,Small Business,28,False,Social,Mobile,South,Apparel,52.32,2,15,88.94,55.4,33.54,Express,1,False,,Card,True
ORD-04116,2025-10-11,C0685,Consumer,32,False,Paid Search,Desktop,East,Home,70.07,2,0,140.14,80.39,59.75,Standard,6,False,,Card,False
ORD-04117,2025-10-11,C0450,Enterprise,43,True,Email,Tablet,East,Home,84.82,7,0,593.74,346.35,247.39,Standard,4,False,4.0,Card,False
ORD-04118,2025-10-11,C1052,Consumer,73,False,Direct,Desktop,West,Sports,87.57,1,0,87.57,52.92,34.65,Express,7,False,,PayPal,False
ORD-04119,2025-10-11,C0077,Small Business,73,True,Social,Desktop,North,Toys,45.6,1,20,36.48,24.38,12.1,Standard,4,False,,PayPal,False
ORD-04120,2025-10-11,C1052,Consumer,73,False,Email,Mobile,North,Apparel,51.45,3,0,154.35,81.21,73.14,Economy,7,False,3.0,Card,False
ORD-04121,2025-10-12,C1165,Consumer,43,False,Organic Search,Mobile,South,Sports,112.07,1,5,106.47,67.1,39.37,Standard,3,False,5.0,PayPal,False
ORD-04122,2025-10-12,C0384,Consumer,33,False,Paid Search,Tablet,West,Toys,30.65,2,10,55.17,34.87,20.3,Standard,7,False,3.0,Card,False
ORD-04123,2025-10-12,C1095,Consumer,38,False,Social,Desktop,North,Apparel,56.21,1,0,56.21,30.07,26.14,Standard,5,False,4.0,PayPal,False
ORD-04124,2025-10-12,C0785,Consumer,54,False,Organic Search,Desktop,South,Electronics,173.64,2,15,295.19,228.79,66.4,Economy,5,False,4.0,Bank Transfer,False
ORD-04125,2025-10-12,C0819,Consumer,52,False,Affiliate,Mobile,North,Home,64.51,1,5,61.28,37.74,23.54,Economy,6,False,4.0,Card,False
ORD-04126,2025-10-12,C0205,Consumer,45,False,Paid Search,Tablet,East,Home,91.87,2,5,174.55,108.42,66.13,Economy,7,False,4.0,Bank Transfer,True
ORD-04127,2025-10-13,C0763,Small Business,26,False,Email,Desktop,South,Electronics,236.91,2,0,473.82,311.89,161.93,Economy,7,False,3.0,Card,False
ORD-04128,2025-10-13,C1106,Consumer,67,False,Social,Mobile,East,Apparel,24.77,4,5,94.13,50.91,43.22,Economy,6,False,5.0,Card,True
ORD-04129,2025-10-13,C1052,Consumer,73,False,Affiliate,Mobile,North,Electronics,175.97,1,25,131.98,120.54,11.44,Standard,6,False,,Card,False
ORD-04130,2025-10-13,C1052,Consumer,73,False,Paid Search,Mobile,South,Apparel,46.99,3,0,140.97,73.39,67.58,Economy,6,False,4.0,Card,False
ORD-04131,2025-10-13,C0529,Consumer,42,False,Organic Search,Desktop,South,Toys,26.27,2,5,49.91,29.33,20.58,Express,1,False,,Card,False
ORD-04132,2025-10-13,C0558,Small Business,22,False,Affiliate,Desktop,East,Electronics,303.85,3,15,774.82,614.58,160.24,Standard,5,False,4.0,PayPal,False
ORD-04133,2025-10-13,C0392,Consumer,61,False,Affiliate,Mobile,East,Apparel,53.82,1,0,53.82,27.1,26.72,Standard,4,False,4.0,Card,False
ORD-04134,2025-10-13,C1059,Consumer,27,False,Social,Mobile,South,Beauty,37.88,1,15,32.2,17.34,14.86,Standard,5,False,5.0,PayPal,False
ORD-04135,2025-10-14,C0202,Small Business,18,False,Social,Desktop,South,Home,98.51,2,30,137.91,111.82,26.09,Economy,8,False,4.0,Card,False
ORD-04136,2025-10-14,C0445,Consumer,65,False,Affiliate,Desktop,North,Home,120.74,2,15,205.26,129.59,75.67,Economy,7,False,,Bank Transfer,False
ORD-04137,2025-10-14,C1156,Consumer,49,False,Direct,Mobile,West,Home,121.61,2,10,218.9,140.33,78.57,Economy,9,False,3.0,Card,False
ORD-04138,2025-10-14,C0400,Consumer,24,False,Paid Search,Desktop,East,Beauty,26.86,1,0,26.86,12.84,14.02,Standard,3,False,,Card,False
ORD-04139,2025-10-14,C0188,Small Business,33,False,Email,Mobile,East,Toys,53.74,4,5,204.21,111.5,92.71,Standard,5,False,,PayPal,False
ORD-04140,2025-10-14,C0671,Consumer,70,False,Affiliate,Desktop,North,Toys,25.66,3,5,73.13,43.36,29.77,Standard,3,False,5.0,Card,False
ORD-04141,2025-10-15,C0655,Consumer,21,False,Paid Search,Mobile,South,Electronics,284.48,1,10,256.03,187.38,68.65,Standard,5,False,4.0,Card,False
ORD-04142,2025-10-15,C1052,Consumer,73,False,Social,Desktop,North,Electronics,187.86,2,15,319.36,254.79,64.57,Express,5,False,5.0,Card,False
ORD-04143,2025-10-15,C0210,Consumer,19,False,Social,Mobile,East,Home,132.28,1,0,132.28,75.45,56.83,Standard,3,False,3.0,PayPal,False
ORD-04144,2025-10-15,C0201,Enterprise,40,False,Direct,Mobile,East,Beauty,32.11,8,0,256.88,119.71,137.17,Economy,8,True,2.0,Bank Transfer,False
ORD-04145,2025-10-15,C0869,Consumer,39,False,Affiliate,Mobile,West,Apparel,41.7,1,0,41.7,21.44,20.26,Standard,6,False,3.0,Bank Transfer,False
ORD-04146,2025-10-15,C0012,Consumer,31,False,Social,Desktop,West,Home,57.82,1,0,57.82,33.16,24.66,Express,4,False,,PayPal,True
ORD-04147,2025-10-15,C0558,Small Business,22,False,Paid Search,Tablet,South,Beauty,27.18,3,25,61.15,37.6,23.55,Economy,5,True,,PayPal,True
ORD-04148,2025-10-16,C1157,Small Business,20,True,Direct,Tablet,North,Home,98.18,1,0,98.18,57.35,40.83,Express,1,False,4.0,PayPal,False
ORD-04149,2025-10-16,C1134,Consumer,20,False,Paid Search,Desktop,North,Home,93.94,2,30,131.52,104.93,26.59,Standard,4,False,4.0,Bank Transfer,True
ORD-04150,2025-10-16,C0442,Small Business,69,False,Organic Search,Mobile,East,Sports,88.26,3,0,264.78,158.7,106.08,Standard,4,False,5.0,Card,False
ORD-04151,2025-10-16,C0686,Small Business,34,True,Direct,Mobile,South,Beauty,34.19,2,0,68.38,30.09,38.29,Standard,3,False,3.0,Card,False
ORD-04152,2025-10-16,C0370,Consumer,35,False,Direct,Mobile,West,Home,72.39,4,20,231.65,170.75,60.9,Standard,7,False,2.0,Card,False
ORD-04153,2025-10-16,C0297,Consumer,66,False,Email,Mobile,South,Toys,38.62,2,20,61.79,39.29,22.5,Standard,3,False,5.0,Card,True
ORD-04154,2025-10-17,C0297,Consumer,66,False,Direct,Desktop,South,Home,80.16,2,5,152.3,91.65,60.65,Express,1,False,,Card,False
ORD-04155,2025-10-17,C0014,Consumer,18,True,Email,Tablet,West,Toys,35.33,3,30,74.19,58.77,15.42,Standard,6,False,3.0,Card,False
ORD-04156,2025-10-17,C1052,Consumer,73,False,Paid Search,Mobile,North,Home,82.57,3,5,235.32,151.37,83.95,Standard,3,False,4.0,Card,True
ORD-04157,2025-10-17,C0275,Consumer,31,False,Email,Mobile,West,Home,94.23,3,0,282.69,161.36,121.33,Standard,7,False,,PayPal,False
ORD-04158,2025-10-17,C0685,Consumer,32,False,Social,Mobile,North,Beauty,33.16,3,0,99.48,44.57,54.91,Economy,6,False,4.0,Card,False
ORD-04159,2025-10-17,C0472,Consumer,72,False,Direct,Desktop,West,Beauty,47.19,1,15,40.11,21.13,18.98,Economy,10,False,2.0,Card,True
ORD-04160,2025-10-18,C1105,Small Business,44,False,Direct,Desktop,East,Apparel,41.72,3,15,106.39,68.0,38.39,Express,1,False,5.0,Apple Pay,False
ORD-04161,2025-10-18,C0640,Small Business,46,True,Email,Mobile,North,Apparel,41.67,1,15,35.42,21.18,14.24,Express,1,False,5.0,Bank Transfer,False
ORD-04162,2025-10-18,C0499,Enterprise,37,False,Social,Mobile,North,Sports,87.34,7,0,611.38,375.55,235.83,Standard,4,False,,Card,False
ORD-04163,2025-10-18,C1052,Consumer,73,False,Organic Search,Mobile,East,Electronics,161.7,3,25,363.82,315.99,47.83,Standard,3,False,5.0,Card,True
ORD-04164,2025-10-18,C0840,Consumer,43,False,Direct,Desktop,East,Electronics,198.09,2,30,277.33,268.96,8.37,Express,1,False,5.0,Card,False
ORD-04165,2025-10-18,C0497,Consumer,37,False,Organic Search,Mobile,East,Apparel,54.34,2,5,103.25,56.36,46.89,Economy,5,False,4.0,Card,False
ORD-04166,2025-10-18,C0794,Enterprise,44,False,Direct,Mobile,East,Apparel,44.82,4,10,161.35,94.1,67.25,Standard,4,False,5.0,Card,True
ORD-04167,2025-10-18,C0763,Small Business,26,False,Direct,Desktop,West,Electronics,161.94,3,0,485.82,336.8,149.02,Economy,11,False,2.0,Bank Transfer,False
ORD-04168,2025-10-18,C0265,Consumer,47,False,Affiliate,Mobile,West,Beauty,27.19,3,30,57.1,38.55,18.55,Standard,8,False,3.0,Card,True
ORD-04169,2025-10-18,C0525,Enterprise,23,False,Email,Desktop,South,Home,118.14,1,0,118.14,71.23,46.91,Standard,4,True,4.0,Card,False
ORD-04170,2025-10-18,C0671,Consumer,70,False,Email,Desktop,North,Home,78.5,2,5,149.15,88.13,61.02,Standard,7,True,2.0,PayPal,False
ORD-04171,2025-10-18,C0908,Small Business,21,False,Organic Search,Mobile,East,Home,52.2,2,5,99.18,60.07,39.11,Express,3,False,,Card,False
ORD-04172,2025-10-19,C0996,Small Business,28,False,Organic Search,Desktop,West,Electronics,187.76,4,5,713.49,521.49,192.0,Standard,6,False,3.0,Card,False
ORD-04173,2025-10-19,C1134,Consumer,20,False,Organic Search,Mobile,West,Electronics,240.79,2,20,385.26,338.38,46.88,Standard,6,False,4.0,Bank Transfer,False
ORD-04174,2025-10-19,C1125,Small Business,48,False,Direct,Mobile,South,Sports,52.08,3,15,132.8,96.82,35.98,Standard,4,False,5.0,Card,False
ORD-04175,2025-10-19,C0037,Consumer,18,False,Organic Search,Mobile,East,Toys,26.48,1,20,21.18,15.05,6.13,Express,2,True,4.0,Apple Pay,False
ORD-04176,2025-10-19,C0646,Consumer,19,False,Direct,Tablet,West,Home,125.61,1,20,100.49,73.25,27.24,Standard,7,False,,Card,False
ORD-04177,2025-10-19,C0800,Consumer,34,False,Organic Search,Mobile,East,Toys,33.29,1,5,31.63,18.11,13.52,Economy,7,False,,Card,False
ORD-04178,2025-10-19,C1052,Consumer,73,False,Social,Mobile,South,Toys,29.87,1,10,26.88,16.36,10.52,Standard,4,False,4.0,Card,True
ORD-04179,2025-10-19,C0424,Consumer,68,False,Direct,Desktop,North,Apparel,49.63,2,0,99.26,50.33,48.93,Standard,5,True,3.0,Card,False
ORD-04180,2025-10-19,C0868,Small Business,72,False,Direct,Desktop,East,Apparel,44.52,5,5,211.47,111.82,99.65,Standard,5,False,5.0,Card,False
ORD-04181,2025-10-19,C0715,Consumer,36,False,Paid Search,Mobile,South,Apparel,44.98,3,20,107.95,69.04,38.91,Standard,5,True,3.0,Card,False
ORD-04182,2025-10-19,C0063,Small Business,53,False,Direct,Mobile,North,Home,72.5,5,15,308.12,213.66,94.46,Economy,7,True,2.0,PayPal,False
ORD-04183,2025-10-20,C0207,Consumer,48,False,Email,Mobile,South,Beauty,35.05,2,0,70.1,33.02,37.08,Economy,7,False,3.0,Apple Pay,False
ORD-04184,2025-10-20,C0210,Consumer,19,False,Paid Search,Mobile,East,Beauty,27.71,2,10,49.88,25.37,24.51,Economy,6,False,4.0,PayPal,True
ORD-04185,2025-10-20,C0728,Consumer,35,False,Organic Search,Mobile,East,Toys,43.66,2,0,87.32,47.27,40.05,Economy,5,False,4.0,Card,False
ORD-04186,2025-10-20,C1095,Consumer,38,False,Paid Search,Desktop,South,Electronics,243.2,1,5,231.04,161.28,69.76,Standard,3,True,,Card,False
ORD-04187,2025-10-20,C1200,Small Business,49,True,Social,Desktop,East,Toys,32.7,1,10,29.43,17.63,11.8,Standard,5,False,,Bank Transfer,False
ORD-04188,2025-10-21,C0400,Consumer,24,False,Email,Mobile,East,Apparel,51.22,4,10,184.39,109.7,74.69,Standard,3,False,4.0,Card,False
ORD-04189,2025-10-21,C1125,Small Business,48,False,Affiliate,Mobile,North,Home,119.12,2,20,190.59,136.9,53.69,Economy,6,False,3.0,Bank Transfer,False
ORD-04190,2025-10-21,C0298,Small Business,53,False,Affiliate,Mobile,North,Apparel,43.16,1,0,43.16,21.92,21.24,Express,3,True,3.0,Card,False
ORD-04191,2025-10-21,C0085,Consumer,40,False,Affiliate,Desktop,North,Toys,30.76,2,30,43.06,33.52,9.54,Economy,8,False,,Apple Pay,False
ORD-04192,2025-10-21,C0630,Consumer,34,False,Paid Search,Mobile,West,Toys,48.6,1,25,36.45,27.56,8.89,Express,6,False,3.0,Card,True
ORD-04193,2025-10-21,C0070,Consumer,18,False,Email,Mobile,North,Electronics,213.85,2,0,427.7,288.2,139.5,Standard,5,True,3.0,Bank Transfer,False
ORD-04194,2025-10-21,C1134,Consumer,20,False,Organic Search,Mobile,West,Home,55.34,4,10,199.22,139.15,60.07,Standard,7,False,,PayPal,False
ORD-04195,2025-10-22,C0152,Consumer,46,False,Direct,Mobile,East,Sports,94.87,2,5,180.25,117.29,62.96,Economy,5,False,,Card,False
ORD-04196,2025-10-22,C0298,Small Business,53,False,Social,Mobile,East,Toys,36.34,2,25,54.51,42.32,12.19,Standard,3,False,,Card,False
ORD-04197,2025-10-22,C0083,Enterprise,60,False,Paid Search,Desktop,West,Electronics,251.13,4,25,753.39,735.25,18.14,Economy,9,False,3.0,Card,False
ORD-04198,2025-10-22,C0085,Consumer,40,False,Organic Search,Mobile,East,Electronics,221.48,1,20,177.18,143.85,33.33,Express,2,True,4.0,Apple Pay,False
ORD-04199,2025-10-22,C0104,Enterprise,62,False,Social,Mobile,South,Apparel,58.76,3,10,158.65,94.15,64.5,Standard,4,False,4.0,Card,False
ORD-04200,2025-10-22,C0532,Small Business,24,True,Email,Desktop,West,Electronics,296.27,4,20,948.06,813.24,134.82,Standard,7,False,,Apple Pay,False
ORD-04201,2025-10-22,C0947,Consumer,26,False,Paid Search,Mobile,North,Sports,67.44,2,10,121.39,79.57,41.82,Standard,4,False,4.0,PayPal,False
ORD-04202,2025-10-22,C0301,Consumer,20,False,Social,Mobile,South,Beauty,28.86,1,20,23.09,13.4,9.69,Standard,4,False,,PayPal,False
ORD-04203,2025-10-23,C0615,Consumer,71,False,Organic Search,Mobile,South,Electronics,321.71,2,20,514.74,438.63,76.11,Standard,5,False,4.0,PayPal,False
ORD-04204,2025-10-23,C0155,Consumer,62,False,Organic Search,Mobile,West,Home,71.33,3,5,203.29,120.96,82.33,Express,4,False,,Card,False
ORD-04205,2025-10-23,C0207,Consumer,48,False,Organic Search,Mobile,East,Electronics,233.78,1,0,233.78,153.05,80.73,Standard,5,False,5.0,Card,False
ORD-04206,2025-10-23,C0065,Enterprise,62,False,Direct,Mobile,West,Home,54.2,3,10,146.34,98.78,47.56,Standard,6,False,,Card,False
ORD-04207,2025-10-23,C0633,Consumer,40,False,Social,Desktop,South,Beauty,28.09,2,10,50.56,25.45,25.11,Economy,5,False,4.0,PayPal,False
ORD-04208,2025-10-23,C0210,Consumer,19,False,Organic Search,Desktop,East,Home,114.22,1,5,108.51,61.46,47.05,Express,2,False,5.0,Card,True
ORD-04209,2025-10-23,C0244,Consumer,35,False,Direct,Desktop,North,Electronics,159.67,4,5,606.75,434.92,171.83,Economy,8,False,,PayPal,False
ORD-04210,2025-10-23,C0215,Consumer,73,False,Direct,Desktop,North,Sports,80.74,1,0,80.74,48.03,32.71,Express,1,False,,Card,False
ORD-04211,2025-10-24,C0582,Consumer,27,True,Paid Search,Desktop,East,Toys,36.69,1,0,36.69,20.0,16.69,Standard,4,False,,Card,False
ORD-04212,2025-10-24,C1052,Consumer,73,False,Email,Mobile,East,Sports,64.96,2,0,129.92,79.29,50.63,Economy,7,False,3.0,Bank Transfer,False
ORD-04213,2025-10-24,C0387,Small Business,21,False,Organic Search,Mobile,East,Electronics,184.98,2,0,369.96,246.89,123.07,Standard,7,False,3.0,Apple Pay,False
ORD-04214,2025-10-24,C0200,Consumer,56,False,Affiliate,Mobile,West,Electronics,234.03,2,0,468.06,296.55,171.51,Standard,6,False,3.0,Apple Pay,False
ORD-04215,2025-10-24,C0728,Consumer,35,False,Social,Desktop,West,Home,195.43,2,30,273.6,223.2,50.4,Standard,6,False,4.0,Card,True
ORD-04216,2025-10-24,C1199,Consumer,67,True,Paid Search,Desktop,North,Home,84.28,1,15,71.64,47.96,23.68,Economy,7,False,3.0,Apple Pay,False
ORD-04217,2025-10-25,C0728,Consumer,35,False,Affiliate,Desktop,North,Electronics,268.91,1,25,201.68,184.66,17.02,Economy,6,False,4.0,PayPal,False
ORD-04218,2025-10-25,C0638,Enterprise,41,False,Organic Search,Mobile,West,Beauty,26.47,4,0,105.88,47.5,58.38,Standard,6,False,5.0,Card,False
ORD-04219,2025-10-25,C0588,Consumer,62,False,Direct,Desktop,East,Home,108.66,1,10,97.79,65.21,32.58,Standard,3,False,4.0,Card,False
ORD-04220,2025-10-25,C0376,Small Business,53,False,Affiliate,Desktop,East,Home,93.39,2,5,177.44,101.46,75.98,Standard,4,False,,Apple Pay,False
ORD-04221,2025-10-25,C1052,Consumer,73,False,Social,Desktop,South,Home,45.89,3,0,137.67,80.41,57.26,Standard,5,True,,Card,True
ORD-04222,2025-10-26,C0990,Consumer,23,False,Organic Search,Desktop,North,Beauty,34.45,1,0,34.45,15.57,18.88,Standard,4,False,4.0,Bank Transfer,False
ORD-04223,2025-10-26,C0647,Consumer,25,False,Paid Search,Mobile,East,Toys,34.76,1,25,26.07,20.36,5.71,Standard,3,False,5.0,Card,False
ORD-04224,2025-10-26,C0400,Consumer,24,False,Email,Desktop,East,Electronics,282.65,1,15,240.25,186.35,53.9,Standard,3,False,5.0,Card,False
ORD-04225,2025-10-26,C0298,Small Business,53,False,Organic Search,Desktop,East,Apparel,39.7,5,25,148.88,102.17,46.71,Standard,5,True,4.0,PayPal,False
ORD-04226,2025-10-27,C0063,Small Business,53,False,Organic Search,Desktop,North,Apparel,53.7,3,25,120.83,77.82,43.01,Standard,3,True,5.0,Card,False
ORD-04227,2025-10-27,C0728,Consumer,35,False,Paid Search,Mobile,South,Electronics,217.29,2,0,434.58,289.33,145.25,Express,2,False,5.0,Bank Transfer,False
ORD-04228,2025-10-27,C0406,Small Business,55,False,Direct,Desktop,South,Apparel,47.66,2,0,95.32,50.46,44.86,Standard,5,False,4.0,Apple Pay,False
ORD-04229,2025-10-27,C0061,Small Business,71,False,Organic Search,Mobile,South,Electronics,219.64,3,5,625.97,436.69,189.28,Economy,5,False,,Card,False
ORD-04230,2025-10-28,C0748,Consumer,33,False,Paid Search,Mobile,East,Apparel,34.53,3,5,98.41,54.82,43.59,Economy,5,False,,Card,False
ORD-04231,2025-10-28,C0763,Small Business,26,False,Paid Search,Mobile,South,Toys,28.38,3,0,85.14,46.21,38.93,Standard,3,False,5.0,Apple Pay,False
ORD-04232,2025-10-28,C0534,Consumer,68,False,Direct,Desktop,North,Electronics,187.67,2,20,300.27,254.55,45.72,Standard,6,False,3.0,Apple Pay,True
ORD-04233,2025-10-28,C0061,Small Business,71,False,Email,Mobile,North,Electronics,215.78,2,10,388.4,294.84,93.56,Standard,3,False,,Bank Transfer,False
ORD-04234,2025-10-28,C0964,Small Business,67,False,Social,Mobile,South,Electronics,285.79,4,20,914.53,790.01,124.52,Express,3,False,,Card,False
ORD-04235,2025-10-28,C0646,Consumer,19,False,Social,Mobile,East,Home,73.41,1,10,66.07,44.17,21.9,Express,2,True,,Card,False
ORD-04236,2025-10-28,C0592,Consumer,52,False,Organic Search,Mobile,West,Electronics,173.22,3,0,519.66,364.95,154.71,Standard,8,False,4.0,Bank Transfer,False
ORD-04237,2025-10-28,C0899,Consumer,66,False,Paid Search,Desktop,West,Sports,66.49,1,15,56.52,39.61,16.91,Express,5,False,4.0,Bank Transfer,False
ORD-04238,2025-10-28,C1052,Consumer,73,False,Direct,Mobile,East,Electronics,214.34,1,0,214.34,146.55,67.79,Express,1,False,,Card,False
ORD-04239,2025-10-29,C0825,Small Business,23,False,Email,Mobile,West,Electronics,231.13,4,0,924.52,647.96,276.56,Express,4,False,4.0,Card,False
ORD-04240,2025-10-29,C0380,Consumer,59,False,Direct,Desktop,West,Sports,49.55,2,10,89.19,60.83,28.36,Express,7,False,4.0,PayPal,False
ORD-04241,2025-10-29,C1137,Small Business,70,False,Affiliate,Mobile,East,Electronics,254.15,2,0,508.3,346.28,162.02,Express,3,True,,Card,False
ORD-04242,2025-10-29,C0596,Consumer,69,False,Email,Desktop,West,Beauty,42.86,1,0,42.86,19.4,23.46,Standard,6,False,3.0,Apple Pay,False
ORD-04243,2025-10-29,C0144,Enterprise,32,False,Organic Search,Mobile,West,Toys,25.43,3,0,76.29,40.53,35.76,Express,4,False,,Card,False
ORD-04244,2025-10-29,C0070,Consumer,18,False,Organic Search,Mobile,North,Apparel,47.0,1,15,39.95,24.08,15.87,Express,1,False,5.0,Card,False
ORD-04245,2025-10-29,C0424,Consumer,68,False,Paid Search,Desktop,South,Toys,38.35,1,0,38.35,19.32,19.03,Express,4,False,4.0,Bank Transfer,False
ORD-04246,2025-10-29,C1137,Small Business,70,False,Organic Search,Mobile,West,Apparel,53.69,2,0,107.38,55.56,51.82,Standard,6,False,3.0,Card,False
ORD-04247,2025-10-29,C0400,Consumer,24,False,Organic Search,Tablet,East,Home,66.41,1,10,59.77,39.7,20.07,Standard,4,False,,Card,True
ORD-04248,2025-10-29,C0846,Consumer,27,False,Organic Search,Mobile,South,Home,58.27,1,10,52.44,33.97,18.47,Express,2,True,3.0,Apple Pay,False
ORD-04249,2025-10-30,C0638,Enterprise,41,False,Direct,Mobile,South,Toys,49.31,6,20,236.69,157.25,79.44,Economy,6,False,2.0,Card,False
ORD-04250,2025-10-30,C0670,Consumer,29,False,Email,Mobile,West,Electronics,183.88,2,5,349.37,251.71,97.66,Standard,8,False,3.0,PayPal,False
ORD-04251,2025-10-30,C0878,Consumer,34,False,Email,Mobile,North,Toys,45.81,2,0,91.62,48.97,42.65,Economy,5,False,,Card,False
ORD-04252,2025-10-30,C0885,Consumer,48,False,Email,Mobile,East,Home,56.05,1,5,53.25,34.05,19.2,Express,1,False,,Bank Transfer,False
ORD-04253,2025-10-30,C0840,Consumer,43,False,Paid Search,Mobile,East,Sports,74.32,1,0,74.32,43.67,30.65,Economy,6,False,,Bank Transfer,False
ORD-04254,2025-10-30,C0357,Consumer,37,False,Organic Search,Desktop,West,Apparel,30.95,1,0,30.95,14.8,16.15,Express,5,False,4.0,PayPal,False
ORD-04255,2025-10-30,C0918,Consumer,48,False,Direct,Desktop,South,Apparel,48.14,2,0,96.28,51.43,44.85,Standard,4,False,4.0,PayPal,False
ORD-04256,2025-10-30,C0417,Consumer,43,False,Organic Search,Tablet,North,Beauty,28.52,2,5,54.19,25.7,28.49,Express,2,True,,Apple Pay,False
ORD-04257,2025-10-31,C0086,Small Business,50,False,Paid Search,Desktop,West,Apparel,49.24,3,5,140.33,78.98,61.35,Standard,7,False,3.0,Card,False
ORD-04258,2025-10-31,C1071,Enterprise,40,False,Affiliate,Desktop,South,Sports,50.94,5,25,191.02,155.69,35.33,Express,1,False,,Apple Pay,False
ORD-04259,2025-10-31,C1097,Enterprise,52,False,Social,Mobile,North,Home,55.33,4,10,199.19,129.14,70.05,Standard,3,False,5.0,Apple Pay,False
ORD-04260,2025-10-31,C0822,Consumer,25,False,Organic Search,Desktop,North,Home,57.56,1,0,57.56,34.28,23.28,Standard,3,False,,Bank Transfer,False
ORD-04261,2025-10-31,C0202,Small Business,18,False,Email,Mobile,East,Electronics,148.08,3,0,444.24,317.73,126.51,Express,2,False,5.0,Card,False
ORD-04262,2025-10-31,C0671,Consumer,70,False,Email,Mobile,South,Toys,35.34,2,0,70.68,38.39,32.29,Express,2,False,,Card,False
ORD-04263,2025-10-31,C0824,Consumer,47,True,Paid Search,Mobile,East,Apparel,38.93,1,5,36.98,20.36,16.62,Standard,3,False,5.0,Apple Pay,False
ORD-04264,2025-10-31,C0207,Consumer,48,False,Paid Search,Tablet,East,Beauty,26.96,1,20,21.57,12.6,8.97,Economy,6,False,,Card,False
ORD-04265,2025-10-31,C0685,Consumer,32,False,Direct,Desktop,East,Toys,56.66,2,10,101.99,62.2,39.79,Express,2,False,5.0,PayPal,True
ORD-04266,2025-10-31,C0292,Consumer,46,False,Paid Search,Mobile,South,Apparel,41.0,2,0,82.0,42.75,39.25,Express,1,False,4.0,PayPal,True
ORD-04267,2025-11-01,C0558,Small Business,22,False,Paid Search,Desktop,West,Beauty,32.95,5,20,131.8,71.24,60.56,Economy,10,False,,Card,True
ORD-04268,2025-11-01,C0188,Small Business,33,False,Organic Search,Mobile,North,Sports,54.14,5,15,230.09,159.93,70.16,Express,3,False,5.0,Apple Pay,False
ORD-04269,2025-11-01,C0424,Consumer,68,False,Paid Search,Mobile,South,Apparel,60.9,4,15,207.06,130.76,76.3,Standard,3,True,,Bank Transfer,False
ORD-04270,2025-11-01,C0153,Consumer,44,False,Paid Search,Mobile,East,Sports,56.42,1,0,56.42,35.29,21.13,Standard,4,False,5.0,Card,False
ORD-04271,2025-11-01,C0061,Small Business,71,False,Organic Search,Mobile,South,Sports,76.78,1,0,76.78,46.11,30.67,Express,1,False,5.0,PayPal,False
ORD-04272,2025-11-01,C0910,Consumer,18,False,Paid Search,Mobile,North,Apparel,43.09,1,0,43.09,22.93,20.16,Standard,4,False,5.0,Card,False
ORD-04273,2025-11-01,C0265,Consumer,47,False,Affiliate,Desktop,South,Apparel,48.2,1,5,45.79,26.88,18.91,Standard,6,False,,PayPal,False
ORD-04274,2025-11-01,C0899,Consumer,66,False,Organic Search,Mobile,West,Beauty,24.77,1,15,21.05,11.35,9.7,Standard,8,False,4.0,Card,False
ORD-04275,2025-11-01,C1052,Consumer,73,False,Organic Search,Tablet,West,Sports,68.72,2,5,130.57,79.93,50.64,Economy,10,False,,Card,True
ORD-04276,2025-11-01,C0744,Consumer,28,False,Email,Mobile,South,Apparel,44.41,2,10,79.94,46.04,33.9,Economy,7,False,3.0,Apple Pay,False
ORD-04277,2025-11-02,C0564,Consumer,26,False,Paid Search,Mobile,West,Toys,48.55,1,0,48.55,27.07,21.48,Express,5,False,,PayPal,False
ORD-04278,2025-11-02,C0283,Consumer,55,False,Paid Search,Mobile,South,Home,70.33,3,30,147.69,120.64,27.05,Express,1,False,,Card,False
ORD-04279,2025-11-02,C0728,Consumer,35,False,Organic Search,Mobile,East,Sports,54.49,1,10,49.04,33.22,15.82,Standard,3,True,4.0,Card,False
ORD-04280,2025-11-02,C0843,Small Business,18,True,Affiliate,Mobile,East,Beauty,30.43,3,0,91.29,40.13,51.16,Standard,4,False,4.0,PayPal,True
ORD-04281,2025-11-02,C0671,Consumer,70,False,Social,Desktop,East,Apparel,33.58,1,0,33.58,17.42,16.16,Standard,4,True,4.0,Apple Pay,False
ORD-04282,2025-11-02,C0152,Consumer,46,False,Direct,Mobile,East,Electronics,158.23,3,20,379.75,336.52,43.23,Economy,5,False,4.0,Apple Pay,False
ORD-04283,2025-11-02,C0728,Consumer,35,False,Direct,Mobile,North,Sports,84.17,2,0,168.34,100.13,68.21,Standard,4,False,,Card,False
ORD-04284,2025-11-02,C1164,Small Business,41,False,Email,Desktop,East,Beauty,31.66,3,20,75.98,45.35,30.63,Standard,5,False,3.0,Card,False
ORD-04285,2025-11-02,C0567,Consumer,64,False,Affiliate,Desktop,North,Apparel,31.48,2,10,56.66,31.88,24.78,Economy,6,False,,Bank Transfer,False
ORD-04286,2025-11-02,C0236,Consumer,59,False,Organic Search,Mobile,East,Home,73.74,2,5,140.11,86.53,53.58,Standard,4,False,4.0,PayPal,False
ORD-04287,2025-11-02,C0063,Small Business,53,False,Organic Search,Mobile,West,Apparel,45.69,1,5,43.41,24.75,18.66,Standard,6,False,,Card,False
ORD-04288,2025-11-02,C0881,Consumer,33,False,Social,Desktop,South,Apparel,36.61,1,0,36.61,18.55,18.06,Express,1,False,,Card,False
ORD-04289,2025-11-02,C1061,Consumer,19,False,Organic Search,Mobile,East,Apparel,41.1,3,5,117.14,62.76,54.38,Economy,8,False,3.0,PayPal,False
ORD-04290,2025-11-02,C0207,Consumer,48,False,Affiliate,Tablet,North,Sports,88.24,4,30,247.07,211.91,35.16,Standard,3,False,,Bank Transfer,False
ORD-04291,2025-11-03,C0065,Enterprise,62,False,Affiliate,Tablet,West,Electronics,163.62,3,20,392.69,346.99,45.7,Standard,6,False,,PayPal,False
ORD-04292,2025-11-03,C1052,Consumer,73,False,Email,Tablet,East,Apparel,54.69,3,15,139.46,87.1,52.36,Economy,6,False,5.0,Card,False
ORD-04293,2025-11-03,C0207,Consumer,48,False,Paid Search,Desktop,North,Sports,61.25,1,5,58.19,36.32,21.87,Express,2,False,5.0,Card,False
ORD-04294,2025-11-03,C0012,Consumer,31,False,Paid Search,Desktop,West,Sports,74.04,2,10,133.27,87.03,46.24,Standard,7,False,3.0,Card,False
ORD-04295,2025-11-03,C0728,Consumer,35,False,Direct,Mobile,North,Sports,67.19,2,5,127.66,81.59,46.07,Economy,8,False,3.0,Apple Pay,False
ORD-04296,2025-11-03,C1052,Consumer,73,False,Social,Mobile,West,Home,60.94,1,5,57.89,35.27,22.62,Standard,8,False,3.0,Card,False
ORD-04297,2025-11-03,C0207,Consumer,48,False,Email,Mobile,South,Electronics,184.41,2,25,276.62,260.48,16.14,Standard,4,False,,Apple Pay,False
ORD-04298,2025-11-03,C0298,Small Business,53,False,Social,Tablet,East,Apparel,63.06,1,15,53.6,32.11,21.49,Economy,5,False,3.0,PayPal,True
ORD-04299,2025-11-03,C1052,Consumer,73,False,Organic Search,Desktop,East,Beauty,28.05,2,25,42.08,25.57,16.51,Standard,4,False,4.0,Card,False
ORD-04300,2025-11-03,C0671,Consumer,70,False,Paid Search,Mobile,East,Beauty,41.98,2,20,67.17,36.74,30.43,Standard,4,False,4.0,Bank Transfer,False
ORD-04301,2025-11-03,C1143,Consumer,54,False,Organic Search,Tablet,South,Toys,39.35,1,15,33.45,21.37,12.08,Express,1,False,5.0,Card,False
ORD-04302,2025-11-03,C0958,Consumer,22,False,Social,Mobile,South,Electronics,144.63,1,5,137.4,98.17,39.23,Standard,3,False,4.0,Bank Transfer,False
ORD-04303,2025-11-03,C0188,Small Business,33,False,Organic Search,Desktop,West,Home,103.67,2,25,155.5,124.11,31.39,Express,5,False,4.0,Card,False
ORD-04304,2025-11-03,C0207,Consumer,48,False,Email,Desktop,East,Apparel,54.2,2,0,108.4,56.45,51.95,Express,2,False,5.0,Card,False
ORD-04305,2025-11-03,C0085,Consumer,40,False,Paid Search,Mobile,North,Toys,25.42,3,0,76.26,41.91,34.35,Express,2,False,,Apple Pay,False
ORD-04306,2025-11-03,C0954,Consumer,23,False,Organic Search,Mobile,West,Home,134.85,3,15,343.87,226.64,117.23,Standard,8,False,3.0,Card,False
ORD-04307,2025-11-04,C0787,Enterprise,48,False,Direct,Mobile,South,Apparel,63.34,3,0,190.02,98.41,91.61,Express,2,False,5.0,PayPal,False
ORD-04308,2025-11-04,C0728,Consumer,35,False,Email,Mobile,South,Electronics,285.37,2,10,513.67,395.94,117.73,Economy,6,False,4.0,Card,False
ORD-04309,2025-11-04,C0676,Small Business,50,False,Paid Search,Mobile,East,Home,116.41,1,15,98.95,67.07,31.88,Standard,6,False,4.0,Apple Pay,False
ORD-04310,2025-11-04,C0393,Consumer,42,False,Direct,Desktop,North,Toys,82.12,3,0,246.36,136.65,109.71,Express,1,False,5.0,Card,True
ORD-04311,2025-11-04,C0384,Consumer,33,False,Organic Search,Desktop,West,Apparel,44.25,2,0,88.5,45.07,43.43,Standard,7,False,4.0,PayPal,False
ORD-04312,2025-11-04,C0207,Consumer,48,False,Social,Desktop,North,Home,88.66,2,5,168.45,100.56,67.89,Standard,4,False,,Card,False
ORD-04313,2025-11-04,C0671,Consumer,70,False,Organic Search,Mobile,North,Sports,80.22,1,0,80.22,48.16,32.06,Express,2,False,,PayPal,False
ORD-04314,2025-11-04,C0298,Small Business,53,False,Social,Mobile,East,Apparel,45.28,4,0,181.12,98.05,83.07,Standard,5,False,3.0,Card,True
ORD-04315,2025-11-04,C0646,Consumer,19,False,Paid Search,Desktop,West,Sports,48.23,1,0,48.23,29.2,19.03,Standard,7,False,5.0,PayPal,True
ORD-04316,2025-11-04,C0529,Consumer,42,False,Organic Search,Desktop,South,Home,66.92,1,30,46.84,37.67,9.17,Standard,3,False,,PayPal,False
ORD-04317,2025-11-04,C0869,Consumer,39,False,Email,Desktop,East,Sports,58.0,2,5,110.2,68.94,41.26,Economy,5,False,4.0,PayPal,False
ORD-04318,2025-11-05,C0950,Consumer,71,False,Paid Search,Mobile,East,Electronics,156.52,4,5,594.78,409.68,185.1,Standard,3,False,5.0,PayPal,False
ORD-04319,2025-11-05,C0840,Consumer,43,False,Paid Search,Desktop,East,Home,93.12,1,0,93.12,54.93,38.19,Express,3,False,5.0,Bank Transfer,False
ORD-04320,2025-11-05,C0400,Consumer,24,False,Direct,Mobile,East,Sports,87.18,1,10,78.46,53.8,24.66,Standard,3,False,5.0,PayPal,False
ORD-04321,2025-11-05,C0881,Consumer,33,False,Organic Search,Mobile,West,Beauty,21.84,3,15,55.69,30.98,24.71,Economy,11,False,2.0,Card,False
ORD-04322,2025-11-05,C0517,Enterprise,66,True,Paid Search,Mobile,North,Home,77.47,1,15,65.85,44.59,21.26,Standard,5,False,4.0,PayPal,False
ORD-04323,2025-11-05,C0202,Small Business,18,False,Organic Search,Desktop,North,Apparel,33.9,5,30,118.65,87.86,30.79,Standard,3,False,4.0,Card,False
ORD-04324,2025-11-05,C1048,Consumer,73,False,Social,Mobile,North,Home,82.66,3,15,210.78,143.84,66.94,Express,2,False,5.0,Card,False
ORD-04325,2025-11-05,C1016,Consumer,53,False,Paid Search,Desktop,South,Apparel,53.85,1,0,53.85,27.27,26.58,Standard,4,False,4.0,Card,False
ORD-04326,2025-11-05,C0386,Consumer,28,False,Paid Search,Mobile,East,Home,82.48,3,0,247.44,136.56,110.88,Standard,3,False,,Apple Pay,False
ORD-04327,2025-11-05,C1052,Consumer,73,False,Social,Desktop,South,Toys,49.07,2,0,98.14,52.32,45.82,Standard,3,False,5.0,PayPal,False
ORD-04328,2025-11-05,C1137,Small Business,70,False,Organic Search,Desktop,North,Home,106.3,1,20,85.04,61.8,23.24,Standard,6,False,3.0,Card,False
ORD-04329,2025-11-05,C1093,Consumer,72,False,Organic Search,Tablet,South,Electronics,165.77,1,25,124.33,110.07,14.26,Economy,6,False,,PayPal,False
ORD-04330,2025-11-05,C1052,Consumer,73,False,Paid Search,Mobile,East,Electronics,260.08,2,5,494.15,342.75,151.4,Standard,4,False,,Card,False
ORD-04331,2025-11-05,C0954,Consumer,23,False,Direct,Mobile,North,Sports,62.29,2,0,124.58,72.34,52.24,Standard,4,False,,Card,False
ORD-04332,2025-11-05,C0238,Consumer,42,False,Organic Search,Tablet,North,Electronics,202.1,1,10,181.89,128.0,53.89,Standard,3,False,4.0,Card,False
ORD-04333,2025-11-06,C0207,Consumer,48,False,Social,Mobile,West,Sports,53.98,3,10,145.75,94.85,50.9,Standard,7,False,,Apple Pay,False
ORD-04334,2025-11-06,C0312,Consumer,72,False,Organic Search,Desktop,South,Apparel,68.93,1,0,68.93,35.16,33.77,Express,2,False,,Card,False
ORD-04335,2025-11-06,C0321,Consumer,49,False,Paid Search,Mobile,West,Home,83.48,1,0,83.48,48.61,34.87,Express,5,False,,PayPal,False
ORD-04336,2025-11-06,C0927,Small Business,40,False,Organic Search,Desktop,North,Apparel,58.83,3,25,132.37,89.68,42.69,Standard,5,False,4.0,PayPal,False
ORD-04337,2025-11-06,C0800,Consumer,34,False,Social,Mobile,North,Home,76.58,2,0,153.16,86.35,66.81,Standard,4,False,3.0,PayPal,False
ORD-04338,2025-11-06,C0210,Consumer,19,False,Organic Search,Desktop,North,Electronics,267.05,1,0,267.05,189.9,77.15,Standard,5,False,3.0,Card,False
ORD-04339,2025-11-06,C0393,Consumer,42,False,Organic Search,Mobile,South,Beauty,25.77,1,5,24.48,11.71,12.77,Standard,3,False,5.0,Card,False
ORD-04340,2025-11-06,C0207,Consumer,48,False,Paid Search,Desktop,South,Apparel,44.28,1,0,44.28,22.24,22.04,Standard,3,False,4.0,PayPal,False
ORD-04341,2025-11-06,C0037,Consumer,18,False,Email,Desktop,East,Home,119.12,1,25,89.34,68.3,21.04,Standard,3,False,,Card,False
ORD-04342,2025-11-06,C0529,Consumer,42,False,Social,Desktop,West,Home,113.29,2,10,203.92,133.31,70.61,Standard,7,True,,Apple Pay,False
ORD-04343,2025-11-06,C1140,Consumer,45,False,Organic Search,Desktop,West,Toys,38.44,1,5,36.52,21.06,15.46,Express,4,False,4.0,Apple Pay,False
ORD-04344,2025-11-06,C0671,Consumer,70,False,Direct,Mobile,East,Apparel,46.73,2,25,70.1,47.43,22.67,Express,1,False,5.0,PayPal,False
ORD-04345,2025-11-06,C1063,Enterprise,62,False,Organic Search,Desktop,East,Electronics,337.97,4,0,1351.88,939.13,412.75,Express,2,False,5.0,PayPal,False
ORD-04346,2025-11-07,C0685,Consumer,32,False,Social,Mobile,East,Apparel,53.89,1,0,53.89,26.94,26.95,Standard,3,True,,Apple Pay,False
ORD-04347,2025-11-07,C0022,Consumer,41,False,Organic Search,Desktop,South,Toys,28.25,2,10,50.85,30.63,20.22,Express,2,True,5.0,Card,False
ORD-04348,2025-11-07,C0292,Consumer,46,False,Email,Desktop,West,Electronics,243.12,2,10,437.62,336.08,101.54,Standard,10,False,,Card,False
ORD-04349,2025-11-07,C0918,Consumer,48,False,Direct,Mobile,East,Home,94.94,3,0,284.82,166.95,117.87,Standard,3,False,4.0,PayPal,False
ORD-04350,2025-11-07,C0966,Enterprise,29,False,Organic Search,Desktop,North,Apparel,52.31,7,30,256.32,191.89,64.43,Standard,3,False,,Bank Transfer,False
ORD-04351,2025-11-07,C0400,Consumer,24,False,Social,Desktop,South,Toys,40.72,1,0,40.72,22.81,17.91,Standard,5,True,2.0,Card,False
ORD-04352,2025-11-07,C0943,Small Business,52,False,Social,Mobile,North,Apparel,35.41,2,0,70.82,36.85,33.97,Express,2,False,5.0,Card,False
ORD-04353,2025-11-07,C0985,Consumer,27,False,Direct,Mobile,North,Toys,30.82,2,20,49.31,32.81,16.5,Standard,4,False,,Card,False
ORD-04354,2025-11-07,C0212,Small Business,25,False,Social,Desktop,West,Toys,73.87,3,15,188.37,121.77,66.6,Express,4,False,4.0,PayPal,False
ORD-04355,2025-11-07,C0050,Consumer,65,False,Organic Search,Mobile,North,Electronics,150.87,1,0,150.87,99.93,50.94,Standard,3,False,4.0,Card,False
ORD-04356,2025-11-07,C1134,Consumer,20,False,Paid Search,Desktop,North,Beauty,32.71,3,20,78.5,45.19,33.31,Express,3,False,,PayPal,False
ORD-04357,2025-11-08,C0112,Consumer,60,False,Organic Search,Desktop,East,Beauty,28.4,4,15,96.56,52.6,43.96,Standard,5,False,4.0,Apple Pay,False
ORD-04358,2025-11-08,C1052,Consumer,73,False,Organic Search,Mobile,East,Home,87.91,2,30,123.07,104.45,18.62,Standard,7,False,3.0,Card,True
ORD-04359,2025-11-08,C0728,Consumer,35,False,Social,Desktop,East,Toys,29.84,3,0,89.52,50.86,38.66,Standard,5,False,4.0,Card,False
ORD-04360,2025-11-08,C0113,Consumer,36,False,Organic Search,Desktop,North,Home,69.92,1,0,69.92,39.62,30.3,Standard,3,False,4.0,Card,False
ORD-04361,2025-11-08,C0121,Consumer,72,False,Direct,Mobile,North,Beauty,32.19,1,25,24.14,15.02,9.12,Standard,3,False,,Card,False
ORD-04362,2025-11-08,C0484,Consumer,50,False,Direct,Mobile,East,Home,76.51,4,5,290.74,178.62,112.12,Express,1,False,5.0,Card,False
ORD-04363,2025-11-08,C0393,Consumer,42,False,Social,Tablet,West,Apparel,41.23,1,0,41.23,21.06,20.17,Express,5,True,3.0,Card,False
ORD-04364,2025-11-08,C0646,Consumer,19,False,Email,Mobile,West,Apparel,29.86,1,5,28.37,15.04,13.33,Express,5,False,3.0,Card,False
ORD-04365,2025-11-08,C0558,Small Business,22,False,Email,Mobile,West,Apparel,28.1,4,20,89.92,60.76,29.16,Standard,7,False,4.0,Card,False
ORD-04366,2025-11-08,C0414,Consumer,35,False,Organic Search,Mobile,East,Apparel,37.17,1,10,33.45,20.19,13.26,Economy,5,False,,Card,False
ORD-04367,2025-11-09,C0962,Small Business,61,True,Direct,Desktop,South,Electronics,201.59,3,20,483.82,404.41,79.41,Standard,4,False,4.0,Card,False
ORD-04368,2025-11-09,C0548,Consumer,61,False,Email,Mobile,South,Beauty,33.31,2,10,59.96,29.18,30.78,Standard,4,True,4.0,PayPal,False
ORD-04369,2025-11-09,C0442,Small Business,69,False,Direct,Desktop,North,Beauty,17.53,4,10,63.11,31.06,32.05,Standard,5,False,5.0,Card,False
ORD-04370,2025-11-09,C0433,Consumer,51,True,Organic Search,Mobile,East,Home,99.23,2,0,198.46,116.58,81.88,Standard,3,False,,Card,False
ORD-04371,2025-11-09,C1031,Small Business,58,False,Paid Search,Mobile,North,Home,104.13,3,15,265.53,176.86,88.67,Express,2,False,5.0,Card,False
ORD-04372,2025-11-09,C0512,Consumer,28,False,Organic Search,Tablet,West,Beauty,31.16,2,15,52.97,28.96,24.01,Standard,7,False,4.0,Card,False
ORD-04373,2025-11-09,C0501,Small Business,58,True,Email,Mobile,West,Beauty,37.92,1,0,37.92,17.37,20.55,Economy,9,False,2.0,PayPal,False
ORD-04374,2025-11-09,C0021,Consumer,39,False,Direct,Desktop,North,Apparel,37.38,1,5,35.51,20.56,14.95,Express,4,False,4.0,PayPal,False
ORD-04375,2025-11-09,C0270,Small Business,21,False,Paid Search,Tablet,North,Apparel,51.36,4,5,195.17,107.62,87.55,Standard,4,False,,Card,False
ORD-04376,2025-11-09,C0992,Consumer,64,False,Paid Search,Mobile,East,Beauty,25.81,1,0,25.81,12.15,13.66,Standard,4,False,5.0,Card,True
ORD-04377,2025-11-09,C0420,Consumer,32,True,Paid Search,Mobile,North,Home,84.49,2,10,152.08,100.15,51.93,Express,2,False,4.0,Card,False
ORD-04378,2025-11-09,C0964,Small Business,67,False,Organic Search,Mobile,West,Apparel,49.53,3,5,141.16,80.07,61.09,Economy,8,False,,Card,True
ORD-04379,2025-11-09,C0406,Small Business,55,False,Email,Desktop,South,Home,101.8,1,10,91.62,57.97,33.65,Standard,4,False,,PayPal,False
ORD-04380,2025-11-10,C1174,Small Business,25,True,Organic Search,Desktop,East,Beauty,21.6,1,5,20.52,10.05,10.47,Standard,3,False,,PayPal,False
ORD-04381,2025-11-10,C1087,Consumer,51,False,Organic Search,Desktop,North,Toys,36.86,2,0,73.72,41.47,32.25,Standard,3,False,5.0,Card,True
ORD-04382,2025-11-10,C0056,Consumer,39,False,Paid Search,Desktop,North,Sports,61.32,2,0,122.64,74.52,48.12,Standard,5,False,3.0,Card,False
ORD-04383,2025-11-10,C1095,Consumer,38,False,Paid Search,Mobile,West,Home,80.07,2,15,136.12,98.12,38.0,Standard,7,False,,Card,False
ORD-04384,2025-11-10,C1052,Consumer,73,False,Email,Mobile,East,Home,108.38,1,5,102.96,63.84,39.12,Standard,3,False,,Bank Transfer,True
ORD-04385,2025-11-10,C0728,Consumer,35,False,Organic Search,Mobile,East,Sports,66.88,2,15,113.7,78.51,35.19,Standard,3,False,5.0,Bank Transfer,False
ORD-04386,2025-11-10,C0825,Small Business,23,False,Paid Search,Mobile,North,Apparel,48.58,7,5,323.06,173.0,150.06,Standard,6,False,,PayPal,False
ORD-04387,2025-11-11,C0421,Consumer,73,False,Paid Search,Mobile,North,Beauty,21.09,3,5,60.11,27.13,32.98,Standard,5,False,4.0,Card,False
ORD-04388,2025-11-11,C0297,Consumer,66,False,Direct,Mobile,South,Electronics,350.34,6,0,2102.04,1404.68,697.36,Standard,3,False,5.0,Apple Pay,False
ORD-04389,2025-11-11,C0421,Consumer,73,False,Organic Search,Desktop,South,Apparel,37.63,2,0,75.26,38.24,37.02,Economy,6,False,,Card,False
ORD-04390,2025-11-11,C1053,Consumer,32,True,Organic Search,Mobile,South,Beauty,24.23,2,10,43.61,21.93,21.68,Standard,5,False,4.0,Card,False
ORD-04391,2025-11-11,C0778,Enterprise,34,False,Paid Search,Tablet,West,Sports,78.68,9,0,708.12,430.88,277.24,Standard,7,False,3.0,PayPal,True
ORD-04392,2025-11-11,C1052,Consumer,73,False,Organic Search,Desktop,North,Electronics,200.63,2,20,321.01,283.58,37.43,Standard,3,True,4.0,Card,False
ORD-04393,2025-11-11,C0765,Consumer,37,False,Affiliate,Mobile,East,Home,78.32,3,5,223.21,136.89,86.32,Economy,8,False,3.0,Card,False
ORD-04394,2025-11-11,C0283,Consumer,55,False,Social,Mobile,North,Toys,43.64,1,0,43.64,24.09,19.55,Standard,3,False,,Card,False
ORD-04395,2025-11-11,C1052,Consumer,73,False,Organic Search,Mobile,North,Electronics,170.82,2,30,239.15,225.45,13.7,Standard,4,False,3.0,PayPal,False
ORD-04396,2025-11-11,C0849,Consumer,45,False,Organic Search,Mobile,North,Apparel,51.09,1,0,51.09,25.9,25.19,Standard,4,False,5.0,PayPal,False
ORD-04397,2025-11-11,C0542,Small Business,60,True,Email,Mobile,North,Electronics,279.93,3,0,839.79,550.59,289.2,Economy,5,False,,Card,False
ORD-04398,2025-11-11,C0012,Consumer,31,False,Organic Search,Desktop,North,Electronics,326.86,1,25,245.14,243.04,2.1,Express,6,False,3.0,PayPal,True
ORD-04399,2025-11-12,C0676,Small Business,50,False,Organic Search,Desktop,East,Apparel,42.39,4,10,152.6,83.64,68.96,Standard,3,False,5.0,Card,False
ORD-04400,2025-11-12,C0728,Consumer,35,False,Paid Search,Mobile,North,Sports,90.95,2,30,127.33,111.1,16.23,Economy,5,False,4.0,Card,False
ORD-04401,2025-11-12,C0052,Consumer,44,False,Email,Desktop,South,Electronics,273.45,3,0,820.35,556.5,263.85,Standard,3,False,4.0,Card,False
ORD-04402,2025-11-12,C0298,Small Business,53,False,Organic Search,Mobile,West,Sports,66.32,3,20,159.17,122.98,36.19,Standard,6,False,,Bank Transfer,False
ORD-04403,2025-11-12,C0342,Consumer,71,False,Paid Search,Desktop,North,Electronics,225.51,3,15,575.05,459.13,115.92,Economy,6,False,3.0,Apple Pay,True
ORD-04404,2025-11-12,C0235,Consumer,70,False,Email,Mobile,South,Apparel,39.82,3,10,107.51,65.65,41.86,Standard,3,False,5.0,Card,False
ORD-04405,2025-11-12,C0292,Consumer,46,False,Direct,Mobile,South,Electronics,218.77,3,0,656.31,448.1,208.21,Standard,4,False,,PayPal,False
ORD-04406,2025-11-12,C0207,Consumer,48,False,Paid Search,Desktop,North,Home,49.06,4,0,196.24,113.59,82.65,Standard,4,False,,Card,False
ORD-04407,2025-11-12,C0897,Small Business,69,False,Paid Search,Mobile,North,Sports,77.01,2,0,154.02,86.12,67.9,Economy,7,False,,PayPal,False
ORD-04408,2025-11-12,C0301,Consumer,20,False,Paid Search,Desktop,North,Electronics,183.17,3,0,549.51,342.79,206.72,Express,1,False,,Card,False
ORD-04409,2025-11-12,C0043,Consumer,69,False,Email,Desktop,East,Sports,42.3,2,0,84.6,49.71,34.89,Standard,3,False,5.0,Card,False
ORD-04410,2025-11-12,C0558,Small Business,22,False,Email,Mobile,East,Apparel,54.49,4,20,174.37,114.14,60.23,Express,3,False,,PayPal,False
ORD-04411,2025-11-12,C0263,Small Business,25,False,Direct,Mobile,East,Home,51.32,2,10,92.38,57.89,34.49,Standard,4,False,,PayPal,False
ORD-04412,2025-11-12,C1137,Small Business,70,False,Direct,Desktop,West,Sports,64.43,2,0,128.86,75.06,53.8,Express,4,False,3.0,PayPal,False
ORD-04413,2025-11-12,C1052,Consumer,73,False,Direct,Mobile,East,Sports,74.96,1,25,56.22,43.63,12.59,Standard,4,False,,Card,False
ORD-04414,2025-11-12,C0431,Consumer,64,False,Organic Search,Mobile,West,Electronics,288.65,2,0,577.3,384.82,192.48,Express,5,False,3.0,Apple Pay,False
ORD-04415,2025-11-12,C1140,Consumer,45,False,Paid Search,Desktop,South,Apparel,54.92,1,25,41.19,29.48,11.71,Standard,3,False,5.0,Card,False
ORD-04416,2025-11-12,C0810,Consumer,39,False,Organic Search,Mobile,West,Electronics,275.3,1,10,247.77,186.73,61.04,Standard,9,False,3.0,Card,False
ORD-04417,2025-11-13,C0902,Consumer,41,False,Social,Desktop,West,Sports,47.99,1,5,45.59,28.7,16.89,Economy,9,False,,Bank Transfer,False
ORD-04418,2025-11-13,C0702,Consumer,33,False,Paid Search,Mobile,East,Home,67.31,1,25,50.48,39.49,10.99,Standard,3,False,4.0,PayPal,True
ORD-04419,2025-11-13,C0254,Consumer,62,False,Direct,Desktop,North,Toys,30.84,1,15,26.21,17.7,8.51,Standard,3,False,4.0,PayPal,False
ORD-04420,2025-11-13,C0298,Small Business,53,False,Paid Search,Desktop,East,Sports,80.21,2,5,152.4,91.3,61.1,Standard,5,False,3.0,Apple Pay,False
ORD-04421,2025-11-13,C0744,Consumer,28,False,Affiliate,Mobile,East,Electronics,228.45,2,10,411.21,315.76,95.45,Economy,5,False,,Card,False
ORD-04422,2025-11-13,C0728,Consumer,35,False,Email,Mobile,West,Electronics,279.77,2,30,391.68,388.32,3.36,Standard,6,False,4.0,Card,False
ORD-04423,2025-11-13,C0807,Consumer,44,True,Email,Desktop,South,Apparel,50.24,3,10,135.65,81.41,54.24,Express,3,False,3.0,Card,False
ORD-04424,2025-11-13,C1052,Consumer,73,False,Social,Mobile,East,Beauty,30.2,2,15,51.34,28.35,22.99,Express,2,False,5.0,Bank Transfer,False
ORD-04425,2025-11-13,C0743,Consumer,57,False,Organic Search,Mobile,East,Electronics,227.9,1,0,227.9,157.29,70.61,Standard,5,False,4.0,PayPal,False
ORD-04426,2025-11-13,C1032,Consumer,53,False,Organic Search,Desktop,South,Home,115.47,2,10,207.85,131.04,76.81,Standard,3,False,,Card,False
ORD-04427,2025-11-13,C0556,Small Business,40,False,Direct,Mobile,West,Home,74.69,5,0,373.45,209.04,164.41,Express,8,False,3.0,PayPal,False
ORD-04428,2025-11-13,C0803,Consumer,47,False,Direct,Desktop,North,Home,76.09,2,30,106.53,85.97,20.56,Express,1,False,5.0,PayPal,False
ORD-04429,2025-11-13,C1052,Consumer,73,False,Organic Search,Mobile,North,Beauty,20.15,1,0,20.15,9.23,10.92,Standard,5,False,3.0,Card,True
ORD-04430,2025-11-13,C1140,Consumer,45,False,Organic Search,Desktop,North,Beauty,37.07,1,5,35.22,17.29,17.93,Express,1,False,5.0,Apple Pay,False
ORD-04431,2025-11-13,C0378,Consumer,20,False,Paid Search,Mobile,East,Sports,59.18,1,30,41.43,36.3,5.13,Economy,5,False,,Apple Pay,False
ORD-04432,2025-11-14,C0106,Consumer,40,False,Paid Search,Mobile,South,Electronics,371.29,1,0,371.29,248.89,122.4,Economy,7,False,3.0,Card,False
ORD-04433,2025-11-14,C0440,Consumer,69,False,Paid Search,Mobile,North,Toys,38.64,3,20,92.74,65.25,27.49,Standard,5,False,4.0,Card,False
ORD-04434,2025-11-14,C0116,Consumer,42,False,Paid Search,Mobile,East,Beauty,43.83,1,25,32.87,19.69,13.18,Standard,5,False,4.0,Card,False
ORD-04435,2025-11-14,C1044,Small Business,55,False,Paid Search,Mobile,West,Beauty,46.6,3,0,139.8,65.71,74.09,Standard,9,False,,Apple Pay,False
ORD-04436,2025-11-14,C0529,Consumer,42,False,Paid Search,Mobile,West,Home,85.65,1,0,85.65,50.35,35.3,Standard,7,False,,Apple Pay,False
ORD-04437,2025-11-14,C0789,Small Business,64,False,Email,Mobile,East,Beauty,53.95,3,20,129.48,71.08,58.4,Standard,4,False,,Card,True
ORD-04438,2025-11-14,C1124,Consumer,55,False,Direct,Tablet,North,Electronics,314.83,3,10,850.04,640.54,209.5,Economy,5,False,4.0,Card,False
ORD-04439,2025-11-14,C0400,Consumer,24,False,Paid Search,Desktop,North,Toys,58.16,1,10,52.34,30.05,22.29,Standard,4,False,,Card,True
ORD-04440,2025-11-14,C1134,Consumer,20,False,Organic Search,Mobile,South,Apparel,57.82,1,5,54.93,30.04,24.89,Express,1,True,5.0,Card,False
ORD-04441,2025-11-14,C0921,Consumer,53,False,Email,Mobile,South,Home,79.19,3,10,213.81,133.71,80.1,Express,3,False,,Card,False
ORD-04442,2025-11-14,C0502,Consumer,34,True,Paid Search,Mobile,West,Home,86.75,2,10,156.15,99.18,56.97,Express,6,False,4.0,Bank Transfer,False
ORD-04443,2025-11-14,C0284,Consumer,35,True,Social,Tablet,East,Home,103.22,1,0,103.22,60.57,42.65,Standard,4,False,,PayPal,True
ORD-04444,2025-11-14,C0063,Small Business,53,False,Organic Search,Desktop,West,Electronics,295.08,4,0,1180.32,819.52,360.8,Economy,9,False,3.0,Apple Pay,True
ORD-04445,2025-11-14,C0280,Consumer,25,False,Direct,Tablet,West,Electronics,161.38,3,0,484.14,337.49,146.65,Express,7,False,4.0,Card,False
ORD-04446,2025-11-15,C0615,Consumer,71,False,Affiliate,Tablet,North,Sports,70.87,3,10,191.35,128.82,62.53,Standard,6,False,,Bank Transfer,False
ORD-04447,2025-11-15,C0188,Small Business,33,False,Organic Search,Desktop,East,Sports,82.68,2,30,115.75,97.47,18.28,Standard,4,False,,Card,False
ORD-04448,2025-11-15,C1053,Consumer,32,False,Organic Search,Mobile,East,Sports,100.39,1,10,90.35,63.2,27.15,Standard,5,False,4.0,Apple Pay,False
ORD-04449,2025-11-15,C0297,Consumer,66,False,Social,Mobile,East,Beauty,24.87,2,20,39.79,21.82,17.97,Express,4,False,4.0,Apple Pay,False
ORD-04450,2025-11-15,C0152,Consumer,46,False,Paid Search,Mobile,East,Electronics,278.38,1,0,278.38,192.37,86.01,Express,3,False,4.0,Bank Transfer,False
ORD-04451,2025-11-15,C1065,Small Business,72,True,Direct,Mobile,East,Sports,69.98,5,25,262.42,214.36,48.06,Standard,5,False,5.0,Card,False
ORD-04452,2025-11-15,C1088,Consumer,46,False,Organic Search,Mobile,West,Toys,41.13,2,10,74.03,44.71,29.32,Economy,12,False,,Apple Pay,False
ORD-04453,2025-11-15,C0313,Consumer,22,True,Affiliate,Desktop,East,Apparel,53.62,2,0,107.24,56.19,51.05,Economy,5,False,,PayPal,False
ORD-04454,2025-11-16,C0767,Small Business,29,False,Social,Desktop,West,Home,110.22,4,20,352.7,246.91,105.79,Express,5,True,,Card,False
ORD-04455,2025-11-16,C1056,Consumer,49,False,Organic Search,Desktop,North,Apparel,53.84,1,15,45.76,27.83,17.93,Standard,4,False,5.0,Bank Transfer,False
ORD-04456,2025-11-16,C0356,Consumer,42,False,Email,Desktop,North,Sports,70.11,1,15,59.59,42.19,17.4,Express,1,False,5.0,Card,False
ORD-04457,2025-11-16,C0207,Consumer,48,False,Organic Search,Mobile,North,Toys,40.17,2,0,80.34,42.94,37.4,Standard,4,True,,Apple Pay,False
ORD-04458,2025-11-16,C0939,Consumer,47,False,Paid Search,Desktop,East,Beauty,24.21,3,20,58.1,33.88,24.22,Standard,5,False,,Card,False
ORD-04459,2025-11-16,C0416,Consumer,68,False,Organic Search,Mobile,West,Electronics,235.04,1,25,176.28,164.58,11.7,Standard,7,False,4.0,Apple Pay,False
ORD-04460,2025-11-16,C0950,Consumer,71,False,Email,Mobile,East,Home,99.63,3,0,298.89,162.84,136.05,Standard,3,False,,PayPal,False
ORD-04461,2025-11-16,C1134,Consumer,20,False,Email,Desktop,South,Electronics,238.02,1,20,190.42,165.75,24.67,Standard,3,False,,Card,False
ORD-04462,2025-11-16,C0207,Consumer,48,False,Social,Tablet,West,Home,111.29,1,25,83.47,66.56,16.91,Standard,7,False,,Apple Pay,True
ORD-04463,2025-11-17,C0155,Consumer,62,False,Email,Mobile,East,Apparel,43.42,2,5,82.5,45.58,36.92,Standard,5,False,4.0,Bank Transfer,False
ORD-04464,2025-11-17,C0796,Enterprise,42,True,Email,Desktop,South,Electronics,203.2,7,0,1422.4,931.42,490.98,Express,1,False,,Card,False
ORD-04465,2025-11-17,C0920,Consumer,48,False,Paid Search,Tablet,South,Electronics,197.7,2,10,355.86,256.5,99.36,Standard,4,False,,Card,False
ORD-04466,2025-11-17,C0542,Small Business,60,False,Organic Search,Mobile,South,Toys,31.55,5,15,134.09,90.67,43.42,Standard,3,False,4.0,Card,False
ORD-04467,2025-11-17,C0184,Small Business,74,False,Social,Mobile,North,Beauty,35.18,3,15,89.71,46.15,43.56,Express,1,False,,Card,False
ORD-04468,2025-11-17,C0732,Enterprise,21,False,Paid Search,Mobile,North,Home,63.02,7,0,441.14,259.8,181.34,Express,2,False,,Card,False
ORD-04469,2025-11-17,C0681,Consumer,58,False,Social,Mobile,West,Apparel,67.83,1,15,57.66,35.25,22.41,Standard,7,True,4.0,Bank Transfer,False
ORD-04470,2025-11-17,C0646,Consumer,19,False,Organic Search,Desktop,East,Home,74.2,1,20,59.36,42.81,16.55,Standard,4,False,,Card,True
ORD-04471,2025-11-17,C0558,Small Business,22,False,Organic Search,Mobile,West,Beauty,34.13,1,5,32.42,15.58,16.84,Standard,7,False,,Card,False
ORD-04472,2025-11-17,C0312,Consumer,72,False,Organic Search,Mobile,East,Home,86.87,2,10,156.37,102.44,53.93,Economy,6,False,4.0,Card,False
ORD-04473,2025-11-17,C1052,Consumer,73,False,Email,Desktop,East,Apparel,41.15,1,20,32.92,22.0,10.92,Express,1,False,5.0,PayPal,False
ORD-04474,2025-11-17,C0207,Consumer,48,False,Email,Desktop,West,Electronics,193.96,2,10,349.13,252.36,96.77,Standard,7,False,3.0,Card,True
ORD-04475,2025-11-17,C0270,Small Business,21,False,Social,Desktop,South,Apparel,60.2,1,5,57.19,30.09,27.1,Economy,5,False,,PayPal,False
ORD-04476,2025-11-17,C1095,Consumer,38,False,Paid Search,Mobile,North,Beauty,49.42,1,0,49.42,21.83,27.59,Express,2,False,3.0,Card,False
ORD-04477,2025-11-18,C0095,Consumer,73,False,Social,Mobile,West,Home,100.54,3,0,301.62,179.23,122.39,Express,5,False,4.0,Card,False
ORD-04478,2025-11-18,C0497,Consumer,37,False,Paid Search,Desktop,South,Electronics,207.59,2,0,415.18,272.73,142.45,Economy,8,False,,Card,False
ORD-04479,2025-11-18,C0671,Consumer,70,False,Organic Search,Mobile,South,Electronics,269.01,2,30,376.61,371.75,4.86,Economy,7,False,4.0,Card,True
ORD-04480,2025-11-18,C0170,Consumer,24,False,Affiliate,Mobile,West,Apparel,30.32,1,25,22.74,15.94,6.8,Standard,7,True,,Card,False
ORD-04481,2025-11-18,C0312,Consumer,72,False,Paid Search,Mobile,North,Apparel,42.59,2,0,85.18,43.48,41.7,Standard,6,False,4.0,Card,False
ORD-04482,2025-11-18,C0921,Consumer,53,False,Paid Search,Mobile,North,Home,111.64,1,0,111.64,63.83,47.81,Economy,5,False,4.0,Card,False
ORD-04483,2025-11-18,C0897,Small Business,69,False,Organic Search,Mobile,West,Toys,33.94,1,15,28.85,19.29,9.56,Standard,7,False,,Card,False
ORD-04484,2025-11-18,C0207,Consumer,48,False,Social,Mobile,West,Beauty,43.18,2,25,64.77,40.65,24.12,Standard,7,False,3.0,Apple Pay,False
ORD-04485,2025-11-18,C0992,Consumer,64,False,Organic Search,Desktop,West,Electronics,216.57,1,15,184.08,142.77,41.31,Economy,8,False,3.0,Apple Pay,False
ORD-04486,2025-11-18,C0207,Consumer,48,False,Paid Search,Mobile,East,Home,67.69,2,0,135.38,78.6,56.78,Standard,6,False,4.0,Card,False
ORD-04487,2025-11-18,C1031,Small Business,58,False,Organic Search,Mobile,South,Electronics,216.81,1,25,162.61,147.49,15.12,Standard,4,False,,Card,False
ORD-04488,2025-11-18,C0728,Consumer,35,False,Paid Search,Desktop,West,Electronics,173.05,1,30,121.14,118.22,2.92,Express,5,False,4.0,Bank Transfer,True
ORD-04489,2025-11-18,C0885,Consumer,48,False,Email,Desktop,West,Home,126.71,2,0,253.42,142.71,110.71,Economy,8,False,,Apple Pay,False
ORD-04490,2025-11-18,C0400,Consumer,24,False,Affiliate,Mobile,East,Beauty,18.67,2,0,37.34,16.42,20.92,Standard,3,False,4.0,Card,False
ORD-04491,2025-11-18,C0207,Consumer,48,False,Social,Mobile,East,Apparel,43.17,1,25,32.38,23.19,9.19,Standard,4,False,,PayPal,False
ORD-04492,2025-11-19,C0048,Consumer,18,False,Direct,Desktop,West,Apparel,55.33,1,0,55.33,28.64,26.69,Standard,7,False,,Bank Transfer,False
ORD-04493,2025-11-19,C0841,Consumer,48,False,Direct,Mobile,North,Electronics,260.92,1,0,260.92,167.94,92.98,Standard,4,False,4.0,Card,False
ORD-04494,2025-11-19,C0875,Small Business,25,False,Direct,Mobile,South,Home,103.47,2,25,155.2,119.5,35.7,Express,2,False,5.0,Card,False
ORD-04495,2025-11-19,C0297,Consumer,66,False,Direct,Desktop,East,Electronics,192.47,3,0,577.41,412.2,165.21,Economy,7,False,4.0,PayPal,False
ORD-04496,2025-11-19,C0730,Consumer,72,False,Email,Mobile,South,Home,99.25,2,0,198.5,118.52,79.98,Express,1,True,5.0,PayPal,True
ORD-04497,2025-11-19,C0728,Consumer,35,False,Email,Mobile,North,Toys,32.14,1,0,32.14,17.75,14.39,Economy,6,False,5.0,Card,False
ORD-04498,2025-11-19,C0268,Consumer,19,False,Direct,Mobile,West,Apparel,55.05,3,25,123.86,79.98,43.88,Standard,6,False,4.0,Card,False
ORD-04499,2025-11-19,C1140,Consumer,45,False,Organic Search,Mobile,South,Apparel,38.43,1,5,36.51,20.33,16.18,Standard,5,False,4.0,Card,False
ORD-04500,2025-11-20,C0728,Consumer,35,False,Social,Mobile,South,Toys,36.31,1,5,34.49,20.55,13.94,Express,3,False,5.0,PayPal,False
ORD-04501,2025-11-20,C0885,Consumer,48,False,Organic Search,Tablet,East,Sports,61.51,2,5,116.87,77.53,39.34,Standard,4,False,5.0,Card,False
ORD-04502,2025-11-20,C0821,Consumer,50,False,Paid Search,Mobile,East,Home,102.36,2,25,153.54,111.74,41.8,Economy,8,False,4.0,PayPal,False
ORD-04503,2025-11-20,C0763,Small Business,26,False,Direct,Desktop,South,Apparel,48.14,4,25,144.42,102.91,41.51,Standard,3,False,5.0,Card,False
ORD-04504,2025-11-20,C0008,Consumer,27,True,Email,Mobile,West,Toys,41.42,1,20,33.14,22.37,10.77,Standard,6,False,,Card,False
ORD-04505,2025-11-20,C1062,Enterprise,53,False,Direct,Desktop,South,Sports,68.35,6,10,369.09,237.3,131.79,Standard,4,False,4.0,Card,False
ORD-04506,2025-11-20,C1165,Consumer,43,False,Email,Mobile,North,Apparel,33.51,1,20,26.81,17.25,9.56,Standard,3,False,5.0,Apple Pay,False
ORD-04507,2025-11-20,C1156,Consumer,49,False,Email,Desktop,East,Apparel,67.97,1,15,57.77,36.2,21.57,Express,3,False,,Card,True
ORD-04508,2025-11-20,C0208,Small Business,19,False,Organic Search,Tablet,South,Beauty,22.37,3,20,53.69,29.08,24.61,Express,2,False,4.0,PayPal,False
ORD-04509,2025-11-20,C0137,Consumer,44,True,Social,Mobile,South,Home,55.78,2,0,111.56,66.95,44.61,Express,2,False,4.0,Card,False
ORD-04510,2025-11-20,C0084,Consumer,59,False,Paid Search,Mobile,West,Home,82.48,1,5,78.36,47.61,30.75,Economy,9,False,4.0,PayPal,False
ORD-04511,2025-11-20,C0155,Consumer,62,False,Paid Search,Desktop,East,Sports,58.49,2,15,99.43,67.33,32.1,Standard,6,False,3.0,PayPal,False
ORD-04512,2025-11-20,C0697,Consumer,37,False,Direct,Desktop,South,Home,109.42,1,30,76.59,59.83,16.76,Standard,5,False,5.0,PayPal,False
ORD-04513,2025-11-20,C0525,Enterprise,23,False,Direct,Desktop,East,Sports,81.63,7,30,399.99,344.19,55.8,Standard,3,False,5.0,Apple Pay,False
ORD-04514,2025-11-21,C1052,Consumer,73,False,Social,Mobile,North,Apparel,70.15,1,0,70.15,36.72,33.43,Standard,4,False,4.0,Card,False
ORD-04515,2025-11-21,C1022,Consumer,51,False,Paid Search,Mobile,West,Toys,37.1,1,5,35.24,21.24,14.0,Standard,7,False,4.0,Card,False
ORD-04516,2025-11-21,C0301,Consumer,20,False,Direct,Desktop,West,Apparel,50.78,1,5,48.24,27.27,20.97,Standard,6,False,,Card,False
ORD-04517,2025-11-21,C0325,Consumer,21,False,Organic Search,Mobile,West,Sports,80.78,2,30,113.09,95.3,17.79,Standard,7,True,,Apple Pay,False
ORD-04518,2025-11-21,C0746,Consumer,22,False,Paid Search,Mobile,East,Apparel,46.22,3,0,138.66,75.51,63.15,Standard,3,False,3.0,Apple Pay,False
ORD-04519,2025-11-21,C0257,Consumer,64,False,Social,Mobile,North,Beauty,36.31,1,0,36.31,15.95,20.36,Standard,3,False,4.0,Apple Pay,False
ORD-04520,2025-11-21,C0207,Consumer,48,False,Paid Search,Tablet,West,Sports,71.31,2,30,99.83,86.86,12.97,Standard,6,False,4.0,Card,False
ORD-04521,2025-11-21,C1125,Small Business,48,False,Organic Search,Mobile,North,Home,76.76,2,0,153.52,89.55,63.97,Express,1,False,5.0,PayPal,False
ORD-04522,2025-11-21,C1140,Consumer,45,False,Organic Search,Desktop,East,Apparel,24.47,1,10,22.02,12.29,9.73,Standard,3,True,4.0,PayPal,False
ORD-04523,2025-11-21,C1134,Consumer,20,False,Paid Search,Mobile,East,Sports,48.07,1,15,40.86,27.59,13.27,Economy,6,False,3.0,Bank Transfer,False
ORD-04524,2025-11-21,C0688,Consumer,65,False,Organic Search,Mobile,North,Beauty,28.57,3,30,60.0,39.58,20.42,Standard,3,False,5.0,PayPal,False
ORD-04525,2025-11-21,C0207,Consumer,48,False,Organic Search,Mobile,North,Electronics,134.89,2,10,242.8,184.87,57.93,Express,2,False,,Apple Pay,False
ORD-04526,2025-11-21,C0469,Small Business,56,False,Email,Mobile,North,Toys,65.94,5,0,329.7,186.33,143.37,Standard,5,False,,Bank Transfer,False
ORD-04527,2025-11-22,C1052,Consumer,73,False,Affiliate,Desktop,East,Beauty,23.99,1,10,21.59,10.53,11.06,Standard,3,False,,Card,False
ORD-04528,2025-11-22,C0095,Consumer,73,False,Paid Search,Desktop,South,Sports,66.23,1,25,49.67,38.57,11.1,Standard,4,False,5.0,Card,False
ORD-04529,2025-11-22,C0881,Consumer,33,False,Social,Mobile,North,Beauty,20.44,1,5,19.42,9.27,10.15,Standard,5,True,3.0,PayPal,False
ORD-04530,2025-11-22,C0430,Small Business,29,True,Direct,Desktop,West,Beauty,30.35,1,0,30.35,14.56,15.79,Standard,7,False,4.0,Apple Pay,False
ORD-04531,2025-11-22,C1176,Consumer,22,False,Paid Search,Desktop,North,Electronics,217.97,1,10,196.17,149.47,46.7,Economy,6,False,,Apple Pay,False
ORD-04532,2025-11-22,C0499,Enterprise,37,False,Organic Search,Mobile,North,Toys,36.28,7,0,253.96,146.15,107.81,Express,2,False,,Card,False
ORD-04533,2025-11-22,C0728,Consumer,35,False,Direct,Mobile,North,Home,79.96,4,30,223.89,185.93,37.96,Standard,5,False,4.0,PayPal,False
ORD-04534,2025-11-22,C0885,Consumer,48,False,Email,Desktop,West,Apparel,43.71,1,30,30.6,22.18,8.42,Standard,8,False,4.0,Card,False
ORD-04535,2025-11-22,C0380,Consumer,59,False,Email,Mobile,West,Toys,38.06,3,0,114.18,61.23,52.95,Standard,7,False,,Card,False
ORD-04536,2025-11-22,C0106,Consumer,40,False,Social,Tablet,South,Beauty,32.35,1,0,32.35,14.98,17.37,Economy,7,False,4.0,Apple Pay,True
ORD-04537,2025-11-22,C0095,Consumer,73,False,Paid Search,Desktop,North,Electronics,279.09,1,10,251.18,188.99,62.19,Standard,4,False,5.0,Apple Pay,False
ORD-04538,2025-11-23,C0728,Consumer,35,False,Social,Mobile,South,Apparel,44.81,1,25,33.61,22.78,10.83,Standard,3,False,4.0,Card,False
ORD-04539,2025-11-23,C1134,Consumer,20,False,Organic Search,Mobile,East,Home,59.66,2,5,113.35,67.27,46.08,Standard,3,False,4.0,Card,False
ORD-04540,2025-11-23,C0588,Consumer,62,False,Email,Mobile,East,Beauty,32.73,1,5,31.09,14.73,16.36,Economy,6,False,,Bank Transfer,True
ORD-04541,2025-11-23,C0298,Small Business,53,False,Direct,Mobile,North,Toys,24.99,2,20,39.98,26.93,13.05,Standard,5,False,4.0,Apple Pay,False
ORD-04542,2025-11-23,C0162,Consumer,21,False,Paid Search,Mobile,South,Electronics,301.47,3,0,904.41,615.6,288.81,Economy,6,False,,Card,False
ORD-04543,2025-11-23,C0012,Consumer,31,False,Affiliate,Desktop,South,Sports,38.49,2,0,76.98,45.43,31.55,Standard,3,False,5.0,Bank Transfer,True
ORD-04544,2025-11-23,C0265,Consumer,47,False,Organic Search,Mobile,West,Beauty,46.18,2,5,87.74,42.38,45.36,Standard,8,False,4.0,PayPal,False
ORD-04545,2025-11-23,C0823,Consumer,53,False,Organic Search,Desktop,South,Home,67.84,1,0,67.84,39.28,28.56,Standard,4,False,,Bank Transfer,False
ORD-04546,2025-11-23,C0245,Consumer,52,False,Email,Tablet,East,Electronics,281.33,3,20,675.19,578.69,96.5,Standard,3,False,,Apple Pay,False
ORD-04547,2025-11-24,C0282,Consumer,27,True,Social,Tablet,North,Electronics,218.33,1,5,207.41,150.14,57.27,Standard,3,False,5.0,Card,False
ORD-04548,2025-11-24,C0312,Consumer,72,False,Social,Mobile,South,Home,77.99,2,0,155.98,85.22,70.76,Standard,4,False,,Card,False
ORD-04549,2025-11-24,C0667,Consumer,43,False,Social,Mobile,North,Apparel,57.68,1,10,51.91,30.06,21.85,Economy,5,False,,Card,True
ORD-04550,2025-11-24,C0458,Consumer,60,False,Affiliate,Mobile,West,Apparel,38.41,2,0,76.82,37.74,39.08,Express,4,False,5.0,Bank Transfer,False
ORD-04551,2025-11-24,C0800,Consumer,34,False,Direct,Tablet,North,Apparel,58.91,3,0,176.73,92.39,84.34,Standard,4,False,5.0,PayPal,False
ORD-04552,2025-11-24,C1052,Consumer,73,False,Email,Mobile,West,Beauty,28.41,2,0,56.82,25.73,31.09,Standard,6,False,5.0,Apple Pay,True
ORD-04553,2025-11-24,C0362,Small Business,46,False,Direct,Mobile,North,Home,77.37,3,5,220.5,132.92,87.58,Standard,5,False,4.0,PayPal,False
ORD-04554,2025-11-24,C0630,Consumer,34,False,Paid Search,Desktop,South,Toys,40.58,4,0,162.32,98.46,63.86,Standard,4,False,,Apple Pay,False
ORD-04555,2025-11-24,C0742,Small Business,58,False,Paid Search,Mobile,South,Apparel,32.96,2,20,52.74,33.47,19.27,Express,2,False,,Card,False
ORD-04556,2025-11-24,C0587,Consumer,68,False,Organic Search,Mobile,South,Home,125.29,1,10,112.76,73.77,38.99,Standard,4,False,4.0,Card,False
ORD-04557,2025-11-24,C0301,Consumer,20,False,Direct,Desktop,North,Home,69.56,4,15,236.5,150.81,85.69,Express,1,False,,Card,False
ORD-04558,2025-11-24,C1105,Small Business,44,False,Organic Search,Mobile,West,Electronics,256.34,3,0,769.02,497.01,272.01,Standard,6,False,,Card,False
ORD-04559,2025-11-24,C0529,Consumer,42,False,Organic Search,Mobile,South,Toys,37.2,3,0,111.6,61.03,50.57,Standard,3,False,5.0,Card,True
ORD-04560,2025-11-24,C0117,Small Business,42,False,Organic Search,Desktop,North,Home,77.32,3,0,231.96,132.58,99.38,Standard,4,False,4.0,Card,True
ORD-04561,2025-11-24,C0297,Consumer,66,False,Organic Search,Tablet,North,Home,103.37,2,0,206.74,122.95,83.79,Express,5,False,4.0,PayPal,False
ORD-04562,2025-11-24,C0529,Consumer,42,False,Direct,Mobile,South,Electronics,209.47,2,25,314.2,263.68,50.52,Standard,4,False,5.0,Card,False
ORD-04563,2025-11-24,C0676,Small Business,50,False,Direct,Mobile,West,Home,85.96,2,0,171.92,100.7,71.22,Standard,7,False,4.0,PayPal,False
ORD-04564,2025-11-24,C1052,Consumer,73,False,Email,Tablet,South,Apparel,44.24,1,25,33.18,21.95,11.23,Standard,3,False,4.0,PayPal,False
ORD-04565,2025-11-24,C0730,Consumer,72,False,Organic Search,Mobile,North,Apparel,59.36,1,25,44.52,31.41,13.11,Express,2,False,4.0,Card,False
ORD-04566,2025-11-24,C1022,Consumer,51,False,Paid Search,Desktop,East,Home,72.8,2,0,145.6,84.99,60.61,Standard,3,False,,Card,False
ORD-04567,2025-11-25,C1052,Consumer,73,False,Direct,Mobile,West,Apparel,24.93,2,25,37.39,25.59,11.8,Standard,6,False,3.0,Apple Pay,False
ORD-04568,2025-11-25,C0548,Consumer,61,False,Social,Mobile,West,Apparel,40.44,1,0,40.44,21.68,18.76,Standard,7,True,,Card,False
ORD-04569,2025-11-25,C0021,Consumer,39,False,Email,Desktop,West,Sports,74.9,2,25,112.35,92.42,19.93,Standard,6,False,4.0,Card,False
ORD-04570,2025-11-25,C0072,Consumer,64,False,Organic Search,Desktop,East,Electronics,197.5,2,0,395.0,263.59,131.41,Economy,5,True,3.0,Card,False
ORD-04571,2025-11-25,C0676,Small Business,50,False,Social,Desktop,West,Home,112.18,3,30,235.58,203.02,32.56,Standard,6,False,4.0,Apple Pay,False
ORD-04572,2025-11-25,C1006,Consumer,22,False,Social,Desktop,South,Apparel,52.84,2,20,84.54,54.2,30.34,Standard,6,False,3.0,Card,False
ORD-04573,2025-11-25,C0418,Consumer,67,False,Direct,Mobile,North,Apparel,53.72,2,20,85.95,56.44,29.51,Standard,4,False,,PayPal,False
ORD-04574,2025-11-25,C0954,Consumer,23,False,Social,Mobile,East,Beauty,46.24,2,15,78.61,40.61,38.0,Standard,3,False,5.0,PayPal,False
ORD-04575,2025-11-25,C0440,Consumer,69,False,Paid Search,Tablet,South,Apparel,40.85,1,30,28.6,21.29,7.31,Economy,5,True,,Apple Pay,False
ORD-04576,2025-11-25,C0899,Consumer,66,False,Organic Search,Mobile,South,Electronics,170.27,1,0,170.27,114.97,55.3,Standard,3,False,,Card,True
ORD-04577,2025-11-25,C1013,Consumer,32,False,Email,Mobile,South,Electronics,265.83,2,0,531.66,369.17,162.49,Economy,5,False,,Bank Transfer,False
ORD-04578,2025-11-25,C0077,Small Business,73,False,Social,Desktop,North,Home,87.61,4,0,350.44,206.79,143.65,Standard,5,False,5.0,Card,False
ORD-04579,2025-11-26,C1137,Small Business,70,False,Paid Search,Mobile,West,Apparel,46.55,3,0,139.65,72.15,67.5,Standard,7,False,3.0,Card,False
ORD-04580,2025-11-26,C1052,Consumer,73,False,Organic Search,Desktop,West,Sports,79.09,2,30,110.73,98.02,12.71,Standard,6,False,4.0,Card,False
ORD-04581,2025-11-26,C0245,Consumer,52,False,Social,Mobile,South,Beauty,46.77,1,10,42.09,20.9,21.19,Standard,5,False,4.0,PayPal,False
ORD-04582,2025-11-26,C0298,Small Business,53,False,Direct,Tablet,North,Electronics,210.1,2,0,420.2,290.41,129.79,Standard,3,False,4.0,PayPal,False
ORD-04583,2025-11-26,C1137,Small Business,70,False,Affiliate,Mobile,West,Electronics,234.61,4,5,891.52,648.41,243.11,Standard,7,False,,Apple Pay,False
ORD-04584,2025-11-26,C0600,Small Business,60,False,Email,Mobile,North,Sports,93.31,4,15,317.25,220.52,96.73,Standard,3,True,3.0,Card,False
ORD-04585,2025-11-26,C0874,Small Business,44,False,Affiliate,Mobile,West,Electronics,301.45,3,0,904.35,622.46,281.89,Express,4,False,4.0,PayPal,False
ORD-04586,2025-11-26,C0207,Consumer,48,False,Organic Search,Desktop,North,Home,63.92,2,30,89.49,72.5,16.99,Express,1,False,5.0,PayPal,False
ORD-04587,2025-11-26,C0213,Consumer,19,False,Email,Tablet,East,Apparel,43.81,1,25,32.86,23.35,9.51,Standard,4,False,5.0,Card,False
ORD-04588,2025-11-26,C0947,Consumer,26,False,Direct,Mobile,South,Beauty,30.65,2,15,52.1,28.02,24.08,Express,2,False,,Card,False
ORD-04589,2025-11-26,C0921,Consumer,53,False,Paid Search,Mobile,West,Electronics,205.96,2,10,370.73,296.44,74.29,Standard,6,False,,Apple Pay,False
ORD-04590,2025-11-26,C0607,Enterprise,28,True,Paid Search,Mobile,West,Beauty,37.1,3,0,111.3,49.24,62.06,Standard,8,False,,Card,False
ORD-04591,2025-11-27,C0990,Consumer,23,False,Organic Search,Desktop,South,Toys,32.22,1,15,27.39,18.62,8.77,Express,2,False,5.0,Card,False
ORD-04592,2025-11-27,C0882,Consumer,61,False,Direct,Mobile,South,Apparel,53.77,2,15,91.41,56.82,34.59,Standard,3,True,,PayPal,False
ORD-04593,2025-11-27,C0702,Consumer,33,False,Organic Search,Mobile,North,Electronics,229.81,1,0,229.81,155.36,74.45,Express,2,False,4.0,Apple Pay,False
ORD-04594,2025-11-27,C0693,Consumer,22,False,Paid Search,Mobile,West,Home,123.55,1,0,123.55,71.01,52.54,Standard,6,False,4.0,Apple Pay,False
ORD-04595,2025-11-27,C0362,Small Business,46,False,Direct,Desktop,North,Sports,67.76,2,15,115.19,81.17,34.02,Express,2,False,4.0,Card,False
ORD-04596,2025-11-27,C1052,Consumer,73,False,Direct,Desktop,West,Apparel,46.48,2,30,65.07,47.83,17.24,Standard,8,False,2.0,Card,False
ORD-04597,2025-11-27,C0743,Consumer,57,False,Social,Desktop,North,Sports,78.03,1,0,78.03,50.02,28.01,Standard,6,False,3.0,PayPal,False
ORD-04598,2025-11-27,C0298,Small Business,53,False,Affiliate,Desktop,North,Electronics,268.11,2,0,536.22,383.45,152.77,Standard,4,False,4.0,Bank Transfer,False
ORD-04599,2025-11-27,C0230,Consumer,66,False,Affiliate,Mobile,East,Beauty,33.63,2,0,67.26,29.86,37.4,Standard,4,False,4.0,PayPal,False
ORD-04600,2025-11-27,C0297,Consumer,66,False,Paid Search,Desktop,North,Home,147.46,1,15,125.34,85.21,40.13,Express,1,False,5.0,Card,False
ORD-04601,2025-11-27,C0315,Enterprise,56,False,Organic Search,Tablet,South,Toys,28.21,7,0,197.47,105.87,91.6,Standard,3,False,5.0,Card,False
ORD-04602,2025-11-27,C0207,Consumer,48,False,Paid Search,Mobile,East,Sports,79.53,2,10,143.15,97.93,45.22,Economy,6,False,4.0,Card,False
ORD-04603,2025-11-27,C1052,Consumer,73,False,Paid Search,Mobile,North,Apparel,47.93,1,25,35.95,24.42,11.53,Standard,4,False,,Card,False
ORD-04604,2025-11-27,C1140,Consumer,45,False,Paid Search,Desktop,East,Beauty,20.99,1,15,17.84,9.18,8.66,Economy,6,False,5.0,Apple Pay,False
ORD-04605,2025-11-27,C0484,Consumer,50,False,Direct,Mobile,East,Beauty,21.77,1,30,15.24,9.33,5.91,Standard,3,False,4.0,Card,False
ORD-04606,2025-11-27,C0694,Consumer,66,False,Paid Search,Desktop,North,Beauty,34.64,2,0,69.28,32.24,37.04,Standard,6,False,4.0,Card,False
ORD-04607,2025-11-27,C0819,Consumer,52,False,Organic Search,Mobile,North,Toys,54.04,2,10,97.27,61.06,36.21,Economy,5,False,5.0,PayPal,False
ORD-04608,2025-11-27,C0685,Consumer,32,False,Organic Search,Mobile,East,Electronics,288.98,1,0,288.98,199.19,89.79,Standard,5,False,5.0,PayPal,False
ORD-04609,2025-11-28,C0384,Consumer,33,False,Email,Mobile,South,Beauty,29.29,1,20,23.43,12.92,10.51,Express,2,False,5.0,PayPal,False
ORD-04610,2025-11-28,C0215,Consumer,73,False,Email,Desktop,North,Sports,95.29,2,15,161.99,105.92,56.07,Standard,4,False,4.0,Card,False
ORD-04611,2025-11-28,C0418,Consumer,67,False,Organic Search,Desktop,West,Electronics,312.58,2,0,625.16,434.92,190.24,Standard,10,False,2.0,Card,False
ORD-04612,2025-11-28,C0012,Consumer,31,False,Organic Search,Desktop,East,Electronics,199.59,3,10,538.89,413.37,125.52,Standard,5,False,3.0,Card,False
ORD-04613,2025-11-28,C0676,Small Business,50,False,Organic Search,Mobile,West,Electronics,276.15,4,25,828.45,709.94,118.51,Express,6,False,4.0,Bank Transfer,False
ORD-04614,2025-11-28,C1052,Consumer,73,False,Paid Search,Desktop,West,Electronics,243.62,1,0,243.62,168.48,75.14,Standard,8,False,3.0,Card,False
ORD-04615,2025-11-28,C0406,Small Business,55,False,Social,Tablet,North,Sports,109.96,2,0,219.92,128.54,91.38,Standard,4,True,3.0,Card,False
ORD-04616,2025-11-28,C0181,Consumer,65,False,Organic Search,Mobile,West,Electronics,222.25,2,15,377.82,301.75,76.07,Standard,6,False,3.0,Card,False
ORD-04617,2025-11-29,C1052,Consumer,73,False,Email,Mobile,South,Apparel,46.04,2,20,73.66,47.9,25.76,Express,1,False,,Card,False
ORD-04618,2025-11-29,C0266,Consumer,33,False,Organic Search,Mobile,North,Toys,39.44,2,10,70.99,43.34,27.65,Economy,5,False,5.0,Bank Transfer,False
ORD-04619,2025-11-29,C0947,Consumer,26,False,Email,Desktop,North,Electronics,214.33,1,0,214.33,143.55,70.78,Economy,7,False,3.0,PayPal,False
ORD-04620,2025-11-29,C0207,Consumer,48,False,Direct,Mobile,West,Home,41.6,1,0,41.6,24.92,16.68,Express,6,False,4.0,PayPal,False
ORD-04621,2025-11-29,C0840,Consumer,43,False,Affiliate,Desktop,South,Electronics,221.05,1,25,165.79,149.11,16.68,Express,1,False,5.0,PayPal,False
ORD-04622,2025-11-29,C0298,Small Business,53,False,Direct,Mobile,North,Sports,67.82,1,0,67.82,41.94,25.88,Standard,6,False,2.0,Card,False
ORD-04623,2025-11-29,C0297,Consumer,66,False,Affiliate,Mobile,South,Beauty,34.28,3,10,92.56,46.98,45.58,Economy,6,False,3.0,PayPal,False
ORD-04624,2025-11-29,C0856,Consumer,43,False,Email,Desktop,West,Electronics,137.47,2,10,247.45,180.53,66.92,Standard,8,False,3.0,PayPal,False
ORD-04625,2025-11-30,C0244,Consumer,35,False,Social,Desktop,East,Toys,44.99,2,10,80.98,47.3,33.68,Express,4,False,,Card,False
ORD-04626,2025-11-30,C0037,Consumer,18,False,Organic Search,Desktop,West,Electronics,182.82,1,5,173.68,123.91,49.77,Express,4,False,5.0,PayPal,False
ORD-04627,2025-11-30,C0292,Consumer,46,False,Organic Search,Desktop,South,Sports,53.19,4,0,212.76,129.66,83.1,Economy,5,False,,Card,False
ORD-04628,2025-11-30,C1137,Small Business,70,False,Social,Desktop,East,Electronics,164.0,2,20,262.4,223.96,38.44,Economy,5,True,3.0,Card,False
ORD-04629,2025-11-30,C0685,Consumer,32,False,Affiliate,Mobile,North,Apparel,54.78,3,0,164.34,83.54,80.8,Standard,4,False,,Card,False
ORD-04630,2025-11-30,C0063,Small Business,53,False,Direct,Desktop,East,Beauty,28.71,1,30,20.1,13.0,7.1,Express,3,True,,Card,False
ORD-04631,2025-11-30,C0887,Consumer,36,False,Paid Search,Tablet,East,Toys,30.68,1,20,24.54,16.42,8.12,Standard,4,False,5.0,Card,False
ORD-04632,2025-11-30,C0702,Consumer,33,False,Organic Search,Desktop,North,Electronics,185.82,1,15,157.95,126.65,31.3,Express,1,False,,PayPal,False
ORD-04633,2025-11-30,C1156,Consumer,49,False,Email,Desktop,South,Electronics,313.02,2,0,626.04,432.24,193.8,Standard,4,False,,Apple Pay,True
ORD-04634,2025-11-30,C0243,Consumer,30,False,Organic Search,Mobile,East,Sports,87.17,1,15,74.09,47.23,26.86,Standard,5,False,,Card,False
ORD-04635,2025-11-30,C0380,Consumer,59,False,Organic Search,Mobile,South,Sports,41.07,2,10,73.93,49.97,23.96,Standard,6,False,4.0,Card,False
ORD-04636,2025-11-30,C0758,Consumer,64,False,Social,Mobile,East,Sports,101.36,1,30,70.95,61.74,9.21,Standard,3,True,,Card,False
ORD-04637,2025-11-30,C0301,Consumer,20,False,Social,Desktop,North,Beauty,23.27,2,15,39.56,21.14,18.42,Express,2,False,,PayPal,False
ORD-04638,2025-11-30,C0789,Small Business,64,False,Paid Search,Mobile,West,Electronics,215.6,2,30,301.84,292.04,9.8,Standard,6,False,4.0,Card,False
ORD-04639,2025-12-01,C0400,Consumer,24,False,Direct,Mobile,West,Apparel,59.87,1,0,59.87,30.72,29.15,Standard,7,False,3.0,Card,False
ORD-04640,2025-12-01,C1007,Consumer,33,False,Organic Search,Mobile,West,Beauty,25.67,1,0,25.67,11.95,13.72,Standard,7,False,3.0,Card,False
ORD-04641,2025-12-01,C1052,Consumer,73,False,Paid Search,Desktop,South,Home,85.36,2,0,170.72,98.78,71.94,Economy,8,False,3.0,Bank Transfer,False
ORD-04642,2025-12-01,C0728,Consumer,35,False,Email,Desktop,South,Home,85.43,2,25,128.15,97.79,30.36,Express,3,False,5.0,Card,False
ORD-04643,2025-12-01,C0440,Consumer,69,False,Email,Mobile,East,Sports,80.87,1,5,76.83,47.74,29.09,Standard,6,False,3.0,Card,False
ORD-04644,2025-12-01,C0086,Small Business,50,False,Organic Search,Mobile,West,Beauty,24.58,4,10,88.49,44.81,43.68,Express,4,False,5.0,Card,False
ORD-04645,2025-12-01,C0987,Consumer,55,False,Paid Search,Mobile,East,Apparel,68.94,3,10,186.14,106.13,80.01,Economy,5,False,5.0,PayPal,True
ORD-04646,2025-12-01,C0086,Small Business,50,False,Affiliate,Desktop,East,Home,85.89,5,5,407.98,259.05,148.93,Economy,6,False,,Apple Pay,False
ORD-04647,2025-12-01,C0188,Small Business,33,False,Organic Search,Desktop,South,Apparel,42.81,3,5,122.01,66.71,55.3,Standard,4,False,3.0,Card,False
ORD-04648,2025-12-01,C0721,Consumer,24,False,Organic Search,Mobile,West,Home,100.97,1,0,100.97,60.08,40.89,Standard,7,True,2.0,Card,False
ORD-04649,2025-12-01,C1134,Consumer,20,False,Social,Desktop,West,Sports,50.69,2,25,76.04,61.44,14.6,Economy,8,False,3.0,Card,False
ORD-04650,2025-12-01,C0202,Small Business,18,False,Social,Mobile,East,Toys,61.11,4,15,207.77,135.5,72.27,Standard,4,False,,Card,True
ORD-04651,2025-12-01,C0405,Consumer,43,False,Organic Search,Desktop,South,Electronics,217.52,1,0,217.52,151.23,66.29,Standard,3,False,5.0,PayPal,False
ORD-04652,2025-12-01,C0265,Consumer,47,False,Paid Search,Mobile,West,Electronics,370.41,3,20,888.98,797.73,91.25,Standard,7,False,,Card,False
ORD-04653,2025-12-01,C1173,Small Business,48,True,Social,Desktop,South,Apparel,53.27,2,5,101.21,55.46,45.75,Express,2,False,5.0,PayPal,False
ORD-04654,2025-12-01,C0056,Consumer,39,False,Organic Search,Mobile,North,Electronics,264.33,2,0,528.66,365.84,162.82,Standard,6,False,,Card,False
ORD-04655,2025-12-01,C0063,Small Business,53,False,Organic Search,Mobile,South,Electronics,158.59,2,0,317.18,218.27,98.91,Standard,3,False,,Apple Pay,False
ORD-04656,2025-12-02,C0604,Consumer,25,False,Organic Search,Desktop,East,Apparel,39.35,1,5,37.38,19.26,18.12,Economy,5,False,4.0,Card,True
ORD-04657,2025-12-02,C1052,Consumer,73,False,Affiliate,Tablet,East,Apparel,45.48,2,25,68.22,47.48,20.74,Standard,3,False,3.0,Card,False
ORD-04658,2025-12-02,C0152,Consumer,46,False,Direct,Desktop,South,Apparel,48.08,2,0,96.16,49.14,47.02,Express,1,False,,Card,False
ORD-04659,2025-12-02,C0181,Consumer,65,False,Paid Search,Mobile,West,Toys,36.75,3,0,110.25,60.6,49.65,Standard,6,False,,PayPal,False
ORD-04660,2025-12-02,C0719,Consumer,38,False,Social,Desktop,South,Beauty,21.7,3,30,45.57,30.24,15.33,Economy,6,False,,PayPal,False
ORD-04661,2025-12-02,C0646,Consumer,19,False,Organic Search,Desktop,West,Beauty,26.04,1,10,23.44,12.69,10.75,Economy,9,False,3.0,Card,False
ORD-04662,2025-12-02,C1052,Consumer,73,False,Direct,Desktop,West,Electronics,217.42,2,15,369.61,294.49,75.12,Express,5,False,3.0,Card,True
ORD-04663,2025-12-02,C0681,Consumer,58,False,Direct,Mobile,East,Toys,35.77,1,30,25.04,19.69,5.35,Economy,5,False,3.0,Card,False
ORD-04664,2025-12-02,C0393,Consumer,42,False,Social,Mobile,South,Home,65.47,2,5,124.39,77.55,46.84,Express,2,False,5.0,PayPal,False
ORD-04665,2025-12-02,C1165,Consumer,43,False,Email,Desktop,North,Apparel,49.96,2,10,89.93,53.55,36.38,Standard,3,False,4.0,Card,False
ORD-04666,2025-12-02,C1134,Consumer,20,False,Paid Search,Mobile,South,Home,65.44,1,5,62.17,37.93,24.24,Standard,3,False,4.0,Apple Pay,False
ORD-04667,2025-12-02,C0297,Consumer,66,False,Paid Search,Mobile,West,Home,117.23,3,0,351.69,199.74,151.95,Standard,7,False,4.0,Apple Pay,False
ORD-04668,2025-12-02,C0918,Consumer,48,False,Email,Mobile,West,Home,86.82,2,10,156.28,101.5,54.78,Economy,10,False,3.0,PayPal,False
ORD-04669,2025-12-03,C0955,Enterprise,44,True,Paid Search,Mobile,South,Electronics,232.94,7,0,1630.58,1073.2,557.38,Economy,7,False,,PayPal,False
ORD-04670,2025-12-03,C0244,Consumer,35,False,Direct,Mobile,North,Toys,60.96,1,5,57.91,34.35,23.56,Economy,5,False,3.0,Card,False
ORD-04671,2025-12-03,C1156,Consumer,49,False,Affiliate,Mobile,South,Home,70.99,1,0,70.99,39.68,31.31,Economy,5,False,,PayPal,False
ORD-04672,2025-12-03,C1165,Consumer,43,False,Organic Search,Desktop,North,Beauty,27.57,2,5,52.38,24.82,27.56,Express,2,False,5.0,Card,False
ORD-04673,2025-12-03,C0972,Consumer,33,False,Email,Mobile,North,Electronics,181.78,2,15,309.03,267.67,41.36,Express,2,False,5.0,Apple Pay,False
ORD-04674,2025-12-03,C1056,Consumer,49,False,Organic Search,Tablet,South,Apparel,49.27,2,10,88.69,52.12,36.57,Standard,4,False,,Bank Transfer,False
ORD-04675,2025-12-03,C1134,Consumer,20,False,Email,Tablet,West,Beauty,25.39,1,5,24.12,11.53,12.59,Standard,8,False,4.0,PayPal,True
ORD-04676,2025-12-03,C0298,Small Business,53,False,Direct,Mobile,North,Apparel,47.06,1,20,37.65,24.79,12.86,Standard,3,True,,Card,True
ORD-04677,2025-12-03,C0244,Consumer,35,False,Organic Search,Desktop,North,Electronics,239.85,2,0,479.7,322.81,156.89,Economy,6,False,5.0,Apple Pay,False
ORD-04678,2025-12-03,C0210,Consumer,19,False,Affiliate,Mobile,North,Sports,84.74,1,25,63.55,49.25,14.3,Standard,5,True,3.0,Bank Transfer,False
ORD-04679,2025-12-03,C1052,Consumer,73,False,Organic Search,Mobile,East,Beauty,35.82,1,5,34.03,16.4,17.63,Economy,7,False,,Card,False
ORD-04680,2025-12-03,C0776,Consumer,55,False,Organic Search,Desktop,North,Electronics,272.78,1,0,272.78,182.58,90.2,Economy,6,False,4.0,PayPal,False
ORD-04681,2025-12-03,C1065,Small Business,72,False,Email,Mobile,South,Toys,41.9,4,20,134.08,92.8,41.28,Standard,4,True,3.0,PayPal,False
ORD-04682,2025-12-03,C0400,Consumer,24,False,Direct,Desktop,East,Electronics,285.35,2,0,570.7,396.31,174.39,Standard,6,False,4.0,Card,True
ORD-04683,2025-12-03,C1140,Consumer,45,False,Direct,Desktop,North,Home,49.38,2,25,74.07,59.23,14.84,Economy,6,False,,Card,True
ORD-04684,2025-12-04,C0763,Small Business,26,False,Organic Search,Desktop,North,Sports,66.07,2,20,105.71,79.74,25.97,Standard,3,False,,Card,False
ORD-04685,2025-12-04,C0298,Small Business,53,False,Paid Search,Mobile,East,Electronics,212.82,2,20,340.51,278.56,61.95,Economy,6,False,,Bank Transfer,False
ORD-04686,2025-12-04,C0210,Consumer,19,False,Organic Search,Desktop,North,Apparel,88.13,4,0,352.52,187.53,164.99,Standard,5,False,3.0,Card,False
ORD-04687,2025-12-04,C0950,Consumer,71,False,Social,Mobile,North,Home,111.83,3,0,335.49,186.8,148.69,Standard,5,False,5.0,PayPal,False
ORD-04688,2025-12-04,C1097,Enterprise,52,False,Affiliate,Mobile,South,Sports,95.22,3,0,285.66,166.57,119.09,Standard,4,False,4.0,Apple Pay,False
ORD-04689,2025-12-04,C0207,Consumer,48,False,Organic Search,Desktop,North,Beauty,28.87,1,0,28.87,13.46,15.41,Express,2,False,5.0,Card,False
ORD-04690,2025-12-04,C0207,Consumer,48,False,Email,Desktop,West,Apparel,35.12,1,20,28.1,18.06,10.04,Standard,6,False,4.0,Card,False
ORD-04691,2025-12-04,C0728,Consumer,35,False,Paid Search,Mobile,North,Beauty,30.58,3,25,68.8,42.68,26.12,Standard,4,False,4.0,Card,False
ORD-04692,2025-12-04,C1032,Consumer,53,False,Direct,Mobile,South,Beauty,29.92,1,10,26.93,13.52,13.41,Standard,3,False,5.0,PayPal,False
ORD-04693,2025-12-04,C0763,Small Business,26,False,Email,Mobile,North,Electronics,238.97,3,0,716.91,522.57,194.34,Standard,4,False,4.0,Apple Pay,False
ORD-04694,2025-12-04,C0568,Small Business,53,False,Email,Desktop,West,Apparel,58.99,2,5,112.08,60.89,51.19,Standard,6,False,,Apple Pay,False
ORD-04695,2025-12-04,C1052,Consumer,73,False,Email,Desktop,South,Home,66.94,2,10,120.49,74.64,45.85,Standard,3,False,,Card,False
ORD-04696,2025-12-05,C0881,Consumer,33,False,Organic Search,Desktop,South,Apparel,44.33,1,15,37.68,23.19,14.49,Standard,3,False,4.0,Card,False
ORD-04697,2025-12-05,C0245,Consumer,52,False,Paid Search,Mobile,North,Electronics,276.95,1,0,276.95,186.66,90.29,Standard,6,False,5.0,Card,False
ORD-04698,2025-12-05,C0188,Small Business,33,False,Direct,Mobile,West,Sports,94.27,2,0,188.54,108.62,79.92,Standard,8,False,4.0,PayPal,False
ORD-04699,2025-12-05,C0686,Small Business,34,False,Email,Mobile,North,Home,87.69,2,20,140.3,105.85,34.45,Express,2,False,5.0,Card,False
ORD-04700,2025-12-05,C0298,Small Business,53,False,Paid Search,Mobile,East,Beauty,27.48,3,25,61.83,37.56,24.27,Express,2,False,5.0,PayPal,False
ORD-04701,2025-12-05,C0559,Consumer,69,True,Organic Search,Mobile,North,Toys,41.56,1,20,33.25,22.97,10.28,Standard,3,False,,Card,False
ORD-04702,2025-12-05,C0728,Consumer,35,False,Direct,Mobile,North,Apparel,53.03,1,5,50.38,27.46,22.92,Standard,3,True,3.0,Card,False
ORD-04703,2025-12-05,C0702,Consumer,33,False,Organic Search,Desktop,West,Apparel,57.94,1,20,46.35,29.55,16.8,Standard,8,False,,PayPal,False
ORD-04704,2025-12-06,C0266,Consumer,33,False,Direct,Mobile,South,Beauty,36.61,1,10,32.95,16.7,16.25,Express,2,True,4.0,Card,False
ORD-04705,2025-12-06,C0298,Small Business,53,False,Social,Desktop,East,Electronics,237.87,5,0,1189.35,819.32,370.03,Express,4,False,4.0,Apple Pay,False
ORD-04706,2025-12-06,C0920,Consumer,48,False,Paid Search,Desktop,North,Beauty,34.26,3,20,82.22,47.6,34.62,Economy,6,False,3.0,Card,False
ORD-04707,2025-12-06,C0297,Consumer,66,False,Email,Tablet,West,Electronics,293.36,1,20,234.69,200.54,34.15,Standard,8,False,3.0,PayPal,False
ORD-04708,2025-12-06,C0934,Small Business,58,False,Affiliate,Desktop,West,Beauty,34.82,1,0,34.82,15.64,19.18,Economy,8,False,4.0,Card,False
ORD-04709,2025-12-06,C1071,Enterprise,40,False,Organic Search,Mobile,East,Sports,97.14,7,5,645.98,418.24,227.74,Standard,5,False,,Bank Transfer,True
ORD-04710,2025-12-06,C1147,Small Business,19,False,Paid Search,Desktop,North,Beauty,23.24,1,20,18.59,10.89,7.7,Standard,4,True,4.0,Apple Pay,False
ORD-04711,2025-12-06,C0799,Consumer,45,False,Organic Search,Mobile,South,Sports,77.71,1,5,73.82,46.57,27.25,Express,1,False,4.0,Card,False
ORD-04712,2025-12-06,C0685,Consumer,32,False,Social,Mobile,North,Home,91.85,2,0,183.7,104.49,79.21,Express,3,False,,Card,False
ORD-04713,2025-12-06,C0189,Consumer,18,False,Direct,Mobile,East,Home,58.42,1,0,58.42,33.6,24.82,Standard,3,False,5.0,PayPal,False
ORD-04714,2025-12-06,C1134,Consumer,20,False,Organic Search,Mobile,South,Toys,32.04,1,15,27.23,18.4,8.83,Express,1,False,,Bank Transfer,False
ORD-04715,2025-12-06,C0671,Consumer,70,False,Direct,Mobile,East,Apparel,43.19,1,0,43.19,23.03,20.16,Express,4,False,5.0,Card,False
ORD-04716,2025-12-06,C0966,Enterprise,29,False,Affiliate,Mobile,West,Electronics,332.73,4,5,1264.37,898.01,366.36,Express,5,False,5.0,Apple Pay,False
ORD-04717,2025-12-06,C0207,Consumer,48,False,Paid Search,Desktop,West,Electronics,242.62,3,20,582.29,465.65,116.64,Standard,6,False,3.0,Card,False
ORD-04718,2025-12-07,C0916,Consumer,38,False,Organic Search,Desktop,East,Apparel,48.96,1,0,48.96,25.55,23.41,Economy,6,False,4.0,Apple Pay,False
ORD-04719,2025-12-07,C1052,Consumer,73,False,Paid Search,Mobile,South,Apparel,56.65,5,20,226.6,139.78,86.82,Economy,6,True,,Card,True
ORD-04720,2025-12-07,C0728,Consumer,35,False,Organic Search,Mobile,North,Home,68.16,2,15,115.87,78.79,37.08,Standard,3,False,,Card,False
ORD-04721,2025-12-07,C0685,Consumer,32,False,Email,Mobile,East,Sports,125.94,4,15,428.2,305.85,122.35,Express,4,False,4.0,Bank Transfer,True
ORD-04722,2025-12-07,C0207,Consumer,48,False,Paid Search,Mobile,West,Home,89.71,2,30,125.59,98.79,26.8,Express,4,False,4.0,Card,False
ORD-04723,2025-12-07,C0728,Consumer,35,False,Direct,Mobile,West,Beauty,42.13,1,5,40.02,19.38,20.64,Standard,8,False,2.0,PayPal,False
ORD-04724,2025-12-07,C0001,Enterprise,61,True,Affiliate,Tablet,West,Electronics,137.77,4,0,551.08,359.02,192.06,Economy,9,False,3.0,Apple Pay,True
ORD-04725,2025-12-08,C0810,Consumer,39,False,Direct,Desktop,North,Apparel,52.9,3,5,150.76,87.2,63.56,Standard,4,False,,Card,False
ORD-04726,2025-12-08,C0421,Consumer,73,False,Paid Search,Desktop,East,Apparel,33.63,2,5,63.9,33.77,30.13,Standard,3,False,5.0,Bank Transfer,False
ORD-04727,2025-12-08,C1052,Consumer,73,False,Affiliate,Desktop,South,Sports,94.78,2,10,170.6,107.51,63.09,Standard,3,False,5.0,Card,False
ORD-04728,2025-12-08,C0950,Consumer,71,False,Organic Search,Mobile,West,Home,67.52,1,0,67.52,39.41,28.11,Standard,7,False,,Card,True
ORD-04729,2025-12-08,C0918,Consumer,48,False,Organic Search,Desktop,South,Apparel,68.38,1,20,54.7,36.01,18.69,Standard,4,False,5.0,Card,False
ORD-04730,2025-12-08,C1004,Consumer,39,False,Organic Search,Desktop,North,Toys,26.43,3,0,79.29,43.09,36.2,Express,3,False,5.0,Card,False
ORD-04731,2025-12-08,C0943,Small Business,52,False,Direct,Mobile,West,Sports,52.79,5,30,184.76,153.22,31.54,Standard,7,False,,PayPal,False
ORD-04732,2025-12-08,C0077,Small Business,73,False,Organic Search,Desktop,South,Beauty,32.27,2,25,48.4,28.01,20.39,Economy,5,False,5.0,Apple Pay,True
ORD-04733,2025-12-08,C0497,Consumer,37,False,Social,Desktop,West,Home,86.4,1,0,86.4,51.04,35.36,Standard,6,False,4.0,Card,False
ORD-04734,2025-12-08,C0838,Consumer,29,False,Email,Desktop,South,Toys,44.43,2,20,71.09,49.98,21.11,Standard,3,False,4.0,Card,False
ORD-04735,2025-12-09,C0152,Consumer,46,False,Direct,Mobile,West,Home,88.78,2,30,124.29,94.47,29.82,Standard,9,False,4.0,Bank Transfer,False
ORD-04736,2025-12-09,C0458,Consumer,60,False,Paid Search,Mobile,West,Electronics,194.4,1,5,184.68,125.95,58.73,Economy,9,False,,Card,False
ORD-04737,2025-12-09,C0122,Consumer,54,False,Organic Search,Mobile,South,Beauty,53.03,1,10,47.73,24.21,23.52,Standard,5,False,5.0,Card,False
ORD-04738,2025-12-09,C0931,Consumer,42,True,Direct,Mobile,East,Home,78.0,1,0,78.0,45.69,32.31,Express,1,False,,Card,True
ORD-04739,2025-12-09,C0950,Consumer,71,False,Paid Search,Desktop,East,Toys,26.4,1,5,25.08,14.18,10.9,Standard,4,False,4.0,Card,False
ORD-04740,2025-12-09,C0427,Consumer,66,False,Social,Tablet,North,Sports,74.09,2,15,125.95,90.25,35.7,Standard,4,False,,Card,False
ORD-04741,2025-12-09,C0728,Consumer,35,False,Paid Search,Mobile,East,Electronics,234.84,2,20,375.74,314.57,61.17,Economy,5,False,5.0,Bank Transfer,True
ORD-04742,2025-12-09,C0207,Consumer,48,False,Email,Mobile,West,Beauty,21.85,1,30,15.3,9.83,5.47,Standard,7,False,4.0,Card,False
ORD-04743,2025-12-09,C0454,Small Business,53,False,Affiliate,Mobile,South,Sports,49.12,3,0,147.36,87.08,60.28,Express,2,False,4.0,Card,False
ORD-04744,2025-12-09,C1052,Consumer,73,False,Organic Search,Mobile,North,Beauty,41.62,2,10,74.92,38.74,36.18,Standard,4,False,,Card,False
ORD-04745,2025-12-10,C0728,Consumer,35,False,Direct,Desktop,East,Sports,114.9,1,15,97.66,68.47,29.19,Economy,6,False,5.0,Card,False
ORD-04746,2025-12-10,C0063,Small Business,53,False,Email,Mobile,East,Apparel,47.77,2,10,85.99,52.17,33.82,Standard,4,False,5.0,Card,True
ORD-04747,2025-12-10,C0950,Consumer,71,False,Email,Mobile,East,Apparel,33.84,2,15,57.53,35.76,21.77,Economy,5,True,4.0,PayPal,False
ORD-04748,2025-12-10,C0215,Consumer,73,False,Email,Desktop,North,Toys,33.76,2,0,67.52,38.63,28.89,Economy,8,False,,Card,True
ORD-04749,2025-12-10,C0298,Small Business,53,False,Paid Search,Desktop,West,Apparel,38.33,2,25,57.5,40.41,17.09,Standard,7,False,,Apple Pay,False
ORD-04750,2025-12-10,C1156,Consumer,49,False,Direct,Desktop,West,Apparel,40.69,4,10,146.48,84.11,62.37,Standard,6,False,4.0,Card,False
ORD-04751,2025-12-10,C0380,Consumer,59,False,Direct,Mobile,West,Beauty,31.43,2,5,59.72,28.66,31.06,Economy,8,False,4.0,PayPal,False
ORD-04752,2025-12-10,C1143,Consumer,54,False,Direct,Desktop,East,Electronics,233.25,1,10,209.92,153.81,56.11,Express,2,False,,Card,False
ORD-04753,2025-12-10,C0671,Consumer,70,False,Direct,Mobile,East,Toys,46.77,1,10,42.09,25.98,16.11,Express,1,False,5.0,Card,False
ORD-04754,2025-12-10,C0365,Consumer,25,False,Email,Desktop,West,Home,120.19,2,30,168.27,141.18,27.09,Economy,9,False,3.0,Card,False
ORD-04755,2025-12-11,C0350,Consumer,26,True,Email,Desktop,East,Electronics,156.82,3,10,423.41,310.07,113.34,Standard,4,False,,Card,True
ORD-04756,2025-12-11,C0671,Consumer,70,False,Social,Desktop,South,Electronics,260.97,2,20,417.55,353.68,63.87,Standard,4,False,3.0,Card,True
ORD-04757,2025-12-11,C0445,Consumer,65,False,Email,Mobile,East,Electronics,210.82,3,20,505.97,419.19,86.78,Standard,3,False,5.0,Card,False
ORD-04758,2025-12-11,C1140,Consumer,45,False,Direct,Desktop,East,Beauty,31.54,1,0,31.54,15.0,16.54,Economy,6,False,,Apple Pay,False
ORD-04759,2025-12-11,C0003,Consumer,34,False,Direct,Desktop,West,Electronics,206.72,2,15,351.42,287.33,64.09,Standard,9,True,,Bank Transfer,False
ORD-04760,2025-12-11,C1010,Consumer,39,False,Paid Search,Mobile,South,Beauty,36.43,1,0,36.43,15.93,20.5,Standard,3,False,5.0,Card,False
ORD-04761,2025-12-11,C0535,Small Business,44,False,Social,Mobile,South,Home,100.94,2,25,151.41,117.84,33.57,Express,2,True,,Card,False
ORD-04762,2025-12-11,C0393,Consumer,42,False,Paid Search,Desktop,East,Sports,45.95,2,5,87.3,54.85,32.45,Standard,4,False,,Card,False
ORD-04763,2025-12-11,C1140,Consumer,45,False,Organic Search,Desktop,East,Beauty,36.26,2,10,65.27,33.7,31.57,Express,3,False,,PayPal,True
ORD-04764,2025-12-11,C1094,Small Business,44,False,Paid Search,Tablet,South,Toys,52.52,1,0,52.52,28.44,24.08,Standard,4,False,4.0,PayPal,False
ORD-04765,2025-12-11,C0841,Consumer,48,False,Organic Search,Mobile,South,Electronics,232.78,1,10,209.5,158.59,50.91,Standard,4,False,4.0,Apple Pay,True
ORD-04766,2025-12-12,C0385,Consumer,24,False,Paid Search,Mobile,East,Toys,39.23,1,5,37.27,21.41,15.86,Standard,5,True,,PayPal,False
ORD-04767,2025-12-12,C1022,Consumer,51,False,Organic Search,Mobile,South,Apparel,54.24,1,15,46.1,27.8,18.3,Express,1,False,5.0,Card,False
ORD-04768,2025-12-12,C0207,Consumer,48,False,Organic Search,Desktop,West,Toys,26.67,2,25,40.01,28.96,11.05,Standard,6,False,4.0,Card,False
ORD-04769,2025-12-12,C0022,Consumer,41,False,Paid Search,Mobile,East,Electronics,240.05,1,0,240.05,164.92,75.13,Economy,5,False,4.0,PayPal,False
ORD-04770,2025-12-12,C0950,Consumer,71,False,Social,Mobile,East,Apparel,59.76,1,25,44.82,32.27,12.55,Standard,5,True,,Card,False
ORD-04771,2025-12-12,C0207,Consumer,48,False,Direct,Desktop,South,Toys,40.52,2,0,81.04,45.8,35.24,Standard,4,False,4.0,PayPal,False
ORD-04772,2025-12-12,C0591,Consumer,73,False,Organic Search,Mobile,North,Electronics,302.44,1,30,211.71,205.53,6.18,Standard,5,False,4.0,Card,False
ORD-04773,2025-12-12,C0676,Small Business,50,False,Paid Search,Mobile,North,Electronics,193.3,4,5,734.54,514.82,219.72,Standard,3,False,4.0,Card,True
ORD-04774,2025-12-12,C0170,Consumer,24,False,Paid Search,Mobile,West,Electronics,192.35,1,0,192.35,131.63,60.72,Express,8,False,3.0,PayPal,False
ORD-04775,2025-12-12,C0037,Consumer,18,False,Paid Search,Mobile,East,Electronics,231.42,3,20,555.41,481.58,73.83,Standard,4,False,5.0,Bank Transfer,False
ORD-04776,2025-12-12,C0825,Small Business,23,False,Organic Search,Mobile,North,Electronics,210.74,6,0,1264.44,902.64,361.8,Standard,5,False,,PayPal,True
ORD-04777,2025-12-13,C0101,Consumer,37,True,Direct,Desktop,South,Sports,64.74,1,30,45.32,39.64,5.68,Standard,4,False,4.0,PayPal,False
ORD-04778,2025-12-13,C0639,Consumer,20,False,Social,Mobile,West,Toys,51.65,1,5,49.07,28.81,20.26,Standard,7,False,,Card,False
ORD-04779,2025-12-13,C0383,Consumer,36,True,Email,Mobile,East,Beauty,22.42,2,30,31.39,20.37,11.02,Standard,6,False,3.0,PayPal,False
ORD-04780,2025-12-13,C0207,Consumer,48,False,Organic Search,Mobile,West,Toys,31.88,2,15,54.2,34.08,20.12,Standard,9,True,,Card,False
ORD-04781,2025-12-13,C1093,Consumer,72,False,Email,Desktop,South,Beauty,28.49,3,15,72.65,37.12,35.53,Economy,9,False,,Apple Pay,False
ORD-04782,2025-12-13,C0498,Consumer,47,False,Organic Search,Mobile,North,Toys,40.29,3,25,90.65,68.73,21.92,Standard,5,False,4.0,Card,False
ORD-04783,2025-12-13,C1110,Consumer,56,False,Email,Mobile,East,Home,95.34,1,0,95.34,59.71,35.63,Standard,3,False,,Card,False
ORD-04784,2025-12-13,C0679,Consumer,63,False,Paid Search,Mobile,West,Toys,26.81,4,15,91.15,59.56,31.59,Express,7,False,3.0,Apple Pay,True
ORD-04785,2025-12-13,C0728,Consumer,35,False,Social,Mobile,East,Home,71.54,2,15,121.62,84.67,36.95,Express,3,False,4.0,Apple Pay,False
ORD-04786,2025-12-13,C1032,Consumer,53,False,Organic Search,Mobile,South,Sports,66.83,2,5,126.98,78.64,48.34,Economy,7,False,,Card,False
ORD-04787,2025-12-14,C0498,Consumer,47,False,Direct,Desktop,East,Sports,94.18,1,15,80.05,55.66,24.39,Express,1,False,5.0,Card,False
ORD-04788,2025-12-14,C0298,Small Business,53,False,Paid Search,Desktop,North,Sports,80.51,4,0,322.04,199.57,122.47,Standard,5,False,4.0,Bank Transfer,False
ORD-04789,2025-12-14,C0244,Consumer,35,False,Email,Mobile,West,Sports,68.43,1,25,51.32,41.48,9.84,Standard,6,False,,Bank Transfer,False
ORD-04790,2025-12-14,C0207,Consumer,48,False,Organic Search,Desktop,West,Apparel,71.14,2,20,113.82,75.66,38.16,Standard,6,False,3.0,Apple Pay,False
ORD-04791,2025-12-14,C0840,Consumer,43,False,Direct,Mobile,East,Home,87.9,2,30,123.06,107.19,15.87,Standard,3,False,5.0,Bank Transfer,False
ORD-04792,2025-12-14,C1022,Consumer,51,False,Organic Search,Desktop,North,Electronics,270.11,2,20,432.18,367.63,64.55,Standard,4,False,,Apple Pay,False
ORD-04793,2025-12-14,C1115,Consumer,44,False,Email,Desktop,South,Sports,61.18,1,0,61.18,36.83,24.35,Standard,4,False,,Bank Transfer,False
ORD-04794,2025-12-14,C0558,Small Business,22,False,Social,Mobile,East,Toys,32.84,1,25,24.63,17.38,7.25,Express,1,False,4.0,Card,False
ORD-04795,2025-12-14,C0309,Consumer,52,False,Direct,Mobile,North,Sports,61.33,2,0,122.66,70.93,51.73,Express,2,False,5.0,PayPal,False
ORD-04796,2025-12-14,C0889,Enterprise,64,False,Organic Search,Mobile,East,Toys,41.11,5,25,154.16,117.29,36.87,Standard,6,False,4.0,PayPal,False
ORD-04797,2025-12-15,C1083,Consumer,25,True,Direct,Desktop,West,Toys,45.8,3,10,123.66,73.92,49.74,Express,7,False,3.0,Card,False
ORD-04798,2025-12-15,C0207,Consumer,48,False,Organic Search,Mobile,North,Electronics,208.23,2,15,353.99,289.88,64.11,Standard,3,False,4.0,Card,False
ORD-04799,2025-12-15,C0230,Consumer,66,False,Paid Search,Mobile,South,Home,54.73,1,0,54.73,31.78,22.95,Standard,3,False,5.0,PayPal,False
ORD-04800,2025-12-15,C0943,Small Business,52,False,Direct,Mobile,East,Apparel,64.87,3,0,194.61,101.26,93.35,Standard,4,False,4.0,Card,False
ORD-04801,2025-12-15,C0207,Consumer,48,False,Paid Search,Tablet,North,Sports,55.66,2,15,94.62,69.92,24.7,Standard,3,False,5.0,Apple Pay,False
ORD-04802,2025-12-15,C0139,Consumer,29,False,Paid Search,Mobile,East,Home,69.18,2,0,138.36,81.61,56.75,Standard,4,False,5.0,Card,False
ORD-04803,2025-12-15,C1080,Consumer,19,False,Organic Search,Mobile,East,Home,124.55,2,10,224.19,144.27,79.92,Standard,3,False,4.0,Bank Transfer,False
ORD-04804,2025-12-15,C0671,Consumer,70,False,Email,Tablet,East,Home,106.73,3,5,304.18,191.36,112.82,Economy,5,False,,Card,False
ORD-04805,2025-12-15,C0529,Consumer,42,False,Email,Mobile,East,Home,80.61,2,30,112.85,96.19,16.66,Standard,4,True,3.0,Apple Pay,False
ORD-04806,2025-12-15,C0685,Consumer,32,False,Affiliate,Desktop,East,Sports,73.6,1,0,73.6,46.07,27.53,Economy,5,False,4.0,Card,False
ORD-04807,2025-12-15,C0519,Consumer,72,False,Social,Tablet,West,Home,72.21,1,25,54.16,40.21,13.95,Economy,10,False,,Card,False
ORD-04808,2025-12-16,C1073,Consumer,60,False,Organic Search,Mobile,West,Electronics,134.81,3,25,303.32,273.52,29.8,Express,5,False,5.0,Bank Transfer,False
ORD-04809,2025-12-16,C0400,Consumer,24,False,Organic Search,Desktop,West,Toys,27.37,1,10,24.63,14.74,9.89,Express,4,False,4.0,Apple Pay,False
ORD-04810,2025-12-16,C0881,Consumer,33,False,Organic Search,Desktop,West,Sports,113.81,1,15,96.74,68.97,27.77,Standard,6,False,3.0,Card,True
ORD-04811,2025-12-16,C0026,Consumer,27,False,Organic Search,Mobile,East,Sports,70.93,2,10,127.67,90.22,37.45,Standard,5,False,4.0,Card,True
ORD-04812,2025-12-16,C0243,Consumer,30,False,Social,Desktop,North,Electronics,277.18,2,10,498.92,353.75,145.17,Standard,3,True,,Card,False
ORD-04813,2025-12-16,C0122,Consumer,54,False,Organic Search,Mobile,South,Toys,40.79,2,0,81.58,43.05,38.53,Express,2,False,5.0,Card,False
ORD-04814,2025-12-16,C0312,Consumer,72,False,Direct,Mobile,West,Electronics,185.24,2,20,296.38,263.19,33.19,Standard,6,False,,Card,False
ORD-04815,2025-12-16,C0816,Small Business,28,False,Paid Search,Mobile,West,Sports,67.26,1,25,50.45,39.79,10.66,Standard,9,False,3.0,Card,False
ORD-04816,2025-12-16,C0387,Small Business,21,False,Email,Mobile,South,Beauty,27.72,1,25,20.79,12.27,8.52,Standard,3,False,,Card,False
ORD-04817,2025-12-16,C0840,Consumer,43,False,Email,Mobile,West,Electronics,266.17,2,20,425.87,349.44,76.43,Standard,7,False,,Card,False
ORD-04818,2025-12-16,C0421,Consumer,73,False,Direct,Desktop,North,Apparel,56.65,1,15,48.15,28.69,19.46,Express,2,False,,Apple Pay,False
ORD-04819,2025-12-16,C0152,Consumer,46,False,Organic Search,Mobile,West,Sports,58.43,3,10,157.76,101.02,56.74,Standard,7,True,,Card,False
ORD-04820,2025-12-17,C0366,Consumer,59,False,Direct,Tablet,West,Sports,70.12,2,0,140.24,86.09,54.15,Standard,7,False,4.0,Bank Transfer,False
ORD-04821,2025-12-17,C0013,Small Business,48,True,Affiliate,Mobile,North,Beauty,34.79,2,0,69.58,31.11,38.47,Standard,3,False,,Bank Transfer,False
ORD-04822,2025-12-17,C1052,Consumer,73,False,Paid Search,Desktop,South,Toys,31.99,3,15,81.57,51.05,30.52,Standard,3,False,,Card,False
ORD-04823,2025-12-17,C0207,Consumer,48,False,Direct,Desktop,East,Apparel,47.85,3,30,100.48,72.18,28.3,Standard,6,False,,Apple Pay,False
ORD-04824,2025-12-17,C0789,Small Business,64,False,Direct,Desktop,South,Home,50.19,2,15,85.32,60.68,24.64,Express,1,False,,Card,False
ORD-04825,2025-12-17,C0096,Consumer,52,False,Social,Desktop,North,Beauty,32.4,3,0,97.2,42.55,54.65,Standard,3,False,5.0,Apple Pay,False
ORD-04826,2025-12-17,C1052,Consumer,73,False,Direct,Mobile,East,Apparel,36.31,2,25,54.46,38.05,16.41,Express,2,False,,PayPal,False
ORD-04827,2025-12-17,C0084,Consumer,59,False,Social,Tablet,East,Apparel,63.68,1,5,60.5,32.87,27.63,Standard,4,False,3.0,Bank Transfer,False
ORD-04828,2025-12-17,C1052,Consumer,73,False,Direct,Mobile,West,Electronics,263.73,2,25,395.6,353.38,42.22,Economy,8,False,,Apple Pay,False
ORD-04829,2025-12-17,C0647,Consumer,25,False,Organic Search,Mobile,West,Electronics,221.05,2,15,375.78,309.38,66.4,Standard,9,True,,Card,False
ORD-04830,2025-12-17,C1004,Consumer,39,False,Organic Search,Desktop,South,Apparel,26.8,2,0,53.6,27.77,25.83,Economy,6,False,4.0,Card,False
ORD-04831,2025-12-17,C0152,Consumer,46,False,Affiliate,Mobile,West,Beauty,28.91,2,20,46.26,27.1,19.16,Standard,6,False,,Card,False
ORD-04832,2025-12-18,C0671,Consumer,70,False,Paid Search,Mobile,East,Sports,73.98,1,10,66.58,43.5,23.08,Standard,4,False,,Card,False
ORD-04833,2025-12-18,C0994,Small Business,47,False,Organic Search,Tablet,North,Sports,94.35,5,25,353.81,285.19,68.62,Standard,5,False,,Card,False
ORD-04834,2025-12-18,C0337,Consumer,65,False,Email,Tablet,South,Apparel,64.92,3,0,194.76,99.82,94.94,Standard,4,False,,Apple Pay,False
ORD-04835,2025-12-18,C0390,Consumer,38,False,Organic Search,Desktop,North,Sports,59.67,1,0,59.67,36.09,23.58,Standard,4,False,,PayPal,False
ORD-04836,2025-12-18,C0921,Consumer,53,False,Social,Mobile,East,Sports,47.44,1,20,37.95,26.99,10.96,Standard,3,False,4.0,Card,False
ORD-04837,2025-12-18,C1052,Consumer,73,False,Organic Search,Desktop,East,Sports,82.06,2,0,164.12,95.79,68.33,Standard,3,False,5.0,Card,True
ORD-04838,2025-12-18,C0270,Small Business,21,False,Organic Search,Desktop,North,Beauty,26.05,4,15,88.57,46.85,41.72,Express,1,False,5.0,Card,True
ORD-04839,2025-12-18,C0840,Consumer,43,False,Paid Search,Desktop,West,Home,56.4,1,30,39.48,32.3,7.18,Standard,7,False,,Card,False
ORD-04840,2025-12-18,C0992,Consumer,64,False,Direct,Desktop,South,Electronics,206.63,1,15,175.64,144.05,31.59,Economy,7,False,,Card,False
ORD-04841,2025-12-18,C0086,Small Business,50,False,Direct,Mobile,East,Electronics,258.71,5,0,1293.55,883.49,410.06,Standard,4,False,,Apple Pay,False
ORD-04842,2025-12-18,C0143,Consumer,59,False,Direct,Desktop,North,Apparel,44.79,2,5,85.1,45.63,39.47,Express,1,False,5.0,Card,False
ORD-04843,2025-12-18,C0297,Consumer,66,False,Organic Search,Desktop,West,Beauty,20.73,3,15,52.86,28.08,24.78,Standard,7,False,4.0,Card,False
ORD-04844,2025-12-18,C1052,Consumer,73,False,Email,Desktop,East,Apparel,43.81,1,0,43.81,24.67,19.14,Standard,4,False,4.0,Card,False
ORD-04845,2025-12-18,C0298,Small Business,53,False,Paid Search,Desktop,West,Apparel,37.47,2,25,56.2,40.04,16.16,Economy,9,False,,Card,False
ORD-04846,2025-12-18,C0889,Enterprise,64,False,Direct,Mobile,West,Apparel,25.57,4,5,97.17,54.45,42.72,Economy,9,False,,Bank Transfer,False
ORD-04847,2025-12-19,C0606,Small Business,62,False,Paid Search,Mobile,South,Toys,31.85,3,15,81.22,51.11,30.11,Standard,4,False,3.0,Apple Pay,False
ORD-04848,2025-12-19,C0400,Consumer,24,False,Affiliate,Mobile,North,Sports,73.38,3,10,198.13,136.17,61.96,Express,1,False,5.0,Card,False
ORD-04849,2025-12-19,C0297,Consumer,66,False,Affiliate,Desktop,South,Electronics,182.1,2,20,291.36,243.57,47.79,Standard,4,False,4.0,Card,False
ORD-04850,2025-12-19,C1101,Small Business,53,False,Email,Desktop,West,Home,69.21,2,0,138.42,79.56,58.86,Standard,7,False,,Card,False
ORD-04851,2025-12-19,C0950,Consumer,71,False,Email,Mobile,North,Sports,100.9,2,0,201.8,119.19,82.61,Standard,3,False,4.0,Card,False
ORD-04852,2025-12-19,C0298,Small Business,53,False,Direct,Mobile,West,Home,54.09,2,0,108.18,61.71,46.47,Standard,7,True,2.0,Card,False
ORD-04853,2025-12-19,C0685,Consumer,32,False,Organic Search,Desktop,South,Electronics,189.62,1,0,189.62,127.8,61.82,Economy,5,False,3.0,Card,False
ORD-04854,2025-12-19,C1052,Consumer,73,False,Organic Search,Desktop,North,Home,97.95,1,10,88.16,57.61,30.55,Standard,5,False,4.0,Card,False
ORD-04855,2025-12-19,C0578,Consumer,25,False,Direct,Mobile,West,Apparel,29.79,2,15,50.64,31.28,19.36,Standard,6,False,3.0,Card,True
ORD-04856,2025-12-19,C1078,Small Business,74,False,Organic Search,Desktop,East,Sports,60.77,4,5,230.93,147.99,82.94,Standard,3,False,,Apple Pay,False
ORD-04857,2025-12-19,C0265,Consumer,47,False,Social,Desktop,East,Home,75.04,2,0,150.08,85.1,64.98,Standard,5,False,4.0,Card,False
ORD-04858,2025-12-19,C0302,Consumer,50,False,Organic Search,Mobile,North,Apparel,41.62,4,5,158.16,83.97,74.19,Standard,3,False,5.0,PayPal,False
ORD-04859,2025-12-20,C0497,Consumer,37,False,Direct,Tablet,South,Apparel,96.28,2,5,182.93,105.98,76.95,Standard,3,False,5.0,PayPal,False
ORD-04860,2025-12-20,C0270,Small Business,21,False,Email,Mobile,North,Electronics,215.21,3,0,645.63,417.69,227.94,Express,4,False,4.0,Card,False
ORD-04861,2025-12-20,C0298,Small Business,53,False,Affiliate,Desktop,South,Home,85.79,2,0,171.58,104.21,67.37,Standard,3,False,5.0,Card,False
ORD-04862,2025-12-20,C0188,Small Business,33,False,Paid Search,Desktop,South,Apparel,71.42,3,5,203.55,112.49,91.06,Standard,4,False,,Card,False
ORD-04863,2025-12-20,C0966,Enterprise,29,False,Email,Mobile,South,Apparel,52.7,3,0,158.1,84.23,73.87,Standard,3,False,4.0,Bank Transfer,False
ORD-04864,2025-12-20,C0095,Consumer,73,False,Social,Mobile,North,Electronics,194.03,1,0,194.03,129.41,64.62,Economy,5,True,,PayPal,False
ORD-04865,2025-12-20,C0195,Small Business,18,False,Email,Mobile,East,Apparel,51.39,3,0,154.17,81.59,72.58,Standard,4,False,4.0,Card,False
ORD-04866,2025-12-21,C0947,Consumer,26,False,Social,Desktop,South,Apparel,62.62,1,5,59.49,32.63,26.86,Standard,4,False,5.0,Bank Transfer,False
ORD-04867,2025-12-21,C0012,Consumer,31,False,Affiliate,Desktop,South,Toys,53.64,1,25,40.23,29.09,11.14,Express,2,False,5.0,PayPal,False
ORD-04868,2025-12-21,C0122,Consumer,54,False,Paid Search,Mobile,North,Electronics,163.54,1,10,147.19,114.05,33.14,Standard,5,False,,Card,False
ORD-04869,2025-12-21,C0283,Consumer,55,False,Paid Search,Tablet,North,Apparel,53.27,2,0,106.54,55.3,51.24,Standard,3,False,5.0,PayPal,False
ORD-04870,2025-12-21,C0469,Small Business,56,False,Organic Search,Mobile,South,Apparel,29.6,2,20,47.36,31.77,15.59,Standard,5,False,,Card,False
ORD-04871,2025-12-21,C0155,Consumer,62,False,Paid Search,Mobile,East,Electronics,189.93,2,0,379.86,255.48,124.38,Standard,5,False,,PayPal,False
ORD-04872,2025-12-21,C0131,Consumer,21,False,Direct,Mobile,East,Sports,39.98,1,10,35.98,22.71,13.27,Standard,4,False,4.0,PayPal,False
ORD-04873,2025-12-21,C1052,Consumer,73,False,Organic Search,Mobile,East,Sports,69.26,2,30,96.96,76.87,20.09,Standard,5,False,3.0,Bank Transfer,False
ORD-04874,2025-12-21,C0763,Small Business,26,False,Paid Search,Desktop,West,Sports,58.6,1,5,55.67,33.25,22.42,Express,4,True,,Card,False
ORD-04875,2025-12-21,C1055,Consumer,27,False,Organic Search,Tablet,North,Electronics,243.25,2,15,413.52,322.62,90.9,Standard,5,False,4.0,Apple Pay,False
ORD-04876,2025-12-21,C0763,Small Business,26,False,Organic Search,Mobile,South,Home,108.24,4,20,346.37,239.49,106.88,Standard,4,False,,Bank Transfer,False
ORD-04877,2025-12-22,C1040,Consumer,70,False,Social,Tablet,North,Electronics,202.52,1,20,162.02,142.37,19.65,Standard,5,False,5.0,Card,False
ORD-04878,2025-12-22,C0012,Consumer,31,False,Social,Desktop,South,Electronics,229.28,1,0,229.28,163.72,65.56,Standard,5,True,3.0,Apple Pay,False
ORD-04879,2025-12-22,C0021,Consumer,39,False,Affiliate,Mobile,East,Home,135.5,4,5,514.9,306.63,208.27,Economy,6,False,,Card,False
ORD-04880,2025-12-22,C0604,Consumer,25,False,Direct,Desktop,North,Sports,75.74,2,10,136.33,93.03,43.3,Standard,5,False,,PayPal,False
ORD-04881,2025-12-22,C0215,Consumer,73,False,Email,Mobile,South,Electronics,149.21,1,0,149.21,105.94,43.27,Standard,3,False,,Card,False
ORD-04882,2025-12-22,C0763,Small Business,26,False,Email,Mobile,North,Toys,30.4,2,25,45.6,33.2,12.4,Express,1,False,5.0,Card,False
ORD-04883,2025-12-22,C0237,Small Business,74,False,Direct,Desktop,North,Home,97.02,3,15,247.4,173.8,73.6,Standard,3,False,4.0,Card,False
ORD-04884,2025-12-22,C0202,Small Business,18,False,Paid Search,Desktop,West,Apparel,73.99,1,5,70.29,36.9,33.39,Express,4,False,4.0,PayPal,False
ORD-04885,2025-12-22,C1015,Consumer,39,False,Affiliate,Desktop,South,Electronics,295.17,2,10,531.31,392.91,138.4,Standard,6,False,,PayPal,False
ORD-04886,2025-12-22,C0390,Consumer,38,False,Organic Search,Mobile,North,Electronics,212.04,4,20,678.53,602.38,76.15,Express,3,False,5.0,Apple Pay,False
ORD-04887,2025-12-22,C0874,Small Business,44,False,Social,Mobile,North,Apparel,41.5,3,25,93.38,66.78,26.6,Standard,3,False,5.0,PayPal,False
ORD-04888,2025-12-22,C0667,Consumer,43,False,Paid Search,Mobile,West,Sports,74.42,1,10,66.98,45.16,21.82,Standard,7,False,3.0,Card,False
ORD-04889,2025-12-22,C0947,Consumer,26,False,Organic Search,Desktop,West,Electronics,225.18,1,15,191.4,164.54,26.86,Standard,8,False,3.0,Apple Pay,True
ORD-04890,2025-12-23,C0825,Small Business,23,False,Paid Search,Desktop,South,Toys,39.48,1,25,29.61,21.71,7.9,Economy,6,False,4.0,Card,True
ORD-04891,2025-12-23,C0943,Small Business,52,False,Social,Mobile,East,Toys,30.82,1,15,26.2,15.86,10.34,Standard,3,False,,PayPal,False
ORD-04892,2025-12-23,C1105,Small Business,44,False,Paid Search,Tablet,North,Apparel,30.96,4,0,123.84,64.08,59.76,Economy,6,False,,PayPal,False
ORD-04893,2025-12-23,C0889,Enterprise,64,False,Social,Mobile,West,Beauty,34.4,5,5,163.4,78.18,85.22,Standard,8,False,,Apple Pay,False
ORD-04894,2025-12-23,C0209,Consumer,52,True,Paid Search,Mobile,North,Sports,64.02,2,10,115.24,75.16,40.08,Standard,4,False,4.0,Card,False
ORD-04895,2025-12-23,C0728,Consumer,35,False,Organic Search,Mobile,East,Beauty,37.71,1,10,33.94,17.39,16.55,Standard,4,True,,PayPal,True
ORD-04896,2025-12-23,C0693,Consumer,22,False,Organic Search,Desktop,West,Electronics,262.4,1,15,223.04,181.3,41.74,Standard,6,False,4.0,Card,False
ORD-04897,2025-12-23,C0184,Small Business,74,False,Email,Mobile,East,Home,55.35,2,15,94.1,63.93,30.17,Express,2,False,4.0,Card,False
ORD-04898,2025-12-24,C0365,Consumer,25,False,Organic Search,Mobile,West,Home,57.83,3,0,173.49,99.9,73.59,Economy,11,False,3.0,Bank Transfer,False
ORD-04899,2025-12-24,C0298,Small Business,53,False,Organic Search,Mobile,West,Toys,39.6,3,25,89.1,67.75,21.35,Economy,9,False,,Card,False
ORD-04900,2025-12-24,C0543,Enterprise,66,True,Organic Search,Desktop,North,Home,115.29,5,0,576.45,339.68,236.77,Standard,5,False,,Card,False
ORD-04901,2025-12-24,C0069,Consumer,27,False,Paid Search,Mobile,South,Sports,68.09,2,20,108.94,82.2,26.74,Standard,4,False,,PayPal,False
ORD-04902,2025-12-24,C0728,Consumer,35,False,Email,Mobile,West,Sports,49.02,3,20,117.65,87.23,30.42,Standard,7,False,,PayPal,False
ORD-04903,2025-12-24,C0308,Consumer,21,False,Organic Search,Mobile,East,Toys,52.83,1,15,44.91,29.1,15.81,Standard,4,False,4.0,Card,False
ORD-04904,2025-12-24,C0124,Consumer,66,True,Organic Search,Mobile,West,Sports,65.75,2,30,92.05,75.73,16.32,Standard,7,True,,Card,False
ORD-04905,2025-12-24,C0758,Consumer,64,False,Paid Search,Desktop,West,Sports,71.05,1,30,49.73,41.61,8.12,Economy,8,False,3.0,Card,True
ORD-04906,2025-12-24,C0283,Consumer,55,False,Paid Search,Mobile,North,Electronics,270.48,1,0,270.48,178.85,91.63,Economy,5,False,4.0,Apple Pay,False
ORD-04907,2025-12-24,C0265,Consumer,47,False,Direct,Desktop,East,Apparel,46.35,3,0,139.05,73.79,65.26,Standard,3,False,5.0,PayPal,False
ORD-04908,2025-12-24,C0207,Consumer,48,False,Organic Search,Mobile,East,Beauty,49.7,2,15,84.49,44.76,39.73,Standard,6,False,3.0,Apple Pay,False
ORD-04909,2025-12-24,C0606,Small Business,62,False,Social,Desktop,West,Electronics,217.19,3,10,586.41,457.9,128.51,Economy,9,False,2.0,Card,False
ORD-04910,2025-12-24,C0719,Consumer,38,False,Organic Search,Mobile,West,Apparel,39.11,1,15,33.24,19.95,13.29,Economy,8,False,,Card,False
ORD-04911,2025-12-24,C0406,Small Business,55,False,Social,Desktop,South,Apparel,38.92,3,10,105.08,63.03,42.05,Economy,6,False,,PayPal,True
ORD-04912,2025-12-24,C0280,Consumer,25,False,Organic Search,Desktop,South,Home,67.19,2,25,100.78,78.32,22.46,Express,3,False,5.0,Card,False
ORD-04913,2025-12-24,C0105,Consumer,41,False,Social,Desktop,East,Home,99.99,1,25,74.99,56.89,18.1,Express,2,False,5.0,Card,True
ORD-04914,2025-12-24,C0699,Consumer,74,True,Organic Search,Mobile,East,Apparel,44.74,2,10,80.53,47.86,32.67,Standard,4,False,,Card,False
ORD-04915,2025-12-24,C0207,Consumer,48,False,Email,Mobile,West,Toys,42.28,2,0,84.56,45.41,39.15,Standard,8,False,,Card,False
ORD-04916,2025-12-24,C0728,Consumer,35,False,Direct,Desktop,South,Apparel,37.74,2,10,67.93,40.03,27.9,Standard,3,False,,PayPal,False
ORD-04917,2025-12-25,C0188,Small Business,33,False,Social,Desktop,West,Apparel,33.52,3,0,100.56,52.37,48.19,Standard,7,False,3.0,Card,False
ORD-04918,2025-12-25,C0966,Enterprise,29,False,Social,Desktop,North,Toys,56.43,7,10,355.51,215.3,140.21,Standard,5,False,4.0,Bank Transfer,False
ORD-04919,2025-12-25,C0207,Consumer,48,False,Email,Mobile,North,Home,124.81,1,0,124.81,72.0,52.81,Economy,5,True,4.0,Apple Pay,False
ORD-04920,2025-12-25,C0298,Small Business,53,False,Affiliate,Mobile,North,Beauty,41.57,2,0,83.14,38.01,45.13,Standard,3,False,5.0,Card,True
ORD-04921,2025-12-25,C1010,Consumer,39,False,Organic Search,Mobile,East,Beauty,62.72,1,0,62.72,28.59,34.13,Standard,4,False,,PayPal,False
ORD-04922,2025-12-25,C1183,Consumer,48,False,Direct,Mobile,East,Apparel,33.22,1,30,23.25,18.28,4.97,Economy,6,False,3.0,Card,False
ORD-04923,2025-12-25,C0943,Small Business,52,False,Email,Desktop,North,Electronics,223.6,4,5,849.68,618.16,231.52,Economy,5,False,,Card,True
ORD-04924,2025-12-25,C0298,Small Business,53,False,Direct,Desktop,North,Electronics,312.95,3,5,891.91,623.07,268.84,Standard,3,False,,Apple Pay,False
ORD-04925,2025-12-25,C0964,Small Business,67,False,Social,Mobile,East,Apparel,50.46,3,0,151.38,74.8,76.58,Standard,3,False,,PayPal,False
ORD-04926,2025-12-25,C0207,Consumer,48,False,Social,Desktop,North,Home,59.74,3,10,161.3,101.3,60.0,Express,1,False,,Card,False
ORD-04927,2025-12-25,C0921,Consumer,53,False,Organic Search,Mobile,West,Beauty,28.65,2,0,57.3,25.37,31.93,Standard,6,False,5.0,Card,False
ORD-04928,2025-12-25,C1134,Consumer,20,False,Direct,Desktop,East,Apparel,45.66,2,10,82.19,45.21,36.98,Economy,7,False,3.0,Apple Pay,False
ORD-04929,2025-12-26,C1052,Consumer,73,False,Direct,Mobile,South,Electronics,219.36,2,0,438.72,300.28,138.44,Standard,5,False,,Card,False
ORD-04930,2025-12-26,C0087,Consumer,59,False,Direct,Desktop,North,Apparel,73.12,2,0,146.24,76.13,70.11,Economy,7,False,,PayPal,False
ORD-04931,2025-12-26,C0105,Consumer,41,False,Email,Desktop,North,Toys,40.16,1,0,40.16,23.28,16.88,Standard,3,False,5.0,Apple Pay,False
ORD-04932,2025-12-26,C0657,Small Business,45,False,Email,Mobile,South,Apparel,41.1,2,0,82.2,42.28,39.92,Standard,3,False,3.0,Card,False
ORD-04933,2025-12-26,C0188,Small Business,33,False,Paid Search,Mobile,North,Beauty,30.55,3,30,64.16,40.19,23.97,Standard,5,False,5.0,PayPal,False
ORD-04934,2025-12-26,C0188,Small Business,33,False,Social,Desktop,West,Toys,28.45,5,20,113.8,80.43,33.37,Standard,7,False,4.0,Apple Pay,False
ORD-04935,2025-12-26,C0301,Consumer,20,False,Organic Search,Desktop,South,Apparel,61.4,1,20,49.12,31.31,17.81,Express,1,False,5.0,Card,True
ORD-04936,2025-12-26,C0292,Consumer,46,False,Direct,Mobile,North,Electronics,177.85,1,10,160.06,121.23,38.83,Standard,7,False,3.0,Apple Pay,False
ORD-04937,2025-12-26,C0406,Small Business,55,False,Social,Desktop,West,Electronics,244.2,3,15,622.71,491.65,131.06,Express,4,False,3.0,Bank Transfer,True
ORD-04938,2025-12-26,C0152,Consumer,46,False,Paid Search,Desktop,North,Beauty,29.91,2,0,59.82,26.15,33.67,Standard,5,False,4.0,Card,False
ORD-04939,2025-12-26,C0595,Enterprise,22,False,Organic Search,Desktop,West,Electronics,180.82,3,5,515.34,351.6,163.74,Standard,6,False,,Card,False
ORD-04940,2025-12-26,C1093,Consumer,72,False,Paid Search,Desktop,North,Home,78.84,2,25,118.26,89.95,28.31,Standard,3,False,,Card,False
ORD-04941,2025-12-26,C1156,Consumer,49,False,Social,Mobile,West,Electronics,213.11,1,10,191.8,145.2,46.6,Economy,8,False,3.0,Card,False
ORD-04942,2025-12-26,C0400,Consumer,24,False,Direct,Desktop,South,Home,110.48,3,5,314.87,191.58,123.29,Standard,3,False,5.0,PayPal,False
ORD-04943,2025-12-27,C0421,Consumer,73,False,Email,Desktop,North,Beauty,26.98,1,0,26.98,11.94,15.04,Express,1,False,,Card,False
ORD-04944,2025-12-27,C0065,Enterprise,62,False,Email,Mobile,East,Electronics,183.79,9,10,1488.7,1152.7,336.0,Standard,7,False,3.0,Card,True
ORD-04945,2025-12-27,C0568,Small Business,53,False,Organic Search,Mobile,West,Apparel,56.17,2,25,84.26,60.52,23.74,Standard,6,False,3.0,PayPal,True
ORD-04946,2025-12-27,C0354,Consumer,23,True,Paid Search,Tablet,South,Home,69.17,4,10,249.01,162.21,86.8,Standard,3,False,,Card,False
ORD-04947,2025-12-27,C0724,Consumer,56,True,Direct,Desktop,East,Toys,37.53,1,15,31.9,20.37,11.53,Standard,3,False,4.0,Apple Pay,False
ORD-04948,2025-12-27,C0885,Consumer,48,False,Paid Search,Mobile,North,Beauty,37.4,2,0,74.8,33.8,41.0,Express,2,False,,PayPal,False
ORD-04949,2025-12-27,C0298,Small Business,53,False,Paid Search,Desktop,West,Home,108.38,3,30,227.6,188.56,39.04,Express,5,False,4.0,Card,False
ORD-04950,2025-12-27,C0778,Enterprise,34,False,Affiliate,Mobile,North,Apparel,46.65,5,30,163.27,117.38,45.89,Economy,7,False,,Card,False
ORD-04951,2025-12-27,C0728,Consumer,35,False,Social,Mobile,West,Home,108.32,3,20,259.97,186.02,73.95,Standard,6,False,4.0,Card,False
ORD-04952,2025-12-27,C0885,Consumer,48,False,Email,Desktop,East,Sports,77.27,1,0,77.27,46.82,30.45,Economy,5,False,4.0,Card,False
ORD-04953,2025-12-27,C0303,Small Business,68,False,Organic Search,Desktop,South,Toys,57.93,1,25,43.45,32.97,10.48,Economy,5,False,,Card,False
ORD-04954,2025-12-27,C0954,Consumer,23,False,Direct,Tablet,South,Apparel,39.06,1,20,31.25,20.96,10.29,Standard,4,False,,Apple Pay,False
ORD-04955,2025-12-28,C1134,Consumer,20,False,Email,Mobile,East,Electronics,158.93,2,5,301.97,221.25,80.72,Standard,3,False,5.0,PayPal,False
ORD-04956,2025-12-28,C0095,Consumer,73,False,Direct,Desktop,East,Home,92.07,2,30,128.9,102.53,26.37,Standard,4,False,5.0,Card,False
ORD-04957,2025-12-28,C0805,Consumer,46,False,Social,Mobile,South,Electronics,286.84,3,0,860.52,596.52,264.0,Standard,6,False,,Card,False
ORD-04958,2025-12-28,C1137,Small Business,70,False,Organic Search,Desktop,South,Apparel,25.2,2,0,50.4,26.34,24.06,Express,3,False,5.0,Bank Transfer,False
ORD-04959,2025-12-28,C1022,Consumer,51,False,Organic Search,Desktop,West,Beauty,35.94,2,20,57.5,32.74,24.76,Standard,6,False,4.0,Card,False
ORD-04960,2025-12-28,C0102,Small Business,22,False,Social,Desktop,East,Electronics,166.08,4,25,498.24,463.17,35.07,Express,3,False,4.0,Apple Pay,False
ORD-04961,2025-12-28,C0263,Small Business,25,False,Direct,Desktop,North,Toys,31.88,2,0,63.76,37.11,26.65,Standard,4,False,4.0,Card,True
ORD-04962,2025-12-28,C0990,Consumer,23,False,Affiliate,Mobile,East,Electronics,181.43,2,20,290.29,238.55,51.74,Express,1,False,,Bank Transfer,False
ORD-04963,2025-12-28,C1134,Consumer,20,False,Organic Search,Desktop,North,Home,123.63,1,25,92.72,73.44,19.28,Standard,5,False,4.0,PayPal,False
ORD-04964,2025-12-28,C0021,Consumer,39,False,Paid Search,Desktop,West,Apparel,57.28,3,30,120.29,90.18,30.11,Express,4,False,4.0,PayPal,False
ORD-04965,2025-12-28,C1137,Small Business,70,False,Organic Search,Tablet,North,Sports,48.24,4,30,135.07,113.2,21.87,Economy,5,False,4.0,Card,True
ORD-04966,2025-12-28,C1137,Small Business,70,False,Social,Mobile,South,Electronics,179.84,2,5,341.7,242.41,99.29,Express,1,False,5.0,Card,False
ORD-04967,2025-12-29,C0954,Consumer,23,False,Social,Desktop,West,Apparel,56.03,1,15,47.63,27.61,20.02,Standard,6,True,4.0,Card,False
ORD-04968,2025-12-29,C0728,Consumer,35,False,Social,Mobile,South,Electronics,329.63,2,0,659.26,455.05,204.21,Express,2,False,,Apple Pay,False
ORD-04969,2025-12-29,C0202,Small Business,18,False,Affiliate,Desktop,West,Toys,50.01,5,0,250.05,132.02,118.03,Standard,8,False,2.0,PayPal,False
ORD-04970,2025-12-29,C0210,Consumer,19,False,Organic Search,Mobile,North,Apparel,43.47,2,5,82.59,45.08,37.51,Standard,5,True,,Card,False
ORD-04971,2025-12-29,C0811,Consumer,42,False,Organic Search,Mobile,East,Beauty,27.32,1,0,27.32,11.93,15.39,Standard,5,False,5.0,Card,False
ORD-04972,2025-12-29,C0298,Small Business,53,False,Organic Search,Mobile,South,Home,87.28,2,5,165.83,102.65,63.18,Standard,4,False,4.0,Card,False
ORD-04973,2025-12-29,C0106,Consumer,40,False,Direct,Mobile,East,Home,92.55,4,5,351.69,220.6,131.09,Economy,7,False,,PayPal,True
ORD-04974,2025-12-29,C1052,Consumer,73,False,Social,Mobile,East,Apparel,53.72,3,5,153.1,88.1,65.0,Express,3,True,,Card,False
ORD-04975,2025-12-29,C0181,Consumer,65,False,Organic Search,Desktop,South,Home,131.58,2,0,263.16,153.81,109.35,Standard,5,False,4.0,Card,False
ORD-04976,2025-12-30,C0021,Consumer,39,False,Paid Search,Desktop,North,Sports,57.29,1,30,40.1,34.7,5.4,Standard,4,False,4.0,Card,False
ORD-04977,2025-12-30,C0990,Consumer,23,False,Social,Desktop,West,Beauty,30.61,4,0,122.44,57.61,64.83,Standard,7,False,3.0,PayPal,False
ORD-04978,2025-12-30,C0676,Small Business,50,False,Direct,Mobile,South,Home,108.05,3,10,291.74,187.58,104.16,Standard,5,False,5.0,Card,True
ORD-04979,2025-12-30,C1147,Small Business,19,False,Direct,Mobile,South,Toys,32.88,2,10,59.18,35.14,24.04,Express,1,False,,Apple Pay,False
ORD-04980,2025-12-30,C1032,Consumer,53,False,Organic Search,Mobile,West,Toys,35.01,2,5,66.52,39.19,27.33,Economy,8,False,2.0,Card,False
ORD-04981,2025-12-30,C0670,Consumer,29,False,Affiliate,Mobile,North,Sports,60.9,1,5,57.86,37.13,20.73,Express,1,False,4.0,Card,False
ORD-04982,2025-12-30,C0400,Consumer,24,False,Email,Desktop,West,Home,87.6,2,5,166.44,107.62,58.82,Standard,7,False,4.0,Card,False
ORD-04983,2025-12-30,C0298,Small Business,53,False,Direct,Desktop,East,Home,83.28,3,5,237.35,141.98,95.37,Economy,9,False,3.0,Card,False
ORD-04984,2025-12-30,C0927,Small Business,40,False,Social,Desktop,East,Sports,63.6,3,15,162.18,113.64,48.54,Economy,5,False,5.0,Card,False
ORD-04985,2025-12-31,C0582,Consumer,27,False,Social,Mobile,East,Beauty,30.28,2,10,54.5,27.24,27.26,Standard,3,False,,Bank Transfer,False
ORD-04986,2025-12-31,C1177,Consumer,34,True,Organic Search,Mobile,West,Toys,38.5,1,25,28.88,21.56,7.32,Standard,6,False,3.0,PayPal,False
ORD-04987,2025-12-31,C0223,Consumer,74,True,Paid Search,Desktop,South,Sports,43.48,3,30,91.31,77.36,13.95,Standard,3,False,4.0,Card,False
ORD-04988,2025-12-31,C0529,Consumer,42,False,Direct,Desktop,South,Beauty,48.29,2,20,77.26,42.55,34.71,Standard,4,False,5.0,Bank Transfer,False
ORD-04989,2025-12-31,C1134,Consumer,20,False,Paid Search,Tablet,North,Home,66.31,2,5,125.99,72.51,53.48,Standard,3,True,4.0,Card,False
ORD-04990,2025-12-31,C0207,Consumer,48,False,Organic Search,Desktop,South,Electronics,194.11,2,5,368.81,255.11,113.7,Standard,4,False,4.0,Card,False
ORD-04991,2025-12-31,C0400,Consumer,24,False,Organic Search,Mobile,North,Home,74.56,2,20,119.3,87.18,32.12,Standard,3,False,5.0,Card,False
ORD-04992,2025-12-31,C0337,Consumer,65,False,Email,Desktop,East,Apparel,59.9,1,25,44.92,29.25,15.67,Economy,6,False,3.0,Card,False
ORD-04993,2025-12-31,C0996,Small Business,28,False,Social,Mobile,East,Home,84.09,1,5,79.89,50.24,29.65,Standard,3,False,,Apple Pay,False
ORD-04994,2025-12-31,C0631,Consumer,69,False,Organic Search,Mobile,North,Home,81.68,2,10,147.02,93.13,53.89,Economy,5,True,3.0,Bank Transfer,True
ORD-04995,2025-12-31,C0851,Consumer,18,False,Paid Search,Mobile,West,Sports,53.76,1,15,45.7,31.48,14.22,Standard,7,False,4.0,Card,False
ORD-04996,2025-12-31,C1034,Consumer,55,False,Paid Search,Mobile,South,Home,108.2,2,20,173.12,128.03,45.09,Standard,6,False,,PayPal,False
ORD-04997,2025-12-31,C0207,Consumer,48,False,Social,Mobile,South,Beauty,42.44,2,5,80.64,36.65,43.99,Standard,4,False,,Card,True
ORD-04998,2025-12-31,C0670,Consumer,29,False,Organic Search,Desktop,West,Toys,37.17,2,30,52.04,42.45,9.59,Standard,7,False,,Card,False
ORD-04999,2025-12-31,C0400,Consumer,24,False,Email,Mobile,North,Apparel,61.08,1,20,48.86,31.58,17.28,Standard,6,False,,Card,True
ORD-05000,2025-12-31,C1077,Small Business,19,True,Affiliate,Desktop,East,Home,87.49,2,30,122.49,103.96,18.53,Standard,5,False,,Card,False
