admission_id,patient_id,admission_date,age,sex,department,primary_diagnosis,emergency_admission,prior_admissions_12m,length_of_stay_days,num_medications,num_procedures,diabetes,hba1c,insurance_type,discharge_disposition,follow_up_scheduled,total_charges,readmitted_30d
ADM-00001,P02875,2024-01-01,54,M,Pulmonology,COPD,False,0,8,8,0,False,,Private,Home with services,True,25667.6,False
ADM-00002,P02627,2024-01-01,62,M,Orthopedics,Hip fracture,True,1,5,11,2,False,5.1,Medicare,Home,False,23478.57,False
ADM-00003,P01332,2024-01-01,68,M,General Medicine,Sepsis,True,1,2,7,3,False,,Private,Home,True,9906.72,False
ADM-00004,P01295,2024-01-01,63,M,Oncology,Chemotherapy complication,True,2,1,14,1,False,,Medicare,Home,False,6983.43,False
ADM-00005,P01047,2024-01-01,66,F,Cardiology,Heart failure,False,1,1,13,0,True,,Private,Home,True,5847.61,True
ADM-00006,P01817,2024-01-01,67,M,Cardiology,Heart failure,False,1,8,9,2,False,,Medicare,Skilled nursing facility,False,22776.25,False
ADM-00007,P01335,2024-01-01,88,M,General Medicine,Sepsis,False,2,1,7,0,True,8.5,Medicare,Home,True,5262.03,False
ADM-00008,P01837,2024-01-02,63,F,General Medicine,Diabetes complication,True,1,2,12,6,True,8.2,Medicare,Home with services,False,13200.8,False
ADM-00009,P01143,2024-01-02,66,F,Cardiology,Heart failure,False,2,12,6,2,False,,Private,Home,False,36890.33,False
ADM-00010,P00350,2024-01-02,52,M,Cardiology,Heart failure,False,0,6,7,1,False,,Private,Home with services,True,24276.2,False
ADM-00011,P02217,2024-01-02,85,M,Nephrology,Kidney disease,True,1,2,13,3,False,,Medicare,Home,True,11582.59,False
ADM-00012,P02946,2024-01-02,63,M,Nephrology,Kidney disease,True,1,6,11,2,False,,Medicare,Home,True,26772.59,False
ADM-00013,P01514,2024-01-02,99,F,Pulmonology,COPD,True,0,7,10,2,False,,Medicare,Skilled nursing facility,True,25739.78,False
ADM-00014,P00329,2024-01-02,88,F,General Medicine,Sepsis,True,1,2,14,1,True,8.0,Medicare,Home,True,12517.36,True
ADM-00015,P02896,2024-01-02,53,F,Pulmonology,Pneumonia,True,0,5,12,1,True,10.4,Medicare,Home,True,15802.21,False
ADM-00016,P00310,2024-01-03,53,M,Pulmonology,COPD,True,0,2,5,1,False,,Medicare,Home with services,True,7380.51,False
ADM-00017,P02881,2024-01-03,66,M,Cardiology,Heart failure,True,1,1,18,3,True,7.4,Medicare,Skilled nursing facility,False,6697.37,False
ADM-00018,P02487,2024-01-03,66,M,General Medicine,Sepsis,False,0,7,13,1,False,,Medicaid,Home,True,29303.75,False
ADM-00019,P01636,2024-01-03,76,M,Cardiology,Heart failure,False,1,2,10,3,False,5.4,Medicaid,Home,False,11415.13,True
ADM-00020,P01075,2024-01-03,73,F,General Medicine,Diabetes complication,True,2,5,19,0,True,7.7,Medicaid,Home,True,16780.41,False
ADM-00021,P01612,2024-01-04,66,M,Orthopedics,Hip fracture,True,0,2,7,0,False,,Medicare,Skilled nursing facility,False,9269.99,False
ADM-00022,P01463,2024-01-04,67,M,Pulmonology,Pneumonia,True,0,3,12,1,False,,Medicare,Home,True,14128.07,False
ADM-00023,P00656,2024-01-04,58,F,General Medicine,Sepsis,True,3,10,11,0,False,6.6,Medicaid,Home,False,39410.78,True
ADM-00024,P02031,2024-01-05,61,F,Orthopedics,Hip fracture,True,1,3,11,4,True,,Medicare,Home with services,True,12667.81,False
ADM-00025,P02833,2024-01-05,53,F,Orthopedics,Hip fracture,True,0,4,11,1,False,,Medicaid,Home with services,True,20142.46,False
ADM-00026,P02942,2024-01-05,50,F,Cardiology,Heart failure,True,1,3,8,1,False,,Private,Home,False,13087.17,False
ADM-00027,P01757,2024-01-05,73,M,Pulmonology,COPD,True,2,6,11,2,False,,Medicare,Home,True,19415.5,False
ADM-00028,P02963,2024-01-05,49,M,Cardiology,Heart failure,False,0,10,11,2,False,,Private,Home,True,33473.37,False
ADM-00029,P02512,2024-01-05,88,M,General Medicine,Diabetes complication,True,1,3,13,1,True,7.6,Medicare,Home,True,14111.45,False
ADM-00030,P00763,2024-01-06,62,F,Pulmonology,Pneumonia,True,2,2,5,1,False,,Medicare,Home,True,9345.92,False
ADM-00031,P03119,2024-01-06,46,M,General Medicine,Sepsis,True,1,6,11,1,True,8.4,Private,Skilled nursing facility,False,29415.77,False
ADM-00032,P01500,2024-01-06,78,F,Pulmonology,Pneumonia,False,1,1,7,2,False,,Private,Home,True,7674.23,True
ADM-00033,P00953,2024-01-06,77,M,Pulmonology,COPD,True,1,9,3,1,False,,Private,Skilled nursing facility,False,44078.44,False
ADM-00034,P00625,2024-01-06,66,F,Pulmonology,Pneumonia,False,1,3,7,5,False,,Private,Home,False,16819.58,False
ADM-00035,P01175,2024-01-07,87,M,Cardiology,Heart failure,False,1,1,10,0,False,,Private,Home,True,6188.73,False
ADM-00036,P01700,2024-01-07,77,F,Cardiology,Heart failure,True,1,2,12,1,True,9.3,Medicaid,Home,True,7759.4,False
ADM-00037,P00653,2024-01-07,70,F,Orthopedics,Hip fracture,False,1,1,3,0,False,,Medicaid,Home with services,True,9430.5,False
ADM-00038,P02452,2024-01-07,61,F,Oncology,Chemotherapy complication,True,1,3,8,1,False,,Medicare,Home,True,16363.96,False
ADM-00039,P02141,2024-01-07,44,M,General Medicine,Sepsis,True,0,6,12,1,False,,Medicare,Home with services,False,18530.02,False
ADM-00040,P02769,2024-01-07,60,M,General Medicine,Sepsis,True,2,8,10,0,False,,Medicaid,Home,True,24320.57,False
ADM-00041,P00623,2024-01-08,50,F,Pulmonology,Pneumonia,True,1,3,12,3,True,6.9,Medicaid,Skilled nursing facility,False,7511.19,False
ADM-00042,P00795,2024-01-08,61,F,General Medicine,Sepsis,True,2,6,9,2,False,,Medicaid,Skilled nursing facility,True,23183.25,False
ADM-00043,P00494,2024-01-08,64,F,Nephrology,Kidney disease,False,1,5,6,1,False,,Medicare,Home,True,14765.4,False
ADM-00044,P01458,2024-01-08,63,F,Oncology,Chemotherapy complication,False,0,3,16,1,False,,Medicaid,Rehab,True,12962.12,False
ADM-00045,P02854,2024-01-08,68,F,Orthopedics,Hip fracture,True,1,3,13,0,False,,Medicare,Home with services,True,12981.7,False
ADM-00046,P01086,2024-01-08,82,F,Cardiology,Heart failure,True,1,2,13,1,True,10.6,Private,Rehab,True,10292.45,False
ADM-00047,P02071,2024-01-09,60,F,General Medicine,Sepsis,True,0,5,10,0,False,,Medicare,Skilled nursing facility,True,17131.16,False
ADM-00048,P02252,2024-01-09,88,M,Pulmonology,COPD,False,2,5,11,3,True,8.1,Medicare,Home,False,18782.6,False
ADM-00049,P00054,2024-01-09,82,F,Nephrology,Kidney disease,True,2,4,9,0,False,,Medicaid,Skilled nursing facility,True,17518.93,False
ADM-00050,P02731,2024-01-09,78,F,Orthopedics,Hip fracture,False,2,5,6,3,False,,Medicaid,Rehab,False,19052.4,False
ADM-00051,P01595,2024-01-09,62,M,Cardiology,Heart failure,False,1,4,9,2,False,,Medicare,Home,True,16428.41,False
ADM-00052,P00562,2024-01-09,64,M,Pulmonology,COPD,True,1,4,6,0,False,,Uninsured,Home with services,False,18631.45,False
ADM-00053,P01963,2024-01-09,63,M,General Medicine,Sepsis,True,0,7,14,0,False,,Medicare,Home with services,True,19895.63,False
ADM-00054,P01910,2024-01-09,51,F,Nephrology,Kidney disease,False,0,8,7,1,False,,Private,Home,True,24658.89,False
ADM-00055,P00191,2024-01-09,46,M,General Medicine,Sepsis,False,0,21,7,2,True,7.3,Medicaid,Home,True,81143.28,False
ADM-00056,P00414,2024-01-09,66,F,General Medicine,Sepsis,True,1,6,9,2,True,10.2,Private,Home with services,True,18650.33,True
ADM-00057,P01795,2024-01-09,80,M,Cardiology,Heart failure,False,3,11,5,1,False,5.7,Private,Home,True,41307.87,False
ADM-00058,P01210,2024-01-10,78,M,Pulmonology,COPD,True,0,10,9,1,False,,Medicare,Skilled nursing facility,False,31223.83,False
ADM-00059,P01225,2024-01-10,67,F,Pulmonology,COPD,True,0,5,8,0,True,9.2,Private,Home,True,18502.52,False
ADM-00060,P01954,2024-01-10,70,F,General Medicine,Sepsis,True,0,7,12,2,False,,Medicare,Home,True,25471.19,False
ADM-00061,P00032,2024-01-10,99,M,Nephrology,Kidney disease,True,0,3,7,4,False,,Medicaid,Home with services,False,12174.33,False
ADM-00062,P01904,2024-01-10,92,F,Pulmonology,COPD,True,1,6,8,3,False,,Medicare,Home,True,24802.42,False
ADM-00063,P00353,2024-01-10,75,F,Orthopedics,Hip fracture,False,1,1,6,0,False,,Private,Home,False,5704.72,False
ADM-00064,P02650,2024-01-11,62,F,General Medicine,Sepsis,True,1,7,6,1,False,,Medicare,Home with services,True,25628.61,False
ADM-00065,P00371,2024-01-11,83,F,Cardiology,Heart failure,True,1,3,15,1,True,,Private,Skilled nursing facility,True,12034.48,False
ADM-00066,P01257,2024-01-11,99,F,Pulmonology,Pneumonia,True,0,5,6,1,False,,Private,Skilled nursing facility,True,21672.01,False
ADM-00067,P00993,2024-01-11,71,M,General Medicine,Diabetes complication,False,1,4,15,2,True,8.3,Private,Home,False,14774.83,True
ADM-00068,P00988,2024-01-11,29,M,Cardiology,Heart failure,False,0,1,16,1,True,8.0,Private,Home,False,5180.8,False
ADM-00069,P02460,2024-01-11,76,F,Pulmonology,Pneumonia,True,0,1,7,1,False,5.5,Private,Home,False,5228.78,False
ADM-00070,P01201,2024-01-12,67,F,Orthopedics,Hip fracture,False,1,2,11,3,False,,Medicare,Skilled nursing facility,False,9124.06,True
ADM-00071,P01795,2024-01-12,75,M,General Medicine,Diabetes complication,False,0,4,12,0,True,5.7,Medicare,Home,False,17529.34,False
ADM-00072,P00283,2024-01-12,75,M,Nephrology,Kidney disease,True,0,4,17,3,True,5.8,Uninsured,Home with services,True,20459.22,False
ADM-00073,P02235,2024-01-12,67,F,Oncology,Chemotherapy complication,False,2,7,7,3,True,9.0,Uninsured,Home,False,25042.47,False
ADM-00074,P02088,2024-01-12,66,M,General Medicine,Sepsis,True,1,3,8,2,False,,Medicare,Home,False,14717.07,False
ADM-00075,P00346,2024-01-12,60,M,Cardiology,Heart failure,True,2,4,12,2,True,7.6,Medicare,Home with services,True,14264.46,False
ADM-00076,P01598,2024-01-12,56,F,General Medicine,Diabetes complication,True,0,3,15,0,True,,Medicaid,Home with services,True,11649.42,False
ADM-00077,P02163,2024-01-13,57,M,General Medicine,Diabetes complication,False,1,2,8,4,True,9.3,Medicare,Home,True,11629.14,False
ADM-00078,P00938,2024-01-13,48,M,General Medicine,Sepsis,True,0,12,14,3,False,,Medicare,Home,False,42197.98,False
ADM-00079,P03181,2024-01-14,64,M,Pulmonology,COPD,True,1,5,14,2,True,,Private,Home,True,15399.2,False
ADM-00080,P00838,2024-01-14,55,M,General Medicine,Diabetes complication,False,1,3,13,3,True,7.7,Medicaid,Home,False,13354.97,False
ADM-00081,P00165,2024-01-14,80,M,General Medicine,Sepsis,True,2,2,8,1,False,,Medicaid,Skilled nursing facility,True,8340.88,False
ADM-00082,P00441,2024-01-14,82,F,General Medicine,Sepsis,True,2,13,8,2,True,9.2,Medicare,Home,True,58304.8,False
ADM-00083,P00647,2024-01-14,68,M,Cardiology,Heart failure,False,0,13,8,1,False,,Medicaid,Home,True,36993.71,False
ADM-00084,P01968,2024-01-14,70,F,General Medicine,Diabetes complication,True,2,5,8,1,True,7.0,Medicare,Home,False,27248.01,False
ADM-00085,P01738,2024-01-14,60,M,General Medicine,Sepsis,False,1,2,11,1,False,,Medicare,Home,True,9399.14,False
ADM-00086,P01591,2024-01-14,63,M,Nephrology,Kidney disease,True,0,2,4,2,False,,Medicare,Home,False,6625.85,False
ADM-00087,P02015,2024-01-14,58,M,Nephrology,Kidney disease,True,1,11,10,0,False,,Medicare,Rehab,True,39624.18,False
ADM-00088,P00309,2024-01-15,75,F,General Medicine,Sepsis,True,1,3,10,0,False,,Private,Home with services,True,14532.92,False
ADM-00089,P03081,2024-01-15,64,F,Orthopedics,Hip fracture,True,0,5,11,2,True,6.2,Medicare,Home with services,True,20092.51,False
ADM-00090,P02473,2024-01-15,89,F,General Medicine,Sepsis,True,1,9,7,1,False,,Private,Home,True,29219.6,False
ADM-00091,P02669,2024-01-15,66,F,General Medicine,Sepsis,True,1,2,10,0,True,5.5,Medicaid,Home with services,True,9663.57,False
ADM-00092,P01550,2024-01-15,75,F,Pulmonology,Pneumonia,False,0,8,6,3,True,,Medicare,Home,False,26165.17,False
ADM-00093,P03050,2024-01-15,56,M,Pulmonology,Pneumonia,True,4,5,8,0,False,5.0,Medicare,Home,False,21481.1,True
ADM-00094,P02054,2024-01-15,80,F,Oncology,Chemotherapy complication,True,0,1,14,1,True,4.7,Private,Home,False,10039.05,False
ADM-00095,P01634,2024-01-16,63,F,Cardiology,Heart failure,True,1,1,10,0,False,,Medicare,Home with services,False,5427.95,False
ADM-00096,P01370,2024-01-16,75,F,General Medicine,Diabetes complication,True,1,3,12,1,True,7.5,Medicaid,Home,False,16217.38,True
ADM-00097,P01648,2024-01-16,63,F,Cardiology,Heart failure,True,0,1,11,2,True,,Medicare,Skilled nursing facility,True,8195.29,False
ADM-00098,P00205,2024-01-16,78,F,Cardiology,Heart failure,False,0,6,10,3,False,,Medicaid,Home,False,19866.97,False
ADM-00099,P01582,2024-01-16,68,M,Pulmonology,Pneumonia,True,0,3,9,2,False,,Private,Skilled nursing facility,True,9484.44,False
ADM-00100,P01145,2024-01-16,67,F,Orthopedics,Hip fracture,True,0,2,13,3,False,,Medicare,Home,True,11594.62,False
ADM-00101,P01885,2024-01-17,63,M,Oncology,Chemotherapy complication,True,1,4,7,3,False,,Private,Home,True,16609.97,True
ADM-00102,P00785,2024-01-17,76,F,Cardiology,Heart failure,True,0,5,7,1,False,,Private,Home,True,22439.3,True
ADM-00103,P03145,2024-01-17,73,M,General Medicine,Sepsis,False,0,3,12,0,False,,Medicare,Home,True,16292.58,False
ADM-00104,P00886,2024-01-17,49,M,Pulmonology,Pneumonia,False,1,4,7,2,False,,Medicare,Rehab,False,11513.1,False
ADM-00105,P01332,2024-01-17,77,M,Pulmonology,Pneumonia,True,0,2,10,2,True,6.8,Medicaid,Home,True,9920.37,False
ADM-00106,P02375,2024-01-17,70,M,Pulmonology,Pneumonia,True,2,3,8,1,False,,Private,Home,False,19436.21,False
ADM-00107,P03131,2024-01-17,78,F,Oncology,Chemotherapy complication,True,1,10,11,3,False,5.7,Medicare,Home,True,32488.28,False
ADM-00108,P02578,2024-01-18,70,M,Pulmonology,Pneumonia,True,1,4,5,2,False,,Uninsured,Home with services,True,20546.54,False
ADM-00109,P02014,2024-01-18,55,M,General Medicine,Sepsis,True,2,3,3,2,False,,Medicare,Home,False,14445.32,True
ADM-00110,P01980,2024-01-18,83,F,Orthopedics,Hip fracture,False,1,2,6,3,False,,Private,Home with services,True,9732.63,False
ADM-00111,P02743,2024-01-18,69,F,Pulmonology,Pneumonia,True,0,9,8,3,False,,Medicare,Home with services,False,29452.47,False
ADM-00112,P03092,2024-01-18,79,F,Cardiology,Heart failure,False,1,1,8,1,False,,Medicare,Home,True,7307.27,False
ADM-00113,P02042,2024-01-19,78,M,General Medicine,Sepsis,True,2,6,11,1,False,,Private,Home,True,23499.66,False
ADM-00114,P01616,2024-01-19,66,F,Pulmonology,Pneumonia,True,0,8,10,3,False,,Private,Home with services,False,30170.71,False
ADM-00115,P02043,2024-01-19,72,M,Pulmonology,COPD,False,1,2,5,0,False,,Medicare,Home,True,9816.04,False
ADM-00116,P01610,2024-01-19,52,F,Pulmonology,COPD,False,1,7,10,1,False,6.1,Medicaid,Skilled nursing facility,False,22014.68,True
ADM-00117,P01402,2024-01-19,49,M,Nephrology,Kidney disease,True,1,6,10,1,False,,Private,Home,True,19190.37,False
ADM-00118,P00913,2024-01-20,68,F,Cardiology,Heart failure,True,1,8,14,0,False,,Medicare,Home,False,26039.7,True
ADM-00119,P00061,2024-01-20,56,M,General Medicine,Sepsis,True,0,2,14,0,True,9.3,Medicare,Home,False,9265.29,True
ADM-00120,P00740,2024-01-20,58,M,Oncology,Chemotherapy complication,True,1,5,9,1,True,7.4,Medicare,Rehab,False,19136.9,False
ADM-00121,P02425,2024-01-20,84,F,General Medicine,Sepsis,True,0,5,8,1,False,,Medicaid,Home,True,18688.49,False
ADM-00122,P00868,2024-01-20,87,F,General Medicine,Diabetes complication,False,0,4,15,2,True,7.9,Medicare,Home with services,False,13023.82,False
ADM-00123,P01686,2024-01-20,91,M,Pulmonology,Pneumonia,False,1,3,12,1,False,6.0,Medicare,Home,False,15358.25,True
ADM-00124,P01558,2024-01-20,47,M,General Medicine,Diabetes complication,False,2,3,18,0,True,,Medicare,Home,True,10736.78,False
ADM-00125,P00748,2024-01-20,53,M,General Medicine,Sepsis,True,2,2,14,2,False,5.8,Private,Home,True,7389.16,True
ADM-00126,P02681,2024-01-21,49,M,General Medicine,Sepsis,True,1,4,11,1,False,,Uninsured,Home with services,True,13228.69,False
ADM-00127,P02442,2024-01-22,54,M,Pulmonology,Pneumonia,False,0,4,9,0,False,,Private,Skilled nursing facility,False,13753.84,False
ADM-00128,P03109,2024-01-22,77,M,General Medicine,Diabetes complication,False,1,6,17,0,True,7.0,Private,Home,False,21209.55,False
ADM-00129,P02774,2024-01-22,84,F,Cardiology,Heart failure,True,1,4,9,1,False,,Private,Home with services,False,18307.49,True
ADM-00130,P02003,2024-01-22,51,F,Oncology,Chemotherapy complication,True,1,3,9,1,True,,Private,Skilled nursing facility,False,11189.72,False
ADM-00131,P00302,2024-01-22,42,M,Nephrology,Kidney disease,True,1,4,12,5,False,,Medicare,Home,True,16978.22,False
ADM-00132,P00745,2024-01-22,80,M,Cardiology,Heart failure,False,1,8,14,1,False,5.4,Medicare,Skilled nursing facility,True,23917.3,False
ADM-00133,P00571,2024-01-22,80,F,General Medicine,Sepsis,False,1,1,15,1,False,,Medicare,Home,False,5309.38,False
ADM-00134,P02982,2024-01-23,70,M,Cardiology,Heart failure,True,0,4,12,0,False,,Medicare,Home with services,False,15072.25,False
ADM-00135,P02907,2024-01-23,80,M,General Medicine,Sepsis,True,2,4,8,1,False,,Uninsured,Home,True,14416.53,False
ADM-00136,P00211,2024-01-23,65,M,General Medicine,Diabetes complication,True,0,2,10,0,True,8.4,Private,Skilled nursing facility,True,10135.5,False
ADM-00137,P01350,2024-01-23,75,M,Pulmonology,COPD,True,1,3,5,3,False,,Medicare,Skilled nursing facility,False,11839.09,False
ADM-00138,P02087,2024-01-23,85,M,Nephrology,Kidney disease,False,1,2,4,1,True,10.8,Medicaid,Home with services,True,10143.59,False
ADM-00139,P00353,2024-01-23,83,M,Cardiology,Heart failure,True,2,10,9,2,False,,Medicare,Home,False,31264.17,True
ADM-00140,P00901,2024-01-23,41,F,Cardiology,Heart failure,False,1,9,7,2,False,,Medicaid,Home,True,26062.9,False
ADM-00141,P01008,2024-01-24,59,M,Oncology,Chemotherapy complication,False,0,5,10,1,True,8.4,Private,Home,False,25326.46,False
ADM-00142,P02401,2024-01-24,85,M,Pulmonology,Pneumonia,True,0,5,10,0,False,,Medicare,Home,False,20827.9,False
ADM-00143,P00247,2024-01-24,74,M,General Medicine,Diabetes complication,False,0,3,14,0,True,8.0,Medicare,Home,True,12822.02,False
ADM-00144,P00368,2024-01-24,60,F,Cardiology,Heart failure,True,0,5,5,1,False,,Medicare,Home,False,17340.55,True
ADM-00145,P01402,2024-01-25,73,M,Oncology,Chemotherapy complication,False,0,2,6,2,False,,Medicare,Home,False,8462.79,False
ADM-00146,P01410,2024-01-25,75,F,Nephrology,Kidney disease,True,0,10,7,4,False,5.3,Medicaid,Home,True,48389.49,False
ADM-00147,P01288,2024-01-25,82,F,Pulmonology,Pneumonia,True,4,4,8,0,False,,Medicaid,Home,False,20117.03,True
ADM-00148,P02805,2024-01-25,53,M,Cardiology,Heart failure,True,0,13,8,2,False,,Medicare,Home,False,49520.9,False
ADM-00149,P02520,2024-01-25,50,M,Nephrology,Kidney disease,False,1,5,9,2,False,,Medicare,Skilled nursing facility,True,14131.59,True
ADM-00150,P02314,2024-01-25,73,M,Oncology,Chemotherapy complication,True,2,4,5,2,False,5.3,Uninsured,Home,True,13658.01,True
ADM-00151,P01159,2024-01-25,53,M,Pulmonology,COPD,False,2,5,8,0,False,5.6,Medicare,Home,False,19329.61,False
ADM-00152,P01094,2024-01-26,86,M,Oncology,Chemotherapy complication,True,1,7,6,2,False,,Private,Skilled nursing facility,True,24053.67,False
ADM-00153,P00792,2024-01-26,55,M,Oncology,Chemotherapy complication,True,3,1,9,0,False,,Uninsured,Home,True,6372.86,False
ADM-00154,P02373,2024-01-26,75,F,General Medicine,Sepsis,False,3,3,8,1,False,,Medicare,Home,True,10481.62,False
ADM-00155,P00997,2024-01-26,60,M,Oncology,Chemotherapy complication,True,0,6,15,2,True,6.5,Private,Home with services,True,27674.32,False
ADM-00156,P01313,2024-01-26,75,M,Nephrology,Kidney disease,True,1,7,9,0,False,,Medicare,Home,True,28048.35,False
ADM-00157,P01198,2024-01-26,31,F,Cardiology,Heart failure,True,0,1,14,4,False,,Medicaid,Home,False,5180.48,False
ADM-00158,P01491,2024-01-26,76,F,Cardiology,Heart failure,True,0,2,12,1,False,5.6,Medicare,Home,True,9871.57,False
ADM-00159,P00546,2024-01-26,64,M,Nephrology,Kidney disease,True,1,1,4,1,False,,Private,Home,False,9705.8,False
ADM-00160,P02218,2024-01-26,62,M,Nephrology,Kidney disease,True,1,5,5,1,False,,Private,Home,False,17627.17,False
ADM-00161,P01958,2024-01-27,62,F,Pulmonology,COPD,False,0,4,10,0,False,,Private,Home with services,False,15937.57,False
ADM-00162,P02193,2024-01-27,74,M,Cardiology,Heart failure,True,1,8,13,1,False,,Medicare,Home,True,32133.33,False
ADM-00163,P01932,2024-01-27,84,M,General Medicine,Diabetes complication,False,1,2,14,2,True,9.8,Private,Home,True,11875.67,False
ADM-00164,P01510,2024-01-27,67,M,Pulmonology,Pneumonia,False,0,12,9,1,False,,Medicare,Home with services,False,39591.92,False
ADM-00165,P02264,2024-01-28,72,F,Orthopedics,Hip fracture,True,0,8,9,1,True,7.5,Private,Home,True,28654.03,False
ADM-00166,P01548,2024-01-28,65,M,Cardiology,Heart failure,True,0,18,8,1,False,,Medicare,Home,True,49270.37,False
ADM-00167,P02550,2024-01-28,57,F,Cardiology,Heart failure,True,0,4,4,1,False,,Medicare,Skilled nursing facility,True,19470.14,False
ADM-00168,P00492,2024-01-28,59,M,Pulmonology,Pneumonia,True,0,2,10,0,False,,Medicare,Home,False,10072.95,False
ADM-00169,P03084,2024-01-29,63,M,Pulmonology,Pneumonia,True,0,5,11,0,True,7.5,Private,Home,True,21077.51,False
ADM-00170,P01293,2024-01-29,80,F,Pulmonology,COPD,False,0,5,6,3,False,,Medicare,Rehab,False,20482.85,False
ADM-00171,P03085,2024-01-29,78,F,General Medicine,Sepsis,True,2,3,13,2,True,,Private,Home with services,True,13038.03,False
ADM-00172,P02696,2024-01-29,59,F,Oncology,Chemotherapy complication,True,2,1,10,3,False,6.0,Medicare,Skilled nursing facility,False,8824.05,False
ADM-00173,P02624,2024-01-29,73,M,Oncology,Chemotherapy complication,False,2,2,6,2,False,,Private,Home,False,8019.8,False
ADM-00174,P00671,2024-01-29,53,F,Pulmonology,COPD,True,0,7,11,1,False,,Private,Home with services,True,21896.89,False
ADM-00175,P02541,2024-01-29,77,M,Cardiology,Heart failure,True,0,4,14,1,False,,Medicare,Home,False,18083.22,False
ADM-00176,P00750,2024-01-29,63,M,Pulmonology,COPD,True,1,7,13,2,False,,Medicare,Home,True,26393.56,False
ADM-00177,P02324,2024-01-30,53,M,Nephrology,Kidney disease,True,1,2,10,2,False,4.5,Medicare,Home,False,9040.11,False
ADM-00178,P01673,2024-01-30,59,F,General Medicine,Sepsis,False,1,10,12,1,False,,Medicare,Home with services,True,22175.06,False
ADM-00179,P02690,2024-01-30,60,F,Pulmonology,Pneumonia,False,2,9,9,2,True,9.8,Medicare,Home,True,45599.44,False
ADM-00180,P02860,2024-01-30,82,M,Pulmonology,Pneumonia,False,4,2,6,1,True,5.3,Medicaid,Skilled nursing facility,True,11199.84,False
ADM-00181,P00401,2024-01-30,63,F,Cardiology,Heart failure,False,1,4,7,3,False,,Private,Home,True,14125.75,False
ADM-00182,P01568,2024-01-30,61,M,Oncology,Chemotherapy complication,True,2,15,11,4,False,,Medicaid,Home,True,48272.84,False
ADM-00183,P00754,2024-01-30,75,M,Nephrology,Kidney disease,True,0,3,8,1,False,,Private,Home with services,True,11954.0,False
ADM-00184,P01007,2024-01-30,65,F,Cardiology,Heart failure,True,1,15,8,0,False,,Medicare,Home,True,42496.3,False
ADM-00185,P01777,2024-01-30,53,F,Oncology,Chemotherapy complication,True,1,6,8,0,False,5.6,Private,Skilled nursing facility,True,20847.36,False
ADM-00186,P01662,2024-01-31,68,F,Cardiology,Heart failure,True,0,13,8,2,False,5.5,Medicaid,Home,True,46761.01,False
ADM-00187,P00405,2024-01-31,70,M,Nephrology,Kidney disease,False,1,11,6,1,False,,Medicare,Home,True,41786.21,False
ADM-00188,P00128,2024-01-31,73,M,General Medicine,Sepsis,True,2,1,6,3,False,,Medicaid,Home,True,5927.93,False
ADM-00189,P02158,2024-01-31,54,F,Cardiology,Heart failure,True,1,5,9,0,True,7.8,Medicare,Skilled nursing facility,True,27917.74,False
ADM-00190,P02684,2024-01-31,74,M,Pulmonology,Pneumonia,False,0,5,14,2,False,,Private,Home with services,False,23679.51,False
ADM-00191,P00226,2024-02-01,63,F,Cardiology,Heart failure,True,2,5,3,4,False,,Medicare,Rehab,False,25049.02,False
ADM-00192,P01218,2024-02-01,71,F,Cardiology,Heart failure,False,0,2,7,1,False,5.5,Medicare,Home with services,True,9078.97,False
ADM-00193,P02438,2024-02-01,83,M,Pulmonology,Pneumonia,False,0,7,14,0,False,5.7,Medicaid,Home,True,24795.86,False
ADM-00194,P00040,2024-02-01,42,F,Orthopedics,Hip fracture,True,1,2,23,3,True,7.1,Medicare,Home,False,8369.76,False
ADM-00195,P01430,2024-02-01,51,F,Pulmonology,COPD,False,0,3,6,0,False,,Uninsured,Skilled nursing facility,False,14804.97,False
ADM-00196,P00505,2024-02-01,76,M,Orthopedics,Hip fracture,True,1,1,6,1,False,,Medicaid,Home,True,8469.98,False
ADM-00197,P02080,2024-02-02,64,M,General Medicine,Sepsis,True,0,3,11,0,True,10.3,Medicare,Home,False,14756.77,False
ADM-00198,P01827,2024-02-02,71,F,Oncology,Chemotherapy complication,True,0,15,10,1,False,,Private,Home,True,44018.04,False
ADM-00199,P00875,2024-02-02,77,M,Pulmonology,Pneumonia,False,1,2,8,3,False,,Medicaid,Home with services,False,9154.11,False
ADM-00200,P00322,2024-02-02,75,M,Oncology,Chemotherapy complication,True,0,1,7,3,False,,Medicare,Skilled nursing facility,True,5899.55,False
ADM-00201,P02195,2024-02-02,76,F,Cardiology,Heart failure,False,0,5,14,1,True,8.1,Medicare,Skilled nursing facility,True,19505.54,False
ADM-00202,P02617,2024-02-02,52,M,Pulmonology,Pneumonia,True,1,1,12,0,False,,Medicare,Home,False,8839.09,False
ADM-00203,P02685,2024-02-02,52,F,Cardiology,Heart failure,False,1,8,13,1,False,,Medicare,Home,True,30509.21,False
ADM-00204,P00637,2024-02-02,71,M,Pulmonology,COPD,False,0,4,7,1,False,,Private,Home,True,14049.2,False
ADM-00205,P02082,2024-02-02,75,F,Cardiology,Heart failure,False,0,4,6,1,False,5.7,Private,Home,True,18827.83,False
ADM-00206,P01869,2024-02-02,64,M,Orthopedics,Hip fracture,True,0,4,9,0,False,5.9,Private,Home,True,16812.46,False
ADM-00207,P01172,2024-02-02,52,M,General Medicine,Sepsis,False,0,2,3,2,False,,Medicare,Home,True,9342.97,False
ADM-00208,P02616,2024-02-03,66,F,Cardiology,Heart failure,False,1,3,11,0,True,,Private,Skilled nursing facility,False,13727.58,True
ADM-00209,P01841,2024-02-03,59,F,Pulmonology,COPD,True,1,5,11,1,True,9.0,Private,Skilled nursing facility,True,16195.29,False
ADM-00210,P00266,2024-02-03,82,F,General Medicine,Sepsis,True,1,1,10,1,False,,Uninsured,Rehab,True,6262.74,False
ADM-00211,P00119,2024-02-03,42,M,Orthopedics,Hip fracture,True,1,4,11,1,False,,Private,Home,True,15384.28,False
ADM-00212,P02712,2024-02-03,55,F,Pulmonology,COPD,True,1,2,6,2,False,,Medicare,Skilled nursing facility,False,10848.61,False
ADM-00213,P00687,2024-02-04,59,M,Cardiology,Heart failure,True,0,5,10,2,True,8.4,Private,Home,False,23253.86,False
ADM-00214,P02883,2024-02-04,82,M,General Medicine,Diabetes complication,True,2,4,12,1,True,6.2,Uninsured,Home,False,13666.12,False
ADM-00215,P00952,2024-02-04,66,M,Pulmonology,Pneumonia,True,2,6,14,1,False,,Medicare,Home,True,31792.4,False
ADM-00216,P01618,2024-02-04,77,F,Pulmonology,COPD,False,0,2,9,3,False,,Medicare,Home,True,14832.7,False
ADM-00217,P02565,2024-02-04,77,M,Pulmonology,Pneumonia,True,0,10,15,6,True,7.6,Medicare,Home,False,49996.1,False
ADM-00218,P02311,2024-02-04,51,M,Cardiology,Heart failure,False,0,8,8,1,False,5.9,Medicare,Home,True,21432.9,False
ADM-00219,P01198,2024-02-04,64,M,Cardiology,Heart failure,True,0,5,11,0,False,6.3,Medicare,Home with services,True,13681.46,False
ADM-00220,P00816,2024-02-04,99,F,Cardiology,Heart failure,False,1,13,9,2,False,,Medicare,Home,True,38085.16,False
ADM-00221,P01380,2024-02-04,51,F,Orthopedics,Hip fracture,True,0,6,10,2,True,7.2,Private,Home,True,23992.1,False
ADM-00222,P02053,2024-02-05,50,M,Oncology,Chemotherapy complication,True,1,10,12,1,False,,Medicare,Home,True,25654.02,False
ADM-00223,P02107,2024-02-05,48,M,Pulmonology,Pneumonia,False,0,4,15,1,True,9.7,Medicare,Skilled nursing facility,False,10979.51,False
ADM-00224,P02668,2024-02-05,77,M,Pulmonology,COPD,True,0,11,10,2,False,,Medicare,Home,True,27004.12,False
ADM-00225,P02825,2024-02-05,74,M,Pulmonology,Pneumonia,True,0,3,13,2,False,,Medicaid,Home,False,13214.96,False
ADM-00226,P02380,2024-02-05,92,F,Oncology,Chemotherapy complication,True,0,7,4,1,False,,Medicare,Rehab,False,24048.73,True
ADM-00227,P01652,2024-02-05,76,M,Pulmonology,COPD,True,1,3,8,0,False,5.6,Medicaid,Skilled nursing facility,True,15477.8,False
ADM-00228,P00320,2024-02-05,68,F,Nephrology,Kidney disease,True,2,3,5,1,False,,Medicare,Skilled nursing facility,False,15902.62,False
ADM-00229,P02408,2024-02-05,57,F,General Medicine,Sepsis,True,0,11,15,2,False,,Medicare,Rehab,True,33547.21,False
ADM-00230,P02071,2024-02-06,54,F,Pulmonology,COPD,False,0,2,7,0,False,,Medicare,Rehab,False,11846.47,False
ADM-00231,P00918,2024-02-06,74,F,Nephrology,Kidney disease,False,2,3,3,1,False,,Medicare,Skilled nursing facility,True,14086.67,False
ADM-00232,P01728,2024-02-06,60,F,Pulmonology,Pneumonia,True,0,2,8,4,False,,Medicare,Skilled nursing facility,True,8705.31,False
ADM-00233,P00954,2024-02-07,86,M,Cardiology,Heart failure,False,1,2,7,1,False,,Private,Home,True,10045.22,False
ADM-00234,P03054,2024-02-07,66,F,Pulmonology,Pneumonia,True,0,1,11,1,False,,Medicare,Home,True,7041.09,False
ADM-00235,P02107,2024-02-07,56,M,Cardiology,Heart failure,False,0,4,8,1,False,,Medicaid,Home,True,19698.89,False
ADM-00236,P00466,2024-02-07,62,F,Nephrology,Kidney disease,True,4,2,9,1,False,,Uninsured,Skilled nursing facility,False,9514.32,False
ADM-00237,P02527,2024-02-08,74,F,Pulmonology,COPD,True,1,8,9,0,False,,Medicare,Skilled nursing facility,False,27757.23,False
ADM-00238,P01939,2024-02-08,67,F,Nephrology,Kidney disease,True,0,1,11,2,False,,Medicare,Skilled nursing facility,False,6713.85,False
ADM-00239,P01043,2024-02-08,78,M,Pulmonology,Pneumonia,False,2,3,3,1,False,,Private,Home with services,True,13931.39,False
ADM-00240,P01322,2024-02-08,61,F,General Medicine,Diabetes complication,True,1,6,15,2,True,11.5,Medicaid,Home,False,25585.2,True
ADM-00241,P00513,2024-02-08,69,F,Cardiology,Heart failure,True,1,6,10,0,False,5.8,Private,Home with services,True,26215.45,False
ADM-00242,P02106,2024-02-08,76,F,Cardiology,Heart failure,False,3,1,9,1,False,,Private,Home,True,7846.95,False
ADM-00243,P01995,2024-02-08,49,M,Pulmonology,Pneumonia,False,2,5,9,2,False,,Private,Home with services,True,22628.76,False
ADM-00244,P02690,2024-02-08,73,M,Cardiology,Heart failure,False,0,1,14,1,True,7.2,Medicaid,Home,True,6611.57,False
ADM-00245,P00497,2024-02-08,70,F,Pulmonology,Pneumonia,True,0,7,13,2,True,8.7,Medicaid,Home,True,30055.0,False
ADM-00246,P00350,2024-02-09,95,M,General Medicine,Sepsis,True,1,3,13,3,False,5.6,Medicare,Home,True,14046.6,False
ADM-00247,P01854,2024-02-09,84,M,Pulmonology,COPD,False,0,3,5,0,True,8.0,Medicare,Home,False,10444.52,False
ADM-00248,P00152,2024-02-09,99,F,Orthopedics,Hip fracture,True,1,4,9,0,True,8.0,Medicare,Skilled nursing facility,False,15871.79,False
ADM-00249,P03199,2024-02-09,57,M,Pulmonology,COPD,False,0,4,8,0,False,,Medicare,Home,True,14653.11,False
ADM-00250,P00823,2024-02-09,60,F,Oncology,Chemotherapy complication,True,0,4,7,2,False,6.0,Private,Home,True,16890.21,False
ADM-00251,P00807,2024-02-10,79,F,Oncology,Chemotherapy complication,True,1,10,15,2,True,7.2,Medicare,Home,True,33508.74,True
ADM-00252,P00645,2024-02-10,83,F,Pulmonology,COPD,False,1,7,11,1,False,,Medicare,Skilled nursing facility,False,20412.11,False
ADM-00253,P02565,2024-02-10,57,M,Pulmonology,Pneumonia,True,1,4,11,1,True,,Private,Home,False,13427.2,False
ADM-00254,P02337,2024-02-10,44,F,Pulmonology,COPD,False,1,10,9,3,True,9.9,Medicare,Home,False,35160.67,True
ADM-00255,P03056,2024-02-10,84,F,Cardiology,Heart failure,False,1,9,12,0,False,,Medicare,Home,True,39668.03,False
ADM-00256,P00346,2024-02-10,85,M,General Medicine,Sepsis,True,2,3,8,1,False,5.5,Medicare,Rehab,True,13368.77,False
ADM-00257,P01513,2024-02-11,61,M,Cardiology,Heart failure,True,0,2,11,0,True,6.9,Medicare,Home with services,False,9736.62,False
ADM-00258,P00063,2024-02-11,65,M,General Medicine,Sepsis,True,0,2,7,2,False,,Medicare,Home,True,11777.88,False
ADM-00259,P01656,2024-02-11,64,M,Pulmonology,COPD,True,0,2,10,2,False,,Medicare,Home,True,8445.03,False
ADM-00260,P02891,2024-02-11,54,F,Cardiology,Heart failure,True,2,6,10,3,False,,Uninsured,Skilled nursing facility,False,19665.93,False
ADM-00261,P01289,2024-02-11,73,F,Pulmonology,Pneumonia,False,1,7,5,1,False,,Medicare,Home,True,29253.49,False
ADM-00262,P00570,2024-02-11,39,M,Nephrology,Kidney disease,False,0,9,11,2,False,,Uninsured,Home with services,True,43015.34,False
ADM-00263,P00122,2024-02-11,80,F,General Medicine,Diabetes complication,False,1,1,13,3,True,8.4,Medicare,Home,True,9065.51,True
ADM-00264,P02225,2024-02-11,79,M,General Medicine,Sepsis,True,1,1,13,2,False,,Medicare,Skilled nursing facility,True,7885.72,False
ADM-00265,P01526,2024-02-12,80,M,Nephrology,Kidney disease,False,0,14,10,3,False,,Medicare,Home,True,44156.4,False
ADM-00266,P01053,2024-02-12,57,F,Pulmonology,COPD,True,2,8,12,1,False,4.8,Medicare,Skilled nursing facility,False,33037.83,False
ADM-00267,P01128,2024-02-12,51,M,Orthopedics,Hip fracture,True,2,5,6,1,False,,Medicare,Home with services,False,25055.99,False
ADM-00268,P00405,2024-02-12,76,M,General Medicine,Sepsis,True,0,6,8,3,False,,Medicaid,Skilled nursing facility,True,21215.17,False
ADM-00269,P02616,2024-02-12,62,M,General Medicine,Sepsis,True,3,11,14,0,True,,Medicare,Home,False,39652.0,True
ADM-00270,P01024,2024-02-12,64,M,Nephrology,Kidney disease,False,0,2,5,1,True,10.7,Private,Home,False,12117.28,True
ADM-00271,P02953,2024-02-12,77,F,General Medicine,Sepsis,True,0,2,9,1,False,5.1,Private,Home,True,10768.79,False
ADM-00272,P02763,2024-02-12,70,F,Pulmonology,Pneumonia,True,0,5,10,2,True,8.1,Medicare,Skilled nursing facility,False,25545.73,False
ADM-00273,P02686,2024-02-12,68,F,Pulmonology,Pneumonia,True,1,10,8,2,False,,Medicare,Home,True,34060.07,False
ADM-00274,P01836,2024-02-12,78,F,Oncology,Chemotherapy complication,True,0,9,13,2,False,,Medicaid,Home with services,True,30737.5,False
ADM-00275,P01526,2024-02-13,89,M,General Medicine,Diabetes complication,True,0,3,13,1,True,,Medicare,Home,False,14095.32,False
ADM-00276,P02799,2024-02-13,67,F,Oncology,Chemotherapy complication,True,0,3,17,2,True,7.4,Medicaid,Home,False,17873.82,False
ADM-00277,P01206,2024-02-13,88,F,Pulmonology,Pneumonia,False,2,4,4,4,False,,Medicare,Home,False,9300.67,False
ADM-00278,P03082,2024-02-13,64,F,Pulmonology,COPD,True,0,2,7,0,True,6.7,Private,Home with services,True,10175.4,False
ADM-00279,P02824,2024-02-13,63,M,General Medicine,Sepsis,True,0,7,10,1,False,,Medicare,Home,False,21527.18,False
ADM-00280,P01726,2024-02-13,35,F,Orthopedics,Hip fracture,False,0,5,6,3,True,,Private,Home,True,23758.22,False
ADM-00281,P02793,2024-02-13,41,M,General Medicine,Sepsis,True,4,4,7,1,True,7.7,Medicaid,Home with services,False,14379.52,False
ADM-00282,P03188,2024-02-13,69,F,Pulmonology,Pneumonia,True,2,7,12,2,True,7.8,Medicare,Home with services,False,24178.27,False
ADM-00283,P02573,2024-02-13,70,F,Pulmonology,Pneumonia,True,0,9,10,1,False,5.3,Medicare,Home,False,25290.79,False
ADM-00284,P01970,2024-02-14,45,F,General Medicine,Diabetes complication,True,0,9,13,3,True,10.1,Medicare,Home with services,True,18785.0,False
ADM-00285,P00355,2024-02-14,62,F,General Medicine,Diabetes complication,True,3,5,8,0,True,5.8,Medicaid,Home with services,False,19848.15,False
ADM-00286,P00517,2024-02-14,65,M,Cardiology,Heart failure,False,2,3,12,2,False,,Medicare,Home,True,13226.09,False
ADM-00287,P02965,2024-02-14,49,M,Pulmonology,COPD,True,1,5,5,1,False,,Medicare,Home,False,24461.93,False
ADM-00288,P02734,2024-02-14,66,F,Oncology,Chemotherapy complication,True,0,3,9,1,False,,Medicare,Rehab,False,13301.42,False
ADM-00289,P03117,2024-02-14,76,M,Cardiology,Heart failure,True,0,8,2,1,False,,Private,Home,True,37387.99,False
ADM-00290,P02255,2024-02-14,65,M,Orthopedics,Hip fracture,False,1,5,9,0,False,,Medicaid,Home with services,True,17541.66,False
ADM-00291,P02208,2024-02-14,74,M,General Medicine,Sepsis,True,0,3,11,0,True,9.2,Medicare,Home with services,True,15262.51,False
ADM-00292,P02065,2024-02-15,66,F,Nephrology,Kidney disease,True,0,2,12,1,False,,Medicaid,Home,False,9619.67,False
ADM-00293,P02085,2024-02-15,61,M,Oncology,Chemotherapy complication,True,1,8,7,0,False,,Medicare,Home,False,25251.47,False
ADM-00294,P00594,2024-02-15,74,F,General Medicine,Diabetes complication,True,3,5,7,2,True,8.3,Medicare,Skilled nursing facility,True,17191.66,False
ADM-00295,P02545,2024-02-15,76,M,Orthopedics,Hip fracture,True,2,10,4,2,False,,Medicaid,Home,True,26680.66,False
ADM-00296,P01432,2024-02-16,98,F,Nephrology,Kidney disease,True,2,7,11,2,False,,Medicare,Skilled nursing facility,True,22283.02,False
ADM-00297,P03154,2024-02-16,68,M,Cardiology,Heart failure,True,3,1,8,2,False,,Medicare,Home,False,7919.47,False
ADM-00298,P00005,2024-02-16,58,F,Oncology,Chemotherapy complication,False,2,1,5,1,False,,Private,Home with services,True,9739.96,False
ADM-00299,P02468,2024-02-16,63,F,Pulmonology,Pneumonia,True,1,1,11,1,True,,Private,Home with services,True,7956.01,False
ADM-00300,P03029,2024-02-16,95,F,Pulmonology,Pneumonia,True,1,3,9,3,False,,Medicare,Home,True,13834.82,False
ADM-00301,P01773,2024-02-16,97,M,Oncology,Chemotherapy complication,True,0,4,11,0,True,,Medicare,Home,False,15458.3,False
ADM-00302,P01504,2024-02-16,73,F,General Medicine,Diabetes complication,True,0,8,10,1,True,7.7,Medicare,Home with services,True,22203.71,False
ADM-00303,P00480,2024-02-16,79,M,Oncology,Chemotherapy complication,True,0,3,9,1,False,,Medicare,Home with services,True,16157.27,False
ADM-00304,P02029,2024-02-16,62,F,Oncology,Chemotherapy complication,True,0,9,1,3,False,,Uninsured,Home,False,36690.11,False
ADM-00305,P02847,2024-02-17,71,F,General Medicine,Sepsis,True,1,1,6,1,False,,Medicare,Home,False,7932.79,False
ADM-00306,P01233,2024-02-17,51,F,Nephrology,Kidney disease,False,0,4,12,1,True,7.1,Medicare,Home,True,20976.31,False
ADM-00307,P02709,2024-02-17,87,F,Nephrology,Kidney disease,True,1,7,10,2,False,,Medicare,Home with services,True,25664.43,False
ADM-00308,P02256,2024-02-17,69,F,General Medicine,Sepsis,True,0,6,11,2,True,7.0,Private,Home with services,True,27591.24,False
ADM-00309,P00138,2024-02-17,61,F,Nephrology,Kidney disease,True,0,7,11,3,True,,Private,Home,False,23581.81,False
ADM-00310,P01794,2024-02-17,56,F,Cardiology,Heart failure,True,0,3,8,1,False,,Private,Home,False,13062.09,False
ADM-00311,P02812,2024-02-17,75,M,General Medicine,Sepsis,False,1,2,15,1,False,5.9,Medicaid,Home,True,8926.37,False
ADM-00312,P00775,2024-02-18,75,M,Pulmonology,Pneumonia,False,0,14,6,3,False,,Medicare,Home,False,40033.43,False
ADM-00313,P00949,2024-02-18,57,M,General Medicine,Sepsis,False,0,3,8,0,False,,Private,Skilled nursing facility,False,12355.53,False
ADM-00314,P00040,2024-02-18,84,M,Pulmonology,Pneumonia,False,1,6,11,1,False,,Medicare,Skilled nursing facility,False,20661.87,False
ADM-00315,P02096,2024-02-18,66,F,Cardiology,Heart failure,True,1,2,5,3,False,,Medicare,Home,False,10827.39,False
ADM-00316,P02140,2024-02-18,78,M,Orthopedics,Hip fracture,True,3,7,10,2,True,7.5,Medicare,Home,True,27708.99,False
ADM-00317,P01824,2024-02-18,58,F,Cardiology,Heart failure,True,1,1,5,1,False,,Medicaid,Home,True,5980.66,False
ADM-00318,P01588,2024-02-18,69,F,Nephrology,Kidney disease,True,0,5,9,0,False,,Medicare,Home,False,16118.19,False
ADM-00319,P01602,2024-02-18,83,M,Cardiology,Heart failure,True,0,3,11,0,True,7.1,Private,Skilled nursing facility,True,11502.31,True
ADM-00320,P02788,2024-02-19,81,F,General Medicine,Diabetes complication,True,1,12,13,0,True,7.3,Private,Home,True,55090.17,False
ADM-00321,P01862,2024-02-19,59,M,Pulmonology,COPD,True,3,10,7,2,True,8.7,Private,Home with services,True,27279.15,True
ADM-00322,P02527,2024-02-19,87,M,Pulmonology,COPD,True,0,5,13,0,True,7.7,Private,Rehab,True,17361.13,False
ADM-00323,P00437,2024-02-19,69,M,Cardiology,Heart failure,True,0,14,9,1,True,8.9,Medicare,Home,False,57815.55,True
ADM-00324,P01964,2024-02-20,63,M,General Medicine,Sepsis,True,2,4,9,2,False,,Private,Home with services,False,16659.36,False
ADM-00325,P02344,2024-02-20,80,M,Oncology,Chemotherapy complication,True,2,1,4,1,False,,Medicare,Home,True,5126.94,False
ADM-00326,P02000,2024-02-20,66,M,Cardiology,Heart failure,True,2,3,11,2,False,5.6,Private,Home with services,True,15597.79,False
ADM-00327,P02436,2024-02-20,78,M,Orthopedics,Hip fracture,False,0,7,9,5,False,,Private,Home,True,18038.42,True
ADM-00328,P00734,2024-02-20,77,F,Orthopedics,Hip fracture,False,2,4,10,3,True,9.4,Medicare,Home,True,11293.84,True
ADM-00329,P00411,2024-02-21,65,F,Nephrology,Kidney disease,True,0,8,8,3,False,,Medicare,Home,False,22721.36,False
ADM-00330,P01949,2024-02-21,73,M,Pulmonology,Pneumonia,True,0,3,8,0,False,,Private,Home,True,17502.62,False
ADM-00331,P00539,2024-02-21,56,F,Pulmonology,COPD,True,0,5,9,0,False,,Medicare,Home with services,False,21997.09,False
ADM-00332,P00364,2024-02-21,65,M,Cardiology,Heart failure,False,1,2,10,1,False,,Medicaid,Home,True,8101.68,False
ADM-00333,P01892,2024-02-21,54,F,Pulmonology,COPD,False,2,1,11,1,False,,Medicaid,Home,True,9511.48,False
ADM-00334,P02203,2024-02-21,70,F,General Medicine,Sepsis,False,1,4,7,0,False,5.3,Medicare,Home,True,18723.86,False
ADM-00335,P01603,2024-02-21,32,F,Nephrology,Kidney disease,True,0,9,11,2,True,8.6,Medicare,Home,False,28591.69,True
ADM-00336,P01654,2024-02-21,72,F,Orthopedics,Hip fracture,True,1,9,12,3,True,9.5,Uninsured,Home with services,True,39358.04,False
ADM-00337,P01205,2024-02-22,64,F,General Medicine,Sepsis,True,0,3,10,4,True,,Medicaid,Home,True,11996.2,False
ADM-00338,P01909,2024-02-22,71,F,Cardiology,Heart failure,True,0,5,19,0,True,8.8,Medicare,Home,True,22500.16,False
ADM-00339,P02475,2024-02-22,69,F,Nephrology,Kidney disease,False,0,2,11,1,False,5.3,Uninsured,Home with services,True,10206.73,False
ADM-00340,P00521,2024-02-22,64,M,General Medicine,Sepsis,True,1,7,10,4,False,,Medicare,Home with services,True,23199.68,False
ADM-00341,P02431,2024-02-22,86,M,General Medicine,Sepsis,True,1,7,11,2,False,5.9,Medicare,Home,True,22895.2,False
ADM-00342,P02556,2024-02-22,77,F,Pulmonology,COPD,True,1,6,2,1,False,,Medicare,Rehab,True,27677.39,False
ADM-00343,P03038,2024-02-22,75,M,Pulmonology,COPD,True,1,10,13,2,False,,Medicaid,Home,True,32419.24,True
ADM-00344,P00667,2024-02-23,68,F,General Medicine,Diabetes complication,False,1,5,11,2,True,6.8,Medicare,Home with services,True,21948.59,False
ADM-00345,P02257,2024-02-23,86,F,Cardiology,Heart failure,False,2,1,7,1,True,7.5,Medicare,Skilled nursing facility,True,4624.3,True
ADM-00346,P02722,2024-02-23,53,F,Cardiology,Heart failure,True,2,7,10,2,False,5.5,Medicaid,Home,True,20426.22,True
ADM-00347,P02837,2024-02-23,69,F,Nephrology,Kidney disease,True,1,3,6,4,True,8.5,Private,Home with services,True,16797.59,False
ADM-00348,P00142,2024-02-23,51,F,Pulmonology,Pneumonia,False,1,1,12,1,False,,Private,Home,True,3609.17,False
ADM-00349,P00091,2024-02-24,79,F,Nephrology,Kidney disease,True,1,7,8,1,False,,Private,Home,False,19324.82,False
ADM-00350,P01011,2024-02-24,66,M,Pulmonology,COPD,True,2,5,10,0,False,5.5,Private,Home,True,23032.95,False
ADM-00351,P00472,2024-02-24,55,M,Orthopedics,Hip fracture,True,0,6,15,4,True,10.3,Uninsured,Home,True,21339.75,True
ADM-00352,P01461,2024-02-24,68,M,Nephrology,Kidney disease,False,1,8,12,2,False,5.6,Medicare,Skilled nursing facility,False,32945.0,False
ADM-00353,P00125,2024-02-24,78,F,Pulmonology,COPD,True,0,6,10,2,False,,Medicare,Home with services,True,27621.47,False
ADM-00354,P00650,2024-02-24,64,M,Nephrology,Kidney disease,True,0,5,12,1,False,,Medicare,Home,False,15900.47,False
ADM-00355,P01919,2024-02-25,75,M,General Medicine,Sepsis,True,1,3,6,1,False,6.0,Medicare,Home,False,12863.07,False
ADM-00356,P02977,2024-02-25,57,M,Cardiology,Heart failure,False,1,6,9,3,False,,Medicare,Home,False,29059.65,False
ADM-00357,P03016,2024-02-25,91,F,Pulmonology,COPD,True,0,11,8,1,True,6.3,Medicare,Home,True,52760.78,False
ADM-00358,P00331,2024-02-25,72,M,General Medicine,Diabetes complication,True,3,2,8,2,True,,Medicare,Home,False,11513.25,False
ADM-00359,P02829,2024-02-25,61,M,Oncology,Chemotherapy complication,True,1,3,9,0,False,,Medicaid,Home,True,12941.03,False
ADM-00360,P01042,2024-02-25,58,F,Cardiology,Heart failure,True,0,3,11,2,False,,Medicare,Home,True,12192.69,False
ADM-00361,P01459,2024-02-25,79,F,Pulmonology,Pneumonia,False,1,11,15,0,True,10.0,Medicaid,Home,False,41024.03,False
ADM-00362,P00829,2024-02-25,63,M,Orthopedics,Hip fracture,True,1,4,13,1,False,,Medicare,Rehab,False,11101.45,False
ADM-00363,P03061,2024-02-25,73,F,Cardiology,Heart failure,True,0,5,7,5,False,,Private,Skilled nursing facility,True,24017.33,False
ADM-00364,P02186,2024-02-25,67,F,General Medicine,Sepsis,True,2,1,13,0,False,5.5,Private,Home,True,7666.06,False
ADM-00365,P01349,2024-02-25,64,M,Pulmonology,COPD,True,0,4,17,0,False,,Medicare,Skilled nursing facility,False,18003.95,False
ADM-00366,P00166,2024-02-26,66,F,General Medicine,Diabetes complication,True,0,5,11,1,True,8.5,Medicaid,Home,False,20297.95,False
ADM-00367,P02955,2024-02-26,71,F,Pulmonology,COPD,True,0,6,10,1,False,,Private,Home,True,16193.2,False
ADM-00368,P02820,2024-02-26,63,M,Nephrology,Kidney disease,False,2,4,10,2,False,,Medicare,Home,False,12975.05,True
ADM-00369,P00049,2024-02-26,60,M,Cardiology,Heart failure,True,0,5,11,0,True,6.6,Medicare,Home,False,21821.88,False
ADM-00370,P02265,2024-02-26,53,M,Cardiology,Heart failure,True,0,7,9,2,False,,Uninsured,Skilled nursing facility,True,24748.16,False
ADM-00371,P01743,2024-02-26,59,M,Oncology,Chemotherapy complication,False,1,4,6,3,False,,Medicare,Home with services,True,14584.55,False
ADM-00372,P02343,2024-02-26,85,F,Pulmonology,Pneumonia,True,3,4,5,0,False,5.6,Medicare,Home,False,17871.14,False
ADM-00373,P02069,2024-02-27,78,M,Orthopedics,Hip fracture,False,1,2,12,2,True,5.9,Medicare,Home,False,8629.76,False
ADM-00374,P01304,2024-02-27,55,M,Oncology,Chemotherapy complication,True,0,3,9,2,False,,Medicare,Home,False,14528.8,False
ADM-00375,P02953,2024-02-27,69,M,Orthopedics,Hip fracture,True,1,4,11,0,False,,Medicare,Home,True,11688.65,False
ADM-00376,P02544,2024-02-27,88,F,Pulmonology,COPD,True,0,11,6,0,False,,Private,Skilled nursing facility,True,34666.79,True
ADM-00377,P01076,2024-02-27,52,M,Oncology,Chemotherapy complication,False,0,7,9,1,False,,Private,Home with services,True,19572.21,False
ADM-00378,P01862,2024-02-28,72,M,Cardiology,Heart failure,False,0,2,12,2,False,,Private,Skilled nursing facility,True,9735.38,False
ADM-00379,P01416,2024-02-28,78,M,Cardiology,Heart failure,False,0,13,11,1,False,,Medicaid,Skilled nursing facility,True,38274.47,True
ADM-00380,P01461,2024-02-28,81,F,Pulmonology,COPD,True,0,5,8,0,False,,Medicare,Home,False,16049.66,False
ADM-00381,P01774,2024-02-28,59,F,Nephrology,Kidney disease,False,1,3,7,3,False,,Medicare,Home,True,9195.4,False
ADM-00382,P00353,2024-02-28,81,M,General Medicine,Diabetes complication,True,1,2,10,1,True,7.6,Uninsured,Rehab,False,9059.46,False
ADM-00383,P01660,2024-02-28,42,F,Nephrology,Kidney disease,True,0,2,10,0,False,,Private,Home,False,12752.8,False
ADM-00384,P02635,2024-02-28,73,M,Cardiology,Heart failure,True,1,1,11,2,False,5.6,Medicare,Skilled nursing facility,True,6054.72,False
ADM-00385,P02042,2024-02-28,69,M,Cardiology,Heart failure,False,0,4,8,2,False,,Private,Rehab,True,17714.68,False
ADM-00386,P02205,2024-02-29,78,F,General Medicine,Diabetes complication,False,0,5,12,1,True,7.5,Private,Home,True,20336.4,True
ADM-00387,P02005,2024-02-29,74,M,Pulmonology,Pneumonia,True,2,5,10,2,False,5.4,Medicare,Home,True,21377.09,False
ADM-00388,P01676,2024-02-29,70,F,General Medicine,Sepsis,True,1,2,11,1,False,,Medicaid,Home,True,11396.62,False
ADM-00389,P00161,2024-02-29,79,F,Nephrology,Kidney disease,False,2,2,9,3,True,9.1,Medicare,Skilled nursing facility,True,10571.22,False
ADM-00390,P01102,2024-02-29,62,M,General Medicine,Sepsis,True,1,3,5,1,False,,Medicare,Skilled nursing facility,True,12653.09,False
ADM-00391,P00174,2024-02-29,60,F,Oncology,Chemotherapy complication,True,0,6,13,3,False,,Private,Home,True,20785.78,False
ADM-00392,P01518,2024-03-01,58,M,Cardiology,Heart failure,True,1,5,4,1,True,7.6,Medicaid,Home,True,20216.07,False
ADM-00393,P00709,2024-03-01,75,F,General Medicine,Sepsis,False,1,6,3,5,False,,Private,Home,True,22289.16,False
ADM-00394,P03009,2024-03-01,55,F,Pulmonology,Pneumonia,True,1,3,12,1,False,,Medicare,Home with services,True,12204.03,False
ADM-00395,P03129,2024-03-02,46,F,Oncology,Chemotherapy complication,True,0,11,15,1,True,8.0,Medicare,Home with services,False,40393.29,False
ADM-00396,P01848,2024-03-03,60,M,Oncology,Chemotherapy complication,True,1,3,10,1,True,9.5,Uninsured,Home with services,False,15268.05,False
ADM-00397,P00259,2024-03-03,95,F,General Medicine,Sepsis,True,1,10,11,2,False,,Medicare,Home with services,True,36069.52,False
ADM-00398,P01428,2024-03-03,92,F,Cardiology,Heart failure,True,0,4,11,1,False,,Medicare,Home,True,19858.75,False
ADM-00399,P02280,2024-03-03,74,M,Cardiology,Heart failure,True,0,4,15,1,False,,Medicare,Home,True,11724.73,False
ADM-00400,P00312,2024-03-03,73,M,Pulmonology,Pneumonia,True,0,2,9,4,False,,Medicare,Home,False,8497.35,False
ADM-00401,P02639,2024-03-03,75,M,General Medicine,Diabetes complication,True,0,4,11,0,True,7.0,Medicaid,Home,True,13947.55,False
ADM-00402,P02637,2024-03-03,66,M,Oncology,Chemotherapy complication,True,0,13,7,0,False,,Private,Home,False,44155.16,False
ADM-00403,P01697,2024-03-03,72,F,Pulmonology,Pneumonia,True,1,2,14,0,False,,Private,Home with services,True,9526.48,False
ADM-00404,P02805,2024-03-03,79,F,Pulmonology,Pneumonia,False,1,4,13,0,False,,Medicare,Skilled nursing facility,False,15540.1,False
ADM-00405,P02087,2024-03-04,79,F,Oncology,Chemotherapy complication,True,1,4,10,0,False,,Medicaid,Home,False,13731.85,False
ADM-00406,P01548,2024-03-04,59,F,General Medicine,Sepsis,True,3,5,4,3,False,5.8,Medicare,Home with services,True,20189.73,False
ADM-00407,P01113,2024-03-04,83,F,Nephrology,Kidney disease,False,2,5,10,1,True,7.1,Private,Home with services,True,14955.05,False
ADM-00408,P00889,2024-03-04,94,F,Pulmonology,Pneumonia,False,1,3,19,0,False,,Private,Home,True,10595.18,False
ADM-00409,P01977,2024-03-04,77,F,Pulmonology,Pneumonia,True,0,13,4,1,False,,Uninsured,Home,False,60457.68,False
ADM-00410,P00026,2024-03-04,73,F,Cardiology,Heart failure,True,0,2,7,0,False,,Medicare,Rehab,True,9920.01,False
ADM-00411,P00461,2024-03-04,75,M,General Medicine,Diabetes complication,True,2,12,8,2,True,9.7,Medicaid,Home,True,39337.39,True
ADM-00412,P00891,2024-03-04,77,M,Pulmonology,COPD,True,0,7,7,1,False,5.0,Medicaid,Home,True,17898.98,False
ADM-00413,P00749,2024-03-05,43,M,Orthopedics,Hip fracture,False,1,5,8,1,True,4.3,Medicare,Rehab,True,13487.99,False
ADM-00414,P01529,2024-03-05,82,F,Nephrology,Kidney disease,False,0,2,3,1,True,9.8,Medicare,Home,False,8489.27,False
ADM-00415,P01009,2024-03-05,76,M,Pulmonology,COPD,True,0,6,12,1,False,5.2,Medicare,Home,True,25491.99,False
ADM-00416,P02614,2024-03-05,71,F,Pulmonology,COPD,True,0,3,7,3,True,8.2,Medicare,Skilled nursing facility,True,13650.99,False
ADM-00417,P01747,2024-03-05,60,M,General Medicine,Sepsis,True,1,1,10,0,False,,Private,Home with services,False,7973.63,False
ADM-00418,P00065,2024-03-05,48,F,General Medicine,Sepsis,True,1,5,10,2,False,,Medicaid,Home,False,23377.47,False
ADM-00419,P03088,2024-03-06,65,F,General Medicine,Sepsis,True,2,6,8,1,False,,Medicare,Home,False,29377.86,False
ADM-00420,P01966,2024-03-06,61,M,Nephrology,Kidney disease,False,2,8,15,1,False,,Medicare,Home,True,34451.92,False
ADM-00421,P02277,2024-03-06,70,M,Cardiology,Heart failure,False,3,2,8,1,False,,Private,Home,True,11602.04,True
ADM-00422,P03125,2024-03-06,63,M,General Medicine,Diabetes complication,False,1,4,8,1,True,5.9,Medicare,Home,True,17615.83,False
ADM-00423,P00766,2024-03-06,95,F,General Medicine,Sepsis,False,1,2,10,2,False,,Private,Home,True,10006.46,False
ADM-00424,P01732,2024-03-06,53,F,Nephrology,Kidney disease,True,1,3,14,1,False,,Medicare,Home with services,True,13085.9,False
ADM-00425,P01796,2024-03-07,73,M,Cardiology,Heart failure,False,1,7,11,2,False,,Private,Home with services,True,28440.35,False
ADM-00426,P01103,2024-03-07,71,M,Pulmonology,COPD,True,1,8,11,2,False,,Medicare,Home with services,True,26788.51,False
ADM-00427,P02028,2024-03-07,74,F,Nephrology,Kidney disease,True,1,2,8,1,False,,Medicaid,Home,True,12269.69,False
ADM-00428,P01789,2024-03-07,58,F,Pulmonology,COPD,True,2,5,12,1,True,5.8,Private,Home,False,18992.09,False
ADM-00429,P00325,2024-03-07,45,M,Nephrology,Kidney disease,True,1,6,7,1,False,5.8,Medicaid,Home,True,18083.14,False
ADM-00430,P00716,2024-03-08,67,M,Orthopedics,Hip fracture,False,1,4,7,0,False,,Private,Home,True,18777.52,False
ADM-00431,P00881,2024-03-08,58,F,General Medicine,Sepsis,True,2,10,2,0,True,,Private,Rehab,True,21296.36,False
ADM-00432,P01502,2024-03-08,63,M,Pulmonology,Pneumonia,False,0,7,11,2,False,,Private,Home,True,28618.16,False
ADM-00433,P02337,2024-03-08,61,M,Nephrology,Kidney disease,True,1,12,4,2,False,,Private,Home,False,42756.46,False
ADM-00434,P03009,2024-03-08,60,M,Pulmonology,COPD,True,1,11,6,1,False,5.3,Medicare,Home with services,False,37021.47,False
ADM-00435,P00187,2024-03-08,76,M,Pulmonology,COPD,True,0,13,7,1,False,,Medicare,Skilled nursing facility,True,35607.45,True
ADM-00436,P00227,2024-03-08,50,M,Pulmonology,Pneumonia,True,2,2,12,2,False,,Medicare,Home,True,11070.5,False
ADM-00437,P00184,2024-03-08,58,F,Pulmonology,COPD,True,1,1,11,1,True,9.0,Medicare,Home,True,8516.56,True
ADM-00438,P01190,2024-03-09,68,M,Pulmonology,COPD,True,1,4,13,1,False,,Medicare,Home with services,False,16321.35,False
ADM-00439,P02328,2024-03-09,78,M,Orthopedics,Hip fracture,True,2,6,6,1,True,10.7,Uninsured,Home with services,False,31275.11,True
ADM-00440,P02280,2024-03-09,74,F,Pulmonology,COPD,True,2,4,7,3,False,,Medicaid,Home,True,17122.14,False
ADM-00441,P01387,2024-03-10,64,F,General Medicine,Sepsis,False,0,2,8,2,False,5.3,Medicare,Skilled nursing facility,True,10793.52,False
ADM-00442,P00494,2024-03-10,67,F,Nephrology,Kidney disease,False,0,7,13,1,False,,Private,Home,False,15276.86,False
ADM-00443,P00041,2024-03-11,74,M,Cardiology,Heart failure,True,0,2,8,0,False,,Private,Rehab,True,9577.53,False
ADM-00444,P03078,2024-03-11,67,F,General Medicine,Sepsis,False,0,3,9,0,False,,Medicare,Home,True,10408.39,False
ADM-00445,P00971,2024-03-11,70,M,Oncology,Chemotherapy complication,True,1,5,6,1,False,,Medicaid,Home with services,True,20654.36,False
ADM-00446,P00099,2024-03-11,64,M,Pulmonology,COPD,False,2,6,12,0,True,7.2,Medicare,Home with services,False,23253.11,False
ADM-00447,P02860,2024-03-11,58,F,Oncology,Chemotherapy complication,False,1,9,12,2,True,6.9,Medicaid,Home,True,44366.77,False
ADM-00448,P02216,2024-03-11,51,M,General Medicine,Diabetes complication,True,2,6,7,0,True,8.3,Private,Home,True,25164.2,False
ADM-00449,P03036,2024-03-12,88,F,Pulmonology,Pneumonia,False,0,8,13,0,True,9.2,Medicare,Home,True,37581.3,False
ADM-00450,P00676,2024-03-12,37,M,Orthopedics,Hip fracture,False,2,2,11,0,False,6.0,Medicare,Home,True,10038.78,False
ADM-00451,P00565,2024-03-12,48,M,Orthopedics,Hip fracture,True,0,5,8,1,False,,Medicare,Rehab,False,25692.14,False
ADM-00452,P01998,2024-03-12,52,M,General Medicine,Sepsis,True,2,1,8,0,False,,Medicare,Home,True,9331.37,False
ADM-00453,P02938,2024-03-12,73,M,Cardiology,Heart failure,False,3,4,10,3,True,9.1,Medicare,Home,False,15975.76,True
ADM-00454,P01370,2024-03-12,66,M,General Medicine,Sepsis,True,1,6,12,2,True,8.7,Private,Home,False,30810.85,True
ADM-00455,P03038,2024-03-12,82,F,Pulmonology,COPD,True,2,7,8,2,False,5.2,Private,Home,False,26435.93,False
ADM-00456,P00743,2024-03-12,63,F,General Medicine,Diabetes complication,False,3,2,16,1,True,8.3,Medicare,Home,True,11195.13,False
ADM-00457,P00204,2024-03-12,71,F,Pulmonology,Pneumonia,True,2,11,8,6,False,,Uninsured,Home with services,False,41238.12,False
ADM-00458,P00082,2024-03-12,61,M,Orthopedics,Hip fracture,True,0,6,9,1,True,8.4,Medicaid,Home,False,21677.34,False
ADM-00459,P01405,2024-03-12,65,M,Pulmonology,Pneumonia,True,0,4,5,0,False,5.9,Medicare,Home with services,True,15088.2,False
ADM-00460,P01640,2024-03-13,56,M,General Medicine,Diabetes complication,True,1,3,13,1,True,9.2,Medicare,Home,True,12841.85,False
ADM-00461,P03158,2024-03-13,47,F,Pulmonology,Pneumonia,True,1,4,6,0,False,,Private,Home with services,True,11100.9,False
ADM-00462,P01895,2024-03-13,68,F,Pulmonology,Pneumonia,True,1,4,8,0,False,6.1,Medicare,Home,True,19477.28,False
ADM-00463,P00413,2024-03-13,72,F,Pulmonology,COPD,False,1,8,14,2,False,,Medicare,Skilled nursing facility,True,27145.95,False
ADM-00464,P03015,2024-03-13,98,F,General Medicine,Sepsis,False,0,8,8,0,False,,Medicaid,Skilled nursing facility,True,24598.87,False
ADM-00465,P01895,2024-03-14,61,M,Nephrology,Kidney disease,True,0,3,6,0,False,,Medicare,Rehab,False,13216.76,False
ADM-00466,P01787,2024-03-14,51,M,Nephrology,Kidney disease,True,2,5,9,5,False,5.2,Medicare,Skilled nursing facility,False,15960.14,False
ADM-00467,P01824,2024-03-14,59,F,General Medicine,Sepsis,True,0,10,5,1,False,,Private,Home with services,True,35845.04,False
ADM-00468,P00825,2024-03-14,75,F,Pulmonology,Pneumonia,True,0,3,14,2,True,8.4,Medicaid,Home,True,15004.94,False
ADM-00469,P01035,2024-03-14,62,M,General Medicine,Diabetes complication,False,2,4,5,2,True,9.6,Medicare,Home,True,14945.24,True
ADM-00470,P00581,2024-03-14,59,F,Oncology,Chemotherapy complication,False,1,12,8,4,False,,Medicare,Home,True,33173.8,False
ADM-00471,P01794,2024-03-14,67,F,General Medicine,Diabetes complication,True,1,3,12,1,True,9.3,Medicare,Home,False,15821.01,True
ADM-00472,P02448,2024-03-14,58,F,Oncology,Chemotherapy complication,True,1,3,10,1,False,,Medicare,Home,False,12279.39,False
ADM-00473,P00179,2024-03-15,79,F,General Medicine,Sepsis,True,1,1,6,2,True,9.6,Medicaid,Home,True,10274.37,False
ADM-00474,P00779,2024-03-15,73,M,Oncology,Chemotherapy complication,True,1,3,13,3,True,5.0,Medicare,Home with services,True,14405.59,False
ADM-00475,P01494,2024-03-15,82,F,Pulmonology,Pneumonia,False,1,1,7,0,False,,Medicare,Rehab,True,7634.85,False
ADM-00476,P02964,2024-03-15,53,M,Oncology,Chemotherapy complication,True,2,1,6,2,False,5.0,Private,Home,True,4644.25,False
ADM-00477,P00251,2024-03-15,64,M,Cardiology,Heart failure,True,1,10,10,0,False,,Private,Home,False,47634.95,False
ADM-00478,P01506,2024-03-15,80,F,Orthopedics,Hip fracture,False,0,17,10,2,False,5.4,Medicare,Home with services,True,61574.3,False
ADM-00479,P01619,2024-03-15,52,F,Pulmonology,Pneumonia,True,2,3,5,2,False,,Private,Home,True,10129.45,False
ADM-00480,P01101,2024-03-16,55,F,Pulmonology,Pneumonia,False,1,5,17,2,False,,Private,Home,False,23019.77,False
ADM-00481,P02345,2024-03-16,77,M,Pulmonology,Pneumonia,True,1,3,16,1,True,8.9,Medicare,Home with services,True,14412.04,False
ADM-00482,P02702,2024-03-16,56,F,Cardiology,Heart failure,True,4,4,4,1,False,,Medicaid,Skilled nursing facility,True,19780.22,False
ADM-00483,P02971,2024-03-16,48,F,Orthopedics,Hip fracture,True,1,2,12,0,False,,Private,Home,True,10187.24,False
ADM-00484,P01569,2024-03-17,56,F,Oncology,Chemotherapy complication,True,0,1,8,1,False,,Private,Home with services,True,7489.66,False
ADM-00485,P02333,2024-03-17,49,F,Nephrology,Kidney disease,True,0,6,8,1,False,5.0,Private,Home,True,20220.54,False
ADM-00486,P00874,2024-03-17,51,F,General Medicine,Diabetes complication,True,0,5,8,3,True,,Medicare,Home with services,True,19152.55,False
ADM-00487,P02717,2024-03-17,61,F,Orthopedics,Hip fracture,True,2,3,9,1,False,,Private,Home with services,True,12889.46,False
ADM-00488,P02418,2024-03-17,63,F,Pulmonology,COPD,True,0,16,6,1,False,,Medicare,Home,False,59398.55,True
ADM-00489,P02259,2024-03-17,79,M,Nephrology,Kidney disease,True,1,9,14,1,False,,Private,Home,True,24683.87,False
ADM-00490,P00368,2024-03-18,75,F,Oncology,Chemotherapy complication,False,2,5,7,2,False,5.4,Medicare,Home with services,False,25087.87,True
ADM-00491,P00508,2024-03-18,80,F,Nephrology,Kidney disease,True,1,6,4,1,False,,Private,Home,True,26406.39,True
ADM-00492,P02536,2024-03-18,72,F,General Medicine,Diabetes complication,True,2,3,4,1,True,9.7,Private,Home with services,False,15723.32,False
ADM-00493,P02448,2024-03-18,63,M,General Medicine,Sepsis,True,0,5,14,0,False,,Uninsured,Home,True,17209.34,False
ADM-00494,P00615,2024-03-18,78,F,Cardiology,Heart failure,True,2,8,11,1,True,9.5,Private,Home,False,31410.76,True
ADM-00495,P01483,2024-03-19,81,F,Pulmonology,Pneumonia,True,2,2,8,2,False,,Private,Rehab,True,11573.02,False
ADM-00496,P01977,2024-03-19,76,M,Oncology,Chemotherapy complication,False,0,8,7,1,False,,Medicaid,Skilled nursing facility,False,30045.71,False
ADM-00497,P02615,2024-03-19,80,M,Oncology,Chemotherapy complication,True,0,1,9,1,False,,Medicare,Skilled nursing facility,False,4633.97,False
ADM-00498,P00809,2024-03-19,59,M,Cardiology,Heart failure,True,1,8,6,2,True,9.8,Private,Skilled nursing facility,False,25452.1,False
ADM-00499,P01946,2024-03-20,61,F,Nephrology,Kidney disease,True,1,5,13,1,True,,Uninsured,Home,True,24073.63,False
ADM-00500,P02933,2024-03-20,66,M,General Medicine,Sepsis,False,1,7,14,1,False,5.5,Medicare,Home,False,27641.31,False
ADM-00501,P00765,2024-03-20,64,M,General Medicine,Sepsis,True,2,4,8,2,False,,Medicaid,Skilled nursing facility,True,15269.25,False
ADM-00502,P02450,2024-03-21,67,F,Pulmonology,Pneumonia,False,1,2,12,0,False,,Private,Home,True,9511.88,False
ADM-00503,P00420,2024-03-21,76,F,Pulmonology,COPD,True,1,6,9,1,False,,Medicaid,Rehab,True,22635.82,False
ADM-00504,P02581,2024-03-21,59,M,Nephrology,Kidney disease,False,0,2,10,1,False,,Private,Home with services,True,14076.3,False
ADM-00505,P02240,2024-03-21,69,F,Cardiology,Heart failure,True,1,4,10,4,False,,Medicare,Skilled nursing facility,True,16921.82,False
ADM-00506,P02662,2024-03-21,56,F,Orthopedics,Hip fracture,False,1,3,10,2,False,,Medicare,Home with services,True,8245.28,False
ADM-00507,P00533,2024-03-21,74,F,Pulmonology,Pneumonia,False,2,5,4,1,False,,Uninsured,Home with services,True,22477.17,False
ADM-00508,P00254,2024-03-21,52,M,Pulmonology,Pneumonia,True,2,4,11,0,False,,Private,Home,True,18501.13,False
ADM-00509,P02534,2024-03-21,65,M,General Medicine,Diabetes complication,True,1,4,13,2,True,7.1,Private,Rehab,True,17427.57,False
ADM-00510,P01957,2024-03-21,73,F,Orthopedics,Hip fracture,True,0,6,9,3,False,,Medicare,Home,False,14193.13,False
ADM-00511,P00734,2024-03-21,77,F,Cardiology,Heart failure,False,1,6,10,2,False,,Private,Home,True,17115.98,False
ADM-00512,P02608,2024-03-22,73,M,Oncology,Chemotherapy complication,True,1,2,11,3,False,,Medicare,Skilled nursing facility,False,10963.59,False
ADM-00513,P03029,2024-03-22,75,F,Oncology,Chemotherapy complication,False,0,6,19,2,True,,Medicare,Skilled nursing facility,True,24744.83,False
ADM-00514,P00306,2024-03-22,95,F,General Medicine,Sepsis,False,0,1,8,2,False,,Private,Skilled nursing facility,True,11432.61,False
ADM-00515,P02381,2024-03-22,78,F,Oncology,Chemotherapy complication,False,1,1,12,0,False,,Medicare,Skilled nursing facility,True,4460.4,False
ADM-00516,P00160,2024-03-22,69,F,Pulmonology,COPD,False,0,8,12,0,True,5.9,Medicaid,Rehab,False,27004.7,False
ADM-00517,P00218,2024-03-22,83,M,Pulmonology,Pneumonia,True,3,7,11,1,False,,Medicare,Home with services,False,23231.38,False
ADM-00518,P00883,2024-03-22,92,M,Nephrology,Kidney disease,False,0,2,6,3,False,,Private,Home with services,True,10001.82,False
ADM-00519,P00206,2024-03-23,82,F,Pulmonology,Pneumonia,True,3,7,10,3,False,,Medicare,Home,False,17067.5,False
ADM-00520,P01299,2024-03-23,81,M,Orthopedics,Hip fracture,True,1,3,7,1,False,,Medicare,Skilled nursing facility,False,14693.65,False
ADM-00521,P02881,2024-03-23,72,M,Nephrology,Kidney disease,True,0,13,6,1,False,,Medicare,Home,True,41298.51,False
ADM-00522,P00545,2024-03-23,68,M,Cardiology,Heart failure,True,1,6,10,2,False,,Private,Home with services,False,18305.76,False
ADM-00523,P01686,2024-03-23,62,F,Oncology,Chemotherapy complication,True,0,1,11,2,False,,Medicare,Home,True,5858.07,False
ADM-00524,P00423,2024-03-23,72,F,Pulmonology,COPD,False,0,5,7,2,False,,Private,Home,True,23736.5,False
ADM-00525,P02996,2024-03-24,72,F,General Medicine,Diabetes complication,True,0,4,18,3,True,10.3,Private,Home with services,True,17666.61,False
ADM-00526,P02221,2024-03-24,68,M,Pulmonology,Pneumonia,True,1,4,7,0,False,,Medicare,Home,False,10931.28,False
ADM-00527,P01370,2024-03-24,60,F,General Medicine,Sepsis,True,2,5,11,1,False,,Private,Home with services,True,16676.69,False
ADM-00528,P00847,2024-03-24,67,M,Pulmonology,Pneumonia,True,0,7,8,3,False,,Private,Home,True,24550.96,False
ADM-00529,P02159,2024-03-24,64,M,Oncology,Chemotherapy complication,True,1,6,7,1,False,,Medicare,Rehab,False,19347.31,False
ADM-00530,P02964,2024-03-24,50,M,Orthopedics,Hip fracture,True,2,3,12,0,False,,Medicare,Skilled nursing facility,False,13054.55,False
ADM-00531,P02670,2024-03-24,90,F,Pulmonology,Pneumonia,False,1,7,9,1,False,,Medicare,Skilled nursing facility,True,31222.01,False
ADM-00532,P03048,2024-03-24,62,F,Nephrology,Kidney disease,True,0,1,11,0,False,,Medicare,Home,False,8406.19,False
ADM-00533,P02976,2024-03-25,66,M,Oncology,Chemotherapy complication,True,1,5,12,3,False,,Medicare,Home,True,21949.17,False
ADM-00534,P00671,2024-03-25,52,M,Pulmonology,Pneumonia,True,0,4,10,1,False,,Medicaid,Home,False,13943.19,False
ADM-00535,P00991,2024-03-25,51,F,Pulmonology,Pneumonia,True,1,8,10,0,False,,Medicaid,Home,True,25179.69,False
ADM-00536,P01616,2024-03-25,72,F,General Medicine,Sepsis,True,0,5,6,1,True,8.1,Private,Skilled nursing facility,True,18061.35,False
ADM-00537,P02283,2024-03-25,55,M,Pulmonology,COPD,True,1,9,13,2,False,,Medicare,Home,True,24237.4,False
ADM-00538,P01486,2024-03-25,55,F,General Medicine,Sepsis,True,2,7,7,1,False,,Private,Skilled nursing facility,True,26206.54,True
ADM-00539,P02394,2024-03-25,59,F,Oncology,Chemotherapy complication,True,0,3,4,4,False,,Private,Skilled nursing facility,True,15411.8,False
ADM-00540,P03160,2024-03-26,79,F,Pulmonology,COPD,True,3,6,7,3,False,,Medicare,Home,True,24944.21,True
ADM-00541,P00701,2024-03-26,56,M,Pulmonology,Pneumonia,False,0,8,8,1,False,,Medicare,Home with services,True,23350.19,False
ADM-00542,P01348,2024-03-26,96,M,Pulmonology,Pneumonia,True,0,6,12,0,False,,Medicare,Home,True,23153.9,False
ADM-00543,P02477,2024-03-26,66,F,Orthopedics,Hip fracture,False,0,8,14,1,True,8.3,Medicare,Home with services,True,23924.35,False
ADM-00544,P00471,2024-03-26,87,F,Pulmonology,COPD,True,1,7,4,0,False,,Medicare,Skilled nursing facility,True,21431.23,False
ADM-00545,P02690,2024-03-26,99,M,General Medicine,Sepsis,True,1,4,10,3,True,9.5,Medicare,Home,True,13148.19,False
ADM-00546,P02526,2024-03-27,83,F,Cardiology,Heart failure,True,1,3,6,4,False,,Medicaid,Home,True,17448.75,False
ADM-00547,P02472,2024-03-27,81,M,Cardiology,Heart failure,True,1,8,9,2,False,5.8,Private,Home,True,21758.56,True
ADM-00548,P01452,2024-03-27,82,M,General Medicine,Diabetes complication,True,1,5,16,1,True,,Private,Skilled nursing facility,True,17250.69,False
ADM-00549,P01504,2024-03-27,70,F,Pulmonology,COPD,False,0,4,13,4,False,,Uninsured,Home,True,18164.65,False
ADM-00550,P00993,2024-03-27,58,M,Orthopedics,Hip fracture,False,0,11,3,2,False,,Private,Home,False,27655.83,False
ADM-00551,P03137,2024-03-27,78,M,Cardiology,Heart failure,True,1,4,15,1,False,,Medicare,Home with services,True,16643.95,False
ADM-00552,P02976,2024-03-27,68,M,Orthopedics,Hip fracture,True,2,6,8,0,False,,Medicaid,Home,True,24413.54,False
ADM-00553,P02714,2024-03-27,70,M,Pulmonology,Pneumonia,True,0,6,10,1,False,,Medicare,Home,True,23381.64,False
ADM-00554,P01201,2024-03-27,63,M,Pulmonology,COPD,True,3,3,14,2,True,7.6,Medicaid,Home,True,17813.96,False
ADM-00555,P01149,2024-03-27,61,F,Orthopedics,Hip fracture,False,0,3,7,7,False,,Medicare,Skilled nursing facility,True,18259.26,False
ADM-00556,P01050,2024-03-27,67,M,Pulmonology,Pneumonia,True,1,3,5,0,False,,Medicaid,Home,True,16604.97,False
ADM-00557,P01263,2024-03-27,57,M,Nephrology,Kidney disease,False,0,5,15,1,False,,Medicaid,Rehab,False,16134.77,False
ADM-00558,P02604,2024-03-27,53,M,Pulmonology,Pneumonia,True,0,4,14,5,True,8.5,Medicare,Skilled nursing facility,True,7745.12,False
ADM-00559,P02724,2024-03-28,72,M,Pulmonology,COPD,True,3,5,6,0,True,7.0,Medicaid,Home,True,19150.91,False
ADM-00560,P01924,2024-03-28,48,F,Cardiology,Heart failure,True,2,9,10,5,False,,Medicare,Skilled nursing facility,True,18163.78,False
ADM-00561,P01441,2024-03-28,55,M,Pulmonology,Pneumonia,True,2,1,10,1,False,,Medicare,Home with services,False,7423.46,False
ADM-00562,P01376,2024-03-28,42,F,Pulmonology,Pneumonia,True,0,10,10,3,False,,Medicare,Home,False,34764.74,False
ADM-00563,P02152,2024-03-28,58,M,Oncology,Chemotherapy complication,True,1,6,10,3,False,,Medicare,Home with services,False,23345.77,False
ADM-00564,P01817,2024-03-29,62,F,Oncology,Chemotherapy complication,True,3,9,12,2,True,8.1,Private,Home,True,36864.0,False
ADM-00565,P02310,2024-03-29,81,F,Nephrology,Kidney disease,False,0,5,9,5,False,,Medicaid,Home,True,19299.13,False
ADM-00566,P01013,2024-03-29,56,M,Oncology,Chemotherapy complication,True,1,12,8,2,True,8.9,Medicare,Home with services,True,48484.87,False
ADM-00567,P01007,2024-03-29,73,M,Cardiology,Heart failure,True,1,6,10,2,False,,Private,Home,False,18705.12,True
ADM-00568,P01990,2024-03-29,74,F,Cardiology,Heart failure,True,3,4,9,1,False,,Medicaid,Skilled nursing facility,True,18133.52,False
ADM-00569,P02336,2024-03-29,68,F,Cardiology,Heart failure,False,2,1,12,2,False,,Medicare,Home,False,9121.96,True
ADM-00570,P00833,2024-03-29,78,M,Orthopedics,Hip fracture,False,0,10,9,1,True,6.9,Medicare,Home,True,33788.75,False
ADM-00571,P02404,2024-03-29,67,M,Pulmonology,COPD,False,1,1,9,1,True,8.1,Private,Home,False,6309.57,False
ADM-00572,P02907,2024-03-29,57,M,Oncology,Chemotherapy complication,True,1,2,12,2,True,7.4,Medicare,Home,True,9280.23,False
ADM-00573,P00614,2024-03-29,59,F,Oncology,Chemotherapy complication,False,1,7,13,2,False,5.4,Private,Home with services,False,22747.75,True
ADM-00574,P01294,2024-03-29,53,F,Oncology,Chemotherapy complication,True,0,3,8,2,False,,Medicare,Rehab,True,11008.94,False
ADM-00575,P01662,2024-03-29,65,M,Cardiology,Heart failure,True,0,1,12,0,False,,Medicare,Home,True,6398.32,False
ADM-00576,P01525,2024-03-30,55,F,General Medicine,Sepsis,True,0,3,13,2,True,6.4,Medicaid,Home,True,16415.07,False
ADM-00577,P00164,2024-03-30,51,M,Pulmonology,Pneumonia,True,0,7,9,1,False,5.7,Private,Skilled nursing facility,True,23025.59,False
ADM-00578,P00140,2024-03-30,76,M,Orthopedics,Hip fracture,True,1,12,7,1,False,5.7,Medicare,Home,True,53577.71,False
ADM-00579,P00590,2024-03-30,71,M,Nephrology,Kidney disease,True,2,3,5,1,True,7.7,Private,Home with services,True,14218.77,False
ADM-00580,P00140,2024-03-30,88,F,Orthopedics,Hip fracture,False,3,4,13,0,True,6.5,Medicare,Home,True,18345.42,False
ADM-00581,P00008,2024-03-30,70,M,Nephrology,Kidney disease,False,1,6,6,1,False,,Medicaid,Skilled nursing facility,False,28026.89,False
ADM-00582,P01908,2024-03-31,68,M,Cardiology,Heart failure,True,3,5,12,2,False,,Medicare,Rehab,True,17490.0,False
ADM-00583,P01012,2024-03-31,93,M,Cardiology,Heart failure,True,1,6,4,1,False,,Medicare,Skilled nursing facility,True,21329.38,False
ADM-00584,P02267,2024-03-31,72,M,General Medicine,Sepsis,True,2,2,13,0,False,,Uninsured,Rehab,True,9428.83,False
ADM-00585,P02483,2024-03-31,57,M,Oncology,Chemotherapy complication,True,3,1,11,3,False,,Uninsured,Home,False,5540.81,False
ADM-00586,P01076,2024-03-31,71,M,Nephrology,Kidney disease,True,0,5,10,4,False,5.7,Medicaid,Home,True,14774.67,False
ADM-00587,P01473,2024-03-31,78,F,Pulmonology,COPD,True,1,7,9,2,False,,Medicare,Home,True,34061.3,False
ADM-00588,P03044,2024-03-31,72,F,General Medicine,Diabetes complication,True,2,3,9,2,True,7.0,Medicare,Home with services,True,13470.81,False
ADM-00589,P02302,2024-04-01,70,M,Orthopedics,Hip fracture,False,1,4,6,0,False,5.0,Medicare,Home,False,17926.83,False
ADM-00590,P00707,2024-04-01,69,M,Oncology,Chemotherapy complication,True,2,2,7,0,False,,Private,Home,True,10985.26,False
ADM-00591,P00800,2024-04-01,77,M,Orthopedics,Hip fracture,True,1,3,13,1,False,5.6,Medicare,Skilled nursing facility,True,8222.15,False
ADM-00592,P01820,2024-04-02,70,M,Pulmonology,Pneumonia,True,0,1,20,0,True,8.5,Medicaid,Home,False,7969.2,True
ADM-00593,P02609,2024-04-02,79,F,Oncology,Chemotherapy complication,False,0,5,5,1,False,5.4,Private,Rehab,True,13739.29,False
ADM-00594,P01021,2024-04-02,81,F,Oncology,Chemotherapy complication,True,1,1,9,2,False,,Private,Home with services,True,6625.3,False
ADM-00595,P00161,2024-04-02,78,M,General Medicine,Diabetes complication,False,0,4,19,2,True,,Medicare,Home,True,22592.14,False
ADM-00596,P00450,2024-04-02,76,M,Orthopedics,Hip fracture,False,1,2,7,3,False,,Medicaid,Home with services,False,10785.71,False
ADM-00597,P01333,2024-04-02,79,F,General Medicine,Sepsis,True,0,7,8,0,False,,Private,Home,False,29264.38,False
ADM-00598,P01359,2024-04-03,64,M,Orthopedics,Hip fracture,True,0,3,11,1,False,,Medicare,Home,False,4004.92,False
ADM-00599,P02231,2024-04-03,62,M,General Medicine,Diabetes complication,True,1,2,13,0,True,8.5,Private,Home with services,True,11079.39,False
ADM-00600,P02415,2024-04-03,71,M,Orthopedics,Hip fracture,False,2,6,7,0,False,,Medicare,Skilled nursing facility,True,21372.84,True
ADM-00601,P00660,2024-04-03,76,F,Pulmonology,Pneumonia,False,0,9,6,2,False,,Medicare,Home,False,27951.62,False
ADM-00602,P01494,2024-04-03,62,F,Cardiology,Heart failure,False,2,2,11,0,True,7.9,Medicare,Home,True,9569.49,False
ADM-00603,P00764,2024-04-03,77,F,Pulmonology,Pneumonia,True,0,7,8,3,False,,Medicare,Home,False,27069.78,True
ADM-00604,P00224,2024-04-03,61,F,Cardiology,Heart failure,False,2,1,8,3,False,5.3,Private,Skilled nursing facility,True,7707.23,True
ADM-00605,P02934,2024-04-03,63,F,Orthopedics,Hip fracture,True,2,9,8,2,False,,Medicare,Home,True,27051.36,False
ADM-00606,P02739,2024-04-03,56,M,Cardiology,Heart failure,True,0,4,14,0,False,,Medicare,Home,False,21156.19,False
ADM-00607,P02243,2024-04-03,70,M,Nephrology,Kidney disease,True,2,2,11,2,False,,Medicaid,Home,True,10460.51,False
ADM-00608,P02560,2024-04-04,37,F,Oncology,Chemotherapy complication,True,0,2,12,5,False,,Medicare,Home,True,13421.07,False
ADM-00609,P01796,2024-04-04,75,F,General Medicine,Sepsis,True,1,4,10,3,True,9.3,Medicaid,Skilled nursing facility,True,12211.07,False
ADM-00610,P00193,2024-04-04,67,F,Cardiology,Heart failure,True,1,3,10,1,False,,Medicare,Home,True,14175.31,False
ADM-00611,P01419,2024-04-04,68,M,General Medicine,Sepsis,False,0,9,12,2,False,,Medicare,Home with services,True,30356.55,False
ADM-00612,P01740,2024-04-04,54,M,Cardiology,Heart failure,False,0,7,8,0,False,,Medicare,Home,False,26240.59,False
ADM-00613,P00386,2024-04-04,77,F,Nephrology,Kidney disease,True,2,11,13,0,False,,Private,Home,True,35071.48,False
ADM-00614,P01278,2024-04-05,73,F,Oncology,Chemotherapy complication,True,2,3,17,0,True,10.1,Private,Home,False,13180.28,False
ADM-00615,P02527,2024-04-05,63,F,Oncology,Chemotherapy complication,True,0,8,9,0,True,7.8,Medicare,Home,True,20265.04,True
ADM-00616,P00362,2024-04-05,63,M,General Medicine,Sepsis,False,0,2,8,0,False,,Medicare,Skilled nursing facility,True,10069.14,False
ADM-00617,P02094,2024-04-05,77,M,Oncology,Chemotherapy complication,True,0,6,15,1,False,,Uninsured,Rehab,True,29427.71,False
ADM-00618,P00656,2024-04-05,67,F,Cardiology,Heart failure,True,1,4,6,1,False,,Uninsured,Home with services,True,17965.48,False
ADM-00619,P01652,2024-04-05,86,M,Orthopedics,Hip fracture,True,0,2,14,3,True,5.8,Medicare,Home,True,12506.66,False
ADM-00620,P02860,2024-04-05,99,F,Pulmonology,COPD,False,0,4,17,1,True,8.3,Medicare,Rehab,True,17240.15,False
ADM-00621,P00420,2024-04-05,74,M,Cardiology,Heart failure,False,2,5,14,1,True,6.5,Private,Home,False,11669.74,False
ADM-00622,P02041,2024-04-05,67,M,Pulmonology,COPD,True,0,4,15,2,True,7.8,Medicare,Home with services,False,12658.24,False
ADM-00623,P02512,2024-04-06,62,M,Pulmonology,Pneumonia,False,2,12,12,0,False,,Private,Home with services,True,43330.06,False
ADM-00624,P01760,2024-04-06,71,M,Orthopedics,Hip fracture,True,1,8,7,1,False,,Medicaid,Home,False,21570.66,False
ADM-00625,P00075,2024-04-06,68,F,Nephrology,Kidney disease,True,1,8,10,0,False,,Uninsured,Home,False,35030.13,False
ADM-00626,P01524,2024-04-06,85,M,Cardiology,Heart failure,False,1,2,10,1,True,7.3,Private,Home,False,11489.07,False
ADM-00627,P01441,2024-04-06,79,F,Cardiology,Heart failure,False,0,16,10,0,False,,Medicare,Home with services,False,49682.45,False
ADM-00628,P02620,2024-04-06,72,F,Pulmonology,Pneumonia,False,1,5,11,1,False,,Private,Home,True,18696.24,False
ADM-00629,P01064,2024-04-07,56,M,General Medicine,Sepsis,True,2,1,11,1,False,5.9,Medicare,Home,True,5164.16,False
ADM-00630,P02459,2024-04-08,69,M,Nephrology,Kidney disease,True,1,4,12,0,True,4.9,Uninsured,Home with services,True,20311.66,False
ADM-00631,P02927,2024-04-08,66,M,Pulmonology,Pneumonia,True,1,8,8,2,False,,Medicaid,Home,False,31151.44,False
ADM-00632,P01003,2024-04-08,72,F,Orthopedics,Hip fracture,False,0,9,10,0,False,,Private,Skilled nursing facility,True,35874.42,False
ADM-00633,P02603,2024-04-08,70,F,Pulmonology,Pneumonia,False,2,3,6,0,False,,Medicare,Home,True,10841.74,False
ADM-00634,P00064,2024-04-08,59,F,General Medicine,Sepsis,True,0,5,11,0,False,6.0,Medicare,Home with services,True,19358.25,False
ADM-00635,P01199,2024-04-08,83,F,Oncology,Chemotherapy complication,False,1,1,8,1,False,,Medicare,Home,False,5131.0,False
ADM-00636,P00924,2024-04-09,43,M,Nephrology,Kidney disease,True,1,4,9,5,True,6.1,Medicaid,Home,True,17697.58,False
ADM-00637,P01431,2024-04-09,61,M,Pulmonology,COPD,False,1,10,6,0,False,,Private,Skilled nursing facility,False,40567.09,False
ADM-00638,P03000,2024-04-09,65,M,Pulmonology,COPD,True,0,1,11,2,False,,Medicare,Home,False,9206.74,True
ADM-00639,P02923,2024-04-09,57,M,Cardiology,Heart failure,False,0,4,7,2,False,,Medicaid,Home,True,16024.78,False
ADM-00640,P02368,2024-04-09,60,M,General Medicine,Sepsis,True,1,2,9,1,True,7.5,Private,Skilled nursing facility,True,9829.6,True
ADM-00641,P02901,2024-04-09,66,M,Cardiology,Heart failure,True,0,4,7,1,True,8.6,Medicaid,Home with services,True,15493.9,False
ADM-00642,P01326,2024-04-10,45,M,General Medicine,Diabetes complication,False,2,8,11,3,True,7.9,Uninsured,Home,False,34677.52,False
ADM-00643,P03021,2024-04-10,43,M,Pulmonology,Pneumonia,True,2,7,9,1,False,,Medicaid,Home with services,False,27751.31,False
ADM-00644,P00770,2024-04-10,66,M,Oncology,Chemotherapy complication,True,2,4,13,3,True,10.7,Medicaid,Home,True,14255.34,True
ADM-00645,P02169,2024-04-10,60,M,Orthopedics,Hip fracture,False,0,6,15,4,False,,Medicaid,Home with services,False,22632.9,False
ADM-00646,P03037,2024-04-10,48,F,Pulmonology,COPD,True,2,1,8,0,False,,Medicare,Home with services,True,6411.66,False
ADM-00647,P01327,2024-04-10,56,M,Nephrology,Kidney disease,False,1,4,8,1,True,6.3,Medicare,Skilled nursing facility,False,11472.16,False
ADM-00648,P00383,2024-04-11,81,M,Cardiology,Heart failure,True,0,6,9,1,False,,Private,Home,True,17204.66,False
ADM-00649,P02684,2024-04-11,90,F,General Medicine,Diabetes complication,True,0,6,7,0,True,5.8,Medicaid,Home,False,23387.57,False
ADM-00650,P02293,2024-04-11,53,F,Oncology,Chemotherapy complication,True,0,3,9,2,False,,Medicare,Rehab,True,12190.65,False
ADM-00651,P02829,2024-04-11,65,M,Nephrology,Kidney disease,True,2,1,9,2,False,,Medicaid,Home,False,4247.78,False
ADM-00652,P03165,2024-04-11,71,F,Pulmonology,COPD,False,1,3,10,2,False,,Medicaid,Home,True,14194.8,False
ADM-00653,P01427,2024-04-12,59,F,Cardiology,Heart failure,True,0,4,10,1,False,,Medicaid,Home with services,False,17226.27,False
ADM-00654,P01645,2024-04-12,74,F,Cardiology,Heart failure,True,1,3,16,2,True,7.5,Private,Home with services,True,15187.06,False
ADM-00655,P01177,2024-04-12,77,M,Cardiology,Heart failure,False,1,6,9,0,False,,Medicare,Home,True,17526.56,False
ADM-00656,P02475,2024-04-12,56,M,Pulmonology,COPD,True,0,6,12,1,False,,Private,Home,False,18042.66,False
ADM-00657,P01485,2024-04-12,84,M,Cardiology,Heart failure,True,2,7,9,2,False,,Private,Home,True,21662.99,True
ADM-00658,P03012,2024-04-12,74,M,General Medicine,Sepsis,True,1,8,10,2,False,5.2,Medicaid,Rehab,True,18318.97,False
ADM-00659,P03150,2024-04-12,57,F,Cardiology,Heart failure,False,1,4,10,0,False,,Medicare,Home,True,17173.48,False
ADM-00660,P00886,2024-04-12,76,M,Nephrology,Kidney disease,True,2,5,14,0,True,8.1,Medicare,Home with services,True,25604.94,False
ADM-00661,P00980,2024-04-13,65,M,Pulmonology,Pneumonia,False,2,3,7,0,False,,Private,Home,False,17341.05,False
ADM-00662,P02093,2024-04-13,96,M,Orthopedics,Hip fracture,True,0,5,7,2,False,,Medicare,Skilled nursing facility,False,23419.36,False
ADM-00663,P00635,2024-04-13,51,M,Oncology,Chemotherapy complication,True,0,4,8,3,False,,Medicare,Home with services,False,13986.92,False
ADM-00664,P03091,2024-04-14,63,F,Oncology,Chemotherapy complication,True,0,5,4,1,False,,Medicare,Home,True,16722.62,False
ADM-00665,P02413,2024-04-14,75,F,Cardiology,Heart failure,True,1,3,5,2,False,,Medicare,Skilled nursing facility,True,12540.32,False
ADM-00666,P01847,2024-04-14,68,M,Oncology,Chemotherapy complication,True,0,13,7,0,True,7.2,Private,Home,False,42190.32,False
ADM-00667,P00760,2024-04-14,66,F,Oncology,Chemotherapy complication,False,0,5,7,1,False,,Medicare,Rehab,True,17360.6,False
ADM-00668,P00590,2024-04-14,68,F,Pulmonology,Pneumonia,False,0,9,16,1,True,,Private,Skilled nursing facility,True,32335.06,False
ADM-00669,P02930,2024-04-15,60,M,Orthopedics,Hip fracture,True,4,3,14,3,False,5.4,Medicaid,Home,True,16795.13,False
ADM-00670,P02354,2024-04-15,72,M,Nephrology,Kidney disease,True,2,5,14,0,False,,Medicare,Home with services,False,18618.72,False
ADM-00671,P02467,2024-04-15,91,M,Pulmonology,COPD,True,1,3,17,4,True,8.2,Medicaid,Skilled nursing facility,True,11728.01,False
ADM-00672,P01954,2024-04-15,69,F,Nephrology,Kidney disease,True,1,3,7,2,False,,Medicare,Home,True,13448.91,False
ADM-00673,P02342,2024-04-15,72,M,Oncology,Chemotherapy complication,False,1,1,7,0,True,,Medicare,Home,True,8603.35,False
ADM-00674,P02545,2024-04-15,68,F,Orthopedics,Hip fracture,True,1,1,6,0,False,,Private,Home,False,6587.63,False
ADM-00675,P02075,2024-04-16,81,F,Cardiology,Heart failure,True,0,5,9,0,False,,Medicare,Rehab,True,14686.0,False
ADM-00676,P01998,2024-04-16,84,M,Pulmonology,Pneumonia,False,0,1,19,0,True,7.0,Medicare,Home with services,False,7352.19,False
ADM-00677,P01232,2024-04-16,57,F,Pulmonology,Pneumonia,False,1,10,8,0,False,,Private,Home,True,30474.71,False
ADM-00678,P01674,2024-04-16,60,F,General Medicine,Sepsis,True,4,9,10,1,False,,Medicare,Home,False,27121.59,True
ADM-00679,P00247,2024-04-16,63,M,Pulmonology,COPD,False,1,7,5,1,True,7.7,Uninsured,Home with services,False,31266.79,False
ADM-00680,P02715,2024-04-16,63,M,General Medicine,Diabetes complication,True,0,8,10,3,True,8.5,Medicare,Rehab,True,28781.2,False
ADM-00681,P00310,2024-04-16,56,F,General Medicine,Sepsis,False,0,6,10,0,False,,Medicare,Home with services,True,23235.98,False
ADM-00682,P02319,2024-04-16,65,M,General Medicine,Diabetes complication,False,1,3,7,2,True,9.5,Medicare,Home,True,13214.98,True
ADM-00683,P02674,2024-04-17,59,F,Oncology,Chemotherapy complication,False,1,5,13,1,True,7.7,Medicare,Home,False,21212.54,False
ADM-00684,P00251,2024-04-17,55,F,Pulmonology,Pneumonia,True,0,4,8,0,False,,Medicare,Rehab,True,14434.57,False
ADM-00685,P00379,2024-04-17,85,M,Oncology,Chemotherapy complication,False,1,1,5,1,True,11.5,Medicare,Home,False,4896.13,False
ADM-00686,P02124,2024-04-17,52,M,Orthopedics,Hip fracture,True,1,6,20,2,True,8.2,Medicaid,Home,True,15464.34,False
ADM-00687,P02705,2024-04-17,61,F,General Medicine,Diabetes complication,True,0,7,12,0,True,8.7,Medicare,Rehab,False,21304.95,True
ADM-00688,P02932,2024-04-17,99,M,Nephrology,Kidney disease,True,1,8,12,1,False,,Medicare,Skilled nursing facility,True,26317.59,True
ADM-00689,P00901,2024-04-17,74,M,Pulmonology,Pneumonia,True,0,1,17,1,False,,Medicare,Home,True,7252.25,False
ADM-00690,P02805,2024-04-18,51,M,Nephrology,Kidney disease,True,0,3,13,1,False,,Medicaid,Home,True,13869.8,False
ADM-00691,P01814,2024-04-18,78,M,Pulmonology,Pneumonia,True,1,2,20,2,True,7.7,Medicare,Skilled nursing facility,True,10584.22,False
ADM-00692,P03162,2024-04-18,68,M,General Medicine,Sepsis,True,0,4,15,3,False,,Medicare,Rehab,True,19055.14,False
ADM-00693,P00679,2024-04-18,63,F,Orthopedics,Hip fracture,False,0,9,12,1,False,,Medicare,Skilled nursing facility,False,33567.64,False
ADM-00694,P02341,2024-04-18,48,M,Pulmonology,COPD,True,2,4,12,3,True,,Medicare,Home,True,14202.06,False
ADM-00695,P00331,2024-04-18,85,F,Cardiology,Heart failure,False,0,4,8,4,False,,Medicare,Home with services,False,18679.24,False
ADM-00696,P01110,2024-04-18,65,F,Nephrology,Kidney disease,True,0,5,8,1,False,5.9,Medicare,Home,False,16567.91,False
ADM-00697,P00044,2024-04-18,55,M,Cardiology,Heart failure,True,2,14,16,2,True,6.7,Medicaid,Home,False,56449.16,False
ADM-00698,P02529,2024-04-19,76,F,Pulmonology,COPD,True,1,7,14,0,False,,Uninsured,Skilled nursing facility,False,27836.92,False
ADM-00699,P01054,2024-04-19,88,M,Pulmonology,Pneumonia,False,1,3,13,3,True,,Medicare,Home,False,14455.89,False
ADM-00700,P02504,2024-04-19,95,M,Pulmonology,Pneumonia,True,2,2,8,2,False,,Medicare,Home,True,14537.08,False
ADM-00701,P03108,2024-04-20,56,M,General Medicine,Diabetes complication,True,0,5,9,1,True,9.8,Private,Home with services,True,27036.58,False
ADM-00702,P02591,2024-04-20,69,M,Pulmonology,Pneumonia,False,0,4,5,0,False,,Medicare,Skilled nursing facility,True,17512.04,False
ADM-00703,P00659,2024-04-20,85,M,Pulmonology,Pneumonia,True,1,6,8,0,False,5.2,Medicare,Home,True,26040.23,False
ADM-00704,P00335,2024-04-21,69,M,Cardiology,Heart failure,True,1,1,16,2,False,,Private,Home,False,6384.55,False
ADM-00705,P00760,2024-04-21,59,M,Nephrology,Kidney disease,False,1,7,10,1,True,8.9,Medicare,Home,True,34124.82,False
ADM-00706,P00454,2024-04-21,63,M,Pulmonology,Pneumonia,True,1,5,10,1,False,,Medicare,Rehab,False,19938.66,True
ADM-00707,P00549,2024-04-22,72,F,Pulmonology,COPD,False,0,3,8,1,False,,Medicaid,Home,True,16659.2,False
ADM-00708,P01450,2024-04-22,76,F,Oncology,Chemotherapy complication,True,2,8,10,0,True,8.3,Medicare,Home,True,22595.26,False
ADM-00709,P00151,2024-04-22,52,M,Nephrology,Kidney disease,False,0,12,9,1,True,7.4,Medicaid,Home,True,38957.4,False
ADM-00710,P00621,2024-04-22,86,M,Pulmonology,COPD,True,1,1,11,1,False,,Medicare,Rehab,False,5424.54,False
ADM-00711,P00162,2024-04-22,77,F,General Medicine,Sepsis,True,2,6,11,1,False,,Medicare,Home,True,24943.19,False
ADM-00712,P02706,2024-04-22,73,M,Nephrology,Kidney disease,False,0,5,8,2,False,,Medicare,Home,True,28573.55,False
ADM-00713,P01534,2024-04-22,73,F,General Medicine,Sepsis,True,1,6,11,1,False,,Private,Home,False,22527.94,False
ADM-00714,P00361,2024-04-22,90,F,General Medicine,Diabetes complication,True,3,6,12,1,True,6.6,Medicaid,Rehab,True,22308.8,False
ADM-00715,P01558,2024-04-22,75,M,Cardiology,Heart failure,True,0,1,12,1,False,,Medicare,Home,True,7564.39,False
ADM-00716,P01023,2024-04-23,75,M,General Medicine,Diabetes complication,False,1,4,15,1,True,9.6,Uninsured,Home,True,18871.35,False
ADM-00717,P01080,2024-04-23,94,F,Nephrology,Kidney disease,True,2,1,12,0,True,7.6,Medicare,Skilled nursing facility,True,5070.34,False
ADM-00718,P02511,2024-04-23,47,F,Pulmonology,COPD,True,1,6,8,1,True,8.1,Private,Skilled nursing facility,True,21544.57,False
ADM-00719,P02449,2024-04-23,68,F,Orthopedics,Hip fracture,False,0,11,8,1,False,,Medicare,Skilled nursing facility,True,53037.91,False
ADM-00720,P01974,2024-04-23,93,M,Pulmonology,COPD,False,0,10,11,1,False,,Medicare,Home,False,35604.63,False
ADM-00721,P01045,2024-04-23,72,M,Pulmonology,Pneumonia,True,1,4,4,2,False,,Medicaid,Home,True,16728.07,False
ADM-00722,P00774,2024-04-23,61,M,Pulmonology,Pneumonia,True,0,9,10,0,False,,Private,Home,True,24727.95,False
ADM-00723,P00401,2024-04-23,45,F,General Medicine,Diabetes complication,True,2,5,18,2,True,6.2,Medicare,Home with services,False,16650.76,True
ADM-00724,P01611,2024-04-23,74,M,General Medicine,Sepsis,True,2,5,11,0,True,7.4,Medicare,Home with services,False,16535.99,False
ADM-00725,P02035,2024-04-23,73,M,Orthopedics,Hip fracture,True,3,15,5,3,True,6.3,Medicare,Home,False,50833.79,False
ADM-00726,P00827,2024-04-23,71,M,Pulmonology,Pneumonia,True,2,13,11,3,True,5.8,Private,Home,True,44839.09,False
ADM-00727,P00086,2024-04-23,64,F,Orthopedics,Hip fracture,False,0,5,12,1,False,,Private,Home,True,22797.54,False
ADM-00728,P01863,2024-04-24,70,M,Cardiology,Heart failure,True,1,7,10,1,False,,Medicare,Home,True,21275.71,True
ADM-00729,P01766,2024-04-24,60,F,Cardiology,Heart failure,True,1,1,3,0,True,7.8,Private,Home with services,False,6548.2,False
ADM-00730,P02959,2024-04-24,88,M,Oncology,Chemotherapy complication,False,1,1,5,0,True,,Medicaid,Home,True,8091.7,False
ADM-00731,P02133,2024-04-24,68,M,Oncology,Chemotherapy complication,True,1,18,8,2,False,,Medicare,Home with services,False,57885.77,False
ADM-00732,P00835,2024-04-26,80,M,Pulmonology,Pneumonia,True,2,6,12,0,False,,Private,Home,False,19683.79,False
ADM-00733,P00621,2024-04-26,73,F,General Medicine,Diabetes complication,True,1,5,15,0,True,10.2,Medicare,Home,True,17545.99,False
ADM-00734,P00895,2024-04-26,62,F,General Medicine,Diabetes complication,False,0,5,15,0,True,9.7,Medicare,Home,True,15590.02,False
ADM-00735,P01359,2024-04-26,63,M,General Medicine,Sepsis,True,1,5,11,1,False,,Medicare,Home,True,14647.89,False
ADM-00736,P02543,2024-04-26,77,M,Cardiology,Heart failure,True,0,9,12,3,True,6.6,Medicare,Skilled nursing facility,False,38444.51,False
ADM-00737,P00520,2024-04-26,75,M,Orthopedics,Hip fracture,False,0,4,5,1,False,,Private,Home,True,15990.54,False
ADM-00738,P02995,2024-04-27,49,F,Pulmonology,Pneumonia,True,1,15,8,3,False,,Private,Home,True,39123.26,False
ADM-00739,P02189,2024-04-27,78,M,Oncology,Chemotherapy complication,True,1,4,7,1,False,,Medicaid,Home,True,14524.44,False
ADM-00740,P03181,2024-04-27,82,F,General Medicine,Sepsis,True,0,6,11,2,True,6.8,Private,Home,True,20356.5,False
ADM-00741,P02865,2024-04-27,98,M,General Medicine,Diabetes complication,True,2,5,18,1,True,8.6,Medicare,Skilled nursing facility,True,19561.84,False
ADM-00742,P00857,2024-04-27,37,F,Cardiology,Heart failure,True,2,9,13,0,True,5.2,Private,Home with services,False,31447.94,False
ADM-00743,P00641,2024-04-28,53,M,Nephrology,Kidney disease,True,1,1,5,3,False,,Medicare,Home with services,False,4614.44,False
ADM-00744,P00428,2024-04-28,68,F,Nephrology,Kidney disease,True,0,8,15,3,True,7.2,Medicare,Home,False,19182.56,False
ADM-00745,P00215,2024-04-28,61,F,Pulmonology,Pneumonia,True,1,4,13,2,False,5.4,Medicare,Skilled nursing facility,False,15654.9,True
ADM-00746,P02510,2024-04-28,72,M,Nephrology,Kidney disease,False,1,5,12,0,True,9.6,Medicaid,Skilled nursing facility,False,25448.62,False
ADM-00747,P00815,2024-04-29,72,M,Pulmonology,Pneumonia,False,1,3,8,3,False,,Medicaid,Home,True,17356.71,False
ADM-00748,P02137,2024-04-29,50,F,Oncology,Chemotherapy complication,False,1,9,7,1,False,,Uninsured,Skilled nursing facility,False,28552.28,True
ADM-00749,P00562,2024-04-29,75,M,Nephrology,Kidney disease,False,0,4,12,1,False,,Private,Home,True,15329.45,False
ADM-00750,P00798,2024-04-29,53,M,Pulmonology,COPD,True,1,1,11,1,True,6.4,Medicare,Skilled nursing facility,False,7512.64,True
ADM-00751,P01555,2024-04-29,54,M,Pulmonology,COPD,True,1,4,8,1,False,,Private,Home,True,15869.87,False
ADM-00752,P01087,2024-04-29,45,M,Cardiology,Heart failure,True,1,1,7,0,False,,Medicare,Skilled nursing facility,True,4902.21,False
ADM-00753,P02476,2024-04-29,78,M,Orthopedics,Hip fracture,True,0,9,8,0,False,5.7,Private,Home,True,29031.74,False
ADM-00754,P01782,2024-04-29,60,M,Oncology,Chemotherapy complication,True,0,2,5,1,False,,Medicaid,Skilled nursing facility,False,11234.03,False
ADM-00755,P00393,2024-04-29,71,F,Pulmonology,COPD,True,0,9,7,2,False,,Medicaid,Home,True,34500.43,False
ADM-00756,P02211,2024-04-29,89,F,Pulmonology,COPD,False,1,1,7,0,False,,Medicare,Skilled nursing facility,False,7696.69,False
ADM-00757,P02663,2024-04-30,68,F,General Medicine,Sepsis,False,0,15,10,2,False,,Medicare,Rehab,False,59775.74,False
ADM-00758,P01047,2024-04-30,81,F,Oncology,Chemotherapy complication,True,0,5,17,0,False,,Medicaid,Home with services,True,19052.39,False
ADM-00759,P01993,2024-04-30,76,M,Nephrology,Kidney disease,True,2,14,12,1,False,,Private,Home,False,45443.87,False
ADM-00760,P01713,2024-05-01,64,M,General Medicine,Diabetes complication,True,0,1,13,1,True,8.4,Private,Rehab,False,8700.44,False
ADM-00761,P01322,2024-05-01,62,M,Pulmonology,Pneumonia,True,0,4,17,1,False,,Medicare,Home,True,18661.54,False
ADM-00762,P00532,2024-05-01,65,F,Oncology,Chemotherapy complication,True,1,5,11,1,True,6.2,Private,Home,True,13301.28,False
ADM-00763,P01051,2024-05-01,79,M,Nephrology,Kidney disease,True,2,8,10,4,False,,Medicare,Skilled nursing facility,False,23934.4,False
ADM-00764,P01316,2024-05-01,66,F,Cardiology,Heart failure,False,1,14,15,0,True,6.4,Medicare,Home,True,47560.77,False
ADM-00765,P01346,2024-05-02,59,F,General Medicine,Sepsis,True,0,6,12,0,False,,Medicare,Skilled nursing facility,False,20890.65,False
ADM-00766,P00593,2024-05-02,82,F,Oncology,Chemotherapy complication,True,1,4,15,2,False,,Medicare,Home,True,14557.15,False
ADM-00767,P02647,2024-05-02,88,F,General Medicine,Sepsis,False,0,2,14,0,True,9.1,Medicaid,Skilled nursing facility,True,7977.52,True
ADM-00768,P01002,2024-05-02,58,M,Cardiology,Heart failure,True,2,5,12,0,True,5.7,Medicare,Home,False,16560.09,True
ADM-00769,P00897,2024-05-02,92,M,Orthopedics,Hip fracture,True,0,7,7,2,True,7.5,Medicaid,Home,True,27507.68,False
ADM-00770,P02303,2024-05-03,43,M,Oncology,Chemotherapy complication,True,1,5,9,1,False,,Medicare,Home,False,15356.41,False
ADM-00771,P01580,2024-05-03,31,F,Pulmonology,COPD,True,1,10,10,4,False,,Medicare,Home with services,False,18819.54,False
ADM-00772,P01991,2024-05-03,96,M,Pulmonology,Pneumonia,True,1,5,11,2,False,,Medicare,Home,True,24683.82,True
ADM-00773,P00677,2024-05-03,84,M,General Medicine,Sepsis,True,0,1,8,0,False,5.2,Private,Skilled nursing facility,True,5355.42,False
ADM-00774,P00239,2024-05-03,63,F,General Medicine,Diabetes complication,True,1,1,19,1,True,8.0,Medicaid,Home with services,True,9393.98,False
ADM-00775,P00239,2024-05-04,99,M,Orthopedics,Hip fracture,True,2,2,9,2,False,5.7,Medicare,Home,False,11558.55,False
ADM-00776,P01542,2024-05-04,49,M,Oncology,Chemotherapy complication,False,1,8,7,0,False,,Uninsured,Skilled nursing facility,True,22922.16,False
ADM-00777,P03166,2024-05-05,44,M,General Medicine,Sepsis,True,1,4,11,1,False,,Private,Home,True,21063.77,False
ADM-00778,P02173,2024-05-06,40,F,Oncology,Chemotherapy complication,False,2,2,9,2,True,7.8,Medicaid,Home,False,5825.58,False
ADM-00779,P00315,2024-05-06,66,F,General Medicine,Sepsis,True,0,3,10,2,False,,Medicare,Home,True,12980.84,False
ADM-00780,P01413,2024-05-06,89,M,General Medicine,Diabetes complication,True,0,14,8,3,True,,Medicare,Home,True,57495.65,False
ADM-00781,P01115,2024-05-06,46,F,General Medicine,Diabetes complication,True,1,6,10,1,True,7.0,Medicare,Skilled nursing facility,False,16788.03,False
ADM-00782,P00521,2024-05-06,75,M,Orthopedics,Hip fracture,True,2,5,8,1,False,5.5,Medicaid,Home,False,16454.19,False
ADM-00783,P00494,2024-05-06,58,F,Nephrology,Kidney disease,False,1,6,13,6,False,,Medicare,Home,False,22004.75,False
ADM-00784,P00641,2024-05-06,76,F,Orthopedics,Hip fracture,True,1,6,9,2,False,6.3,Medicare,Skilled nursing facility,True,22610.01,False
ADM-00785,P00243,2024-05-06,81,F,Nephrology,Kidney disease,False,2,3,7,2,True,,Medicare,Home,True,12904.5,False
ADM-00786,P01593,2024-05-07,65,F,General Medicine,Sepsis,True,3,1,7,2,False,,Medicare,Home,True,5421.24,True
ADM-00787,P01820,2024-05-07,67,F,Pulmonology,Pneumonia,True,0,7,5,0,True,7.4,Medicaid,Home,False,29215.8,False
ADM-00788,P00182,2024-05-07,55,F,General Medicine,Sepsis,True,0,7,11,1,False,,Private,Home with services,False,29620.22,False
ADM-00789,P03072,2024-05-07,61,M,Cardiology,Heart failure,False,0,4,6,1,False,,Private,Skilled nursing facility,True,14924.08,True
ADM-00790,P02458,2024-05-07,97,F,Pulmonology,Pneumonia,True,1,5,7,1,False,5.6,Medicare,Home,False,14377.87,False
ADM-00791,P01362,2024-05-08,49,F,Nephrology,Kidney disease,False,0,3,8,0,False,,Private,Home,False,8348.5,False
ADM-00792,P00507,2024-05-09,82,F,General Medicine,Sepsis,True,2,5,9,1,False,,Medicaid,Home with services,True,18831.97,False
ADM-00793,P02114,2024-05-09,53,F,General Medicine,Sepsis,True,2,2,10,1,False,,Uninsured,Home,True,9858.28,False
ADM-00794,P01738,2024-05-09,49,F,Nephrology,Kidney disease,True,2,1,15,2,True,7.0,Medicare,Home,True,5520.31,False
ADM-00795,P00517,2024-05-09,76,M,Nephrology,Kidney disease,True,4,10,12,0,False,,Medicare,Skilled nursing facility,True,47303.41,False
ADM-00796,P00054,2024-05-09,51,F,Pulmonology,COPD,True,1,7,6,1,False,,Medicare,Skilled nursing facility,True,14205.56,False
ADM-00797,P02340,2024-05-09,76,F,Cardiology,Heart failure,True,3,8,8,1,False,,Medicare,Rehab,True,22252.23,False
ADM-00798,P00665,2024-05-09,51,F,Orthopedics,Hip fracture,False,0,14,13,2,True,9.6,Medicaid,Home,False,45932.0,False
ADM-00799,P03002,2024-05-10,68,F,General Medicine,Diabetes complication,True,1,3,7,3,True,8.7,Medicare,Home,True,13961.07,True
ADM-00800,P03102,2024-05-12,82,M,General Medicine,Diabetes complication,True,1,5,12,2,True,9.1,Medicaid,Home,True,18332.54,False
ADM-00801,P00131,2024-05-12,62,F,Cardiology,Heart failure,True,0,6,14,2,False,,Medicaid,Home,True,15462.28,False
ADM-00802,P02890,2024-05-12,60,F,Nephrology,Kidney disease,True,1,2,7,1,False,,Medicare,Home,False,9492.72,False
ADM-00803,P00042,2024-05-12,76,M,Pulmonology,COPD,False,0,1,13,0,False,5.3,Medicare,Home,True,8539.33,False
ADM-00804,P01384,2024-05-12,65,F,General Medicine,Sepsis,True,1,5,14,2,True,,Medicare,Home with services,False,18539.57,False
ADM-00805,P02166,2024-05-12,71,F,Cardiology,Heart failure,False,0,6,10,1,False,5.2,Private,Home with services,False,23514.2,False
ADM-00806,P01480,2024-05-13,81,F,Pulmonology,Pneumonia,False,1,5,6,0,False,,Medicare,Home with services,True,22132.76,False
ADM-00807,P01890,2024-05-13,84,M,Pulmonology,COPD,True,0,3,6,2,False,,Medicaid,Home,True,12890.86,False
ADM-00808,P00806,2024-05-13,47,F,Orthopedics,Hip fracture,True,0,1,3,3,False,,Private,Home with services,False,7223.38,False
ADM-00809,P00260,2024-05-13,66,F,Cardiology,Heart failure,True,0,3,9,1,False,5.9,Private,Skilled nursing facility,True,13564.65,False
ADM-00810,P01721,2024-05-13,92,M,Pulmonology,Pneumonia,False,1,8,7,0,False,,Medicaid,Home,True,25780.77,False
ADM-00811,P01339,2024-05-14,39,M,Nephrology,Kidney disease,False,0,11,3,1,False,,Private,Home,False,41713.17,False
ADM-00812,P02213,2024-05-14,99,F,Cardiology,Heart failure,False,0,2,11,2,False,,Medicaid,Home with services,True,10915.17,False
ADM-00813,P02619,2024-05-14,69,M,Pulmonology,COPD,True,1,4,8,3,False,,Medicare,Rehab,False,14550.27,False
ADM-00814,P01623,2024-05-14,81,F,Orthopedics,Hip fracture,False,2,1,5,0,False,,Medicare,Home,False,6434.1,False
ADM-00815,P00849,2024-05-14,53,F,Oncology,Chemotherapy complication,True,1,17,9,3,True,6.1,Medicare,Home,True,66134.99,False
ADM-00816,P02096,2024-05-14,81,F,Oncology,Chemotherapy complication,True,0,2,9,2,False,,Private,Home,True,10948.78,False
ADM-00817,P01899,2024-05-14,88,F,Pulmonology,Pneumonia,True,1,9,6,0,False,5.7,Medicare,Home with services,False,45847.3,True
ADM-00818,P00357,2024-05-14,67,M,General Medicine,Sepsis,False,0,13,9,3,False,,Medicaid,Home,True,50938.9,False
ADM-00819,P01706,2024-05-14,69,M,Oncology,Chemotherapy complication,True,1,1,5,0,False,,Medicaid,Skilled nursing facility,True,9186.38,False
ADM-00820,P00444,2024-05-15,83,M,Cardiology,Heart failure,True,1,5,11,0,False,,Medicaid,Home,True,25914.59,False
ADM-00821,P00871,2024-05-15,72,M,Cardiology,Heart failure,False,1,3,16,1,True,,Medicare,Home,True,12779.77,False
ADM-00822,P01098,2024-05-15,56,M,Pulmonology,Pneumonia,True,1,4,5,0,False,,Private,Home,True,16597.35,False
ADM-00823,P02870,2024-05-15,73,M,General Medicine,Sepsis,True,1,21,7,0,False,,Medicare,Skilled nursing facility,True,68322.23,True
ADM-00824,P01877,2024-05-15,77,M,Cardiology,Heart failure,True,0,6,15,1,False,,Medicare,Home,False,16544.32,False
ADM-00825,P03105,2024-05-15,72,F,Pulmonology,COPD,False,1,1,9,0,False,5.4,Medicaid,Home with services,False,7638.1,False
ADM-00826,P03180,2024-05-16,76,F,Pulmonology,Pneumonia,False,1,4,5,2,False,,Private,Home with services,True,14137.06,True
ADM-00827,P03037,2024-05-16,53,M,General Medicine,Diabetes complication,False,1,2,11,0,True,9.6,Medicare,Home with services,True,13397.49,False
ADM-00828,P02017,2024-05-16,89,M,General Medicine,Sepsis,True,4,1,10,1,False,,Medicare,Skilled nursing facility,True,5026.63,False
ADM-00829,P01810,2024-05-16,58,M,Pulmonology,Pneumonia,True,2,4,5,4,False,,Private,Home,True,16907.97,False
ADM-00830,P03184,2024-05-16,71,F,Oncology,Chemotherapy complication,True,1,9,10,1,False,5.2,Medicare,Skilled nursing facility,False,34614.21,False
ADM-00831,P01707,2024-05-16,96,F,Orthopedics,Hip fracture,False,0,14,8,0,False,,Medicare,Home,True,37745.09,False
ADM-00832,P02771,2024-05-16,89,M,Pulmonology,COPD,True,2,3,12,0,False,,Medicare,Home with services,True,13734.01,False
ADM-00833,P00379,2024-05-16,71,F,Pulmonology,Pneumonia,True,1,12,13,2,False,,Medicare,Home,False,53146.56,False
ADM-00834,P02752,2024-05-16,73,F,General Medicine,Sepsis,False,0,5,14,0,True,7.2,Private,Home,False,17529.88,False
ADM-00835,P01508,2024-05-16,49,M,General Medicine,Sepsis,True,1,3,10,1,True,8.9,Medicare,Home,False,13568.51,False
ADM-00836,P02517,2024-05-17,63,F,Pulmonology,Pneumonia,True,2,3,5,1,False,,Private,Home,False,9506.08,False
ADM-00837,P03050,2024-05-17,76,M,Oncology,Chemotherapy complication,False,1,12,6,0,False,,Medicaid,Home with services,True,42992.36,False
ADM-00838,P01552,2024-05-17,61,F,Nephrology,Kidney disease,True,0,3,14,1,False,,Medicare,Home,False,12579.71,False
ADM-00839,P01822,2024-05-17,96,F,Nephrology,Kidney disease,True,0,5,11,3,False,,Medicare,Home,False,18572.84,False
ADM-00840,P02814,2024-05-17,78,F,Nephrology,Kidney disease,True,1,2,10,0,True,,Medicare,Home,True,15200.41,False
ADM-00841,P00379,2024-05-18,61,F,General Medicine,Diabetes complication,False,2,4,12,4,True,8.8,Private,Home,False,18306.47,False
ADM-00842,P00354,2024-05-18,67,F,Pulmonology,Pneumonia,True,1,3,10,2,False,,Medicare,Rehab,False,15207.94,False
ADM-00843,P01162,2024-05-18,54,M,Cardiology,Heart failure,True,0,2,11,1,False,,Medicaid,Rehab,True,8992.05,False
ADM-00844,P01764,2024-05-19,66,F,General Medicine,Diabetes complication,True,1,6,9,1,True,7.5,Medicare,Home,False,16606.84,False
ADM-00845,P02015,2024-05-19,57,M,Pulmonology,Pneumonia,True,1,3,8,2,False,,Medicare,Home,False,13962.42,False
ADM-00846,P01368,2024-05-19,64,F,Pulmonology,COPD,True,0,6,6,1,False,,Medicare,Home with services,True,23614.37,False
ADM-00847,P01501,2024-05-19,73,M,General Medicine,Sepsis,True,2,2,11,1,True,9.9,Medicare,Skilled nursing facility,True,10974.17,True
ADM-00848,P02411,2024-05-19,84,F,Pulmonology,COPD,True,0,2,7,0,False,,Private,Skilled nursing facility,False,8315.0,False
ADM-00849,P00488,2024-05-19,76,F,Orthopedics,Hip fracture,False,1,3,14,1,False,,Medicare,Home,False,12744.45,False
ADM-00850,P03107,2024-05-19,43,M,General Medicine,Diabetes complication,False,2,4,10,0,True,,Medicare,Home with services,True,18630.49,False
ADM-00851,P02958,2024-05-19,87,F,Pulmonology,COPD,True,0,1,7,1,False,,Medicare,Home,True,5823.0,False
ADM-00852,P00621,2024-05-20,75,F,Pulmonology,COPD,True,0,2,10,2,False,5.5,Private,Rehab,True,12341.74,False
ADM-00853,P00458,2024-05-21,66,M,Oncology,Chemotherapy complication,True,4,11,10,6,False,,Medicare,Home,True,40955.97,False
ADM-00854,P03166,2024-05-21,90,M,General Medicine,Sepsis,True,1,2,8,1,False,,Medicare,Home,False,13995.87,True
ADM-00855,P02953,2024-05-21,71,M,Oncology,Chemotherapy complication,True,0,6,12,0,True,7.6,Private,Home,True,17764.27,False
ADM-00856,P02369,2024-05-21,55,M,Pulmonology,COPD,False,2,8,4,2,True,9.3,Private,Home,True,30535.36,False
ADM-00857,P03135,2024-05-21,99,F,Orthopedics,Hip fracture,False,0,1,11,0,False,,Medicaid,Skilled nursing facility,False,6723.0,False
ADM-00858,P02152,2024-05-22,92,F,Oncology,Chemotherapy complication,True,0,1,11,0,True,9.2,Private,Rehab,True,7637.07,False
ADM-00859,P02541,2024-05-22,76,M,Cardiology,Heart failure,False,1,6,12,0,True,5.7,Private,Home,True,30380.14,False
ADM-00860,P02357,2024-05-22,62,M,Pulmonology,COPD,False,1,1,8,1,False,,Medicare,Home,True,8109.85,False
ADM-00861,P02216,2024-05-22,57,M,Nephrology,Kidney disease,True,0,4,11,2,True,6.5,Medicare,Home,False,12716.04,False
ADM-00862,P00603,2024-05-22,38,M,Cardiology,Heart failure,False,0,2,10,2,False,,Medicare,Home,False,7059.75,False
ADM-00863,P00506,2024-05-23,83,F,General Medicine,Sepsis,True,0,4,8,2,True,,Medicare,Home,False,13661.34,False
ADM-00864,P01556,2024-05-23,84,F,Pulmonology,Pneumonia,True,1,15,10,1,False,,Medicare,Home with services,True,41239.45,False
ADM-00865,P01176,2024-05-23,75,M,Orthopedics,Hip fracture,True,0,1,7,0,False,,Medicare,Home with services,False,5767.53,False
ADM-00866,P02930,2024-05-23,62,M,Nephrology,Kidney disease,True,2,7,10,1,False,,Medicare,Home,True,26715.67,False
ADM-00867,P01356,2024-05-23,73,M,Pulmonology,COPD,False,1,2,5,0,False,,Medicaid,Home,True,12130.07,False
ADM-00868,P01954,2024-05-24,61,M,Cardiology,Heart failure,True,0,1,11,2,False,,Private,Home,True,6963.93,False
ADM-00869,P02447,2024-05-24,66,M,General Medicine,Diabetes complication,False,1,3,6,2,True,8.9,Medicare,Home,True,12082.31,True
ADM-00870,P02422,2024-05-24,83,M,Cardiology,Heart failure,True,0,5,3,4,False,,Medicare,Home with services,False,20657.14,False
ADM-00871,P00466,2024-05-24,64,F,Cardiology,Heart failure,True,0,4,11,0,False,,Medicare,Home,True,16463.21,False
ADM-00872,P00452,2024-05-24,67,F,Nephrology,Kidney disease,True,0,13,11,1,False,,Medicare,Home,True,47768.97,False
ADM-00873,P00019,2024-05-25,81,F,Nephrology,Kidney disease,False,0,5,9,1,False,,Private,Home with services,True,18290.4,False
ADM-00874,P01513,2024-05-26,75,M,Cardiology,Heart failure,True,1,6,8,1,False,5.2,Medicaid,Home,True,29492.65,False
ADM-00875,P00008,2024-05-26,42,F,Pulmonology,COPD,False,1,13,7,1,True,7.3,Private,Home,False,29633.73,False
ADM-00876,P00436,2024-05-27,80,F,Pulmonology,Pneumonia,True,4,4,10,2,False,,Medicare,Home with services,True,16934.69,False
ADM-00877,P00557,2024-05-27,61,F,Cardiology,Heart failure,True,0,9,12,1,False,,Medicare,Home,False,37595.56,False
ADM-00878,P02138,2024-05-27,79,F,General Medicine,Sepsis,True,1,13,10,0,False,,Medicare,Home,True,34514.17,False
ADM-00879,P02724,2024-05-28,88,F,General Medicine,Sepsis,True,1,5,7,0,False,,Medicare,Home,True,20723.75,False
ADM-00880,P01600,2024-05-28,75,F,General Medicine,Sepsis,True,1,2,17,1,False,,Medicare,Home,True,9201.42,False
ADM-00881,P02763,2024-05-28,67,M,Pulmonology,Pneumonia,True,1,5,14,2,False,,Medicare,Home,True,22118.18,False
ADM-00882,P01354,2024-05-28,81,F,General Medicine,Diabetes complication,False,0,2,14,2,True,9.6,Medicare,Home with services,True,15127.12,False
ADM-00883,P00933,2024-05-28,67,M,Pulmonology,COPD,True,0,3,6,5,False,,Private,Home,True,16033.78,False
ADM-00884,P00752,2024-05-28,80,F,Oncology,Chemotherapy complication,True,0,4,6,0,False,,Medicare,Home,True,19633.08,False
ADM-00885,P02554,2024-05-28,64,M,Pulmonology,COPD,True,1,7,16,4,False,,Medicare,Home,False,24432.67,False
ADM-00886,P02298,2024-05-28,83,F,General Medicine,Diabetes complication,True,1,8,13,1,True,9.0,Medicaid,Home with services,False,32770.41,False
ADM-00887,P00043,2024-05-29,62,F,Pulmonology,Pneumonia,False,0,3,12,1,True,7.8,Medicare,Skilled nursing facility,False,13657.96,False
ADM-00888,P00272,2024-05-29,60,M,General Medicine,Diabetes complication,False,0,4,11,3,True,6.2,Medicare,Skilled nursing facility,True,13361.42,False
ADM-00889,P02517,2024-05-29,59,M,Pulmonology,COPD,False,1,9,11,4,True,7.5,Medicare,Home with services,True,42016.89,False
ADM-00890,P01294,2024-05-29,77,F,Orthopedics,Hip fracture,False,0,1,4,3,False,,Medicare,Rehab,True,7043.33,False
ADM-00891,P02231,2024-05-30,58,M,Cardiology,Heart failure,False,2,8,8,0,False,,Private,Skilled nursing facility,True,36124.12,False
ADM-00892,P01954,2024-05-30,65,F,Nephrology,Kidney disease,True,3,4,9,3,False,,Medicare,Rehab,True,15857.0,False
ADM-00893,P01850,2024-05-30,77,M,Pulmonology,COPD,True,2,8,6,2,False,5.9,Private,Home with services,False,37162.01,True
ADM-00894,P01108,2024-05-30,50,F,Pulmonology,Pneumonia,True,0,3,9,0,True,7.8,Private,Rehab,True,12604.85,False
ADM-00895,P02467,2024-05-30,57,M,Nephrology,Kidney disease,True,2,15,11,2,True,7.0,Medicare,Home,True,38261.54,False
ADM-00896,P03110,2024-05-30,68,F,Orthopedics,Hip fracture,False,1,7,4,1,False,,Private,Home with services,True,33067.25,False
ADM-00897,P01747,2024-05-31,63,M,General Medicine,Diabetes complication,True,2,1,7,4,True,7.1,Medicaid,Home with services,True,7235.81,False
ADM-00898,P00663,2024-05-31,92,F,Orthopedics,Hip fracture,True,0,3,11,1,True,8.4,Medicare,Home with services,False,14430.7,False
ADM-00899,P01636,2024-05-31,85,F,General Medicine,Diabetes complication,True,3,18,5,0,True,8.2,Medicare,Home,True,53007.88,False
ADM-00900,P00817,2024-05-31,91,M,Oncology,Chemotherapy complication,True,0,6,8,0,False,,Medicare,Skilled nursing facility,False,30217.66,False
ADM-00901,P03092,2024-05-31,53,F,Pulmonology,COPD,False,1,7,10,2,False,,Medicare,Home with services,False,15694.03,False
ADM-00902,P02829,2024-06-01,96,F,Pulmonology,Pneumonia,True,0,6,10,1,False,6.6,Medicare,Rehab,True,23987.96,False
ADM-00903,P00721,2024-06-02,63,F,General Medicine,Diabetes complication,False,2,4,8,1,True,6.2,Medicaid,Home with services,False,16968.14,False
ADM-00904,P00680,2024-06-02,66,M,Pulmonology,Pneumonia,True,2,3,12,1,True,7.3,Private,Home,False,13855.34,True
ADM-00905,P00672,2024-06-02,96,M,Oncology,Chemotherapy complication,True,1,2,8,1,False,,Medicare,Home,True,9667.26,False
ADM-00906,P02424,2024-06-02,62,F,Cardiology,Heart failure,True,0,2,11,1,True,4.3,Private,Home,True,9380.72,False
ADM-00907,P02962,2024-06-02,65,F,Pulmonology,COPD,True,1,2,6,1,True,11.5,Medicare,Skilled nursing facility,True,10855.75,False
ADM-00908,P01145,2024-06-03,71,M,Orthopedics,Hip fracture,False,1,6,11,0,False,,Medicaid,Home,False,14780.98,False
ADM-00909,P02756,2024-06-03,71,F,Cardiology,Heart failure,True,3,1,10,2,True,7.5,Medicaid,Home,False,8052.16,True
ADM-00910,P00218,2024-06-03,82,M,General Medicine,Diabetes complication,False,1,3,4,0,True,6.2,Private,Skilled nursing facility,True,17710.56,False
ADM-00911,P00306,2024-06-03,84,F,Oncology,Chemotherapy complication,False,0,5,8,1,False,,Medicaid,Home with services,True,21572.68,False
ADM-00912,P00812,2024-06-03,46,F,General Medicine,Diabetes complication,False,3,5,15,4,True,7.9,Medicare,Skilled nursing facility,False,24475.64,False
ADM-00913,P01629,2024-06-04,60,F,Pulmonology,Pneumonia,True,1,10,13,1,True,7.2,Medicare,Home,False,36858.49,False
ADM-00914,P02995,2024-06-04,66,M,Cardiology,Heart failure,False,1,2,5,1,True,9.0,Medicare,Home with services,True,11202.64,False
ADM-00915,P02799,2024-06-04,68,F,Pulmonology,COPD,False,1,5,7,0,False,,Medicare,Skilled nursing facility,True,19103.49,False
ADM-00916,P00358,2024-06-05,67,F,Pulmonology,Pneumonia,False,1,5,8,3,False,,Medicare,Home with services,True,21290.49,False
ADM-00917,P01852,2024-06-05,33,F,General Medicine,Sepsis,True,1,2,4,3,False,,Medicare,Home with services,True,9618.29,False
ADM-00918,P01187,2024-06-05,64,M,General Medicine,Diabetes complication,True,0,6,8,2,True,6.0,Medicare,Skilled nursing facility,True,28786.92,False
ADM-00919,P01329,2024-06-05,95,M,Oncology,Chemotherapy complication,True,2,2,12,0,True,8.9,Medicaid,Home,True,8567.34,False
ADM-00920,P02888,2024-06-06,86,F,Pulmonology,COPD,True,0,7,6,2,False,,Medicare,Skilled nursing facility,True,25512.59,False
ADM-00921,P00171,2024-06-06,52,M,Pulmonology,Pneumonia,False,4,6,8,2,False,,Medicare,Home,True,22371.53,False
ADM-00922,P03013,2024-06-06,57,M,Pulmonology,Pneumonia,True,5,5,9,1,True,8.7,Medicare,Skilled nursing facility,True,18996.53,False
ADM-00923,P00811,2024-06-06,53,F,General Medicine,Sepsis,True,4,3,12,0,False,,Medicaid,Home,True,12601.51,False
ADM-00924,P01586,2024-06-06,74,M,Pulmonology,Pneumonia,True,1,2,8,2,False,,Medicaid,Home,False,11187.45,False
ADM-00925,P01069,2024-06-06,63,M,Pulmonology,COPD,False,1,4,7,1,False,,Medicare,Home,True,15090.02,False
ADM-00926,P00842,2024-06-06,95,M,Cardiology,Heart failure,True,1,13,14,2,False,,Private,Home with services,False,49056.58,True
ADM-00927,P01912,2024-06-07,51,M,Pulmonology,COPD,True,2,10,10,2,False,,Medicare,Rehab,False,39521.98,False
ADM-00928,P00506,2024-06-07,81,M,Pulmonology,Pneumonia,False,0,7,7,1,False,,Medicare,Home,False,25963.5,False
ADM-00929,P00172,2024-06-07,83,F,General Medicine,Diabetes complication,False,0,3,7,2,True,6.5,Private,Home,False,11771.55,False
ADM-00930,P02693,2024-06-07,71,F,Pulmonology,COPD,True,1,2,5,3,False,5.9,Private,Home,True,7789.43,False
ADM-00931,P02713,2024-06-07,59,M,Cardiology,Heart failure,True,1,2,12,1,False,,Private,Skilled nursing facility,False,12344.73,True
ADM-00932,P01369,2024-06-07,72,M,Cardiology,Heart failure,True,0,11,10,1,False,,Private,Skilled nursing facility,False,48540.98,True
ADM-00933,P01666,2024-06-08,68,F,Orthopedics,Hip fracture,True,0,3,7,1,False,,Medicare,Home with services,False,11853.65,False
ADM-00934,P01122,2024-06-08,76,M,Orthopedics,Hip fracture,False,2,4,5,1,False,,Private,Home,True,12959.42,False
ADM-00935,P00363,2024-06-08,92,M,Cardiology,Heart failure,True,2,2,12,2,False,,Private,Home,True,8974.61,False
ADM-00936,P03011,2024-06-09,75,M,Pulmonology,COPD,True,1,1,11,4,False,,Private,Home with services,True,6522.8,False
ADM-00937,P02390,2024-06-09,86,F,General Medicine,Sepsis,False,2,2,5,1,False,,Medicaid,Home,True,10857.58,False
ADM-00938,P01042,2024-06-09,64,F,Pulmonology,COPD,False,2,2,7,1,False,,Private,Rehab,True,12267.84,False
ADM-00939,P01351,2024-06-09,71,F,Pulmonology,Pneumonia,True,2,5,12,3,False,5.3,Medicare,Home,False,15368.33,False
ADM-00940,P03173,2024-06-09,56,M,Pulmonology,COPD,False,2,2,2,1,False,,Medicare,Home,True,12172.01,False
ADM-00941,P01893,2024-06-09,59,F,Pulmonology,Pneumonia,True,1,3,15,2,False,,Private,Home,False,14996.82,False
ADM-00942,P02797,2024-06-10,37,M,Nephrology,Kidney disease,False,0,14,8,2,False,,Medicare,Home with services,True,56258.99,False
ADM-00943,P01791,2024-06-10,66,M,Pulmonology,COPD,False,0,2,5,2,False,,Medicare,Skilled nursing facility,True,10926.03,False
ADM-00944,P01327,2024-06-10,67,F,Pulmonology,COPD,True,0,6,5,0,False,,Medicaid,Rehab,True,21991.67,False
ADM-00945,P01783,2024-06-10,50,F,Nephrology,Kidney disease,True,1,6,10,1,False,,Medicaid,Home,True,21892.29,False
ADM-00946,P01782,2024-06-10,72,M,General Medicine,Diabetes complication,True,3,9,11,1,True,7.6,Medicaid,Home,True,26300.76,False
ADM-00947,P00277,2024-06-11,65,F,General Medicine,Sepsis,False,0,5,9,0,True,7.6,Medicare,Home,True,17521.46,False
ADM-00948,P01679,2024-06-11,76,M,Pulmonology,COPD,True,1,5,5,3,False,,Medicaid,Skilled nursing facility,True,23098.51,False
ADM-00949,P01512,2024-06-11,73,M,General Medicine,Sepsis,True,2,1,7,1,False,5.4,Medicare,Home,True,7292.97,False
ADM-00950,P02824,2024-06-12,88,F,Pulmonology,Pneumonia,False,1,3,9,2,False,,Private,Home with services,True,12303.59,False
ADM-00951,P02877,2024-06-12,75,F,Pulmonology,Pneumonia,True,0,9,9,3,False,,Medicare,Skilled nursing facility,False,40474.73,False
ADM-00952,P00626,2024-06-12,77,F,Nephrology,Kidney disease,False,4,9,7,0,False,,Medicare,Home,False,29831.1,False
ADM-00953,P02357,2024-06-12,46,F,Pulmonology,Pneumonia,False,1,5,13,2,False,,Medicare,Home with services,False,17999.98,False
ADM-00954,P01828,2024-06-12,71,M,Cardiology,Heart failure,True,0,8,7,0,False,,Medicare,Home with services,True,23737.48,False
ADM-00955,P02543,2024-06-13,56,M,Orthopedics,Hip fracture,True,0,4,7,1,False,,Medicaid,Home,False,10289.39,False
ADM-00956,P03059,2024-06-13,64,F,Pulmonology,Pneumonia,True,0,6,12,0,False,,Private,Home,True,22294.04,False
ADM-00957,P03126,2024-06-13,52,M,Nephrology,Kidney disease,True,1,5,14,3,False,,Private,Home with services,True,17634.9,False
ADM-00958,P00539,2024-06-13,80,F,General Medicine,Sepsis,False,2,9,5,3,False,,Private,Home,True,25733.1,False
ADM-00959,P01799,2024-06-13,63,F,Pulmonology,COPD,True,3,10,5,2,False,,Private,Home,True,35990.51,False
ADM-00960,P00438,2024-06-13,76,M,Cardiology,Heart failure,False,1,10,9,0,False,5.7,Medicare,Skilled nursing facility,True,33176.84,True
ADM-00961,P00866,2024-06-14,92,M,Cardiology,Heart failure,True,1,5,12,1,False,5.4,Medicaid,Home,True,20849.59,False
ADM-00962,P00036,2024-06-14,68,M,General Medicine,Diabetes complication,False,0,3,12,2,True,8.1,Private,Home with services,False,14442.71,False
ADM-00963,P00658,2024-06-14,82,M,Oncology,Chemotherapy complication,False,0,2,7,1,False,,Private,Home,True,11449.87,False
ADM-00964,P02342,2024-06-15,58,M,Oncology,Chemotherapy complication,True,2,2,16,3,False,,Medicare,Home,False,10692.58,False
ADM-00965,P02838,2024-06-15,65,M,Pulmonology,COPD,False,0,4,4,0,False,5.6,Medicare,Home,True,16140.93,False
ADM-00966,P02698,2024-06-15,49,F,Pulmonology,Pneumonia,False,0,12,7,0,False,,Medicare,Home with services,False,30550.37,True
ADM-00967,P02553,2024-06-15,63,F,Oncology,Chemotherapy complication,False,0,1,11,0,False,,Uninsured,Home,True,6413.12,False
ADM-00968,P00234,2024-06-15,64,M,Pulmonology,COPD,False,1,6,11,4,False,,Medicare,Home with services,True,19111.27,False
ADM-00969,P01010,2024-06-15,60,M,Cardiology,Heart failure,True,1,7,13,3,False,,Medicaid,Skilled nursing facility,False,20651.2,True
ADM-00970,P02464,2024-06-16,78,M,Oncology,Chemotherapy complication,True,0,6,7,0,False,,Private,Home with services,True,28034.68,False
ADM-00971,P00278,2024-06-16,41,F,General Medicine,Diabetes complication,False,0,9,11,1,True,5.5,Medicare,Home,False,28546.01,False
ADM-00972,P02343,2024-06-16,73,M,Oncology,Chemotherapy complication,False,7,3,12,0,True,6.5,Private,Home with services,True,14186.59,False
ADM-00973,P01615,2024-06-16,66,F,Oncology,Chemotherapy complication,False,1,4,6,0,True,,Medicaid,Home,True,16158.97,False
ADM-00974,P00418,2024-06-17,80,F,Pulmonology,Pneumonia,True,0,2,11,4,False,,Medicaid,Home,False,7038.34,False
ADM-00975,P01940,2024-06-17,71,M,General Medicine,Sepsis,True,1,5,18,1,True,7.5,Medicare,Home,False,21251.71,False
ADM-00976,P00250,2024-06-17,75,F,Oncology,Chemotherapy complication,False,1,7,9,1,False,,Medicare,Home,True,30311.82,False
ADM-00977,P02466,2024-06-17,53,F,Cardiology,Heart failure,True,1,4,5,3,False,,Medicare,Home,True,13083.38,False
ADM-00978,P02485,2024-06-17,78,M,Pulmonology,Pneumonia,False,2,10,10,1,False,,Private,Home,False,24157.0,True
ADM-00979,P01046,2024-06-18,77,M,Pulmonology,Pneumonia,True,3,5,11,3,False,,Private,Home,True,23397.0,False
ADM-00980,P00337,2024-06-18,43,M,General Medicine,Sepsis,True,1,3,9,2,False,,Medicare,Skilled nursing facility,False,16306.62,False
ADM-00981,P03069,2024-06-18,54,F,Cardiology,Heart failure,True,1,8,8,3,False,,Medicaid,Home,True,27931.95,False
ADM-00982,P00394,2024-06-18,89,M,Pulmonology,Pneumonia,True,0,2,6,2,True,,Private,Home,False,9604.65,False
ADM-00983,P02826,2024-06-18,85,F,Pulmonology,Pneumonia,True,1,7,12,1,False,,Medicare,Home,True,24178.65,False
ADM-00984,P01688,2024-06-18,69,F,Orthopedics,Hip fracture,True,0,3,7,2,False,,Medicare,Home,True,16695.1,False
ADM-00985,P01112,2024-06-18,57,M,Nephrology,Kidney disease,True,2,15,8,1,True,9.4,Medicare,Home,True,46769.73,False
ADM-00986,P00117,2024-06-19,78,F,Pulmonology,COPD,True,1,8,12,5,True,8.8,Medicaid,Home,True,33040.64,False
ADM-00987,P02500,2024-06-19,72,F,Cardiology,Heart failure,False,0,2,10,3,True,7.0,Private,Home,False,11054.98,False
ADM-00988,P00327,2024-06-19,75,M,General Medicine,Sepsis,True,1,1,13,1,False,5.7,Medicaid,Home,False,5935.84,False
ADM-00989,P03037,2024-06-19,78,M,General Medicine,Diabetes complication,True,2,5,11,0,True,8.3,Medicare,Home,True,20837.36,False
ADM-00990,P02464,2024-06-19,92,M,Pulmonology,COPD,True,0,5,9,1,False,,Medicare,Home,False,20391.26,False
ADM-00991,P02252,2024-06-20,57,M,Pulmonology,Pneumonia,False,1,6,12,1,False,,Medicare,Skilled nursing facility,True,14798.74,False
ADM-00992,P02701,2024-06-20,72,M,Cardiology,Heart failure,True,0,9,8,2,False,,Medicare,Rehab,True,40737.39,False
ADM-00993,P01436,2024-06-20,63,M,Oncology,Chemotherapy complication,True,1,10,8,3,False,5.6,Medicaid,Home with services,True,39716.06,True
ADM-00994,P01228,2024-06-21,77,F,Pulmonology,COPD,True,2,9,14,1,False,,Medicaid,Home,True,33841.02,False
ADM-00995,P01947,2024-06-21,55,F,Cardiology,Heart failure,False,1,3,7,0,False,,Medicare,Skilled nursing facility,False,12349.76,True
ADM-00996,P00320,2024-06-22,79,M,Nephrology,Kidney disease,False,3,2,17,1,False,,Medicare,Home,False,8905.35,False
ADM-00997,P01616,2024-06-23,63,M,General Medicine,Sepsis,True,1,10,6,1,False,,Private,Home with services,False,37574.38,True
ADM-00998,P00794,2024-06-23,58,F,General Medicine,Sepsis,True,1,5,13,2,False,,Medicaid,Rehab,True,17782.46,False
ADM-00999,P01035,2024-06-23,89,F,Oncology,Chemotherapy complication,True,0,6,6,1,False,,Medicare,Home,True,29051.81,False
ADM-01000,P03012,2024-06-24,67,F,Pulmonology,COPD,True,1,5,10,1,False,,Private,Home,False,20587.44,False
ADM-01001,P00162,2024-06-24,77,F,General Medicine,Diabetes complication,False,1,3,11,2,True,9.9,Medicaid,Skilled nursing facility,True,12830.41,False
ADM-01002,P01362,2024-06-24,60,F,Pulmonology,COPD,True,1,4,10,0,False,5.0,Medicare,Skilled nursing facility,True,14894.67,False
ADM-01003,P02316,2024-06-24,83,M,Pulmonology,COPD,True,0,6,10,1,False,,Medicare,Home,False,22315.67,False
ADM-01004,P02394,2024-06-24,63,F,General Medicine,Sepsis,True,0,16,11,5,False,,Medicare,Home,True,53073.84,False
ADM-01005,P02124,2024-06-24,43,F,Cardiology,Heart failure,True,2,1,6,0,False,,Medicare,Home,True,7050.21,False
ADM-01006,P02639,2024-06-24,92,F,Nephrology,Kidney disease,False,1,2,13,1,True,8.7,Medicare,Rehab,False,10504.28,False
ADM-01007,P00919,2024-06-24,61,M,Pulmonology,COPD,False,2,2,10,1,False,,Medicaid,Skilled nursing facility,True,8510.21,False
ADM-01008,P02611,2024-06-24,51,F,Nephrology,Kidney disease,True,0,2,10,1,False,,Private,Rehab,True,9658.99,False
ADM-01009,P01899,2024-06-24,61,M,Oncology,Chemotherapy complication,True,1,5,12,2,False,,Medicare,Rehab,False,21598.93,False
ADM-01010,P02014,2024-06-25,66,F,Nephrology,Kidney disease,True,0,8,8,1,True,4.6,Medicaid,Home with services,True,27699.15,False
ADM-01011,P00361,2024-06-25,77,F,General Medicine,Diabetes complication,False,0,8,23,0,True,7.4,Medicare,Skilled nursing facility,False,17592.36,True
ADM-01012,P02710,2024-06-25,45,M,Cardiology,Heart failure,True,1,6,5,2,False,,Private,Skilled nursing facility,False,19673.98,True
ADM-01013,P02783,2024-06-26,52,F,Orthopedics,Hip fracture,True,1,13,10,0,False,,Medicaid,Home,True,51530.75,False
ADM-01014,P02936,2024-06-26,61,M,Cardiology,Heart failure,True,1,3,5,1,False,,Private,Home with services,True,10071.07,False
ADM-01015,P00369,2024-06-26,59,M,Pulmonology,COPD,False,1,1,7,1,False,,Medicare,Home,True,5494.45,False
ADM-01016,P01079,2024-06-27,61,M,Cardiology,Heart failure,True,1,8,7,1,False,5.8,Private,Home with services,False,20168.71,False
ADM-01017,P02077,2024-06-27,64,F,Oncology,Chemotherapy complication,True,0,9,9,5,False,5.5,Private,Home,False,43145.63,False
ADM-01018,P02755,2024-06-27,61,F,General Medicine,Sepsis,True,1,3,8,0,False,,Private,Home,False,12719.2,False
ADM-01019,P01053,2024-06-27,64,F,Orthopedics,Hip fracture,False,0,1,7,1,False,,Private,Skilled nursing facility,False,7891.99,True
ADM-01020,P00989,2024-06-28,72,M,Pulmonology,Pneumonia,False,0,1,11,2,True,8.7,Medicare,Rehab,True,7846.48,False
ADM-01021,P00356,2024-06-28,55,F,Pulmonology,Pneumonia,False,0,11,12,3,False,,Medicaid,Home with services,False,40930.54,False
ADM-01022,P02841,2024-06-28,78,F,Nephrology,Kidney disease,True,1,15,8,0,False,,Medicare,Home,True,41786.16,False
ADM-01023,P01643,2024-06-28,70,M,Cardiology,Heart failure,True,0,14,7,0,False,,Medicaid,Home,True,54138.49,True
ADM-01024,P01352,2024-06-28,67,F,General Medicine,Sepsis,True,2,10,7,1,False,5.5,Medicare,Skilled nursing facility,True,29879.35,False
ADM-01025,P02544,2024-06-29,66,F,Oncology,Chemotherapy complication,False,0,2,14,0,False,5.3,Uninsured,Home,False,8874.01,False
ADM-01026,P03093,2024-06-29,81,F,Cardiology,Heart failure,True,1,3,4,2,False,,Medicare,Home with services,True,14150.04,False
ADM-01027,P02403,2024-06-29,65,M,General Medicine,Sepsis,True,0,1,8,1,False,,Medicare,Home,True,8396.79,False
ADM-01028,P00881,2024-06-30,48,M,Orthopedics,Hip fracture,False,1,6,7,0,False,,Medicaid,Home with services,True,16395.96,False
ADM-01029,P02288,2024-06-30,55,F,Pulmonology,Pneumonia,True,0,11,7,1,True,,Private,Home with services,False,40256.41,False
ADM-01030,P01583,2024-06-30,56,F,Nephrology,Kidney disease,False,2,13,10,1,True,8.0,Medicare,Home,False,40116.62,True
ADM-01031,P01000,2024-07-01,77,M,Pulmonology,COPD,True,1,4,14,1,False,,Private,Home,True,16909.78,False
ADM-01032,P00964,2024-07-01,61,F,Pulmonology,COPD,True,1,3,14,1,False,,Medicaid,Home,True,16833.8,False
ADM-01033,P03130,2024-07-01,57,F,Pulmonology,Pneumonia,True,1,3,6,1,False,,Private,Home,True,10187.17,False
ADM-01034,P02864,2024-07-01,55,F,Nephrology,Kidney disease,False,1,1,14,2,False,6.4,Medicare,Home with services,True,7783.21,False
ADM-01035,P01534,2024-07-01,98,F,Cardiology,Heart failure,True,1,3,9,2,False,5.0,Uninsured,Home,True,11931.21,False
ADM-01036,P02572,2024-07-02,74,M,Cardiology,Heart failure,True,0,1,12,0,False,,Medicaid,Home with services,True,9644.82,False
ADM-01037,P00359,2024-07-02,73,F,Orthopedics,Hip fracture,True,0,6,6,0,False,,Private,Skilled nursing facility,True,23705.55,False
ADM-01038,P01619,2024-07-03,82,F,General Medicine,Sepsis,True,1,4,10,2,True,7.1,Private,Home with services,True,8475.81,False
ADM-01039,P01676,2024-07-03,82,M,Pulmonology,Pneumonia,True,1,4,7,1,False,,Uninsured,Home,True,16842.54,False
ADM-01040,P02570,2024-07-03,69,F,Oncology,Chemotherapy complication,True,0,2,6,1,False,5.0,Medicare,Home with services,True,8077.31,False
ADM-01041,P00656,2024-07-03,89,M,Oncology,Chemotherapy complication,True,1,7,9,1,False,,Medicaid,Home,True,26690.63,False
ADM-01042,P02996,2024-07-03,65,M,General Medicine,Sepsis,False,1,5,11,3,True,,Medicare,Home,True,22716.67,False
ADM-01043,P01556,2024-07-03,88,F,Nephrology,Kidney disease,False,0,3,13,4,False,,Medicaid,Home with services,True,10677.43,False
ADM-01044,P00097,2024-07-04,97,M,Nephrology,Kidney disease,True,0,2,12,1,False,,Medicaid,Home,True,7583.31,False
ADM-01045,P00841,2024-07-04,45,M,General Medicine,Diabetes complication,True,1,3,16,1,True,8.4,Medicare,Home,True,17116.12,False
ADM-01046,P01862,2024-07-04,65,M,General Medicine,Diabetes complication,True,0,2,7,0,True,7.9,Medicaid,Home,True,10447.71,False
ADM-01047,P01454,2024-07-04,55,M,Orthopedics,Hip fracture,True,1,4,4,0,False,,Medicare,Home with services,False,17123.1,False
ADM-01048,P01631,2024-07-04,62,M,Oncology,Chemotherapy complication,True,2,9,8,2,False,,Medicare,Home,False,23645.95,False
ADM-01049,P00468,2024-07-05,59,M,Pulmonology,COPD,False,0,2,14,1,True,8.3,Medicare,Home,False,8504.26,True
ADM-01050,P01075,2024-07-05,57,M,Oncology,Chemotherapy complication,False,1,4,15,1,False,,Medicare,Home,True,13157.18,False
ADM-01051,P02460,2024-07-05,63,F,Pulmonology,Pneumonia,True,2,4,11,1,False,,Medicare,Home,True,12239.62,True
ADM-01052,P02229,2024-07-05,57,M,Oncology,Chemotherapy complication,False,1,3,12,2,True,9.8,Uninsured,Home,True,17894.74,False
ADM-01053,P00841,2024-07-05,62,M,Orthopedics,Hip fracture,False,0,7,5,2,False,5.3,Medicaid,Home,True,22841.17,False
ADM-01054,P02924,2024-07-05,87,F,General Medicine,Sepsis,True,1,5,7,1,False,,Medicare,Home,True,25541.24,False
ADM-01055,P03086,2024-07-06,68,F,Pulmonology,Pneumonia,True,0,3,11,1,False,,Medicaid,Home with services,True,12649.99,False
ADM-01056,P00696,2024-07-06,74,F,Oncology,Chemotherapy complication,True,0,8,14,1,True,5.9,Private,Home with services,True,23837.33,False
ADM-01057,P01539,2024-07-06,56,F,Nephrology,Kidney disease,False,0,5,9,1,False,,Private,Home with services,False,18370.28,False
ADM-01058,P00450,2024-07-06,60,F,General Medicine,Sepsis,True,0,3,5,1,False,,Medicaid,Home,False,15065.56,False
ADM-01059,P00236,2024-07-06,46,F,Oncology,Chemotherapy complication,False,0,3,10,1,True,,Private,Home with services,False,12116.04,False
ADM-01060,P00748,2024-07-06,67,M,Pulmonology,Pneumonia,False,1,6,13,0,False,,Medicaid,Skilled nursing facility,True,25122.71,False
ADM-01061,P01630,2024-07-06,63,F,Pulmonology,Pneumonia,False,1,4,3,1,False,,Medicare,Home,True,14898.9,False
ADM-01062,P02584,2024-07-06,74,M,Pulmonology,Pneumonia,False,1,6,6,0,False,,Medicare,Skilled nursing facility,True,27738.01,False
ADM-01063,P01849,2024-07-06,51,F,Oncology,Chemotherapy complication,True,0,3,13,0,True,,Medicare,Home,False,13285.25,False
ADM-01064,P01869,2024-07-07,63,F,Nephrology,Kidney disease,False,1,6,19,2,True,6.4,Medicare,Home,True,20099.73,False
ADM-01065,P00476,2024-07-07,77,M,Nephrology,Kidney disease,False,1,2,10,0,False,,Medicare,Home,True,9858.78,False
ADM-01066,P01926,2024-07-07,56,F,General Medicine,Sepsis,True,1,9,13,0,False,6.1,Medicare,Home with services,False,25990.3,False
ADM-01067,P02228,2024-07-07,61,M,General Medicine,Diabetes complication,True,0,7,12,1,True,8.0,Medicaid,Home,True,29966.13,False
ADM-01068,P01556,2024-07-08,78,F,Cardiology,Heart failure,False,1,5,11,1,False,,Private,Home with services,True,20843.4,True
ADM-01069,P00069,2024-07-09,77,F,Cardiology,Heart failure,True,5,4,9,1,True,6.4,Medicaid,Home,False,15070.84,False
ADM-01070,P01677,2024-07-09,61,F,Orthopedics,Hip fracture,True,1,10,6,3,False,,Medicare,Rehab,True,34850.95,True
ADM-01071,P01632,2024-07-09,59,M,Cardiology,Heart failure,True,0,6,6,1,False,,Uninsured,Home,True,20225.04,False
ADM-01072,P02943,2024-07-09,82,F,Cardiology,Heart failure,True,1,2,10,0,False,5.1,Medicare,Home with services,True,9582.94,False
ADM-01073,P00650,2024-07-09,72,M,Orthopedics,Hip fracture,False,1,4,6,0,False,,Private,Skilled nursing facility,True,17282.54,False
ADM-01074,P00159,2024-07-09,74,F,Nephrology,Kidney disease,True,4,1,7,0,False,5.5,Private,Home,False,5611.68,False
ADM-01075,P02751,2024-07-10,69,F,General Medicine,Sepsis,False,1,12,9,0,False,,Medicare,Home with services,True,46456.77,False
ADM-01076,P00365,2024-07-11,65,M,General Medicine,Sepsis,True,1,6,13,3,False,,Private,Home,False,22044.91,False
ADM-01077,P00999,2024-07-11,61,F,Orthopedics,Hip fracture,True,0,7,9,0,False,5.4,Private,Home with services,True,28277.41,False
ADM-01078,P01977,2024-07-11,75,M,Orthopedics,Hip fracture,True,0,6,11,3,False,,Medicare,Home,True,23710.77,False
ADM-01079,P01455,2024-07-11,75,F,Pulmonology,COPD,False,0,1,7,1,False,,Medicaid,Home,True,5747.3,False
ADM-01080,P01459,2024-07-11,62,F,Orthopedics,Hip fracture,True,1,1,8,2,False,,Medicare,Home,True,4550.92,False
ADM-01081,P00167,2024-07-12,52,F,Cardiology,Heart failure,True,2,7,10,2,False,,Medicaid,Rehab,True,22719.76,False
ADM-01082,P00850,2024-07-12,50,M,General Medicine,Sepsis,True,1,3,7,3,False,,Private,Skilled nursing facility,True,13320.84,False
ADM-01083,P02965,2024-07-12,80,F,Oncology,Chemotherapy complication,True,1,2,14,1,True,,Medicaid,Home,True,13521.53,False
ADM-01084,P01768,2024-07-13,90,M,Pulmonology,Pneumonia,False,1,3,12,0,False,,Medicare,Home,True,13389.38,False
ADM-01085,P02909,2024-07-13,76,M,Pulmonology,COPD,False,2,6,9,0,False,,Medicare,Skilled nursing facility,True,27153.79,False
ADM-01086,P00399,2024-07-13,45,M,Pulmonology,Pneumonia,False,0,7,8,1,False,,Medicare,Home with services,True,29613.78,False
ADM-01087,P01075,2024-07-13,74,M,General Medicine,Diabetes complication,True,0,3,10,3,True,9.8,Medicare,Home with services,False,13112.7,True
ADM-01088,P02561,2024-07-13,52,M,Pulmonology,COPD,True,1,5,7,0,False,5.1,Medicare,Home with services,True,17428.44,False
ADM-01089,P02509,2024-07-14,51,M,Oncology,Chemotherapy complication,True,0,5,5,1,False,,Private,Skilled nursing facility,True,14576.7,False
ADM-01090,P00610,2024-07-14,62,F,Pulmonology,Pneumonia,True,2,5,6,1,False,,Medicare,Home,True,19406.2,False
ADM-01091,P00930,2024-07-14,93,M,Pulmonology,Pneumonia,True,1,4,14,1,False,,Private,Home,True,15914.47,False
ADM-01092,P02387,2024-07-14,57,F,Nephrology,Kidney disease,True,0,9,10,0,False,,Medicare,Skilled nursing facility,False,38433.39,False
ADM-01093,P02354,2024-07-14,81,M,Pulmonology,Pneumonia,False,2,2,11,2,True,8.3,Private,Home,True,10889.95,False
ADM-01094,P02484,2024-07-14,75,F,General Medicine,Diabetes complication,True,0,5,9,0,True,6.5,Medicare,Skilled nursing facility,True,16960.45,False
ADM-01095,P02127,2024-07-15,61,F,General Medicine,Diabetes complication,True,0,4,8,1,True,6.1,Medicare,Home with services,True,16268.23,False
ADM-01096,P00440,2024-07-15,71,M,General Medicine,Sepsis,True,1,2,11,2,False,5.7,Private,Rehab,False,8160.02,False
ADM-01097,P00483,2024-07-15,94,F,Cardiology,Heart failure,True,1,5,10,2,False,,Medicare,Home with services,False,22400.81,False
ADM-01098,P01398,2024-07-15,63,M,Pulmonology,Pneumonia,False,1,5,7,1,False,,Medicare,Home,False,10961.03,False
ADM-01099,P01269,2024-07-15,72,M,Pulmonology,COPD,True,3,6,12,0,False,6.2,Medicaid,Home,True,22535.76,False
ADM-01100,P00472,2024-07-15,85,F,General Medicine,Sepsis,False,2,4,11,2,False,5.8,Medicare,Home,True,13280.7,False
ADM-01101,P02061,2024-07-15,65,M,Orthopedics,Hip fracture,False,2,1,7,0,False,,Medicaid,Skilled nursing facility,True,7582.92,False
ADM-01102,P01058,2024-07-15,83,F,Pulmonology,COPD,True,0,1,11,0,False,,Medicare,Home with services,True,5516.6,False
ADM-01103,P00547,2024-07-15,78,M,General Medicine,Sepsis,True,1,11,5,1,False,,Medicare,Home,True,38585.75,False
ADM-01104,P01072,2024-07-15,62,F,Oncology,Chemotherapy complication,False,0,3,7,1,False,5.6,Private,Home with services,True,14577.65,False
ADM-01105,P00025,2024-07-15,43,F,Oncology,Chemotherapy complication,True,2,1,9,2,False,,Private,Home,True,6815.86,False
ADM-01106,P01108,2024-07-15,88,F,General Medicine,Sepsis,True,0,9,6,3,False,5.8,Medicare,Home,True,29936.79,False
ADM-01107,P03027,2024-07-15,87,F,Pulmonology,COPD,True,0,2,17,0,True,7.3,Medicare,Home with services,True,10840.99,False
ADM-01108,P01558,2024-07-15,74,M,Pulmonology,COPD,True,0,3,9,1,False,,Private,Home,False,14402.35,False
ADM-01109,P01636,2024-07-16,79,F,Nephrology,Kidney disease,False,0,8,9,0,False,5.6,Medicare,Home,False,28311.37,True
ADM-01110,P01211,2024-07-16,34,F,General Medicine,Sepsis,True,1,1,13,1,False,5.9,Medicare,Home,False,6394.99,False
ADM-01111,P00170,2024-07-16,76,M,Pulmonology,Pneumonia,True,0,1,4,0,False,,Medicare,Home with services,True,10994.65,False
ADM-01112,P01792,2024-07-16,63,F,Pulmonology,Pneumonia,False,2,4,9,4,True,,Medicaid,Home,True,17440.43,False
ADM-01113,P02748,2024-07-16,68,F,General Medicine,Sepsis,False,0,6,6,0,False,,Medicare,Home,False,23277.13,False
ADM-01114,P02847,2024-07-16,73,M,General Medicine,Sepsis,True,1,6,9,1,True,6.6,Medicare,Home with services,True,31972.64,False
ADM-01115,P00084,2024-07-17,76,M,Pulmonology,COPD,True,0,3,9,1,False,,Medicare,Home with services,True,11129.84,False
ADM-01116,P02994,2024-07-17,79,F,Pulmonology,COPD,True,0,2,10,1,False,,Medicare,Home,False,13573.73,False
ADM-01117,P02851,2024-07-17,64,M,Cardiology,Heart failure,False,0,3,12,1,False,,Uninsured,Home,False,13655.19,False
ADM-01118,P01641,2024-07-17,52,F,Nephrology,Kidney disease,False,1,3,11,1,False,,Medicare,Rehab,False,12664.97,False
ADM-01119,P00048,2024-07-18,75,M,Pulmonology,COPD,True,3,2,12,0,False,,Private,Home,True,8680.59,True
ADM-01120,P02820,2024-07-18,83,M,Nephrology,Kidney disease,True,0,4,16,0,True,8.8,Medicaid,Home with services,True,15821.57,False
ADM-01121,P01477,2024-07-18,74,M,Cardiology,Heart failure,False,1,3,5,1,True,6.5,Medicare,Rehab,False,13631.71,False
ADM-01122,P00571,2024-07-18,59,F,Cardiology,Heart failure,True,1,13,14,1,True,6.2,Uninsured,Home,True,41628.18,False
ADM-01123,P03019,2024-07-18,58,F,Pulmonology,Pneumonia,False,0,5,9,2,False,,Medicaid,Home,False,18408.73,False
ADM-01124,P02147,2024-07-18,68,M,Oncology,Chemotherapy complication,False,1,4,11,2,False,,Medicaid,Home,True,11470.91,False
ADM-01125,P01575,2024-07-19,61,M,Pulmonology,COPD,True,2,10,14,4,True,,Private,Skilled nursing facility,True,40209.1,False
ADM-01126,P02551,2024-07-19,76,F,Cardiology,Heart failure,True,1,3,9,3,False,,Private,Home,False,10306.99,False
ADM-01127,P02107,2024-07-19,93,F,Oncology,Chemotherapy complication,False,0,6,9,0,False,,Medicaid,Home,True,21756.27,False
ADM-01128,P01312,2024-07-19,48,M,Pulmonology,Pneumonia,True,1,4,7,3,False,,Medicare,Home with services,True,17445.5,True
ADM-01129,P02574,2024-07-20,80,M,Oncology,Chemotherapy complication,True,1,10,8,5,False,,Medicare,Home,True,25325.55,True
ADM-01130,P00670,2024-07-20,66,F,Oncology,Chemotherapy complication,False,0,10,7,1,True,8.0,Private,Home,False,39556.49,False
ADM-01131,P02857,2024-07-20,68,M,General Medicine,Sepsis,False,0,16,10,2,False,,Medicaid,Home with services,True,71132.97,False
ADM-01132,P01274,2024-07-20,53,F,Nephrology,Kidney disease,True,3,2,8,2,True,6.9,Medicare,Home,True,11645.84,False
ADM-01133,P01591,2024-07-20,70,M,General Medicine,Diabetes complication,False,0,3,13,3,True,7.7,Medicare,Home,False,15672.06,True
ADM-01134,P02592,2024-07-21,36,F,Cardiology,Heart failure,False,0,3,8,0,False,,Medicare,Home,True,8903.07,True
ADM-01135,P00802,2024-07-21,58,M,Cardiology,Heart failure,True,0,3,9,0,True,7.4,Private,Home,False,14785.86,False
ADM-01136,P02796,2024-07-22,50,M,Pulmonology,Pneumonia,True,0,3,8,1,False,,Medicaid,Home,False,14156.92,False
ADM-01137,P00303,2024-07-22,72,M,Orthopedics,Hip fracture,True,1,2,10,1,True,8.3,Medicare,Home with services,False,8679.15,False
ADM-01138,P01032,2024-07-22,67,M,Orthopedics,Hip fracture,False,0,3,5,1,False,,Private,Home,True,16185.68,False
ADM-01139,P02338,2024-07-22,84,M,Cardiology,Heart failure,True,1,1,2,3,False,,Medicare,Skilled nursing facility,True,4791.28,False
ADM-01140,P00458,2024-07-22,50,F,Orthopedics,Hip fracture,False,1,2,7,1,False,,Private,Home,True,13920.22,False
ADM-01141,P02013,2024-07-22,52,F,Pulmonology,COPD,True,0,6,11,1,True,7.3,Uninsured,Home,True,28762.42,False
ADM-01142,P01744,2024-07-23,81,M,General Medicine,Diabetes complication,True,0,2,13,4,True,12.6,Medicare,Home,False,9661.78,True
ADM-01143,P00907,2024-07-23,56,M,Orthopedics,Hip fracture,True,1,7,9,2,False,,Medicare,Home,True,29525.12,False
ADM-01144,P00548,2024-07-23,77,F,General Medicine,Diabetes complication,False,0,5,12,1,True,7.8,Medicare,Skilled nursing facility,True,14650.35,False
ADM-01145,P02256,2024-07-23,67,M,Oncology,Chemotherapy complication,True,0,3,7,1,False,,Uninsured,Skilled nursing facility,True,15604.98,False
ADM-01146,P00701,2024-07-23,92,F,General Medicine,Sepsis,True,0,8,17,0,False,,Medicare,Home,False,18210.78,False
ADM-01147,P02147,2024-07-24,69,M,Pulmonology,Pneumonia,True,3,6,17,3,True,7.5,Medicare,Skilled nursing facility,False,24860.68,True
ADM-01148,P03000,2024-07-24,81,F,Nephrology,Kidney disease,True,0,8,7,3,False,5.3,Medicaid,Home,True,32122.09,False
ADM-01149,P02175,2024-07-24,51,F,Pulmonology,Pneumonia,True,0,9,8,1,False,,Medicare,Home,True,28838.43,False
ADM-01150,P01192,2024-07-24,63,M,Orthopedics,Hip fracture,True,0,7,8,4,False,5.6,Medicare,Skilled nursing facility,True,23285.99,False
ADM-01151,P00041,2024-07-25,86,M,General Medicine,Diabetes complication,False,0,1,11,1,True,7.4,Medicare,Home with services,True,8241.52,False
ADM-01152,P02292,2024-07-25,43,F,General Medicine,Diabetes complication,True,2,4,17,0,True,9.7,Medicare,Home,False,14501.34,False
ADM-01153,P01174,2024-07-25,73,F,Orthopedics,Hip fracture,True,1,3,15,1,False,,Private,Home,True,10308.24,False
ADM-01154,P00581,2024-07-25,65,F,Nephrology,Kidney disease,True,1,3,10,0,True,7.6,Medicaid,Home,False,11226.25,False
ADM-01155,P01421,2024-07-25,75,M,Pulmonology,Pneumonia,False,0,1,9,2,False,,Medicare,Skilled nursing facility,True,7833.31,False
ADM-01156,P00743,2024-07-25,48,M,Orthopedics,Hip fracture,False,0,2,9,4,True,7.2,Uninsured,Home with services,True,8066.11,False
ADM-01157,P00625,2024-07-25,56,M,Pulmonology,COPD,True,0,3,4,2,False,,Private,Home,True,10445.07,False
ADM-01158,P01952,2024-07-26,80,M,Oncology,Chemotherapy complication,True,1,4,6,1,True,10.7,Private,Home,True,17175.63,False
ADM-01159,P00568,2024-07-26,83,F,Pulmonology,Pneumonia,True,2,6,11,1,False,,Private,Home,False,21984.28,False
ADM-01160,P02285,2024-07-26,55,M,Nephrology,Kidney disease,True,0,11,11,0,False,,Medicare,Home,True,45305.18,False
ADM-01161,P01467,2024-07-26,79,M,Cardiology,Heart failure,True,1,10,8,0,False,,Medicare,Home with services,False,49138.51,False
ADM-01162,P01820,2024-07-26,49,F,Oncology,Chemotherapy complication,False,0,8,12,3,True,4.8,Medicaid,Home with services,False,28311.09,False
ADM-01163,P01932,2024-07-27,58,M,General Medicine,Diabetes complication,True,0,4,10,2,True,6.9,Medicare,Home with services,False,12310.41,False
ADM-01164,P00874,2024-07-28,61,M,Oncology,Chemotherapy complication,True,1,6,8,1,False,5.2,Medicare,Home,True,18337.57,False
ADM-01165,P01614,2024-07-28,82,M,Pulmonology,Pneumonia,False,1,7,8,2,False,,Medicare,Rehab,True,22580.19,False
ADM-01166,P01582,2024-07-28,88,F,Cardiology,Heart failure,True,0,4,16,0,False,,Medicare,Home,True,19156.32,False
ADM-01167,P00444,2024-07-28,85,M,Orthopedics,Hip fracture,False,2,3,10,4,False,,Medicare,Home,True,11879.88,False
ADM-01168,P00792,2024-07-28,57,M,Oncology,Chemotherapy complication,True,0,1,9,0,True,7.9,Medicaid,Home with services,True,6752.31,False
ADM-01169,P02764,2024-07-28,77,F,Pulmonology,Pneumonia,True,3,5,12,1,True,11.0,Private,Skilled nursing facility,True,20292.83,False
ADM-01170,P01188,2024-07-28,69,F,Orthopedics,Hip fracture,False,1,4,5,4,True,6.3,Medicare,Home,True,15790.38,False
ADM-01171,P00740,2024-07-29,72,F,Pulmonology,COPD,False,0,4,13,0,False,5.6,Medicaid,Home,False,19293.63,True
ADM-01172,P02395,2024-07-29,65,F,Pulmonology,COPD,True,0,3,6,3,False,,Medicare,Home,True,14231.27,False
ADM-01173,P02786,2024-07-29,68,M,General Medicine,Diabetes complication,False,0,7,13,0,True,9.7,Medicare,Rehab,True,26412.39,False
ADM-01174,P00933,2024-07-29,67,M,Pulmonology,COPD,False,0,4,10,1,False,5.1,Medicare,Home,True,13399.1,False
ADM-01175,P03155,2024-07-30,69,M,Pulmonology,COPD,False,2,6,4,2,False,,Medicare,Home,False,15353.0,False
ADM-01176,P02594,2024-07-30,49,F,Nephrology,Kidney disease,True,0,12,13,1,True,7.8,Uninsured,Home with services,True,42793.45,False
ADM-01177,P00547,2024-07-31,65,F,Nephrology,Kidney disease,False,0,3,18,2,True,8.6,Medicare,Home with services,True,13270.11,False
ADM-01178,P01010,2024-07-31,99,F,Oncology,Chemotherapy complication,True,1,5,3,4,False,,Private,Rehab,True,21456.29,False
ADM-01179,P00902,2024-07-31,80,F,Nephrology,Kidney disease,True,0,7,9,4,False,5.8,Private,Home with services,True,25059.21,False
ADM-01180,P01821,2024-07-31,83,M,General Medicine,Diabetes complication,True,2,5,10,2,True,7.2,Medicare,Home,True,18685.25,False
ADM-01181,P00977,2024-07-31,53,M,Pulmonology,Pneumonia,True,0,9,12,1,False,,Medicare,Skilled nursing facility,True,22644.4,False
ADM-01182,P01448,2024-08-01,89,M,Oncology,Chemotherapy complication,False,0,5,6,1,True,,Medicaid,Home,True,19820.63,False
ADM-01183,P01459,2024-08-01,73,F,Nephrology,Kidney disease,True,1,2,16,1,True,7.3,Uninsured,Home,True,6655.18,False
ADM-01184,P01762,2024-08-01,76,F,Pulmonology,Pneumonia,True,2,5,13,1,False,5.8,Uninsured,Home,True,11240.4,False
ADM-01185,P00245,2024-08-01,81,F,Pulmonology,COPD,True,2,4,10,5,False,,Medicare,Home,False,10418.02,False
ADM-01186,P02425,2024-08-01,72,F,Pulmonology,COPD,False,0,18,8,2,False,,Uninsured,Skilled nursing facility,False,67180.29,True
ADM-01187,P01021,2024-08-01,61,F,Orthopedics,Hip fracture,False,0,3,12,1,False,5.6,Private,Home with services,True,11833.24,False
ADM-01188,P00285,2024-08-01,75,F,Pulmonology,Pneumonia,True,0,1,5,0,True,9.0,Private,Skilled nursing facility,False,7360.4,True
ADM-01189,P02585,2024-08-01,49,F,Cardiology,Heart failure,True,0,13,7,3,False,,Private,Home,False,40734.79,True
ADM-01190,P00059,2024-08-01,57,M,Orthopedics,Hip fracture,True,2,7,15,1,True,,Medicaid,Skilled nursing facility,False,30042.89,False
ADM-01191,P00004,2024-08-02,61,F,Pulmonology,COPD,True,0,7,12,1,False,,Private,Skilled nursing facility,False,28269.47,True
ADM-01192,P00367,2024-08-02,83,M,General Medicine,Diabetes complication,False,1,1,7,1,True,,Private,Home,True,6622.04,False
ADM-01193,P01412,2024-08-02,69,M,Pulmonology,Pneumonia,True,2,4,11,2,False,5.2,Medicare,Skilled nursing facility,True,22885.38,False
ADM-01194,P01556,2024-08-02,79,M,Cardiology,Heart failure,False,1,5,11,3,False,,Private,Home,True,17135.43,False
ADM-01195,P00954,2024-08-02,61,M,Nephrology,Kidney disease,False,1,4,7,1,False,5.7,Private,Home,True,17587.57,False
ADM-01196,P01457,2024-08-02,59,M,Pulmonology,Pneumonia,True,0,2,6,3,False,,Medicaid,Home with services,True,10717.06,False
ADM-01197,P02625,2024-08-03,43,F,Cardiology,Heart failure,True,1,18,12,2,True,6.8,Medicare,Rehab,True,49002.94,False
ADM-01198,P00815,2024-08-03,65,M,Cardiology,Heart failure,True,0,7,13,2,True,8.1,Medicaid,Skilled nursing facility,False,19047.34,True
ADM-01199,P01247,2024-08-03,80,F,Oncology,Chemotherapy complication,True,0,1,10,1,False,,Medicare,Home,True,10128.32,False
ADM-01200,P00845,2024-08-03,87,M,Oncology,Chemotherapy complication,True,2,2,11,1,False,,Medicare,Home,True,12548.12,False
ADM-01201,P02088,2024-08-04,65,F,Orthopedics,Hip fracture,True,0,2,9,2,True,10.6,Medicare,Home,True,8644.3,False
ADM-01202,P00161,2024-08-04,63,F,Cardiology,Heart failure,True,1,3,4,1,False,,Medicare,Home,False,12299.78,False
ADM-01203,P00918,2024-08-04,74,F,General Medicine,Diabetes complication,True,2,6,11,2,True,8.3,Medicaid,Skilled nursing facility,True,19352.31,True
ADM-01204,P01945,2024-08-04,72,F,General Medicine,Sepsis,True,0,2,9,1,True,9.8,Medicaid,Home,True,11513.52,False
ADM-01205,P01601,2024-08-04,69,F,General Medicine,Diabetes complication,True,1,7,11,3,True,8.3,Medicare,Skilled nursing facility,True,26173.35,False
ADM-01206,P02805,2024-08-04,65,F,Cardiology,Heart failure,True,0,5,16,0,False,,Private,Rehab,False,10851.54,False
ADM-01207,P02245,2024-08-04,63,F,Pulmonology,Pneumonia,False,0,2,9,0,True,8.4,Medicare,Skilled nursing facility,False,12146.55,False
ADM-01208,P00433,2024-08-04,69,M,General Medicine,Sepsis,True,3,2,8,2,False,,Private,Home,True,11520.94,False
ADM-01209,P01932,2024-08-05,88,F,Nephrology,Kidney disease,True,2,3,13,3,False,,Medicaid,Home,True,13575.08,False
ADM-01210,P00450,2024-08-05,70,M,Nephrology,Kidney disease,True,3,2,4,1,False,,Private,Home,True,9879.14,False
ADM-01211,P02600,2024-08-05,66,F,General Medicine,Sepsis,True,1,3,9,2,False,,Medicare,Home with services,False,11777.07,False
ADM-01212,P01084,2024-08-05,43,F,Pulmonology,COPD,True,0,1,8,1,True,,Medicare,Skilled nursing facility,False,7055.42,False
ADM-01213,P02186,2024-08-05,80,M,Orthopedics,Hip fracture,True,1,5,8,2,False,,Medicare,Home with services,True,25027.76,False
ADM-01214,P03067,2024-08-05,71,M,Oncology,Chemotherapy complication,False,2,3,12,1,True,8.1,Medicaid,Skilled nursing facility,False,13713.2,True
ADM-01215,P00963,2024-08-06,47,F,Pulmonology,Pneumonia,False,2,1,10,1,False,,Private,Home,True,6153.61,False
ADM-01216,P00495,2024-08-06,74,F,General Medicine,Sepsis,True,0,9,5,2,False,,Medicaid,Home,True,25643.66,False
ADM-01217,P00453,2024-08-06,80,F,General Medicine,Sepsis,True,0,3,7,2,False,,Medicare,Skilled nursing facility,True,11050.6,False
ADM-01218,P02765,2024-08-07,71,F,Nephrology,Kidney disease,True,1,4,9,1,False,,Medicare,Home with services,False,16066.66,True
ADM-01219,P00279,2024-08-07,66,F,Nephrology,Kidney disease,False,1,7,5,0,True,6.2,Uninsured,Skilled nursing facility,True,30545.76,False
ADM-01220,P00446,2024-08-08,75,F,Orthopedics,Hip fracture,True,0,3,13,1,True,9.9,Medicaid,Home,True,14422.64,False
ADM-01221,P03143,2024-08-08,52,F,General Medicine,Diabetes complication,True,1,2,14,3,True,8.4,Medicare,Skilled nursing facility,False,5406.02,False
ADM-01222,P02629,2024-08-08,79,M,Orthopedics,Hip fracture,True,0,12,14,1,True,9.4,Medicare,Home with services,True,38774.41,False
ADM-01223,P00434,2024-08-08,57,M,Pulmonology,COPD,False,0,8,14,2,False,5.5,Private,Home,True,27157.31,False
ADM-01224,P00627,2024-08-08,59,M,Oncology,Chemotherapy complication,True,2,4,9,1,True,7.7,Medicare,Home,False,14936.48,False
ADM-01225,P02125,2024-08-08,67,F,Cardiology,Heart failure,True,1,2,10,0,False,,Private,Home,False,10182.1,True
ADM-01226,P00582,2024-08-08,75,F,Cardiology,Heart failure,False,1,2,6,0,False,,Medicare,Home with services,False,5046.42,False
ADM-01227,P00130,2024-08-09,57,M,Cardiology,Heart failure,True,1,3,11,2,True,7.7,Medicare,Home,True,11599.18,False
ADM-01228,P02350,2024-08-09,57,F,Pulmonology,COPD,True,2,2,12,1,False,,Medicaid,Home with services,True,10782.78,False
ADM-01229,P02437,2024-08-09,72,F,General Medicine,Sepsis,False,4,5,9,1,False,,Medicaid,Home,True,19813.24,True
ADM-01230,P00433,2024-08-10,96,M,Oncology,Chemotherapy complication,True,1,4,12,2,False,,Medicare,Rehab,True,10507.97,False
ADM-01231,P03042,2024-08-10,67,M,Pulmonology,Pneumonia,False,0,4,6,1,True,7.4,Private,Home with services,False,15302.51,False
ADM-01232,P01698,2024-08-10,94,M,General Medicine,Sepsis,True,1,8,12,1,True,8.3,Medicare,Home,True,31217.2,True
ADM-01233,P01684,2024-08-10,68,M,Cardiology,Heart failure,False,1,5,6,1,False,,Medicare,Home,True,13980.38,False
ADM-01234,P01714,2024-08-10,67,F,General Medicine,Diabetes complication,True,0,7,8,1,True,6.2,Medicaid,Home,True,19952.64,False
ADM-01235,P01903,2024-08-11,89,M,Nephrology,Kidney disease,False,2,13,13,2,False,,Private,Home,True,59423.61,False
ADM-01236,P01542,2024-08-11,71,F,Nephrology,Kidney disease,False,0,9,6,2,False,,Medicare,Home,False,30805.32,False
ADM-01237,P00043,2024-08-11,65,F,Nephrology,Kidney disease,True,0,3,8,1,True,9.1,Private,Home with services,True,16396.25,True
ADM-01238,P00569,2024-08-12,70,F,Pulmonology,COPD,False,1,1,6,2,False,,Medicaid,Home,True,5535.61,False
ADM-01239,P00999,2024-08-12,69,F,Orthopedics,Hip fracture,True,1,7,9,2,False,,Medicare,Skilled nursing facility,False,31326.89,False
ADM-01240,P02567,2024-08-12,83,F,Pulmonology,COPD,False,0,3,12,0,True,,Medicare,Home,True,11805.03,False
ADM-01241,P02703,2024-08-12,62,M,Nephrology,Kidney disease,True,0,9,6,0,True,2.9,Medicare,Skilled nursing facility,False,32027.88,False
ADM-01242,P02133,2024-08-12,60,M,Cardiology,Heart failure,True,0,3,5,1,False,,Medicaid,Home,True,19404.77,False
ADM-01243,P00304,2024-08-13,57,M,Nephrology,Kidney disease,True,0,5,8,1,False,5.4,Medicare,Home,True,19905.02,False
ADM-01244,P00011,2024-08-13,63,F,Cardiology,Heart failure,False,0,8,8,0,False,,Private,Home with services,True,35688.08,False
ADM-01245,P02278,2024-08-13,71,M,General Medicine,Sepsis,True,1,3,14,1,False,,Medicaid,Rehab,True,12380.41,False
ADM-01246,P01954,2024-08-13,57,F,General Medicine,Sepsis,True,0,6,5,2,False,,Medicaid,Home,True,22315.59,False
ADM-01247,P02914,2024-08-13,70,M,Nephrology,Kidney disease,True,2,3,10,1,True,9.8,Medicaid,Home,True,12295.72,False
ADM-01248,P02268,2024-08-14,78,M,General Medicine,Sepsis,False,0,2,10,2,False,,Private,Home with services,False,8536.38,True
ADM-01249,P02544,2024-08-14,64,F,Nephrology,Kidney disease,True,1,11,9,2,False,,Private,Home,False,36844.15,False
ADM-01250,P00532,2024-08-14,60,M,Orthopedics,Hip fracture,True,0,2,7,0,False,,Medicare,Home,True,6825.67,False
ADM-01251,P02575,2024-08-14,53,M,Pulmonology,COPD,True,1,8,15,3,True,7.5,Medicaid,Home,True,30609.08,False
ADM-01252,P02356,2024-08-14,58,M,Orthopedics,Hip fracture,True,3,1,8,0,False,,Medicaid,Home,True,6509.78,False
ADM-01253,P00966,2024-08-15,54,F,Oncology,Chemotherapy complication,False,0,3,10,1,True,9.1,Medicare,Home,False,16277.02,False
ADM-01254,P02815,2024-08-15,62,M,Nephrology,Kidney disease,True,1,6,9,0,False,,Medicare,Home,True,15759.2,False
ADM-01255,P02537,2024-08-15,55,M,Cardiology,Heart failure,False,1,2,7,0,False,,Private,Home with services,True,12258.83,False
ADM-01256,P00641,2024-08-15,69,F,Oncology,Chemotherapy complication,False,0,5,12,2,False,,Medicaid,Home,True,12064.94,False
ADM-01257,P00388,2024-08-15,55,F,Orthopedics,Hip fracture,False,1,1,10,2,True,6.0,Medicare,Home,True,7006.74,False
ADM-01258,P02596,2024-08-15,69,M,Pulmonology,COPD,True,0,3,9,3,False,5.8,Private,Home,True,15051.35,False
ADM-01259,P02678,2024-08-16,76,F,Cardiology,Heart failure,False,1,4,14,0,False,5.3,Private,Home,False,12345.49,False
ADM-01260,P00368,2024-08-16,66,M,Nephrology,Kidney disease,True,0,4,10,3,False,,Medicare,Home,True,16486.87,False
ADM-01261,P00301,2024-08-16,55,F,Nephrology,Kidney disease,True,0,8,15,3,True,,Private,Home,True,28180.56,False
ADM-01262,P01482,2024-08-16,77,F,Nephrology,Kidney disease,True,1,16,8,2,False,,Private,Home with services,False,55496.68,False
ADM-01263,P02438,2024-08-16,69,F,General Medicine,Diabetes complication,False,0,2,15,1,True,8.1,Medicaid,Home with services,True,10134.66,False
ADM-01264,P02519,2024-08-16,69,F,Pulmonology,COPD,False,0,3,9,2,False,,Medicare,Home with services,False,15461.18,False
ADM-01265,P01606,2024-08-17,52,F,Cardiology,Heart failure,False,0,10,6,1,False,,Medicaid,Home with services,False,34352.93,False
ADM-01266,P02943,2024-08-17,80,F,General Medicine,Diabetes complication,True,4,3,11,2,True,7.0,Medicaid,Home,False,10899.95,False
ADM-01267,P03040,2024-08-17,66,F,Oncology,Chemotherapy complication,True,1,4,9,3,False,,Medicare,Home,True,17201.35,False
ADM-01268,P02715,2024-08-18,85,F,Cardiology,Heart failure,False,0,3,9,2,True,5.1,Medicaid,Home,False,15521.29,False
ADM-01269,P01197,2024-08-18,45,M,Nephrology,Kidney disease,False,2,8,8,2,False,,Medicare,Home,False,33434.33,False
ADM-01270,P01903,2024-08-19,58,F,General Medicine,Sepsis,True,0,6,7,1,True,8.2,Medicare,Home with services,True,21862.58,False
ADM-01271,P01696,2024-08-19,65,M,Nephrology,Kidney disease,True,1,4,7,1,False,,Medicare,Home,False,15443.55,False
ADM-01272,P02714,2024-08-19,64,F,Orthopedics,Hip fracture,False,0,12,9,0,False,,Medicare,Rehab,False,51766.05,True
ADM-01273,P02929,2024-08-19,76,F,Pulmonology,COPD,False,1,1,11,0,False,,Private,Skilled nursing facility,True,6383.77,False
ADM-01274,P01294,2024-08-19,53,M,Pulmonology,Pneumonia,True,1,8,9,2,False,,Medicaid,Home,True,23058.65,False
ADM-01275,P03100,2024-08-19,64,M,Orthopedics,Hip fracture,True,3,6,13,0,False,,Private,Skilled nursing facility,True,21361.63,False
ADM-01276,P02874,2024-08-19,64,M,Cardiology,Heart failure,True,2,9,9,1,False,,Private,Home with services,True,39159.6,False
ADM-01277,P01176,2024-08-19,68,F,Oncology,Chemotherapy complication,False,0,11,9,2,False,,Private,Home,True,37368.0,False
ADM-01278,P02142,2024-08-19,79,F,General Medicine,Sepsis,False,2,4,6,1,False,,Medicare,Home,True,21207.01,False
ADM-01279,P01944,2024-08-19,57,M,Pulmonology,Pneumonia,False,0,2,13,1,False,,Medicaid,Rehab,False,11021.57,False
ADM-01280,P02871,2024-08-19,74,F,Cardiology,Heart failure,True,3,9,11,0,False,,Medicare,Home,False,38939.93,False
ADM-01281,P01827,2024-08-19,61,F,Pulmonology,Pneumonia,False,2,2,10,2,False,5.8,Private,Skilled nursing facility,False,11965.89,False
ADM-01282,P00738,2024-08-20,46,M,Pulmonology,COPD,True,0,6,11,1,False,,Medicare,Home,False,17150.3,False
ADM-01283,P01238,2024-08-20,59,M,Cardiology,Heart failure,True,1,1,10,1,False,,Private,Home with services,True,7426.91,False
ADM-01284,P00631,2024-08-20,76,F,Pulmonology,Pneumonia,False,0,6,7,0,True,9.5,Private,Home,True,21291.99,False
ADM-01285,P00912,2024-08-20,73,F,Oncology,Chemotherapy complication,True,0,2,13,0,True,,Medicaid,Skilled nursing facility,True,11910.83,False
ADM-01286,P00437,2024-08-20,75,F,Cardiology,Heart failure,False,2,12,14,1,True,7.0,Medicare,Skilled nursing facility,True,47802.99,True
ADM-01287,P00826,2024-08-21,58,F,Pulmonology,Pneumonia,False,0,6,6,2,False,,Medicare,Home with services,True,23040.92,False
ADM-01288,P01609,2024-08-21,91,F,Oncology,Chemotherapy complication,True,2,3,11,1,False,,Medicare,Home with services,True,13073.31,True
ADM-01289,P01652,2024-08-21,43,M,Nephrology,Kidney disease,True,0,12,11,2,False,5.9,Private,Home,True,35414.75,False
ADM-01290,P02696,2024-08-21,73,F,Pulmonology,COPD,True,0,1,9,1,False,5.3,Medicare,Home with services,True,9517.07,False
ADM-01291,P00265,2024-08-21,73,M,Cardiology,Heart failure,True,0,3,11,1,False,,Medicare,Home,True,14391.78,True
ADM-01292,P01674,2024-08-22,77,M,Oncology,Chemotherapy complication,True,0,7,6,3,False,,Private,Home,True,26075.83,False
ADM-01293,P02229,2024-08-22,62,M,Pulmonology,COPD,True,2,3,8,0,False,,Medicare,Home,False,18697.42,False
ADM-01294,P00043,2024-08-22,58,F,Pulmonology,COPD,True,0,4,10,1,False,,Uninsured,Home,True,21741.03,False
ADM-01295,P01073,2024-08-23,55,F,General Medicine,Sepsis,False,1,3,13,1,True,4.7,Medicare,Skilled nursing facility,True,12309.41,False
ADM-01296,P01395,2024-08-23,78,F,Pulmonology,COPD,True,0,3,5,2,False,5.9,Private,Home with services,False,11520.19,False
ADM-01297,P02612,2024-08-23,57,F,Pulmonology,Pneumonia,True,1,6,7,2,False,,Medicare,Rehab,True,20305.82,False
ADM-01298,P00057,2024-08-23,62,F,Pulmonology,Pneumonia,True,1,2,15,1,True,,Medicare,Home,True,11651.24,False
ADM-01299,P02949,2024-08-24,46,M,Nephrology,Kidney disease,True,2,3,6,2,False,,Medicare,Home with services,True,15215.35,False
ADM-01300,P00077,2024-08-24,68,F,Orthopedics,Hip fracture,True,1,5,12,3,False,,Medicare,Home,True,21644.69,False
ADM-01301,P02007,2024-08-24,72,F,Pulmonology,Pneumonia,True,1,7,12,3,False,,Medicaid,Home,False,33786.03,False
ADM-01302,P00821,2024-08-24,73,F,Nephrology,Kidney disease,True,1,3,12,1,True,8.6,Medicare,Home,True,12243.54,False
ADM-01303,P02194,2024-08-24,72,M,Oncology,Chemotherapy complication,True,0,4,9,0,False,,Private,Home,False,15978.54,False
ADM-01304,P02265,2024-08-24,59,M,Orthopedics,Hip fracture,True,0,2,10,3,False,5.8,Medicaid,Home,True,5973.78,False
ADM-01305,P00847,2024-08-25,53,M,Oncology,Chemotherapy complication,False,0,2,9,0,True,9.3,Medicaid,Home,False,9730.84,False
ADM-01306,P00535,2024-08-25,64,F,General Medicine,Diabetes complication,False,0,3,11,1,True,7.5,Medicare,Home with services,False,15245.16,False
ADM-01307,P01732,2024-08-25,23,F,Nephrology,Kidney disease,False,0,3,7,1,False,,Medicare,Home with services,True,14314.77,False
ADM-01308,P00076,2024-08-25,72,F,Cardiology,Heart failure,False,0,2,9,0,False,,Private,Skilled nursing facility,False,9640.28,False
ADM-01309,P03179,2024-08-25,76,F,Oncology,Chemotherapy complication,False,1,6,8,2,False,,Medicare,Home with services,True,17794.76,True
ADM-01310,P01477,2024-08-25,70,F,Oncology,Chemotherapy complication,True,0,12,9,6,True,7.6,Medicare,Skilled nursing facility,True,32682.11,True
ADM-01311,P01073,2024-08-25,61,F,Pulmonology,COPD,True,1,2,12,2,False,,Medicare,Home with services,True,10084.05,False
ADM-01312,P02049,2024-08-25,54,F,Orthopedics,Hip fracture,True,0,7,8,3,False,,Medicare,Rehab,True,31434.56,False
ADM-01313,P00723,2024-08-25,64,F,Oncology,Chemotherapy complication,False,0,8,8,1,False,,Medicare,Home with services,True,38974.02,False
ADM-01314,P00222,2024-08-25,60,M,Orthopedics,Hip fracture,True,0,6,8,1,False,,Medicare,Home,True,25144.97,False
ADM-01315,P00125,2024-08-25,53,F,Orthopedics,Hip fracture,True,1,6,9,1,False,,Medicaid,Home,True,20992.06,False
ADM-01316,P03142,2024-08-25,55,M,Cardiology,Heart failure,True,1,4,9,1,False,,Medicare,Home,True,9385.44,False
ADM-01317,P01504,2024-08-26,78,M,Pulmonology,Pneumonia,False,2,6,11,1,False,,Medicare,Home,True,27866.97,False
ADM-01318,P01548,2024-08-26,77,M,Pulmonology,COPD,True,1,4,6,1,False,,Medicare,Home with services,True,17040.21,False
ADM-01319,P00739,2024-08-26,59,M,Nephrology,Kidney disease,False,2,10,11,0,True,8.7,Medicare,Home with services,False,39371.11,False
ADM-01320,P02946,2024-08-26,77,M,Nephrology,Kidney disease,True,0,5,8,2,True,6.0,Private,Home,False,15227.07,False
ADM-01321,P00383,2024-08-26,69,F,Pulmonology,COPD,False,1,7,8,0,False,,Medicaid,Skilled nursing facility,True,24976.01,False
ADM-01322,P01222,2024-08-27,63,F,Pulmonology,COPD,True,2,8,4,0,False,,Medicare,Home,True,27846.54,False
ADM-01323,P01417,2024-08-27,67,M,Orthopedics,Hip fracture,True,0,7,7,2,False,4.9,Medicaid,Home with services,True,19947.04,False
ADM-01324,P00252,2024-08-27,64,M,General Medicine,Sepsis,False,0,3,8,1,False,,Medicare,Home,True,14613.72,False
ADM-01325,P02193,2024-08-28,63,M,Pulmonology,COPD,True,1,10,5,1,False,,Private,Home,True,39101.15,False
ADM-01326,P00386,2024-08-28,64,M,Orthopedics,Hip fracture,False,2,5,9,0,True,,Private,Home,True,17301.36,False
ADM-01327,P02277,2024-08-28,61,M,Orthopedics,Hip fracture,True,2,5,16,2,True,9.2,Medicare,Home,True,20672.06,True
ADM-01328,P01845,2024-08-28,63,M,Pulmonology,COPD,True,0,12,16,0,True,5.8,Medicaid,Home with services,True,42235.21,False
ADM-01329,P02330,2024-08-28,72,M,General Medicine,Sepsis,True,1,9,9,0,False,5.3,Medicare,Home with services,True,26688.37,False
ADM-01330,P02405,2024-08-28,87,M,Pulmonology,Pneumonia,False,1,3,10,0,False,,Private,Home,False,11065.28,False
ADM-01331,P02693,2024-08-28,70,F,Pulmonology,COPD,True,2,1,15,3,False,,Medicaid,Home,True,7065.73,False
ADM-01332,P00205,2024-08-28,78,F,Cardiology,Heart failure,True,0,4,6,2,False,,Medicare,Home,True,12427.62,False
ADM-01333,P01826,2024-08-29,76,M,Nephrology,Kidney disease,False,1,1,7,2,False,,Uninsured,Home with services,False,7800.13,False
ADM-01334,P03030,2024-08-29,50,F,Cardiology,Heart failure,True,2,3,5,2,False,5.4,Private,Home with services,False,13274.72,True
ADM-01335,P02664,2024-08-29,70,M,Nephrology,Kidney disease,False,0,2,9,4,False,,Medicare,Home with services,True,10408.86,False
ADM-01336,P00169,2024-08-29,70,F,Pulmonology,Pneumonia,False,2,2,6,1,True,8.1,Private,Home with services,True,10108.3,True
ADM-01337,P00883,2024-08-29,76,F,General Medicine,Sepsis,False,2,4,7,0,True,8.9,Medicare,Home,True,16890.78,False
ADM-01338,P02556,2024-08-29,61,M,Pulmonology,COPD,False,0,5,14,2,False,,Private,Home,True,19378.66,False
ADM-01339,P02349,2024-08-29,64,F,Cardiology,Heart failure,True,0,3,1,4,False,,Private,Home with services,True,15509.62,False
ADM-01340,P00990,2024-08-29,90,M,Pulmonology,Pneumonia,True,1,6,14,1,False,,Private,Home,False,23767.57,False
ADM-01341,P01043,2024-08-29,64,F,Pulmonology,Pneumonia,True,0,2,12,2,True,9.8,Private,Home,True,9485.86,False
ADM-01342,P00058,2024-08-29,99,F,Pulmonology,Pneumonia,True,0,4,6,1,False,,Medicare,Home,True,15127.17,False
ADM-01343,P01857,2024-08-30,75,F,Nephrology,Kidney disease,False,0,4,9,1,True,9.5,Uninsured,Skilled nursing facility,True,11879.3,False
ADM-01344,P02717,2024-08-30,67,M,Nephrology,Kidney disease,False,0,9,6,1,False,,Medicare,Home with services,True,35595.9,False
ADM-01345,P03162,2024-08-30,84,F,Pulmonology,COPD,False,1,9,13,1,False,,Medicare,Home,True,37210.84,False
ADM-01346,P00484,2024-08-30,84,M,Cardiology,Heart failure,False,0,8,10,1,False,,Medicare,Home,True,19941.74,False
ADM-01347,P00868,2024-08-30,57,F,Cardiology,Heart failure,True,1,3,12,1,False,,Medicare,Home,False,11332.72,False
ADM-01348,P02686,2024-08-31,94,M,Pulmonology,Pneumonia,True,1,3,8,6,False,,Private,Home with services,False,9702.36,True
ADM-01349,P02316,2024-08-31,64,F,Orthopedics,Hip fracture,True,0,3,12,1,False,,Medicare,Skilled nursing facility,True,8466.93,False
ADM-01350,P01408,2024-08-31,89,M,Pulmonology,COPD,False,1,15,7,3,False,,Medicare,Skilled nursing facility,False,50186.38,False
ADM-01351,P01012,2024-09-01,79,M,General Medicine,Sepsis,False,0,5,12,3,False,,Private,Home,True,21820.31,False
ADM-01352,P01192,2024-09-01,77,M,Pulmonology,Pneumonia,True,2,6,8,1,False,,Medicare,Home with services,True,29447.43,False
ADM-01353,P01965,2024-09-01,66,M,General Medicine,Diabetes complication,True,0,1,12,1,True,8.1,Medicaid,Home,True,4549.33,False
ADM-01354,P02816,2024-09-01,61,M,Nephrology,Kidney disease,True,1,12,7,1,False,5.0,Medicare,Home,True,39792.75,False
ADM-01355,P01358,2024-09-01,67,F,Orthopedics,Hip fracture,True,0,3,9,1,True,6.5,Medicaid,Home with services,True,12588.07,False
ADM-01356,P01680,2024-09-02,74,M,General Medicine,Sepsis,True,1,5,10,0,True,9.2,Medicare,Home with services,False,18475.35,False
ADM-01357,P02283,2024-09-02,55,M,Pulmonology,COPD,True,1,4,11,0,False,,Medicare,Home,False,13118.61,False
ADM-01358,P02725,2024-09-02,70,M,Cardiology,Heart failure,True,0,4,6,0,True,9.1,Private,Skilled nursing facility,True,22415.48,True
ADM-01359,P02561,2024-09-02,66,F,Oncology,Chemotherapy complication,True,1,2,9,1,False,6.6,Medicare,Skilled nursing facility,False,8708.02,False
ADM-01360,P02629,2024-09-02,88,M,Pulmonology,Pneumonia,False,1,6,10,0,False,,Medicare,Home,True,22108.82,True
ADM-01361,P02617,2024-09-02,87,F,Orthopedics,Hip fracture,True,2,9,6,0,False,5.8,Medicaid,Home,False,28981.36,False
ADM-01362,P01513,2024-09-03,48,M,General Medicine,Sepsis,True,4,3,5,3,False,5.6,Medicare,Home,True,14293.0,False
ADM-01363,P02361,2024-09-03,66,M,General Medicine,Sepsis,True,0,4,10,2,False,,Private,Home,True,16685.69,False
ADM-01364,P01374,2024-09-03,91,F,Cardiology,Heart failure,True,0,3,14,2,False,,Medicare,Skilled nursing facility,True,11325.42,False
ADM-01365,P01400,2024-09-04,42,F,Pulmonology,Pneumonia,False,1,5,9,4,False,,Medicare,Home,True,15376.37,False
ADM-01366,P03013,2024-09-04,64,F,General Medicine,Sepsis,False,0,2,4,1,False,,Medicare,Home,False,7867.62,False
ADM-01367,P01187,2024-09-04,81,M,Cardiology,Heart failure,False,1,5,19,0,False,,Medicare,Home with services,True,17675.5,False
ADM-01368,P00115,2024-09-04,68,M,Nephrology,Kidney disease,True,0,6,14,1,False,,Private,Skilled nursing facility,True,22101.03,False
ADM-01369,P01658,2024-09-04,58,M,Cardiology,Heart failure,False,1,8,9,2,False,,Medicare,Home,False,24114.33,True
ADM-01370,P00343,2024-09-04,64,M,Pulmonology,Pneumonia,True,2,2,9,1,False,,Private,Rehab,True,10487.55,False
ADM-01371,P01931,2024-09-04,54,F,Cardiology,Heart failure,False,0,8,10,0,False,,Private,Home,True,26403.3,False
ADM-01372,P01471,2024-09-05,83,M,Nephrology,Kidney disease,True,0,1,7,1,True,,Medicare,Rehab,True,6932.68,False
ADM-01373,P02018,2024-09-05,61,F,Pulmonology,Pneumonia,True,0,8,16,1,False,,Private,Home,True,32888.8,False
ADM-01374,P01270,2024-09-05,69,F,Orthopedics,Hip fracture,True,1,6,11,1,False,,Private,Home with services,False,19700.81,False
ADM-01375,P02917,2024-09-05,73,F,General Medicine,Diabetes complication,False,1,11,8,0,True,8.1,Medicare,Home,True,44644.18,False
ADM-01376,P02561,2024-09-05,55,M,Nephrology,Kidney disease,True,0,3,7,2,False,,Medicaid,Home,False,12683.81,False
ADM-01377,P02974,2024-09-05,56,F,General Medicine,Sepsis,True,0,2,8,1,False,5.3,Private,Home,False,10210.43,False
ADM-01378,P03128,2024-09-05,91,M,Orthopedics,Hip fracture,True,1,8,9,0,False,,Medicare,Rehab,False,29838.15,False
ADM-01379,P01817,2024-09-06,58,F,Pulmonology,Pneumonia,False,0,2,7,3,False,,Private,Home with services,False,11538.27,False
ADM-01380,P02446,2024-09-06,69,M,Oncology,Chemotherapy complication,True,2,6,2,2,False,,Medicare,Skilled nursing facility,True,24422.19,True
ADM-01381,P00116,2024-09-06,63,F,General Medicine,Sepsis,False,0,10,10,2,False,,Medicare,Home,False,24913.47,False
ADM-01382,P01034,2024-09-06,87,F,Orthopedics,Hip fracture,True,0,1,7,0,False,5.4,Private,Home,False,8324.99,False
ADM-01383,P02633,2024-09-06,65,M,Nephrology,Kidney disease,True,1,5,16,3,False,,Medicare,Home,True,20874.42,False
ADM-01384,P00412,2024-09-06,77,M,Cardiology,Heart failure,True,3,7,9,2,False,,Uninsured,Home,False,32334.7,False
ADM-01385,P00750,2024-09-07,90,F,General Medicine,Diabetes complication,True,0,1,11,4,True,5.1,Medicaid,Home,True,6036.58,False
ADM-01386,P01349,2024-09-07,74,M,Pulmonology,Pneumonia,True,5,2,14,1,True,7.8,Medicare,Skilled nursing facility,True,10614.37,True
ADM-01387,P02257,2024-09-07,94,F,Nephrology,Kidney disease,True,1,7,14,2,False,,Medicaid,Home,True,18120.18,False
ADM-01388,P02172,2024-09-07,47,F,Orthopedics,Hip fracture,True,0,3,7,5,False,,Uninsured,Home,True,13971.83,False
ADM-01389,P00437,2024-09-07,59,F,Pulmonology,COPD,False,0,4,12,0,False,,Medicare,Skilled nursing facility,True,21287.22,False
ADM-01390,P02531,2024-09-08,82,M,General Medicine,Diabetes complication,True,0,2,5,2,True,,Medicare,Home with services,False,8806.33,False
ADM-01391,P03012,2024-09-08,53,F,Pulmonology,COPD,True,0,3,8,1,False,5.6,Medicare,Home,False,14123.32,False
ADM-01392,P01907,2024-09-08,61,M,Nephrology,Kidney disease,False,0,2,13,1,False,,Medicaid,Home,False,13053.93,False
ADM-01393,P01314,2024-09-08,80,M,General Medicine,Sepsis,True,0,4,10,3,False,,Medicare,Rehab,True,18732.54,False
ADM-01394,P02110,2024-09-09,52,M,General Medicine,Diabetes complication,True,1,3,9,0,True,11.0,Medicare,Home,False,11764.81,False
ADM-01395,P00346,2024-09-09,81,F,General Medicine,Sepsis,False,1,6,10,1,False,,Medicaid,Home with services,True,19202.92,False
ADM-01396,P00260,2024-09-10,74,M,General Medicine,Sepsis,False,0,3,8,0,False,,Medicaid,Home with services,False,14498.11,False
ADM-01397,P01444,2024-09-10,79,M,Pulmonology,Pneumonia,False,2,3,12,0,False,,Medicare,Home,True,16571.75,False
ADM-01398,P00668,2024-09-10,55,F,Orthopedics,Hip fracture,False,0,11,11,1,False,,Medicaid,Home,False,42676.75,False
ADM-01399,P02616,2024-09-11,75,M,Pulmonology,Pneumonia,True,1,5,9,3,False,,Medicare,Home,True,16821.91,False
ADM-01400,P00906,2024-09-11,76,F,General Medicine,Diabetes complication,True,1,10,8,0,True,7.1,Medicaid,Home with services,False,29644.48,True
ADM-01401,P00292,2024-09-11,69,M,Nephrology,Kidney disease,False,1,3,17,3,True,8.9,Medicare,Rehab,True,15813.2,False
ADM-01402,P02741,2024-09-11,66,F,Nephrology,Kidney disease,True,2,4,11,1,False,,Uninsured,Home with services,True,11478.89,True
ADM-01403,P02177,2024-09-12,60,F,Pulmonology,Pneumonia,True,0,8,16,5,True,9.0,Private,Home with services,False,23006.16,False
ADM-01404,P01672,2024-09-12,65,M,Cardiology,Heart failure,False,1,1,10,1,False,,Medicare,Home with services,True,7291.17,False
ADM-01405,P00736,2024-09-12,85,F,Orthopedics,Hip fracture,False,2,1,12,4,True,8.0,Uninsured,Home with services,True,10735.44,False
ADM-01406,P01837,2024-09-12,74,F,Pulmonology,COPD,True,0,5,6,0,False,,Medicare,Home with services,False,20493.17,False
ADM-01407,P00939,2024-09-12,57,F,Cardiology,Heart failure,True,2,2,10,1,False,,Private,Home,True,11331.92,False
ADM-01408,P00394,2024-09-13,74,M,Cardiology,Heart failure,True,0,10,6,2,True,,Medicare,Home,False,36794.63,False
ADM-01409,P01655,2024-09-13,70,F,Pulmonology,COPD,True,0,6,14,0,True,6.7,Medicare,Home,True,21588.82,False
ADM-01410,P02747,2024-09-14,39,M,General Medicine,Sepsis,True,1,2,14,1,True,5.7,Medicaid,Skilled nursing facility,True,12289.68,False
ADM-01411,P01368,2024-09-14,51,F,Pulmonology,Pneumonia,False,4,3,14,1,False,,Medicaid,Home,True,15535.62,False
ADM-01412,P00484,2024-09-14,57,M,General Medicine,Diabetes complication,True,1,8,9,2,True,7.0,Private,Home,True,27051.29,False
ADM-01413,P00571,2024-09-14,52,F,Oncology,Chemotherapy complication,False,0,6,8,1,False,,Medicare,Home,False,22260.66,False
ADM-01414,P03064,2024-09-14,83,M,Pulmonology,COPD,False,1,1,6,1,False,,Medicaid,Skilled nursing facility,False,8487.27,False
ADM-01415,P02474,2024-09-14,55,M,General Medicine,Sepsis,True,1,7,8,1,False,,Medicaid,Home,True,30480.53,True
ADM-01416,P02570,2024-09-15,80,F,Pulmonology,Pneumonia,True,1,2,9,1,False,,Medicare,Home,True,11985.75,False
ADM-01417,P02176,2024-09-16,61,F,Oncology,Chemotherapy complication,False,1,1,9,0,False,,Medicare,Home with services,False,7212.27,False
ADM-01418,P02582,2024-09-16,67,M,Cardiology,Heart failure,True,0,8,10,2,False,,Medicare,Skilled nursing facility,True,28976.87,False
ADM-01419,P02509,2024-09-17,81,M,General Medicine,Diabetes complication,True,0,10,17,2,True,5.3,Private,Home with services,True,36396.0,False
ADM-01420,P01255,2024-09-17,54,M,Nephrology,Kidney disease,True,3,16,12,0,False,,Medicare,Home,False,55490.7,False
ADM-01421,P00632,2024-09-17,73,M,Pulmonology,Pneumonia,True,0,2,10,0,True,7.1,Medicare,Skilled nursing facility,False,11702.23,True
ADM-01422,P01048,2024-09-17,73,F,Pulmonology,COPD,True,3,1,6,2,False,,Medicaid,Skilled nursing facility,True,7372.8,True
ADM-01423,P01005,2024-09-17,99,F,Pulmonology,Pneumonia,False,2,6,12,0,False,,Medicaid,Home,False,21597.62,False
ADM-01424,P00268,2024-09-17,77,M,Pulmonology,Pneumonia,True,0,1,2,2,False,,Medicare,Home,True,8390.45,False
ADM-01425,P02099,2024-09-17,72,F,Nephrology,Kidney disease,True,2,11,12,2,False,,Uninsured,Skilled nursing facility,False,43676.74,True
ADM-01426,P01673,2024-09-18,75,F,Pulmonology,Pneumonia,False,0,8,7,1,False,,Private,Home,False,18243.8,False
ADM-01427,P02614,2024-09-18,68,F,Pulmonology,Pneumonia,True,1,3,8,1,True,6.7,Medicare,Home,True,9943.04,False
ADM-01428,P02405,2024-09-18,70,F,Pulmonology,COPD,True,1,3,12,2,True,,Uninsured,Home,False,14204.57,False
ADM-01429,P02811,2024-09-18,52,M,Orthopedics,Hip fracture,True,2,5,10,1,True,,Medicare,Home with services,True,21681.08,True
ADM-01430,P00796,2024-09-18,63,M,Pulmonology,Pneumonia,True,1,5,11,0,False,,Private,Rehab,True,16936.22,False
ADM-01431,P03066,2024-09-18,68,F,Pulmonology,COPD,True,2,5,9,1,False,,Medicare,Home with services,True,21336.1,False
ADM-01432,P01930,2024-09-18,71,M,Cardiology,Heart failure,True,0,4,5,2,False,,Private,Rehab,True,20531.03,False
ADM-01433,P00867,2024-09-18,85,M,General Medicine,Diabetes complication,True,0,2,8,0,True,,Private,Home,True,12952.27,False
ADM-01434,P02007,2024-09-19,63,M,Nephrology,Kidney disease,True,2,5,9,2,False,,Medicare,Home,False,21169.9,False
ADM-01435,P01575,2024-09-19,50,F,Orthopedics,Hip fracture,False,0,4,13,4,False,,Medicare,Home,False,21093.37,False
ADM-01436,P02740,2024-09-19,87,M,General Medicine,Diabetes complication,False,0,6,8,1,True,7.2,Private,Rehab,True,21501.26,False
ADM-01437,P01167,2024-09-19,59,F,General Medicine,Sepsis,True,3,9,8,2,False,,Medicaid,Home,False,30150.58,False
ADM-01438,P02626,2024-09-19,68,M,General Medicine,Sepsis,True,0,3,10,2,False,,Medicare,Skilled nursing facility,False,10798.64,False
ADM-01439,P01988,2024-09-19,76,M,General Medicine,Sepsis,True,2,4,7,1,True,7.5,Private,Home,True,21703.04,False
ADM-01440,P00924,2024-09-19,55,F,Cardiology,Heart failure,True,1,19,11,2,False,,Uninsured,Skilled nursing facility,True,70264.55,False
ADM-01441,P01732,2024-09-20,74,M,Oncology,Chemotherapy complication,True,1,2,5,2,False,,Medicare,Home with services,False,10992.53,False
ADM-01442,P02738,2024-09-20,53,M,Cardiology,Heart failure,False,2,3,3,2,False,,Medicare,Skilled nursing facility,True,12209.84,False
ADM-01443,P01317,2024-09-20,71,F,General Medicine,Sepsis,True,1,4,10,2,False,,Private,Home,True,17452.74,False
ADM-01444,P00656,2024-09-20,49,F,Pulmonology,COPD,False,1,7,10,1,False,,Private,Home,True,23966.53,False
ADM-01445,P02519,2024-09-20,81,M,Cardiology,Heart failure,True,2,1,9,1,False,,Medicare,Rehab,False,8766.01,True
ADM-01446,P02312,2024-09-21,85,M,General Medicine,Sepsis,True,2,1,9,0,False,6.0,Private,Home,True,6441.59,False
ADM-01447,P01833,2024-09-21,68,M,Cardiology,Heart failure,False,1,2,5,1,False,,Uninsured,Home,True,9638.28,False
ADM-01448,P01485,2024-09-21,67,F,Cardiology,Heart failure,False,0,4,15,2,False,,Medicare,Skilled nursing facility,True,15290.75,False
ADM-01449,P01393,2024-09-21,68,M,General Medicine,Sepsis,False,3,1,10,1,True,9.1,Medicaid,Home,True,7779.62,True
ADM-01450,P00471,2024-09-21,76,F,General Medicine,Diabetes complication,False,1,5,7,2,True,8.8,Uninsured,Skilled nursing facility,False,22306.84,False
ADM-01451,P02504,2024-09-23,79,F,Pulmonology,Pneumonia,True,3,6,2,0,False,6.0,Medicare,Home,True,19572.44,False
ADM-01452,P00914,2024-09-23,53,F,Orthopedics,Hip fracture,True,2,4,14,1,True,,Medicaid,Home,True,23545.09,False
ADM-01453,P00361,2024-09-23,48,M,Nephrology,Kidney disease,False,1,1,4,1,False,,Medicare,Home,False,7977.85,False
ADM-01454,P00668,2024-09-23,54,M,Pulmonology,COPD,True,2,4,11,2,False,5.7,Medicare,Home with services,True,19504.48,False
ADM-01455,P03059,2024-09-23,60,M,General Medicine,Sepsis,True,0,2,9,0,False,5.4,Private,Home with services,True,10522.75,False
ADM-01456,P03000,2024-09-23,75,F,Orthopedics,Hip fracture,True,0,5,8,3,False,,Medicare,Home,False,18053.89,True
ADM-01457,P02245,2024-09-24,49,M,Orthopedics,Hip fracture,False,2,3,2,1,False,5.2,Medicare,Home,False,14061.82,False
ADM-01458,P00748,2024-09-24,60,F,Pulmonology,Pneumonia,True,0,3,4,2,False,5.2,Medicare,Home,False,10778.12,False
ADM-01459,P01752,2024-09-25,64,M,Cardiology,Heart failure,False,1,12,11,2,True,7.1,Private,Home,True,37182.6,False
ADM-01460,P00874,2024-09-25,64,M,Orthopedics,Hip fracture,True,0,9,7,0,False,,Private,Home,True,35585.76,True
ADM-01461,P00483,2024-09-25,79,F,Oncology,Chemotherapy complication,False,0,10,4,1,False,,Medicare,Home,True,42426.09,False
ADM-01462,P01328,2024-09-25,59,F,Pulmonology,Pneumonia,True,0,1,11,2,False,,Medicaid,Skilled nursing facility,False,8229.95,False
ADM-01463,P00264,2024-09-26,47,M,Orthopedics,Hip fracture,True,0,2,4,2,False,,Private,Skilled nursing facility,True,6502.5,False
ADM-01464,P02087,2024-09-26,89,F,Pulmonology,Pneumonia,False,0,3,6,1,False,,Medicare,Home,False,9635.18,False
ADM-01465,P02501,2024-09-26,80,M,General Medicine,Sepsis,True,0,6,10,3,True,6.6,Medicaid,Skilled nursing facility,False,26169.17,False
ADM-01466,P01496,2024-09-26,96,F,General Medicine,Diabetes complication,False,1,10,6,4,True,6.8,Private,Skilled nursing facility,True,32853.86,False
ADM-01467,P02454,2024-09-26,89,M,Orthopedics,Hip fracture,True,0,6,9,5,False,,Medicare,Skilled nursing facility,False,28184.7,False
ADM-01468,P01951,2024-09-26,73,M,General Medicine,Diabetes complication,True,0,1,14,2,True,,Uninsured,Home,False,7335.91,False
ADM-01469,P00242,2024-09-27,73,F,Orthopedics,Hip fracture,True,3,3,12,3,True,9.4,Uninsured,Home with services,False,12392.57,False
ADM-01470,P01263,2024-09-27,77,F,Nephrology,Kidney disease,False,1,7,10,0,True,6.4,Medicaid,Skilled nursing facility,True,29929.05,False
ADM-01471,P00873,2024-09-27,41,M,Orthopedics,Hip fracture,False,2,7,7,0,False,,Medicare,Skilled nursing facility,False,28489.9,False
ADM-01472,P01495,2024-09-27,59,M,Cardiology,Heart failure,True,0,2,7,2,False,,Medicare,Home with services,True,8538.55,False
ADM-01473,P02177,2024-09-28,69,F,Cardiology,Heart failure,False,0,2,12,0,False,,Medicare,Home with services,True,8346.57,False
ADM-01474,P00718,2024-09-28,50,F,General Medicine,Diabetes complication,False,0,2,11,1,True,6.0,Private,Home with services,False,10871.29,False
ADM-01475,P02210,2024-09-28,85,F,Oncology,Chemotherapy complication,True,1,3,11,3,False,,Private,Home,False,12655.83,False
ADM-01476,P00693,2024-09-28,76,M,Cardiology,Heart failure,True,0,3,20,2,True,8.0,Medicare,Home with services,False,13227.92,False
ADM-01477,P02204,2024-09-28,93,F,Cardiology,Heart failure,True,1,14,7,2,False,6.3,Private,Home,True,46297.73,True
ADM-01478,P00932,2024-09-28,78,M,General Medicine,Sepsis,False,2,3,11,1,False,,Medicare,Home,True,13238.92,False
ADM-01479,P00806,2024-09-28,64,M,Pulmonology,Pneumonia,False,1,6,10,2,False,,Medicare,Home,False,21790.6,False
ADM-01480,P02934,2024-09-29,71,M,Nephrology,Kidney disease,True,1,4,10,3,False,,Medicare,Home,True,19405.65,False
ADM-01481,P00694,2024-09-29,44,M,Cardiology,Heart failure,True,1,8,11,0,False,,Private,Home,True,24752.86,False
ADM-01482,P03053,2024-09-29,75,F,Pulmonology,COPD,False,2,3,8,3,False,,Private,Home,False,15607.71,False
ADM-01483,P01370,2024-09-29,78,F,Oncology,Chemotherapy complication,False,2,2,11,1,True,8.0,Medicare,Home,True,14026.19,False
ADM-01484,P00311,2024-09-30,63,F,Pulmonology,Pneumonia,True,0,2,10,2,True,9.7,Medicaid,Home with services,True,10678.29,False
ADM-01485,P00827,2024-09-30,52,F,Nephrology,Kidney disease,True,0,5,10,1,False,,Medicare,Skilled nursing facility,False,16974.48,False
ADM-01486,P03001,2024-09-30,65,F,Pulmonology,COPD,False,0,2,6,2,False,,Medicare,Home,True,8685.63,False
ADM-01487,P01608,2024-09-30,88,F,Nephrology,Kidney disease,True,0,6,5,1,True,8.5,Medicare,Home,False,12155.36,False
ADM-01488,P01539,2024-10-01,60,M,Nephrology,Kidney disease,False,0,6,13,2,False,,Medicare,Rehab,False,19467.64,False
ADM-01489,P00775,2024-10-01,96,F,Pulmonology,COPD,True,1,11,8,1,False,,Medicare,Skilled nursing facility,False,32142.88,False
ADM-01490,P01854,2024-10-01,76,M,Orthopedics,Hip fracture,False,2,9,14,1,False,,Medicare,Skilled nursing facility,True,34856.77,False
ADM-01491,P01599,2024-10-01,54,F,Nephrology,Kidney disease,True,1,5,11,1,True,7.9,Medicaid,Home,True,20294.18,False
ADM-01492,P01082,2024-10-01,65,M,Pulmonology,COPD,False,2,8,4,0,False,,Medicaid,Home with services,True,28154.94,False
ADM-01493,P02716,2024-10-01,61,F,Nephrology,Kidney disease,False,1,13,11,3,True,7.8,Medicaid,Home with services,False,46170.11,False
ADM-01494,P03121,2024-10-01,65,M,Oncology,Chemotherapy complication,True,1,3,8,0,False,,Private,Skilled nursing facility,True,11850.16,False
ADM-01495,P00211,2024-10-01,89,M,General Medicine,Sepsis,True,0,2,8,1,False,,Medicare,Home,True,11415.75,False
ADM-01496,P02834,2024-10-02,74,F,Pulmonology,COPD,True,2,5,11,1,False,,Private,Home with services,True,16376.51,False
ADM-01497,P02984,2024-10-02,99,M,General Medicine,Sepsis,True,2,8,9,1,False,,Medicare,Home with services,False,27663.69,False
ADM-01498,P00321,2024-10-02,75,F,Pulmonology,Pneumonia,True,1,10,8,2,False,,Medicare,Home,True,37776.6,False
ADM-01499,P02069,2024-10-02,61,F,Oncology,Chemotherapy complication,False,1,7,4,2,False,5.7,Private,Home with services,True,18675.45,False
ADM-01500,P00263,2024-10-02,62,M,Orthopedics,Hip fracture,False,1,3,5,1,False,,Private,Home,True,14460.92,False
ADM-01501,P02626,2024-10-02,62,M,Pulmonology,COPD,True,0,8,11,1,False,,Medicaid,Home,True,28488.38,False
ADM-01502,P01221,2024-10-02,74,M,General Medicine,Sepsis,False,0,8,9,0,False,,Medicare,Home,False,31611.82,False
ADM-01503,P01072,2024-10-03,49,F,Oncology,Chemotherapy complication,True,2,10,14,1,True,,Medicare,Home,False,40446.51,True
ADM-01504,P01045,2024-10-03,51,F,General Medicine,Sepsis,False,2,10,10,1,False,,Private,Home with services,True,35994.72,False
ADM-01505,P01628,2024-10-03,64,F,Cardiology,Heart failure,True,0,2,6,2,False,,Medicaid,Home with services,False,7675.79,False
ADM-01506,P02581,2024-10-04,53,F,Nephrology,Kidney disease,True,1,1,7,1,False,,Private,Rehab,False,8475.47,False
ADM-01507,P01391,2024-10-04,57,F,Orthopedics,Hip fracture,True,3,6,16,1,True,8.8,Medicare,Skilled nursing facility,True,33865.54,False
ADM-01508,P00121,2024-10-04,89,M,Oncology,Chemotherapy complication,False,0,7,10,0,False,,Medicare,Rehab,False,24168.66,True
ADM-01509,P02943,2024-10-04,77,F,Orthopedics,Hip fracture,True,1,6,13,2,False,,Medicaid,Home with services,False,22344.87,False
ADM-01510,P00849,2024-10-04,56,F,Nephrology,Kidney disease,False,1,7,13,4,True,7.7,Private,Home,True,22043.16,False
ADM-01511,P01654,2024-10-04,47,M,Oncology,Chemotherapy complication,True,1,5,13,2,True,7.4,Private,Home,False,20767.87,False
ADM-01512,P02930,2024-10-05,78,M,Cardiology,Heart failure,False,0,1,14,1,True,8.7,Medicare,Home,False,4206.46,False
ADM-01513,P00367,2024-10-05,61,M,Cardiology,Heart failure,True,0,12,15,3,False,6.0,Medicare,Rehab,True,50785.93,False
ADM-01514,P00740,2024-10-05,70,M,Cardiology,Heart failure,True,1,6,9,0,False,,Medicare,Home with services,True,24143.69,False
ADM-01515,P01042,2024-10-05,48,F,Pulmonology,Pneumonia,True,2,4,13,1,False,,Medicare,Home,True,17692.34,False
ADM-01516,P00990,2024-10-05,72,M,Oncology,Chemotherapy complication,True,1,2,7,1,False,,Medicare,Skilled nursing facility,True,11155.1,False
ADM-01517,P03065,2024-10-05,45,M,Pulmonology,Pneumonia,False,1,9,10,2,False,,Medicare,Home,False,32878.4,False
ADM-01518,P02212,2024-10-05,74,M,Pulmonology,Pneumonia,True,0,1,9,0,False,,Private,Home with services,True,7464.58,False
ADM-01519,P00732,2024-10-05,64,F,Oncology,Chemotherapy complication,False,1,4,14,0,True,,Medicaid,Home,False,18241.29,False
ADM-01520,P00835,2024-10-06,77,M,Nephrology,Kidney disease,True,2,7,8,2,False,,Medicaid,Skilled nursing facility,True,24954.85,False
ADM-01521,P03150,2024-10-06,92,F,General Medicine,Sepsis,False,0,11,10,0,False,,Medicare,Home,True,30489.53,False
ADM-01522,P00738,2024-10-06,72,M,Oncology,Chemotherapy complication,True,3,7,6,0,False,,Medicare,Home with services,True,26703.02,False
ADM-01523,P02902,2024-10-06,91,F,General Medicine,Sepsis,False,1,5,14,1,False,,Medicaid,Skilled nursing facility,True,21629.45,False
ADM-01524,P02274,2024-10-07,51,M,Pulmonology,Pneumonia,False,0,4,10,1,True,9.0,Uninsured,Skilled nursing facility,True,8813.69,False
ADM-01525,P02253,2024-10-07,96,F,Pulmonology,Pneumonia,True,2,2,9,4,True,9.7,Medicare,Home with services,True,9397.38,False
ADM-01526,P02398,2024-10-07,83,F,Pulmonology,COPD,True,1,10,14,0,False,,Medicare,Skilled nursing facility,True,45785.8,False
ADM-01527,P02543,2024-10-07,50,M,Pulmonology,Pneumonia,True,0,9,9,2,False,,Medicare,Home,False,36033.76,False
ADM-01528,P00970,2024-10-07,79,F,Pulmonology,Pneumonia,False,0,8,4,2,False,5.3,Private,Skilled nursing facility,True,31371.64,False
ADM-01529,P02817,2024-10-07,87,F,Nephrology,Kidney disease,True,0,5,6,3,False,5.2,Medicare,Home,True,17811.27,False
ADM-01530,P03086,2024-10-07,99,M,Pulmonology,Pneumonia,True,2,2,10,2,False,,Medicare,Home,True,7427.6,False
ADM-01531,P01653,2024-10-08,72,F,Cardiology,Heart failure,False,2,7,12,0,False,,Private,Home,True,22750.92,False
ADM-01532,P00764,2024-10-08,47,F,Nephrology,Kidney disease,True,1,5,10,1,False,5.3,Medicare,Home,False,19763.99,False
ADM-01533,P00262,2024-10-08,70,F,Pulmonology,Pneumonia,False,0,4,7,1,True,6.4,Medicare,Home,True,19582.58,False
ADM-01534,P01287,2024-10-08,70,M,Cardiology,Heart failure,False,0,18,14,1,False,,Medicaid,Home with services,False,42753.44,False
ADM-01535,P01224,2024-10-09,46,M,Cardiology,Heart failure,False,1,3,11,1,False,,Private,Home,False,13997.13,True
ADM-01536,P01943,2024-10-09,73,M,Cardiology,Heart failure,True,3,11,11,3,False,,Medicare,Home,False,38429.36,True
ADM-01537,P00898,2024-10-09,64,F,Oncology,Chemotherapy complication,True,0,2,11,1,False,5.1,Medicare,Home,False,11291.93,False
ADM-01538,P00007,2024-10-10,65,F,Cardiology,Heart failure,True,0,3,7,1,False,,Medicaid,Home,True,10948.23,False
ADM-01539,P02993,2024-10-10,67,F,General Medicine,Diabetes complication,False,2,3,15,3,True,8.2,Medicaid,Home,True,15776.56,False
ADM-01540,P01775,2024-10-10,56,F,Cardiology,Heart failure,False,0,7,10,1,False,,Medicare,Home,True,30368.59,False
ADM-01541,P03093,2024-10-10,52,F,Pulmonology,Pneumonia,True,1,5,4,0,False,,Private,Home with services,False,18670.54,False
ADM-01542,P02141,2024-10-10,83,F,Nephrology,Kidney disease,True,2,7,10,0,True,6.0,Medicare,Home,True,21254.28,False
ADM-01543,P01841,2024-10-10,74,M,Orthopedics,Hip fracture,True,0,3,4,1,False,,Private,Home,True,12541.66,False
ADM-01544,P00636,2024-10-11,53,F,Cardiology,Heart failure,True,0,7,7,1,False,,Medicare,Home,True,21940.69,False
ADM-01545,P01385,2024-10-11,65,F,Pulmonology,Pneumonia,True,1,3,9,0,False,5.7,Medicare,Rehab,True,10199.19,False
ADM-01546,P00511,2024-10-11,85,F,Pulmonology,Pneumonia,True,0,2,11,1,True,3.9,Medicare,Home,True,13182.06,False
ADM-01547,P02986,2024-10-11,53,F,Oncology,Chemotherapy complication,True,1,14,11,3,False,5.0,Medicare,Home,True,46075.01,False
ADM-01548,P01759,2024-10-11,52,M,General Medicine,Sepsis,True,2,4,8,2,False,,Medicare,Home,True,15082.37,False
ADM-01549,P02497,2024-10-11,65,M,Pulmonology,COPD,True,1,4,11,1,False,,Medicare,Home with services,False,21125.45,False
ADM-01550,P01515,2024-10-11,73,F,General Medicine,Sepsis,True,1,1,9,1,False,,Medicaid,Home with services,True,8456.26,False
ADM-01551,P01456,2024-10-11,49,M,General Medicine,Diabetes complication,True,0,3,14,0,True,5.8,Private,Skilled nursing facility,True,15178.58,False
ADM-01552,P02810,2024-10-11,73,M,Cardiology,Heart failure,False,1,13,9,1,False,,Private,Home,True,37171.24,False
ADM-01553,P02243,2024-10-12,62,M,General Medicine,Sepsis,True,1,9,18,1,True,7.3,Medicare,Home,False,30427.27,False
ADM-01554,P01181,2024-10-12,76,F,Cardiology,Heart failure,False,1,6,7,4,False,,Medicare,Skilled nursing facility,True,22790.93,False
ADM-01555,P01077,2024-10-12,53,F,Pulmonology,Pneumonia,True,3,8,14,1,False,,Medicare,Home,True,26492.39,False
ADM-01556,P02582,2024-10-12,70,M,Orthopedics,Hip fracture,False,2,14,9,0,False,,Medicare,Skilled nursing facility,True,46026.82,False
ADM-01557,P00460,2024-10-12,69,M,Pulmonology,COPD,False,0,4,13,1,True,6.5,Medicare,Skilled nursing facility,False,18071.88,False
ADM-01558,P00226,2024-10-12,84,M,Pulmonology,Pneumonia,True,0,1,7,3,False,,Uninsured,Skilled nursing facility,False,7511.72,False
ADM-01559,P00728,2024-10-13,48,M,General Medicine,Sepsis,True,0,3,5,0,False,,Private,Home with services,True,15232.56,False
ADM-01560,P02193,2024-10-13,40,M,Cardiology,Heart failure,False,1,4,9,2,True,8.1,Medicare,Home,False,17814.86,False
ADM-01561,P00912,2024-10-13,59,M,Cardiology,Heart failure,True,0,6,8,1,False,,Medicare,Home,False,23370.58,False
ADM-01562,P00975,2024-10-13,62,F,Cardiology,Heart failure,True,2,18,13,2,False,,Medicaid,Home,False,65053.1,True
ADM-01563,P02341,2024-10-13,99,F,Cardiology,Heart failure,True,0,12,6,1,True,,Medicare,Home,True,30883.48,False
ADM-01564,P01567,2024-10-13,55,F,Oncology,Chemotherapy complication,True,1,1,10,2,True,6.8,Medicare,Home,True,10502.74,False
ADM-01565,P02059,2024-10-13,89,F,Cardiology,Heart failure,True,1,5,8,3,False,,Medicare,Home,True,16427.29,False
ADM-01566,P00302,2024-10-13,63,F,Pulmonology,COPD,True,0,7,8,0,False,,Private,Home with services,True,27493.1,False
ADM-01567,P00422,2024-10-13,69,M,Orthopedics,Hip fracture,True,3,8,16,1,True,10.0,Medicare,Home,False,24887.72,True
ADM-01568,P01744,2024-10-13,56,F,Cardiology,Heart failure,True,0,5,11,2,True,8.4,Medicaid,Home,True,15967.67,True
ADM-01569,P00564,2024-10-13,61,M,Cardiology,Heart failure,True,1,9,5,1,False,,Medicaid,Home,True,31118.24,False
ADM-01570,P01585,2024-10-13,69,F,Orthopedics,Hip fracture,True,1,9,15,3,True,7.3,Medicaid,Home,False,24397.92,False
ADM-01571,P00884,2024-10-13,68,F,Pulmonology,COPD,True,0,3,11,0,False,,Medicaid,Home with services,True,16495.24,False
ADM-01572,P01768,2024-10-14,86,F,General Medicine,Diabetes complication,False,0,4,9,0,True,5.5,Medicare,Home,True,14290.88,False
ADM-01573,P02040,2024-10-14,55,M,Pulmonology,Pneumonia,False,2,15,10,2,False,,Uninsured,Home with services,False,51672.47,False
ADM-01574,P00597,2024-10-14,82,M,Pulmonology,Pneumonia,True,1,9,12,2,False,,Medicare,Home,False,29469.27,False
ADM-01575,P00634,2024-10-15,77,F,General Medicine,Sepsis,False,0,5,5,2,False,,Private,Home,True,20858.34,False
ADM-01576,P01886,2024-10-15,39,F,Oncology,Chemotherapy complication,True,0,5,5,3,False,5.7,Medicare,Home,True,18324.32,False
ADM-01577,P00304,2024-10-15,90,M,Pulmonology,Pneumonia,False,2,8,6,1,True,7.5,Medicare,Home with services,True,26354.96,False
ADM-01578,P00150,2024-10-16,78,F,Orthopedics,Hip fracture,True,0,7,10,3,False,,Private,Home with services,True,23889.43,False
ADM-01579,P00129,2024-10-16,67,F,Orthopedics,Hip fracture,True,2,4,19,0,True,,Private,Home,True,17285.43,False
ADM-01580,P00421,2024-10-16,56,F,General Medicine,Diabetes complication,False,0,4,11,2,True,8.7,Private,Home,False,18376.48,False
ADM-01581,P02666,2024-10-16,80,M,Pulmonology,COPD,True,1,2,11,1,False,,Medicare,Home with services,True,10339.77,False
ADM-01582,P01007,2024-10-16,47,F,General Medicine,Diabetes complication,True,1,2,8,1,True,,Medicare,Home,True,9629.51,False
ADM-01583,P01357,2024-10-16,50,F,General Medicine,Diabetes complication,True,1,6,11,0,True,7.4,Medicare,Home,True,18374.74,False
ADM-01584,P00551,2024-10-16,48,M,General Medicine,Sepsis,True,1,4,8,1,False,,Private,Home,True,16035.33,False
ADM-01585,P00814,2024-10-17,98,M,Pulmonology,Pneumonia,True,0,7,4,1,False,,Uninsured,Home,False,19730.89,False
ADM-01586,P00118,2024-10-17,54,F,Cardiology,Heart failure,False,0,7,12,4,False,,Medicare,Home,True,22334.09,False
ADM-01587,P02276,2024-10-17,62,M,Pulmonology,Pneumonia,True,0,6,11,0,True,7.5,Medicare,Skilled nursing facility,False,16319.84,False
ADM-01588,P01010,2024-10-17,68,F,Orthopedics,Hip fracture,False,0,2,5,1,False,,Medicare,Skilled nursing facility,True,7826.8,False
ADM-01589,P03189,2024-10-17,47,F,General Medicine,Diabetes complication,True,0,9,11,3,True,,Medicaid,Home,False,40826.53,False
ADM-01590,P03016,2024-10-17,79,M,General Medicine,Diabetes complication,False,0,3,13,0,True,7.6,Medicaid,Home,True,9988.24,False
ADM-01591,P01902,2024-10-18,43,F,Cardiology,Heart failure,True,1,6,14,3,True,7.6,Medicare,Skilled nursing facility,True,29516.75,False
ADM-01592,P00119,2024-10-18,66,M,Pulmonology,COPD,True,1,11,8,2,True,,Medicare,Home,True,46064.32,False
ADM-01593,P01340,2024-10-18,59,F,Oncology,Chemotherapy complication,True,0,8,6,1,False,,Medicare,Home,True,21759.0,False
ADM-01594,P00535,2024-10-18,57,M,Orthopedics,Hip fracture,True,1,11,7,1,False,,Medicare,Home,False,47711.87,True
ADM-01595,P02020,2024-10-19,71,M,General Medicine,Sepsis,False,3,12,12,3,False,5.0,Medicare,Home,True,44847.59,False
ADM-01596,P01274,2024-10-19,42,F,Cardiology,Heart failure,True,1,10,11,1,False,,Private,Skilled nursing facility,True,26080.9,False
ADM-01597,P02555,2024-10-19,57,M,Nephrology,Kidney disease,True,1,3,9,2,True,,Private,Skilled nursing facility,False,10153.91,False
ADM-01598,P01310,2024-10-19,65,F,Pulmonology,Pneumonia,False,0,2,10,3,False,,Medicaid,Home with services,True,11019.41,False
ADM-01599,P01678,2024-10-19,65,F,Nephrology,Kidney disease,False,0,6,2,1,False,,Medicaid,Home,False,25851.48,False
ADM-01600,P01984,2024-10-19,99,M,Orthopedics,Hip fracture,False,2,5,2,5,False,,Medicaid,Home,False,16965.6,False
ADM-01601,P02877,2024-10-19,58,F,Pulmonology,Pneumonia,False,1,8,8,1,True,9.3,Medicare,Home,True,29343.55,False
ADM-01602,P00459,2024-10-19,84,F,Pulmonology,Pneumonia,True,1,10,12,0,False,,Medicare,Home,True,26091.91,False
ADM-01603,P03036,2024-10-19,82,F,Pulmonology,COPD,True,0,4,9,1,True,10.2,Medicaid,Home,True,14160.43,False
ADM-01604,P00147,2024-10-19,58,M,Nephrology,Kidney disease,False,1,4,7,0,False,,Medicare,Skilled nursing facility,False,17872.37,False
ADM-01605,P02015,2024-10-19,59,M,Oncology,Chemotherapy complication,False,1,7,10,1,True,9.1,Private,Home,False,28834.02,True
ADM-01606,P02469,2024-10-20,53,M,Nephrology,Kidney disease,True,0,11,11,1,True,9.4,Medicaid,Home with services,True,43418.9,False
ADM-01607,P03010,2024-10-20,69,M,General Medicine,Sepsis,True,0,4,14,0,False,,Medicare,Skilled nursing facility,True,12746.09,False
ADM-01608,P02049,2024-10-20,65,M,Oncology,Chemotherapy complication,False,0,3,11,5,False,,Medicaid,Home,True,14681.96,False
ADM-01609,P00740,2024-10-20,73,F,Cardiology,Heart failure,True,2,6,13,0,False,,Private,Skilled nursing facility,True,21660.05,False
ADM-01610,P01717,2024-10-20,54,F,Pulmonology,COPD,False,1,2,9,0,False,,Private,Home,False,11163.53,False
ADM-01611,P02386,2024-10-20,61,F,Pulmonology,Pneumonia,False,1,5,10,0,False,,Private,Home with services,False,26061.59,False
ADM-01612,P01769,2024-10-20,67,F,Orthopedics,Hip fracture,True,0,9,13,1,True,10.1,Medicare,Home,False,38264.82,False
ADM-01613,P02630,2024-10-20,53,F,Pulmonology,COPD,True,1,2,10,1,False,5.5,Medicare,Rehab,False,11392.41,False
ADM-01614,P02361,2024-10-20,74,F,Pulmonology,COPD,True,2,3,9,3,True,7.6,Medicare,Home,True,13459.17,True
ADM-01615,P03157,2024-10-20,87,M,Nephrology,Kidney disease,True,0,7,7,1,False,,Medicare,Skilled nursing facility,True,23957.93,False
ADM-01616,P00736,2024-10-20,93,F,General Medicine,Sepsis,False,0,3,9,1,False,,Medicare,Home,True,15398.6,False
ADM-01617,P01770,2024-10-20,48,F,Pulmonology,COPD,False,1,3,20,1,True,8.7,Medicare,Skilled nursing facility,False,13243.36,False
ADM-01618,P00324,2024-10-20,62,M,Cardiology,Heart failure,False,0,8,6,3,False,5.2,Private,Home,False,30493.99,False
ADM-01619,P00964,2024-10-21,72,M,General Medicine,Diabetes complication,False,0,15,12,4,True,7.2,Medicare,Skilled nursing facility,True,40167.41,True
ADM-01620,P01350,2024-10-21,76,F,Oncology,Chemotherapy complication,True,0,8,6,1,False,,Medicare,Home,True,28079.64,False
ADM-01621,P02605,2024-10-21,65,M,Cardiology,Heart failure,True,0,4,6,0,False,,Medicare,Home,True,20654.68,True
ADM-01622,P03193,2024-10-21,71,M,Pulmonology,Pneumonia,False,1,2,17,0,True,9.0,Uninsured,Home with services,True,11760.53,False
ADM-01623,P02012,2024-10-21,73,F,Orthopedics,Hip fracture,False,0,3,17,0,True,7.8,Medicare,Home,True,16096.7,False
ADM-01624,P02251,2024-10-21,68,M,General Medicine,Diabetes complication,True,2,6,11,0,True,7.0,Medicare,Skilled nursing facility,False,29778.59,True
ADM-01625,P02905,2024-10-21,81,M,Orthopedics,Hip fracture,True,0,3,9,4,False,,Medicare,Home,True,11006.62,False
ADM-01626,P00033,2024-10-22,40,F,Orthopedics,Hip fracture,True,1,1,10,1,True,6.6,Private,Home,False,10339.53,True
ADM-01627,P01554,2024-10-22,63,F,Pulmonology,Pneumonia,False,2,3,10,0,False,,Medicare,Skilled nursing facility,True,12015.97,False
ADM-01628,P03110,2024-10-22,64,F,Oncology,Chemotherapy complication,True,1,3,5,3,False,,Medicare,Home,True,13013.53,False
ADM-01629,P02924,2024-10-22,92,M,Cardiology,Heart failure,False,0,6,8,0,False,,Medicaid,Home,True,20785.25,False
ADM-01630,P02554,2024-10-22,61,M,Oncology,Chemotherapy complication,True,1,7,14,0,True,9.3,Medicare,Home with services,False,25240.5,False
ADM-01631,P01975,2024-10-22,90,F,Nephrology,Kidney disease,False,2,11,8,2,False,,Medicare,Home,True,27735.4,False
ADM-01632,P02474,2024-10-23,71,M,Cardiology,Heart failure,False,0,11,10,0,False,,Medicare,Home,True,36729.13,False
ADM-01633,P01966,2024-10-23,65,F,General Medicine,Diabetes complication,True,0,12,11,1,True,7.2,Medicaid,Home,True,57065.35,False
ADM-01634,P02618,2024-10-23,62,F,Pulmonology,COPD,False,0,1,11,2,False,,Medicare,Rehab,True,7588.52,False
ADM-01635,P00367,2024-10-23,96,F,Orthopedics,Hip fracture,False,1,6,13,0,True,5.1,Medicare,Skilled nursing facility,False,24693.29,False
ADM-01636,P00409,2024-10-23,75,M,Nephrology,Kidney disease,True,1,1,7,1,False,,Uninsured,Home with services,False,4835.33,False
ADM-01637,P01673,2024-10-23,87,F,Cardiology,Heart failure,True,0,6,8,2,False,,Medicare,Home with services,False,19088.21,False
ADM-01638,P02760,2024-10-24,80,M,Oncology,Chemotherapy complication,False,2,2,9,0,True,7.8,Private,Home with services,True,9125.76,False
ADM-01639,P01518,2024-10-24,58,M,Pulmonology,Pneumonia,True,1,5,10,2,True,,Private,Home,False,21898.37,False
ADM-01640,P01491,2024-10-24,95,M,General Medicine,Diabetes complication,True,0,5,10,2,True,7.5,Medicare,Home,True,22659.47,False
ADM-01641,P02284,2024-10-24,85,M,Cardiology,Heart failure,False,1,3,9,3,True,6.6,Medicare,Home,True,15067.29,False
ADM-01642,P00867,2024-10-25,80,F,General Medicine,Sepsis,True,1,3,10,4,False,,Private,Home with services,True,11588.24,False
ADM-01643,P02629,2024-10-25,77,F,Oncology,Chemotherapy complication,True,1,1,6,2,False,,Medicaid,Home,True,6315.66,False
ADM-01644,P03026,2024-10-25,57,F,General Medicine,Diabetes complication,True,1,4,12,3,True,6.9,Medicare,Skilled nursing facility,True,20751.84,False
ADM-01645,P02971,2024-10-25,63,M,General Medicine,Sepsis,False,3,13,6,0,False,,Uninsured,Home with services,True,46003.49,True
ADM-01646,P00931,2024-10-25,74,M,Pulmonology,COPD,False,4,2,14,3,False,,Medicaid,Home,True,10931.1,False
ADM-01647,P02887,2024-10-26,73,M,General Medicine,Diabetes complication,True,2,2,11,1,True,9.5,Private,Skilled nursing facility,True,11153.93,False
ADM-01648,P01707,2024-10-26,77,M,General Medicine,Diabetes complication,True,1,1,9,0,True,10.4,Medicaid,Home,False,5658.58,True
ADM-01649,P02643,2024-10-26,47,F,Oncology,Chemotherapy complication,True,0,3,10,1,True,8.2,Medicare,Rehab,False,13175.92,True
ADM-01650,P03005,2024-10-27,66,M,Nephrology,Kidney disease,True,2,5,11,2,False,,Private,Home,True,20522.74,False
ADM-01651,P01706,2024-10-27,66,F,General Medicine,Diabetes complication,False,0,2,11,2,True,8.2,Medicare,Home with services,True,9686.19,False
ADM-01652,P02404,2024-10-27,54,M,Nephrology,Kidney disease,False,1,4,11,1,False,,Medicare,Skilled nursing facility,True,18469.96,False
ADM-01653,P02398,2024-10-27,62,F,Oncology,Chemotherapy complication,True,0,6,9,2,False,,Medicaid,Home,False,25962.07,False
ADM-01654,P02798,2024-10-27,68,M,Pulmonology,COPD,True,1,4,9,2,False,5.5,Medicare,Skilled nursing facility,True,10773.36,False
ADM-01655,P00606,2024-10-27,45,F,Cardiology,Heart failure,True,1,2,9,3,False,,Medicare,Home with services,False,12013.74,False
ADM-01656,P00743,2024-10-27,68,M,Orthopedics,Hip fracture,True,0,1,10,1,False,,Private,Home,False,5790.64,False
ADM-01657,P00468,2024-10-28,88,M,General Medicine,Sepsis,True,1,10,10,5,False,,Medicare,Home,False,39038.74,False
ADM-01658,P00548,2024-10-28,49,F,General Medicine,Sepsis,True,0,1,6,3,False,,Medicare,Home with services,False,4328.17,False
ADM-01659,P00542,2024-10-28,71,F,Orthopedics,Hip fracture,False,1,2,7,0,False,,Medicare,Home with services,False,9944.31,False
ADM-01660,P01613,2024-10-28,55,F,Oncology,Chemotherapy complication,True,2,4,9,1,False,6.0,Medicare,Rehab,False,21449.68,False
ADM-01661,P00495,2024-10-28,95,F,Orthopedics,Hip fracture,False,1,8,9,2,True,7.8,Medicare,Home,True,20965.27,False
ADM-01662,P03125,2024-10-28,56,M,Pulmonology,COPD,True,1,1,9,2,False,,Medicare,Home with services,True,4492.56,False
ADM-01663,P00303,2024-10-29,62,F,General Medicine,Sepsis,True,2,4,8,2,False,,Medicare,Skilled nursing facility,True,16169.17,False
ADM-01664,P00859,2024-10-29,64,M,Pulmonology,Pneumonia,True,1,6,11,1,False,,Medicare,Rehab,True,22204.79,False
ADM-01665,P00234,2024-10-29,66,M,General Medicine,Diabetes complication,False,2,3,15,1,True,,Medicare,Home,False,13349.57,False
ADM-01666,P01437,2024-10-29,82,F,Pulmonology,COPD,True,1,3,13,1,False,,Medicare,Home with services,True,14467.78,False
ADM-01667,P01678,2024-10-29,63,M,Oncology,Chemotherapy complication,True,0,2,10,2,False,,Medicare,Home,True,10776.91,False
ADM-01668,P03198,2024-10-30,92,F,Oncology,Chemotherapy complication,True,0,4,11,1,True,8.1,Private,Home with services,True,20302.59,False
ADM-01669,P00499,2024-10-30,53,M,Pulmonology,Pneumonia,False,2,1,12,2,False,5.5,Private,Home,True,6350.25,False
ADM-01670,P00519,2024-10-30,72,M,Cardiology,Heart failure,True,0,11,12,0,False,5.4,Private,Home with services,False,34906.9,False
ADM-01671,P02714,2024-10-30,60,M,Pulmonology,COPD,True,2,11,13,3,False,,Medicaid,Home,True,42681.39,False
ADM-01672,P02679,2024-10-30,49,F,Orthopedics,Hip fracture,True,2,5,7,0,True,10.1,Medicaid,Home,True,21233.44,False
ADM-01673,P01533,2024-10-31,53,M,Pulmonology,Pneumonia,False,2,2,9,1,False,4.2,Private,Home,True,12246.15,False
ADM-01674,P01129,2024-10-31,59,M,Nephrology,Kidney disease,False,0,8,10,3,False,,Medicare,Home with services,False,28852.22,False
ADM-01675,P00861,2024-10-31,64,F,General Medicine,Sepsis,True,0,4,21,2,True,10.0,Private,Home,True,16670.35,False
ADM-01676,P01453,2024-11-01,75,F,Cardiology,Heart failure,True,1,9,12,0,True,7.3,Medicare,Home,True,34256.18,False
ADM-01677,P00197,2024-11-01,66,M,General Medicine,Diabetes complication,True,1,2,11,3,True,7.4,Medicare,Home,False,7232.47,False
ADM-01678,P00181,2024-11-01,63,M,General Medicine,Diabetes complication,True,1,12,10,2,True,7.4,Medicare,Home,True,37144.84,False
ADM-01679,P01635,2024-11-01,67,F,Pulmonology,COPD,False,2,3,10,1,True,5.7,Medicare,Home,True,12024.71,False
ADM-01680,P01260,2024-11-02,68,M,Cardiology,Heart failure,True,2,13,8,1,False,,Medicare,Skilled nursing facility,True,64269.48,True
ADM-01681,P00964,2024-11-02,35,F,General Medicine,Sepsis,False,0,7,12,1,False,6.1,Medicaid,Home,True,35548.77,False
ADM-01682,P01717,2024-11-02,68,M,Oncology,Chemotherapy complication,False,0,3,4,1,False,,Medicaid,Skilled nursing facility,True,11677.99,False
ADM-01683,P00576,2024-11-02,63,F,Pulmonology,Pneumonia,True,0,4,8,1,False,,Medicare,Home,True,14484.79,False
ADM-01684,P02720,2024-11-02,67,F,General Medicine,Diabetes complication,True,4,2,10,0,True,6.8,Medicare,Home with services,False,11212.94,False
ADM-01685,P01817,2024-11-02,71,F,Cardiology,Heart failure,True,0,7,13,1,True,6.1,Medicare,Home with services,False,25157.52,True
ADM-01686,P02679,2024-11-02,68,F,Pulmonology,Pneumonia,True,1,7,5,1,False,5.8,Medicare,Rehab,False,21653.18,False
ADM-01687,P01431,2024-11-03,78,F,Orthopedics,Hip fracture,False,1,6,8,0,False,,Private,Home with services,False,20917.85,False
ADM-01688,P00128,2024-11-03,71,M,Pulmonology,COPD,False,0,1,9,2,False,,Private,Home,True,6409.04,False
ADM-01689,P00112,2024-11-03,89,M,Cardiology,Heart failure,False,0,10,9,0,False,6.0,Uninsured,Home,False,35517.31,False
ADM-01690,P00073,2024-11-03,66,M,Nephrology,Kidney disease,False,1,5,10,2,False,,Medicare,Home,True,21600.51,False
ADM-01691,P01404,2024-11-04,48,F,Pulmonology,Pneumonia,True,0,5,11,2,True,8.2,Medicare,Rehab,False,19942.86,True
ADM-01692,P00942,2024-11-04,59,M,General Medicine,Sepsis,True,1,1,4,0,True,7.3,Private,Rehab,False,6765.15,False
ADM-01693,P02156,2024-11-04,62,M,General Medicine,Diabetes complication,True,0,4,10,1,True,,Medicare,Home,False,17414.64,False
ADM-01694,P02713,2024-11-04,64,F,Cardiology,Heart failure,True,0,6,6,1,False,,Medicare,Home,False,13537.51,False
ADM-01695,P01366,2024-11-05,46,F,Oncology,Chemotherapy complication,True,1,4,6,1,False,,Private,Home with services,True,17281.34,False
ADM-01696,P02225,2024-11-05,83,F,Cardiology,Heart failure,True,1,4,8,1,False,,Medicare,Home with services,True,18636.42,False
ADM-01697,P02739,2024-11-05,64,F,Pulmonology,COPD,True,1,3,5,1,False,,Medicare,Rehab,True,17489.86,False
ADM-01698,P00507,2024-11-05,88,M,General Medicine,Diabetes complication,False,0,3,6,2,True,9.2,Private,Home,True,13834.78,False
ADM-01699,P00559,2024-11-06,55,M,Cardiology,Heart failure,True,1,6,7,2,True,8.1,Medicare,Home,True,19882.68,False
ADM-01700,P00356,2024-11-06,70,M,General Medicine,Sepsis,True,0,4,8,0,False,,Medicare,Home,True,15685.18,False
ADM-01701,P02265,2024-11-06,87,F,Pulmonology,COPD,True,1,1,8,1,False,,Medicaid,Skilled nursing facility,True,6889.9,False
ADM-01702,P02481,2024-11-06,36,M,Nephrology,Kidney disease,True,2,6,8,1,False,,Medicare,Home,True,28230.64,False
ADM-01703,P01026,2024-11-07,66,M,Pulmonology,COPD,False,0,1,10,1,True,9.7,Medicare,Home with services,True,5597.26,False
ADM-01704,P01834,2024-11-07,75,M,Pulmonology,Pneumonia,True,2,5,6,2,False,5.4,Medicare,Home with services,True,17948.88,False
ADM-01705,P01384,2024-11-07,56,F,Orthopedics,Hip fracture,False,0,10,13,2,True,6.2,Private,Home,True,42408.55,False
ADM-01706,P02651,2024-11-07,54,F,Nephrology,Kidney disease,False,0,2,8,0,False,,Medicare,Home,True,8068.41,False
ADM-01707,P01948,2024-11-07,74,F,General Medicine,Diabetes complication,True,0,2,6,0,True,6.6,Medicare,Skilled nursing facility,True,12733.23,False
ADM-01708,P00047,2024-11-07,54,M,Pulmonology,COPD,True,0,5,11,3,True,6.1,Medicare,Home,True,13382.91,False
ADM-01709,P02509,2024-11-08,75,F,Oncology,Chemotherapy complication,True,3,1,9,0,False,,Medicare,Home,True,8400.28,False
ADM-01710,P00310,2024-11-08,80,M,Pulmonology,Pneumonia,True,0,11,15,1,True,10.3,Medicare,Home,True,32880.79,False
ADM-01711,P02492,2024-11-08,58,F,General Medicine,Sepsis,False,0,4,10,1,False,,Medicare,Home with services,True,18003.96,False
ADM-01712,P02865,2024-11-08,72,M,Pulmonology,Pneumonia,False,0,11,13,1,True,7.2,Private,Home,True,34150.01,False
ADM-01713,P01137,2024-11-08,79,M,Pulmonology,Pneumonia,True,1,11,5,0,False,5.7,Medicaid,Home,False,34934.03,True
ADM-01714,P02861,2024-11-08,57,M,Cardiology,Heart failure,True,1,8,5,2,True,,Medicaid,Home with services,False,39125.91,False
ADM-01715,P02069,2024-11-08,73,M,Orthopedics,Hip fracture,True,0,2,15,1,True,7.7,Medicare,Home,False,6714.07,False
ADM-01716,P02974,2024-11-08,67,M,Cardiology,Heart failure,True,1,3,7,1,False,,Private,Home with services,True,16377.44,False
ADM-01717,P03149,2024-11-09,58,F,Pulmonology,Pneumonia,True,0,6,10,1,False,,Private,Rehab,True,25678.49,False
ADM-01718,P02082,2024-11-09,68,F,Nephrology,Kidney disease,True,1,4,7,0,False,,Medicare,Home with services,False,14717.63,False
ADM-01719,P00190,2024-11-09,73,M,Cardiology,Heart failure,True,2,5,3,0,False,,Medicare,Skilled nursing facility,True,19264.62,True
ADM-01720,P01820,2024-11-10,29,M,General Medicine,Sepsis,False,0,4,9,3,True,8.2,Medicare,Rehab,True,12510.19,False
ADM-01721,P01650,2024-11-10,76,M,Oncology,Chemotherapy complication,False,0,9,14,1,False,,Medicare,Home,True,38557.44,False
ADM-01722,P02422,2024-11-10,56,F,General Medicine,Sepsis,False,1,1,13,2,False,,Medicare,Home with services,True,10451.66,False
ADM-01723,P01610,2024-11-10,60,F,Pulmonology,COPD,True,3,5,12,1,False,,Medicaid,Skilled nursing facility,True,17868.98,False
ADM-01724,P00677,2024-11-11,85,M,Pulmonology,COPD,True,2,5,5,1,False,,Medicare,Rehab,True,21559.88,False
ADM-01725,P00003,2024-11-11,76,M,General Medicine,Sepsis,True,1,5,9,2,False,,Medicare,Skilled nursing facility,True,19479.46,False
ADM-01726,P02925,2024-11-11,55,F,Oncology,Chemotherapy complication,False,1,5,7,3,False,,Medicare,Home,False,21149.03,False
ADM-01727,P02505,2024-11-11,53,F,Pulmonology,COPD,False,0,8,8,0,False,,Medicaid,Home,False,35996.71,False
ADM-01728,P00133,2024-11-11,71,F,Pulmonology,COPD,False,0,3,10,1,True,8.2,Medicaid,Home,True,14683.05,False
ADM-01729,P00703,2024-11-11,71,F,Orthopedics,Hip fracture,True,0,4,12,1,False,,Private,Home,True,20634.92,False
ADM-01730,P00898,2024-11-11,60,F,General Medicine,Sepsis,True,0,1,8,2,False,,Medicare,Home,False,10533.65,False
ADM-01731,P01648,2024-11-12,63,F,Nephrology,Kidney disease,True,0,12,8,0,True,,Medicare,Rehab,False,47907.38,True
ADM-01732,P01801,2024-11-12,60,F,Cardiology,Heart failure,False,1,5,11,2,True,8.5,Medicare,Home,False,19573.88,True
ADM-01733,P03097,2024-11-12,99,M,Nephrology,Kidney disease,True,1,7,11,0,False,,Medicare,Home,True,30784.08,False
ADM-01734,P01129,2024-11-13,91,M,General Medicine,Sepsis,False,1,2,3,1,False,5.2,Medicare,Home,True,12604.77,False
ADM-01735,P01665,2024-11-13,78,F,General Medicine,Sepsis,True,1,14,6,4,False,,Medicaid,Home,True,34252.68,False
ADM-01736,P00139,2024-11-13,52,M,Cardiology,Heart failure,False,1,5,10,4,True,9.3,Medicare,Home,False,19539.97,True
ADM-01737,P01357,2024-11-14,83,M,General Medicine,Diabetes complication,False,2,7,8,1,True,,Medicare,Home,True,23837.28,False
ADM-01738,P01174,2024-11-14,74,M,Nephrology,Kidney disease,False,1,9,11,0,False,,Medicare,Skilled nursing facility,True,36927.98,False
ADM-01739,P01317,2024-11-14,83,M,General Medicine,Sepsis,True,1,7,4,2,False,,Medicaid,Skilled nursing facility,False,27186.45,False
ADM-01740,P02475,2024-11-14,83,M,Oncology,Chemotherapy complication,True,0,7,10,1,False,,Medicaid,Home,True,31766.58,False
ADM-01741,P00321,2024-11-14,69,F,Pulmonology,Pneumonia,True,1,2,12,0,False,,Private,Home with services,False,12433.82,False
ADM-01742,P01450,2024-11-15,77,M,Pulmonology,Pneumonia,True,0,1,7,1,False,5.9,Private,Home,True,9867.03,False
ADM-01743,P00788,2024-11-15,73,F,Pulmonology,Pneumonia,True,0,3,6,1,False,,Medicare,Home with services,False,13857.85,False
ADM-01744,P00181,2024-11-15,65,F,Oncology,Chemotherapy complication,False,0,2,7,0,False,,Medicaid,Home,True,9021.91,False
ADM-01745,P00447,2024-11-15,78,M,Cardiology,Heart failure,True,1,4,6,1,False,,Medicaid,Rehab,False,22597.19,True
ADM-01746,P01320,2024-11-15,67,M,Pulmonology,COPD,True,0,7,9,0,False,,Medicare,Home with services,False,24731.88,False
ADM-01747,P00436,2024-11-16,91,F,General Medicine,Diabetes complication,True,1,8,11,2,True,6.7,Medicare,Home,True,20089.11,False
ADM-01748,P01510,2024-11-16,54,F,Nephrology,Kidney disease,False,0,3,5,1,False,,Medicare,Skilled nursing facility,False,13199.36,False
ADM-01749,P00744,2024-11-16,70,M,Orthopedics,Hip fracture,True,1,1,10,2,False,,Medicare,Skilled nursing facility,True,8443.19,False
ADM-01750,P01259,2024-11-16,80,F,Nephrology,Kidney disease,False,0,8,5,0,False,,Medicare,Home,False,25779.12,False
ADM-01751,P02059,2024-11-17,54,M,Pulmonology,Pneumonia,True,1,5,9,1,False,,Private,Home,False,19032.83,False
ADM-01752,P02021,2024-11-17,79,M,Cardiology,Heart failure,False,2,1,8,1,False,,Medicare,Home with services,True,6835.06,False
ADM-01753,P01595,2024-11-17,99,F,General Medicine,Diabetes complication,False,0,2,7,2,True,5.7,Medicare,Home,True,11950.67,False
ADM-01754,P01746,2024-11-17,66,F,Pulmonology,Pneumonia,False,2,1,5,1,False,,Medicaid,Skilled nursing facility,False,4869.38,False
ADM-01755,P00806,2024-11-17,69,F,Cardiology,Heart failure,False,2,9,18,0,True,8.8,Private,Home,True,26248.69,True
ADM-01756,P00860,2024-11-18,74,M,Oncology,Chemotherapy complication,True,0,8,8,1,False,,Medicare,Skilled nursing facility,True,27795.87,False
ADM-01757,P02665,2024-11-18,83,F,Pulmonology,COPD,True,1,4,16,0,True,9.1,Medicaid,Skilled nursing facility,True,14190.68,False
ADM-01758,P01008,2024-11-18,82,F,Pulmonology,Pneumonia,False,2,3,15,3,False,,Medicare,Home,True,10963.62,False
ADM-01759,P00825,2024-11-18,85,F,Nephrology,Kidney disease,False,0,11,6,1,False,5.0,Medicaid,Rehab,True,37616.83,False
ADM-01760,P01180,2024-11-18,60,M,General Medicine,Sepsis,True,0,11,7,1,False,,Medicare,Home,False,52097.13,False
ADM-01761,P02801,2024-11-18,60,F,Cardiology,Heart failure,True,1,10,8,3,False,,Medicare,Home with services,True,36116.21,False
ADM-01762,P00626,2024-11-18,47,F,Cardiology,Heart failure,True,0,7,10,0,False,5.7,Medicare,Home,False,24772.2,True
ADM-01763,P01842,2024-11-18,51,M,General Medicine,Diabetes complication,True,0,7,8,1,True,8.1,Medicare,Home,False,28497.2,True
ADM-01764,P00803,2024-11-18,53,M,Pulmonology,Pneumonia,False,1,1,9,1,False,,Private,Home,True,6894.82,False
ADM-01765,P00088,2024-11-19,75,F,Pulmonology,COPD,False,2,5,11,1,False,,Medicare,Home,True,25038.32,False
ADM-01766,P01654,2024-11-19,72,M,General Medicine,Diabetes complication,True,0,3,10,2,True,10.4,Medicare,Home with services,False,7124.27,False
ADM-01767,P02782,2024-11-19,49,M,Nephrology,Kidney disease,True,0,5,12,3,False,,Private,Skilled nursing facility,True,15295.34,False
ADM-01768,P00458,2024-11-19,85,M,Pulmonology,COPD,True,1,6,9,0,False,,Medicare,Home with services,True,21038.15,False
ADM-01769,P00446,2024-11-19,83,M,Cardiology,Heart failure,True,2,6,10,1,False,,Medicaid,Home,False,17097.07,False
ADM-01770,P01899,2024-11-19,60,F,Nephrology,Kidney disease,False,1,2,9,2,True,8.1,Medicaid,Home,True,8984.3,False
ADM-01771,P00755,2024-11-20,72,M,Nephrology,Kidney disease,False,2,15,5,4,False,,Private,Rehab,True,57744.37,False
ADM-01772,P00561,2024-11-20,76,F,Oncology,Chemotherapy complication,True,2,5,8,2,False,,Private,Rehab,False,23791.67,True
ADM-01773,P03053,2024-11-20,65,M,General Medicine,Diabetes complication,True,1,9,11,2,True,7.7,Private,Skilled nursing facility,True,33452.28,False
ADM-01774,P01923,2024-11-20,54,F,General Medicine,Sepsis,True,1,1,7,3,False,,Medicare,Skilled nursing facility,True,7866.68,False
ADM-01775,P02991,2024-11-20,71,F,Cardiology,Heart failure,True,0,4,7,3,False,,Medicare,Home,True,13225.46,False
ADM-01776,P01619,2024-11-20,66,M,Nephrology,Kidney disease,False,1,4,5,1,False,5.3,Medicare,Skilled nursing facility,True,16972.48,False
ADM-01777,P03030,2024-11-20,79,F,Oncology,Chemotherapy complication,False,2,3,8,0,True,8.1,Medicare,Home with services,False,13372.28,False
ADM-01778,P00325,2024-11-21,90,M,Pulmonology,Pneumonia,True,0,6,7,3,False,,Medicare,Home with services,False,25774.85,False
ADM-01779,P02153,2024-11-21,66,F,Orthopedics,Hip fracture,True,0,2,15,0,True,9.2,Private,Skilled nursing facility,True,11964.75,False
ADM-01780,P01940,2024-11-21,67,M,Oncology,Chemotherapy complication,True,4,7,10,0,False,,Medicare,Home,True,25757.03,False
ADM-01781,P01645,2024-11-21,64,F,General Medicine,Sepsis,True,1,5,6,4,False,,Medicare,Skilled nursing facility,False,23409.03,False
ADM-01782,P02121,2024-11-21,76,F,Nephrology,Kidney disease,True,2,1,8,3,False,,Medicare,Home,True,8401.33,False
ADM-01783,P03028,2024-11-22,77,M,Cardiology,Heart failure,False,0,8,13,1,True,8.2,Medicare,Skilled nursing facility,True,21491.04,False
ADM-01784,P01173,2024-11-22,66,M,Oncology,Chemotherapy complication,True,0,3,6,2,False,,Private,Skilled nursing facility,True,12159.35,False
ADM-01785,P03124,2024-11-22,62,M,Pulmonology,Pneumonia,True,2,2,14,4,True,8.9,Medicare,Home,True,10079.38,False
ADM-01786,P02534,2024-11-22,72,M,Orthopedics,Hip fracture,True,1,1,9,3,False,5.2,Uninsured,Rehab,True,5940.29,False
ADM-01787,P00656,2024-11-22,64,F,Cardiology,Heart failure,False,0,6,6,1,False,,Medicare,Home,True,24122.14,False
ADM-01788,P00860,2024-11-23,44,F,Pulmonology,Pneumonia,True,1,2,9,1,False,,Medicare,Home with services,False,12328.18,False
ADM-01789,P03083,2024-11-23,76,F,Oncology,Chemotherapy complication,True,1,4,13,0,False,,Medicaid,Home with services,True,12244.45,False
ADM-01790,P01870,2024-11-23,60,F,Cardiology,Heart failure,True,0,5,10,1,True,7.7,Medicare,Home with services,False,18752.87,True
ADM-01791,P02816,2024-11-23,73,M,General Medicine,Sepsis,True,0,6,12,1,True,,Private,Skilled nursing facility,True,23232.17,False
ADM-01792,P02944,2024-11-23,55,F,Pulmonology,Pneumonia,False,2,5,10,2,False,,Medicare,Skilled nursing facility,False,16094.36,True
ADM-01793,P01601,2024-11-24,78,F,Pulmonology,Pneumonia,False,1,4,11,3,False,5.3,Medicaid,Skilled nursing facility,False,16375.28,True
ADM-01794,P02816,2024-11-24,60,F,General Medicine,Sepsis,False,0,8,5,2,False,,Medicaid,Home,False,27180.44,False
ADM-01795,P00904,2024-11-24,46,F,General Medicine,Diabetes complication,False,1,3,16,2,True,8.6,Private,Home with services,True,15141.77,False
ADM-01796,P01192,2024-11-24,68,M,Oncology,Chemotherapy complication,False,1,4,12,0,False,,Medicare,Skilled nursing facility,False,19938.17,False
ADM-01797,P02755,2024-11-24,40,M,Cardiology,Heart failure,True,0,1,11,1,False,,Medicare,Home with services,True,4272.22,False
ADM-01798,P00427,2024-11-24,65,F,Nephrology,Kidney disease,True,0,1,7,0,True,,Medicaid,Skilled nursing facility,False,8116.08,False
ADM-01799,P02194,2024-11-24,65,M,Oncology,Chemotherapy complication,False,2,6,9,1,False,,Private,Home,False,24127.23,True
ADM-01800,P02224,2024-11-25,80,F,Nephrology,Kidney disease,False,3,3,9,1,False,5.6,Medicare,Home,True,10096.93,False
ADM-01801,P01096,2024-11-25,83,F,General Medicine,Diabetes complication,False,3,1,11,0,True,6.1,Medicaid,Rehab,True,7204.15,False
ADM-01802,P02304,2024-11-25,82,F,Pulmonology,COPD,True,0,4,5,1,False,,Medicare,Home with services,True,18053.39,False
ADM-01803,P01783,2024-11-25,77,F,General Medicine,Diabetes complication,True,1,7,7,0,True,8.1,Medicare,Home,False,27450.25,True
ADM-01804,P03134,2024-11-25,56,M,General Medicine,Diabetes complication,True,0,3,9,2,True,11.3,Medicare,Skilled nursing facility,False,12359.52,False
ADM-01805,P03120,2024-11-25,60,F,Cardiology,Heart failure,True,0,8,7,3,False,5.4,Private,Home with services,True,32915.61,False
ADM-01806,P01605,2024-11-25,95,F,General Medicine,Diabetes complication,False,3,4,11,1,True,9.5,Private,Home,True,16543.2,True
ADM-01807,P03012,2024-11-25,54,F,General Medicine,Sepsis,True,0,4,10,1,True,5.9,Medicare,Home with services,False,14858.02,False
ADM-01808,P02659,2024-11-26,76,F,General Medicine,Sepsis,True,0,4,7,1,False,,Private,Home,False,12218.73,False
ADM-01809,P02707,2024-11-26,70,M,Pulmonology,COPD,False,2,2,11,2,True,,Medicare,Home,False,7765.78,True
ADM-01810,P02259,2024-11-26,46,F,General Medicine,Diabetes complication,True,1,2,6,0,True,9.0,Medicare,Home,True,10912.64,False
ADM-01811,P01051,2024-11-26,67,F,Cardiology,Heart failure,True,1,9,10,1,True,6.7,Private,Home,True,34100.34,False
ADM-01812,P01253,2024-11-26,73,M,Pulmonology,COPD,False,2,3,11,0,True,7.4,Medicare,Home,False,13185.21,False
ADM-01813,P00642,2024-11-27,87,M,Cardiology,Heart failure,True,0,6,4,2,False,,Uninsured,Home with services,True,17549.18,False
ADM-01814,P01168,2024-11-27,53,M,General Medicine,Diabetes complication,False,1,2,16,1,True,8.3,Medicare,Skilled nursing facility,True,8686.78,True
ADM-01815,P00231,2024-11-27,61,F,General Medicine,Diabetes complication,False,1,5,8,1,True,8.1,Private,Home,True,27274.9,False
ADM-01816,P02448,2024-11-27,64,M,Oncology,Chemotherapy complication,True,0,1,6,2,False,5.4,Medicare,Home,False,6037.07,False
ADM-01817,P01322,2024-11-28,47,F,Pulmonology,Pneumonia,False,0,9,7,0,False,,Medicare,Skilled nursing facility,True,25341.02,False
ADM-01818,P02483,2024-11-28,59,M,Oncology,Chemotherapy complication,False,0,2,6,2,False,,Medicare,Home,False,12326.0,False
ADM-01819,P02666,2024-11-28,67,F,General Medicine,Sepsis,True,1,7,12,1,False,,Medicare,Home,False,30619.53,False
ADM-01820,P01853,2024-11-28,87,M,Pulmonology,COPD,True,2,9,8,1,False,,Private,Home,False,32360.35,False
ADM-01821,P03186,2024-11-28,75,F,Nephrology,Kidney disease,True,0,6,15,3,True,,Private,Home,False,17847.84,False
ADM-01822,P01971,2024-11-28,71,F,General Medicine,Diabetes complication,False,1,1,11,3,True,,Medicare,Home,False,6418.27,False
ADM-01823,P02230,2024-11-28,52,M,Pulmonology,Pneumonia,True,1,2,8,4,False,5.9,Medicare,Home,False,9261.2,False
ADM-01824,P01968,2024-11-28,64,F,Pulmonology,COPD,True,0,11,9,2,False,,Medicare,Home,True,24555.0,True
ADM-01825,P01113,2024-11-28,62,F,Orthopedics,Hip fracture,True,0,12,8,1,False,,Medicaid,Home,False,47069.88,False
ADM-01826,P00278,2024-11-29,55,F,Pulmonology,COPD,True,0,17,3,1,False,,Medicaid,Rehab,True,42456.53,False
ADM-01827,P02189,2024-11-29,74,F,General Medicine,Diabetes complication,True,0,9,11,2,True,11.1,Medicare,Rehab,False,23545.48,False
ADM-01828,P02842,2024-11-29,80,M,Pulmonology,Pneumonia,False,1,2,8,3,False,,Private,Home,True,13994.62,False
ADM-01829,P02296,2024-11-29,62,M,Pulmonology,Pneumonia,True,1,3,7,3,True,8.3,Private,Home,True,9826.51,False
ADM-01830,P02799,2024-11-29,83,F,General Medicine,Sepsis,True,2,3,4,3,False,,Private,Skilled nursing facility,True,10822.81,False
ADM-01831,P00737,2024-11-30,51,M,General Medicine,Diabetes complication,False,2,2,7,2,True,7.2,Private,Home,True,10573.93,False
ADM-01832,P01568,2024-11-30,75,M,Cardiology,Heart failure,True,0,10,10,1,True,8.5,Medicare,Home with services,True,31196.15,False
ADM-01833,P02314,2024-11-30,67,F,Pulmonology,Pneumonia,False,0,4,8,0,False,5.9,Medicaid,Home,True,18778.09,False
ADM-01834,P00665,2024-12-01,82,F,Pulmonology,Pneumonia,True,4,7,12,1,False,,Medicare,Home with services,True,20896.95,False
ADM-01835,P02784,2024-12-01,80,M,General Medicine,Diabetes complication,False,1,1,12,2,True,9.4,Private,Home with services,True,5968.5,False
ADM-01836,P00202,2024-12-01,69,F,Pulmonology,COPD,False,0,5,12,0,False,,Medicaid,Home,False,18806.89,False
ADM-01837,P02475,2024-12-01,69,F,Oncology,Chemotherapy complication,True,2,5,12,2,False,,Medicare,Home,False,23382.91,False
ADM-01838,P02002,2024-12-01,94,M,Pulmonology,Pneumonia,True,2,4,10,1,False,5.8,Medicare,Skilled nursing facility,True,15623.47,False
ADM-01839,P01320,2024-12-01,63,M,Pulmonology,COPD,True,0,1,7,0,False,,Medicare,Skilled nursing facility,True,5435.88,False
ADM-01840,P02628,2024-12-02,62,M,Pulmonology,Pneumonia,True,3,10,10,1,False,,Private,Skilled nursing facility,True,34380.76,False
ADM-01841,P02713,2024-12-02,58,M,Nephrology,Kidney disease,True,1,2,10,2,True,6.6,Medicaid,Home,True,8976.21,False
ADM-01842,P00768,2024-12-02,43,F,Cardiology,Heart failure,False,1,7,7,3,True,8.6,Private,Home,True,25666.69,False
ADM-01843,P00963,2024-12-02,44,F,Cardiology,Heart failure,True,0,3,9,0,True,6.7,Medicare,Home with services,True,13718.14,False
ADM-01844,P00119,2024-12-02,75,M,Nephrology,Kidney disease,True,1,3,5,2,False,,Medicare,Home,True,12349.85,False
ADM-01845,P02146,2024-12-02,76,M,Nephrology,Kidney disease,True,1,18,9,2,False,,Medicare,Skilled nursing facility,True,59184.21,False
ADM-01846,P01743,2024-12-02,50,M,Cardiology,Heart failure,True,0,3,7,1,False,,Private,Home with services,True,13824.61,False
ADM-01847,P02716,2024-12-02,65,F,General Medicine,Sepsis,True,0,5,11,0,False,,Private,Rehab,False,22683.44,False
ADM-01848,P00246,2024-12-02,44,F,Oncology,Chemotherapy complication,True,0,6,6,1,False,,Medicaid,Home with services,False,27018.19,False
ADM-01849,P00766,2024-12-02,74,M,Cardiology,Heart failure,True,0,5,9,1,True,6.7,Medicare,Home,False,18304.51,False
ADM-01850,P03079,2024-12-02,47,M,Oncology,Chemotherapy complication,True,0,9,9,2,False,4.5,Medicaid,Skilled nursing facility,True,31251.99,False
ADM-01851,P02759,2024-12-03,54,M,Nephrology,Kidney disease,False,1,4,10,1,True,7.5,Uninsured,Home,False,19739.36,False
ADM-01852,P02465,2024-12-03,72,M,Orthopedics,Hip fracture,True,0,8,8,2,False,,Private,Home with services,False,32514.14,False
ADM-01853,P03146,2024-12-03,80,M,General Medicine,Diabetes complication,True,0,2,11,1,True,7.4,Private,Home,True,9725.26,False
ADM-01854,P02966,2024-12-03,41,M,General Medicine,Diabetes complication,True,2,4,11,1,True,6.5,Private,Home,False,14671.25,False
ADM-01855,P02825,2024-12-03,38,F,Nephrology,Kidney disease,True,1,5,19,1,False,,Private,Home,True,27401.81,False
ADM-01856,P01818,2024-12-03,75,F,Oncology,Chemotherapy complication,False,1,4,5,0,False,,Medicare,Home,True,17925.91,False
ADM-01857,P01911,2024-12-03,57,M,Pulmonology,Pneumonia,False,1,5,7,1,False,,Medicare,Rehab,True,18098.48,False
ADM-01858,P01017,2024-12-03,70,M,Nephrology,Kidney disease,True,0,6,15,3,False,5.8,Medicare,Skilled nursing facility,True,23357.42,False
ADM-01859,P02196,2024-12-03,64,F,Pulmonology,COPD,True,1,4,16,1,False,,Medicare,Home with services,False,17930.46,True
ADM-01860,P01919,2024-12-03,68,F,Cardiology,Heart failure,True,0,5,13,1,False,,Medicare,Home,True,18239.65,False
ADM-01861,P00596,2024-12-03,74,F,Pulmonology,Pneumonia,True,0,16,5,2,False,5.3,Medicare,Home,False,65258.09,False
ADM-01862,P00018,2024-12-04,57,F,General Medicine,Diabetes complication,False,0,4,11,0,True,7.3,Uninsured,Home,False,14403.19,False
ADM-01863,P01860,2024-12-04,71,F,Oncology,Chemotherapy complication,True,1,13,9,2,False,,Medicare,Home,True,52529.47,False
ADM-01864,P01792,2024-12-04,82,M,Orthopedics,Hip fracture,True,1,9,11,2,False,,Medicare,Skilled nursing facility,True,39079.72,False
ADM-01865,P01478,2024-12-04,66,F,Pulmonology,COPD,False,0,14,5,0,False,5.2,Medicare,Skilled nursing facility,True,60133.9,False
ADM-01866,P03137,2024-12-05,71,F,General Medicine,Sepsis,True,0,4,13,2,True,8.9,Private,Home,False,18716.09,False
ADM-01867,P01774,2024-12-05,68,F,Orthopedics,Hip fracture,True,2,4,6,1,False,,Private,Home,True,17527.28,False
ADM-01868,P00019,2024-12-05,74,F,Cardiology,Heart failure,True,0,8,10,3,False,,Private,Home,False,30631.61,False
ADM-01869,P00597,2024-12-05,71,F,Cardiology,Heart failure,True,0,3,8,1,False,,Medicare,Skilled nursing facility,False,12587.16,False
ADM-01870,P02573,2024-12-05,89,F,Orthopedics,Hip fracture,False,1,3,11,2,True,6.9,Medicare,Home,True,12392.74,False
ADM-01871,P02557,2024-12-05,64,F,Cardiology,Heart failure,True,0,7,10,0,False,,Medicaid,Home,True,28460.23,False
ADM-01872,P00616,2024-12-05,84,M,Cardiology,Heart failure,False,2,1,5,0,False,,Medicare,Home,True,6430.1,False
ADM-01873,P00272,2024-12-05,83,M,Pulmonology,Pneumonia,True,1,2,8,0,False,,Medicare,Home,False,10807.96,True
ADM-01874,P00399,2024-12-05,85,F,Cardiology,Heart failure,False,1,6,11,1,False,,Medicare,Home,False,21528.53,True
ADM-01875,P02830,2024-12-06,71,M,General Medicine,Sepsis,False,0,18,8,1,True,8.1,Medicaid,Rehab,False,50448.79,True
ADM-01876,P02253,2024-12-06,46,M,Oncology,Chemotherapy complication,True,1,3,6,0,False,,Medicare,Skilled nursing facility,False,15566.96,False
ADM-01877,P01842,2024-12-06,56,F,Pulmonology,Pneumonia,False,1,3,14,1,True,9.7,Medicaid,Home with services,True,15798.02,False
ADM-01878,P00739,2024-12-06,59,F,Oncology,Chemotherapy complication,True,2,3,7,2,False,,Private,Home,False,14042.38,False
ADM-01879,P01346,2024-12-06,48,M,Orthopedics,Hip fracture,True,0,9,9,0,False,,Uninsured,Rehab,True,42166.44,False
ADM-01880,P01092,2024-12-06,66,M,General Medicine,Sepsis,True,1,7,11,1,True,7.2,Medicaid,Home,False,30253.93,False
ADM-01881,P00629,2024-12-07,53,M,Cardiology,Heart failure,False,0,3,15,3,True,7.5,Private,Home,True,11388.4,False
ADM-01882,P01844,2024-12-07,48,F,Nephrology,Kidney disease,True,1,2,14,1,False,,Private,Home,True,12521.01,False
ADM-01883,P00556,2024-12-07,60,F,General Medicine,Sepsis,False,0,4,9,1,False,,Medicare,Home,True,16526.89,False
ADM-01884,P03008,2024-12-07,69,M,Pulmonology,COPD,True,3,11,9,1,False,,Medicare,Skilled nursing facility,True,38959.76,False
ADM-01885,P02560,2024-12-07,79,F,General Medicine,Diabetes complication,False,1,4,8,2,True,,Private,Home,True,17816.02,False
ADM-01886,P00580,2024-12-07,60,F,General Medicine,Diabetes complication,True,1,8,19,0,True,6.1,Private,Home,True,32459.08,False
ADM-01887,P00914,2024-12-07,58,F,General Medicine,Sepsis,True,2,5,11,0,False,,Medicare,Home,True,19174.39,False
ADM-01888,P01643,2024-12-07,88,M,Pulmonology,COPD,True,1,10,9,1,True,6.4,Medicare,Home with services,True,29303.0,False
ADM-01889,P01692,2024-12-08,65,M,Orthopedics,Hip fracture,True,1,9,14,0,True,7.6,Medicare,Home,True,41515.48,False
ADM-01890,P01777,2024-12-08,69,M,Cardiology,Heart failure,True,1,3,4,1,False,6.1,Medicare,Home,False,11351.27,False
ADM-01891,P01669,2024-12-08,81,M,General Medicine,Diabetes complication,False,1,1,9,0,True,7.9,Private,Home with services,False,4781.86,True
ADM-01892,P01547,2024-12-08,46,F,General Medicine,Sepsis,False,2,6,13,1,False,,Medicare,Home with services,True,24415.91,False
ADM-01893,P02174,2024-12-08,88,F,General Medicine,Sepsis,True,1,9,8,2,False,,Medicare,Home,False,29488.54,False
ADM-01894,P03013,2024-12-08,62,F,General Medicine,Diabetes complication,True,0,10,11,3,True,9.2,Medicare,Home with services,False,37389.1,True
ADM-01895,P00601,2024-12-08,55,F,Orthopedics,Hip fracture,True,0,3,8,3,True,6.5,Medicare,Home with services,False,14513.16,False
ADM-01896,P02162,2024-12-08,57,F,Cardiology,Heart failure,True,2,22,10,1,False,,Medicare,Home,False,66740.25,True
ADM-01897,P03079,2024-12-08,65,M,General Medicine,Sepsis,True,1,7,6,0,False,,Uninsured,Home with services,True,31671.88,False
ADM-01898,P02135,2024-12-08,88,F,Oncology,Chemotherapy complication,True,2,4,7,1,False,,Medicare,Home,True,15308.91,True
ADM-01899,P01641,2024-12-08,60,F,Orthopedics,Hip fracture,True,3,1,10,1,False,,Private,Home,True,6203.16,False
ADM-01900,P02252,2024-12-09,36,M,Orthopedics,Hip fracture,False,0,1,8,1,False,5.2,Medicare,Rehab,False,9392.67,False
ADM-01901,P00286,2024-12-09,78,M,Pulmonology,COPD,True,0,7,10,1,False,,Medicaid,Home with services,True,27663.37,False
ADM-01902,P00473,2024-12-09,65,M,General Medicine,Sepsis,True,2,15,2,2,False,,Medicare,Home with services,True,54267.95,False
ADM-01903,P03148,2024-12-09,66,F,General Medicine,Sepsis,True,2,2,8,4,False,,Medicare,Skilled nursing facility,True,11137.9,False
ADM-01904,P01086,2024-12-09,66,M,General Medicine,Diabetes complication,True,1,4,16,3,True,,Medicare,Rehab,True,14402.45,False
ADM-01905,P01136,2024-12-09,86,M,Pulmonology,Pneumonia,False,3,2,9,1,True,7.4,Medicare,Home,True,9955.78,False
ADM-01906,P01477,2024-12-09,70,F,Pulmonology,Pneumonia,True,0,2,10,2,False,5.1,Medicaid,Home with services,False,11740.04,False
ADM-01907,P02829,2024-12-10,73,M,Pulmonology,Pneumonia,True,1,7,12,1,True,,Medicare,Home,True,23698.28,False
ADM-01908,P02769,2024-12-10,84,F,Nephrology,Kidney disease,True,0,6,13,0,False,,Private,Skilled nursing facility,True,24343.22,False
ADM-01909,P01865,2024-12-10,68,F,Oncology,Chemotherapy complication,True,1,5,11,2,False,,Medicare,Home with services,True,23621.86,False
ADM-01910,P02007,2024-12-10,62,F,Cardiology,Heart failure,False,1,3,8,0,False,,Medicaid,Rehab,True,13540.63,False
ADM-01911,P02974,2024-12-11,74,M,Oncology,Chemotherapy complication,False,2,1,13,0,False,,Medicare,Home,True,7450.57,True
ADM-01912,P00721,2024-12-11,86,F,Nephrology,Kidney disease,False,0,1,6,1,False,5.4,Uninsured,Home with services,True,6433.23,False
ADM-01913,P02493,2024-12-12,87,M,Oncology,Chemotherapy complication,True,0,5,6,1,True,10.0,Medicare,Skilled nursing facility,True,19841.03,False
ADM-01914,P02463,2024-12-12,69,F,Pulmonology,Pneumonia,False,1,3,9,2,False,,Private,Home,True,13142.65,False
ADM-01915,P01649,2024-12-13,80,F,Pulmonology,COPD,False,2,7,14,0,True,5.6,Private,Home with services,False,34458.92,True
ADM-01916,P00802,2024-12-13,99,F,Oncology,Chemotherapy complication,True,1,1,12,0,False,,Private,Rehab,True,6333.52,False
ADM-01917,P02685,2024-12-13,66,F,Orthopedics,Hip fracture,True,1,3,6,2,False,,Medicare,Home,True,13259.58,False
ADM-01918,P02828,2024-12-13,91,M,Cardiology,Heart failure,True,3,5,12,1,False,,Medicare,Home,True,15636.78,False
ADM-01919,P02252,2024-12-13,78,M,Oncology,Chemotherapy complication,True,2,3,9,2,False,,Medicare,Home,False,7453.26,False
ADM-01920,P02127,2024-12-13,64,F,Nephrology,Kidney disease,False,2,3,7,2,False,,Medicaid,Skilled nursing facility,True,15238.18,False
ADM-01921,P03067,2024-12-13,73,F,Orthopedics,Hip fracture,False,0,7,6,1,True,8.2,Private,Skilled nursing facility,False,24234.6,False
ADM-01922,P02385,2024-12-13,64,F,Cardiology,Heart failure,True,0,3,10,0,False,,Medicare,Skilled nursing facility,True,13599.24,False
ADM-01923,P00282,2024-12-13,96,M,Pulmonology,Pneumonia,False,1,22,12,2,False,,Private,Skilled nursing facility,True,82438.92,False
ADM-01924,P00838,2024-12-13,47,M,General Medicine,Diabetes complication,False,1,11,7,1,True,6.0,Medicaid,Home,True,34374.02,False
ADM-01925,P03081,2024-12-13,64,F,General Medicine,Sepsis,True,3,2,11,1,True,9.2,Medicare,Home,True,9812.94,False
ADM-01926,P00184,2024-12-14,93,M,Pulmonology,COPD,True,1,6,9,0,False,,Medicare,Home with services,False,21045.99,False
ADM-01927,P00424,2024-12-14,68,F,Pulmonology,Pneumonia,False,0,5,11,3,True,6.1,Medicare,Home,False,17983.54,False
ADM-01928,P00111,2024-12-14,69,F,Pulmonology,Pneumonia,True,0,5,5,1,False,6.1,Private,Home,True,16239.8,False
ADM-01929,P02611,2024-12-14,70,M,Cardiology,Heart failure,False,0,1,9,1,False,4.6,Uninsured,Home,False,5049.25,False
ADM-01930,P01903,2024-12-14,67,F,General Medicine,Diabetes complication,True,1,4,8,3,True,7.7,Medicaid,Home with services,True,12060.28,False
ADM-01931,P01376,2024-12-15,75,F,Pulmonology,COPD,False,1,12,7,1,False,,Private,Home,False,55073.26,False
ADM-01932,P02659,2024-12-15,71,F,General Medicine,Diabetes complication,False,1,2,6,2,True,6.7,Medicaid,Home,True,7700.54,False
ADM-01933,P02821,2024-12-15,93,F,General Medicine,Sepsis,False,0,3,10,2,False,,Medicare,Home,True,12819.81,False
ADM-01934,P00891,2024-12-15,82,M,Orthopedics,Hip fracture,True,2,12,4,1,False,,Medicare,Home,True,43543.83,False
ADM-01935,P01031,2024-12-16,73,F,Oncology,Chemotherapy complication,False,2,13,14,2,True,10.1,Medicare,Skilled nursing facility,True,54064.39,True
ADM-01936,P00484,2024-12-16,74,F,Oncology,Chemotherapy complication,True,0,4,6,1,False,,Private,Home,True,21969.53,False
ADM-01937,P00517,2024-12-16,54,M,Cardiology,Heart failure,True,3,9,14,1,True,7.5,Private,Home,True,29596.43,False
ADM-01938,P01811,2024-12-16,62,M,Pulmonology,Pneumonia,True,0,8,8,2,True,9.4,Medicaid,Home with services,True,27077.73,False
ADM-01939,P01454,2024-12-16,78,M,General Medicine,Diabetes complication,True,2,10,13,4,True,8.7,Medicaid,Skilled nursing facility,True,39275.19,False
ADM-01940,P00499,2024-12-16,76,M,Oncology,Chemotherapy complication,True,0,10,15,1,True,,Medicaid,Skilled nursing facility,True,33393.61,False
ADM-01941,P02196,2024-12-16,51,M,Cardiology,Heart failure,True,1,7,11,3,True,7.6,Medicare,Home,True,16985.71,False
ADM-01942,P01815,2024-12-16,52,F,General Medicine,Diabetes complication,True,1,2,18,2,True,8.1,Private,Home,False,11881.87,False
ADM-01943,P00677,2024-12-16,52,M,Orthopedics,Hip fracture,True,1,7,6,3,False,,Medicare,Home,False,18519.36,True
ADM-01944,P01840,2024-12-17,63,F,Oncology,Chemotherapy complication,False,2,8,12,2,False,,Private,Home,False,21359.17,False
ADM-01945,P03188,2024-12-17,83,M,Oncology,Chemotherapy complication,True,0,1,13,2,False,,Medicare,Home,False,10212.55,False
ADM-01946,P01033,2024-12-17,68,F,Cardiology,Heart failure,True,2,10,17,0,False,,Private,Home,False,38223.57,True
ADM-01947,P02137,2024-12-17,68,F,General Medicine,Diabetes complication,False,1,4,13,2,True,,Private,Skilled nursing facility,False,11686.07,False
ADM-01948,P01837,2024-12-17,57,F,Pulmonology,Pneumonia,True,0,5,10,1,False,,Medicare,Home with services,False,18333.98,True
ADM-01949,P00434,2024-12-17,59,M,Oncology,Chemotherapy complication,True,1,11,7,1,False,,Medicaid,Home,True,42526.01,False
ADM-01950,P01711,2024-12-18,60,F,Oncology,Chemotherapy complication,False,0,2,12,1,False,5.7,Medicare,Home with services,False,7379.21,False
ADM-01951,P01256,2024-12-18,89,M,Pulmonology,Pneumonia,True,1,5,16,0,True,8.2,Medicare,Skilled nursing facility,True,19507.59,False
ADM-01952,P02505,2024-12-18,68,F,Cardiology,Heart failure,True,0,4,16,0,True,10.1,Medicaid,Home with services,False,14208.48,False
ADM-01953,P02862,2024-12-18,46,M,Pulmonology,COPD,True,1,1,11,0,False,,Uninsured,Home,True,6095.11,False
ADM-01954,P00275,2024-12-18,55,M,General Medicine,Sepsis,True,0,1,12,1,True,8.8,Medicaid,Rehab,True,10221.1,False
ADM-01955,P02105,2024-12-18,80,F,Cardiology,Heart failure,False,0,4,5,4,False,,Medicare,Home,True,14637.29,False
ADM-01956,P00240,2024-12-18,73,F,Nephrology,Kidney disease,False,2,5,12,1,True,8.3,Medicare,Home with services,True,20447.73,False
ADM-01957,P02646,2024-12-18,68,M,Pulmonology,Pneumonia,True,2,6,16,1,False,,Private,Home,True,22746.64,False
ADM-01958,P00487,2024-12-18,55,M,Oncology,Chemotherapy complication,False,0,7,11,2,True,,Medicare,Skilled nursing facility,True,32901.29,False
ADM-01959,P02736,2024-12-18,67,M,General Medicine,Sepsis,True,0,6,9,0,True,8.8,Medicaid,Home,False,28078.02,True
ADM-01960,P00595,2024-12-18,85,M,General Medicine,Diabetes complication,True,0,3,9,0,True,9.3,Private,Skilled nursing facility,True,13280.24,False
ADM-01961,P00865,2024-12-18,79,M,Pulmonology,Pneumonia,True,1,5,11,1,False,,Medicaid,Home,True,21799.94,False
ADM-01962,P03064,2024-12-18,64,M,Pulmonology,COPD,True,0,2,12,3,False,,Private,Home,True,11986.4,False
ADM-01963,P03010,2024-12-18,69,M,Cardiology,Heart failure,True,0,14,14,1,False,,Medicare,Skilled nursing facility,False,54584.43,True
ADM-01964,P03093,2024-12-19,71,M,Pulmonology,Pneumonia,False,2,4,10,0,True,8.2,Medicare,Home,False,16911.88,False
ADM-01965,P02518,2024-12-19,77,M,Nephrology,Kidney disease,False,1,2,11,0,False,,Medicare,Rehab,True,8592.34,False
ADM-01966,P00816,2024-12-19,60,M,Cardiology,Heart failure,False,0,1,10,2,True,9.3,Medicare,Home,True,8084.49,False
ADM-01967,P00634,2024-12-19,89,M,General Medicine,Sepsis,True,1,8,3,2,False,,Uninsured,Home,True,28190.07,False
ADM-01968,P00881,2024-12-19,58,M,Pulmonology,Pneumonia,True,1,4,10,3,False,,Medicare,Home with services,True,13803.23,False
ADM-01969,P00086,2024-12-19,82,M,General Medicine,Sepsis,True,0,12,8,2,False,,Medicare,Home,False,34256.82,True
ADM-01970,P00589,2024-12-20,54,F,Cardiology,Heart failure,True,1,4,7,0,False,,Medicare,Home,False,18465.43,False
ADM-01971,P02999,2024-12-20,72,F,General Medicine,Diabetes complication,True,1,4,12,0,True,7.1,Medicaid,Home,True,20396.06,False
ADM-01972,P02743,2024-12-20,60,M,Nephrology,Kidney disease,True,0,2,9,1,False,,Private,Home,True,6494.81,False
ADM-01973,P01863,2024-12-20,69,F,Cardiology,Heart failure,False,0,11,7,2,False,,Medicare,Home,True,32612.66,True
ADM-01974,P01674,2024-12-20,74,M,Pulmonology,COPD,False,1,3,13,1,True,7.5,Medicare,Home,False,14125.35,False
ADM-01975,P00657,2024-12-20,54,F,Cardiology,Heart failure,True,0,2,8,2,False,,Private,Home,True,9360.97,False
ADM-01976,P02118,2024-12-20,75,M,Pulmonology,COPD,True,1,2,11,3,False,,Medicare,Home with services,True,12260.99,False
ADM-01977,P00304,2024-12-20,87,M,Oncology,Chemotherapy complication,True,1,1,11,1,False,,Medicare,Home,True,4872.7,False
ADM-01978,P02865,2024-12-20,47,M,Pulmonology,Pneumonia,False,1,6,13,1,True,9.0,Private,Home,True,22126.7,False
ADM-01979,P02784,2024-12-20,64,F,Oncology,Chemotherapy complication,False,0,5,5,2,False,5.2,Medicaid,Home,False,21384.31,False
ADM-01980,P02365,2024-12-20,67,F,General Medicine,Sepsis,False,0,5,13,3,False,,Private,Home with services,False,16942.84,False
ADM-01981,P00178,2024-12-20,74,M,General Medicine,Diabetes complication,True,3,9,5,2,True,9.9,Medicare,Rehab,False,30046.24,False
ADM-01982,P01729,2024-12-20,57,M,Cardiology,Heart failure,True,2,1,9,1,False,,Medicare,Skilled nursing facility,False,7376.66,True
ADM-01983,P00877,2024-12-20,69,M,Cardiology,Heart failure,False,2,2,15,1,True,8.4,Private,Home,True,8976.35,False
ADM-01984,P01205,2024-12-20,76,F,Cardiology,Heart failure,True,1,5,10,1,False,,Medicare,Home,True,21882.78,False
ADM-01985,P00219,2024-12-20,49,F,Cardiology,Heart failure,False,0,6,5,0,False,,Medicare,Skilled nursing facility,True,26294.05,False
ADM-01986,P02960,2024-12-21,61,M,Pulmonology,COPD,True,1,5,7,1,False,,Private,Home with services,True,22708.48,False
ADM-01987,P01003,2024-12-21,64,F,Oncology,Chemotherapy complication,False,0,12,11,0,False,,Private,Home with services,False,36071.54,False
ADM-01988,P02304,2024-12-21,68,M,General Medicine,Sepsis,True,1,1,9,1,False,,Medicare,Home,True,4752.68,False
ADM-01989,P00147,2024-12-21,68,F,Nephrology,Kidney disease,False,1,8,4,1,False,,Medicare,Home,False,33351.29,False
ADM-01990,P01749,2024-12-21,63,F,Pulmonology,Pneumonia,True,2,11,10,2,False,,Medicaid,Home with services,True,49547.47,False
ADM-01991,P00274,2024-12-21,73,F,Orthopedics,Hip fracture,True,2,8,5,0,False,,Private,Home,False,26040.41,False
ADM-01992,P00952,2024-12-22,67,F,Pulmonology,COPD,False,0,2,7,2,False,,Private,Home,False,8606.93,False
ADM-01993,P02153,2024-12-22,70,F,Nephrology,Kidney disease,True,1,2,10,5,False,5.1,Medicaid,Home,True,7789.95,False
ADM-01994,P00950,2024-12-22,73,F,Nephrology,Kidney disease,False,1,7,2,0,False,,Medicare,Home with services,False,26880.33,False
ADM-01995,P01525,2024-12-22,92,M,Pulmonology,COPD,False,2,2,6,1,True,7.4,Uninsured,Skilled nursing facility,True,7984.6,True
ADM-01996,P01953,2024-12-22,98,F,Oncology,Chemotherapy complication,False,3,7,7,2,False,,Medicare,Home with services,False,23997.9,False
ADM-01997,P01249,2024-12-22,62,F,Pulmonology,COPD,True,3,4,14,0,False,,Medicaid,Home,True,20185.46,False
ADM-01998,P00759,2024-12-22,71,F,Pulmonology,Pneumonia,False,2,7,5,0,False,5.3,Medicare,Home with services,True,32736.31,False
ADM-01999,P01564,2024-12-23,61,M,Nephrology,Kidney disease,False,1,2,14,2,False,,Private,Skilled nursing facility,False,9761.91,False
ADM-02000,P01989,2024-12-23,54,F,Pulmonology,COPD,True,0,1,7,3,False,,Medicare,Home,True,7717.7,False
ADM-02001,P01144,2024-12-23,59,M,Cardiology,Heart failure,False,1,4,13,0,True,9.0,Uninsured,Skilled nursing facility,True,17757.75,False
ADM-02002,P00185,2024-12-23,52,F,Pulmonology,Pneumonia,True,1,10,12,1,False,,Medicare,Home,False,26791.49,True
ADM-02003,P02099,2024-12-24,66,F,Cardiology,Heart failure,False,1,2,11,1,True,7.4,Medicare,Home,True,8930.1,False
ADM-02004,P00257,2024-12-24,86,F,Orthopedics,Hip fracture,True,0,5,5,3,False,,Medicaid,Rehab,True,18851.78,False
ADM-02005,P00783,2024-12-24,51,M,Pulmonology,COPD,True,1,1,6,0,False,,Private,Home,False,9107.07,False
ADM-02006,P00799,2024-12-24,86,M,Pulmonology,Pneumonia,True,1,2,11,1,False,,Medicare,Home,True,9411.15,False
ADM-02007,P01371,2024-12-24,89,F,Oncology,Chemotherapy complication,False,0,10,13,0,False,,Medicare,Home,True,25650.85,False
ADM-02008,P01359,2024-12-24,81,F,Orthopedics,Hip fracture,False,1,10,13,1,True,9.5,Medicare,Home,True,28474.23,False
ADM-02009,P01906,2024-12-24,72,M,General Medicine,Diabetes complication,False,0,1,15,0,True,5.9,Medicaid,Home,False,9069.63,False
ADM-02010,P02106,2024-12-24,63,M,Cardiology,Heart failure,True,0,4,4,0,True,7.5,Private,Skilled nursing facility,True,12010.97,False
ADM-02011,P00657,2024-12-25,66,M,Orthopedics,Hip fracture,True,0,4,8,1,False,,Private,Home,True,11755.35,False
ADM-02012,P02925,2024-12-25,60,M,Pulmonology,COPD,False,0,3,15,0,False,,Private,Home,True,15586.2,False
ADM-02013,P00282,2024-12-25,70,F,Pulmonology,Pneumonia,False,2,6,7,2,False,,Medicare,Home,False,24732.81,False
ADM-02014,P00853,2024-12-25,47,M,Pulmonology,Pneumonia,False,0,9,15,0,True,,Medicaid,Home,True,29925.88,False
ADM-02015,P02829,2024-12-25,69,F,Pulmonology,Pneumonia,False,0,9,11,1,False,,Medicare,Home,False,23772.06,False
ADM-02016,P02071,2024-12-26,67,F,Pulmonology,Pneumonia,True,0,3,4,3,True,7.8,Private,Home,True,14875.13,False
ADM-02017,P01892,2024-12-26,71,F,General Medicine,Sepsis,True,4,11,8,1,False,,Medicare,Skilled nursing facility,False,47244.15,False
ADM-02018,P01074,2024-12-26,60,F,Cardiology,Heart failure,True,2,3,14,2,False,5.9,Medicare,Rehab,True,11556.89,False
ADM-02019,P02357,2024-12-26,58,M,Pulmonology,Pneumonia,True,2,4,7,2,False,,Medicare,Home with services,False,13970.17,True
ADM-02020,P02552,2024-12-26,53,F,Oncology,Chemotherapy complication,False,1,7,16,2,False,,Medicare,Home,True,25811.25,False
ADM-02021,P01579,2024-12-26,59,M,Orthopedics,Hip fracture,False,0,7,7,0,False,,Medicare,Rehab,True,23154.48,False
ADM-02022,P00806,2024-12-26,91,M,Cardiology,Heart failure,False,2,4,6,3,False,,Private,Skilled nursing facility,True,17373.13,False
ADM-02023,P02981,2024-12-26,74,M,Pulmonology,COPD,False,1,7,5,0,False,5.9,Medicare,Home,True,19744.78,False
ADM-02024,P00614,2024-12-26,59,F,Cardiology,Heart failure,False,0,2,4,1,False,,Medicaid,Rehab,True,7805.53,False
ADM-02025,P00080,2024-12-26,79,F,Nephrology,Kidney disease,False,0,4,9,0,False,,Private,Home,True,25536.93,False
ADM-02026,P02006,2024-12-26,72,F,Pulmonology,COPD,False,2,3,7,0,False,,Medicare,Home with services,True,11182.19,False
ADM-02027,P02089,2024-12-27,60,M,Cardiology,Heart failure,False,1,4,13,2,True,7.3,Medicare,Home with services,True,16258.96,False
ADM-02028,P00072,2024-12-27,50,M,Orthopedics,Hip fracture,False,0,4,9,1,True,6.1,Private,Home with services,True,21375.26,False
ADM-02029,P01056,2024-12-27,75,M,Pulmonology,Pneumonia,False,2,7,12,0,False,,Medicaid,Rehab,True,28788.81,False
ADM-02030,P03041,2024-12-27,69,F,Cardiology,Heart failure,True,0,10,10,0,False,,Medicaid,Home with services,False,36161.74,False
ADM-02031,P01031,2024-12-28,68,F,Pulmonology,COPD,True,1,1,10,1,True,,Medicare,Skilled nursing facility,False,8714.63,False
ADM-02032,P01642,2024-12-28,79,M,Cardiology,Heart failure,False,0,6,11,2,False,,Medicare,Home,False,27917.86,False
ADM-02033,P02168,2024-12-28,61,F,Cardiology,Heart failure,True,0,7,14,1,False,,Medicare,Home with services,True,27612.63,False
ADM-02034,P00291,2024-12-28,46,M,Pulmonology,COPD,True,0,6,11,4,True,10.0,Medicare,Home,True,23932.19,False
ADM-02035,P01912,2024-12-28,52,M,General Medicine,Diabetes complication,True,0,9,11,2,True,10.4,Uninsured,Home,False,33265.97,False
ADM-02036,P00201,2024-12-28,72,F,General Medicine,Sepsis,False,1,6,15,3,False,4.9,Medicare,Home,True,20549.22,False
ADM-02037,P03028,2024-12-28,75,F,Pulmonology,Pneumonia,False,0,3,11,2,True,8.6,Medicare,Home,True,11455.39,False
ADM-02038,P01487,2024-12-28,80,F,Pulmonology,Pneumonia,True,1,1,7,1,False,,Medicaid,Home,True,3932.54,False
ADM-02039,P02467,2024-12-28,50,M,Cardiology,Heart failure,True,0,4,8,2,False,,Medicaid,Home with services,False,10632.3,True
ADM-02040,P00183,2024-12-29,98,M,Oncology,Chemotherapy complication,False,0,6,11,3,True,9.1,Private,Skilled nursing facility,True,19995.6,False
ADM-02041,P02054,2024-12-29,67,F,Oncology,Chemotherapy complication,False,1,7,8,1,False,,Private,Home,True,29204.32,False
ADM-02042,P02554,2024-12-29,48,F,Oncology,Chemotherapy complication,False,1,4,9,1,False,,Medicare,Home with services,False,13119.66,True
ADM-02043,P00941,2024-12-29,73,M,Pulmonology,COPD,False,1,5,9,1,False,,Private,Home with services,True,20293.39,False
ADM-02044,P00738,2024-12-29,46,F,Pulmonology,COPD,False,1,14,6,0,True,5.6,Medicare,Home,False,46026.54,False
ADM-02045,P01022,2024-12-29,78,M,Pulmonology,COPD,True,0,18,10,0,False,,Medicare,Home with services,True,48357.61,False
ADM-02046,P00823,2024-12-29,70,F,Pulmonology,Pneumonia,True,0,2,15,1,True,8.3,Private,Home,True,11925.17,False
ADM-02047,P03180,2024-12-29,65,M,Pulmonology,COPD,False,0,3,12,0,False,,Medicare,Home,True,14359.28,False
ADM-02048,P00461,2024-12-29,79,F,Pulmonology,COPD,True,3,9,10,1,False,,Medicare,Home with services,True,35648.26,False
ADM-02049,P02059,2024-12-29,98,M,Cardiology,Heart failure,False,0,5,8,2,False,,Medicaid,Skilled nursing facility,True,14691.42,False
ADM-02050,P01290,2024-12-29,61,F,Nephrology,Kidney disease,True,1,2,9,2,True,7.3,Medicare,Skilled nursing facility,False,9684.24,False
ADM-02051,P00030,2024-12-30,79,F,General Medicine,Diabetes complication,True,0,6,8,3,True,8.3,Uninsured,Home,True,21659.75,False
ADM-02052,P01585,2024-12-30,52,M,Orthopedics,Hip fracture,False,1,14,6,1,False,,Private,Rehab,True,47277.32,False
ADM-02053,P00879,2024-12-30,50,F,Oncology,Chemotherapy complication,True,0,8,13,1,False,,Private,Skilled nursing facility,True,35614.92,False
ADM-02054,P02978,2024-12-30,63,M,Orthopedics,Hip fracture,False,2,7,11,4,False,,Medicare,Home,False,33663.64,False
ADM-02055,P00294,2024-12-30,73,M,General Medicine,Sepsis,True,1,3,9,2,False,,Medicaid,Home,False,15423.92,False
ADM-02056,P00923,2024-12-30,77,F,Pulmonology,COPD,False,1,7,5,3,True,8.9,Medicare,Home,True,17727.89,False
ADM-02057,P02644,2024-12-31,77,M,General Medicine,Diabetes complication,True,0,2,12,1,True,7.5,Medicare,Home,True,7829.25,False
ADM-02058,P00340,2024-12-31,73,M,Oncology,Chemotherapy complication,False,0,2,8,1,False,,Private,Home with services,True,9698.42,False
ADM-02059,P01380,2024-12-31,79,M,Pulmonology,COPD,True,1,2,9,1,False,,Medicare,Home,True,10781.84,False
ADM-02060,P02168,2024-12-31,80,M,Nephrology,Kidney disease,True,1,11,12,1,False,5.5,Private,Home,False,37884.64,False
ADM-02061,P00667,2025-01-01,65,F,Cardiology,Heart failure,True,1,3,10,1,True,7.3,Medicare,Rehab,True,14823.46,False
ADM-02062,P02823,2025-01-01,76,F,Pulmonology,COPD,False,0,2,9,1,False,,Medicaid,Skilled nursing facility,True,10386.41,False
ADM-02063,P03066,2025-01-01,66,F,Oncology,Chemotherapy complication,False,2,1,12,0,True,6.9,Private,Skilled nursing facility,True,7258.52,False
ADM-02064,P00989,2025-01-02,50,M,Cardiology,Heart failure,True,1,5,13,1,True,5.3,Private,Home,True,21360.2,False
ADM-02065,P01150,2025-01-02,78,M,Cardiology,Heart failure,False,0,1,7,2,False,,Medicaid,Home,False,8012.78,True
ADM-02066,P01902,2025-01-02,64,M,General Medicine,Sepsis,True,2,4,7,1,False,,Medicare,Home,True,20666.05,False
ADM-02067,P00295,2025-01-02,83,M,Pulmonology,Pneumonia,True,2,2,13,2,False,,Private,Home with services,True,11763.32,False
ADM-02068,P01800,2025-01-03,69,F,Nephrology,Kidney disease,True,1,3,11,3,False,,Medicare,Home,False,21104.9,False
ADM-02069,P03020,2025-01-03,75,M,Cardiology,Heart failure,False,0,3,9,2,False,,Medicare,Home,True,13757.53,False
ADM-02070,P02110,2025-01-03,74,F,Orthopedics,Hip fracture,True,1,4,11,2,False,,Medicare,Home,True,12676.71,False
ADM-02071,P02883,2025-01-03,60,F,General Medicine,Diabetes complication,True,1,3,7,1,True,8.6,Medicare,Rehab,True,13591.02,False
ADM-02072,P01374,2025-01-04,68,M,Pulmonology,COPD,True,0,2,11,3,False,,Private,Home,False,12567.74,False
ADM-02073,P01023,2025-01-04,51,F,Orthopedics,Hip fracture,False,2,3,9,1,False,,Medicare,Home,False,15232.89,True
ADM-02074,P01427,2025-01-04,49,M,Nephrology,Kidney disease,False,1,8,8,0,False,,Medicare,Home with services,False,21800.69,False
ADM-02075,P02093,2025-01-05,66,F,General Medicine,Sepsis,True,1,6,11,4,True,3.7,Uninsured,Rehab,True,22634.03,False
ADM-02076,P02403,2025-01-05,58,M,Orthopedics,Hip fracture,True,0,5,12,0,True,7.3,Medicaid,Home,False,20080.91,True
ADM-02077,P02519,2025-01-05,67,F,Oncology,Chemotherapy complication,False,0,10,7,1,False,5.8,Medicaid,Home,True,31044.25,False
ADM-02078,P01474,2025-01-05,81,F,Orthopedics,Hip fracture,True,0,5,8,2,False,4.9,Medicare,Home,True,18490.28,False
ADM-02079,P01955,2025-01-05,79,F,Nephrology,Kidney disease,True,1,6,10,2,True,4.8,Uninsured,Skilled nursing facility,True,21888.1,False
ADM-02080,P00627,2025-01-06,64,F,Nephrology,Kidney disease,False,1,6,11,1,False,,Private,Home with services,False,24135.25,False
ADM-02081,P01271,2025-01-06,64,M,General Medicine,Diabetes complication,False,2,8,12,1,True,7.1,Uninsured,Home,True,28830.21,False
ADM-02082,P02865,2025-01-06,58,F,Orthopedics,Hip fracture,True,0,4,8,1,False,,Medicare,Home,True,18236.14,False
ADM-02083,P01412,2025-01-06,59,M,Nephrology,Kidney disease,False,0,7,7,1,False,,Medicare,Home with services,False,21225.04,False
ADM-02084,P02367,2025-01-06,65,M,Nephrology,Kidney disease,False,0,3,6,1,False,,Medicaid,Rehab,True,14484.22,False
ADM-02085,P01662,2025-01-06,55,F,General Medicine,Sepsis,True,0,6,12,1,False,,Private,Home,True,23897.7,False
ADM-02086,P02262,2025-01-07,45,M,Pulmonology,Pneumonia,True,0,9,8,1,True,6.9,Medicare,Skilled nursing facility,True,28748.75,True
ADM-02087,P01440,2025-01-07,69,F,General Medicine,Diabetes complication,True,1,4,7,3,True,4.1,Medicaid,Home,False,11192.4,False
ADM-02088,P02652,2025-01-07,82,M,Nephrology,Kidney disease,True,0,7,8,2,False,,Private,Home,True,25017.81,True
ADM-02089,P02421,2025-01-07,64,F,General Medicine,Sepsis,True,0,9,7,1,False,,Medicare,Skilled nursing facility,False,26894.4,False
ADM-02090,P00607,2025-01-07,67,M,Pulmonology,Pneumonia,True,1,8,12,1,False,5.6,Medicaid,Home,True,29763.67,False
ADM-02091,P02262,2025-01-07,63,F,Pulmonology,COPD,False,0,2,10,4,True,7.8,Medicaid,Home,True,9217.02,False
ADM-02092,P02320,2025-01-07,65,F,Nephrology,Kidney disease,True,1,4,6,0,False,,Medicare,Home,True,17801.63,False
ADM-02093,P02539,2025-01-08,94,F,General Medicine,Sepsis,True,1,3,10,2,False,,Medicaid,Home with services,False,14853.68,False
ADM-02094,P01752,2025-01-08,50,F,Nephrology,Kidney disease,True,1,5,10,2,False,,Medicaid,Home with services,False,17608.38,False
ADM-02095,P02219,2025-01-08,87,M,Pulmonology,COPD,False,1,7,8,2,False,,Uninsured,Home with services,False,23901.94,False
ADM-02096,P01602,2025-01-08,68,M,Pulmonology,COPD,True,2,2,6,2,False,,Medicare,Home with services,False,10771.96,False
ADM-02097,P00335,2025-01-08,61,M,Orthopedics,Hip fracture,True,0,3,9,1,False,,Medicare,Home,True,15084.51,False
ADM-02098,P00215,2025-01-08,59,F,General Medicine,Sepsis,True,0,5,11,2,False,,Private,Home,True,21787.9,False
ADM-02099,P01795,2025-01-09,71,F,General Medicine,Sepsis,True,1,3,9,1,False,,Private,Home,True,11306.97,False
ADM-02100,P00711,2025-01-09,83,M,Cardiology,Heart failure,False,0,6,7,3,False,,Medicare,Home,True,20392.66,False
ADM-02101,P01893,2025-01-09,61,M,Pulmonology,Pneumonia,False,1,2,4,1,False,,Medicaid,Home with services,True,11595.47,False
ADM-02102,P02358,2025-01-09,38,M,Cardiology,Heart failure,True,0,5,6,2,True,9.1,Medicare,Home,False,21407.25,True
ADM-02103,P02781,2025-01-09,76,M,Cardiology,Heart failure,True,1,10,7,1,False,,Medicare,Skilled nursing facility,True,43374.75,True
ADM-02104,P00481,2025-01-09,61,F,General Medicine,Diabetes complication,True,1,8,10,2,True,7.3,Private,Home,False,27086.91,False
ADM-02105,P02764,2025-01-09,72,F,Pulmonology,Pneumonia,True,2,6,7,0,False,,Medicare,Skilled nursing facility,True,19507.48,True
ADM-02106,P01095,2025-01-09,73,M,Orthopedics,Hip fracture,True,1,2,8,1,False,,Medicare,Rehab,False,8855.72,False
ADM-02107,P00408,2025-01-09,58,F,General Medicine,Sepsis,True,2,2,10,2,False,,Private,Home,True,13884.72,False
ADM-02108,P01957,2025-01-09,47,F,Cardiology,Heart failure,False,1,10,7,2,False,,Medicaid,Skilled nursing facility,True,36043.48,True
ADM-02109,P02519,2025-01-10,80,M,Oncology,Chemotherapy complication,False,2,2,9,1,True,9.9,Medicare,Home,False,11601.55,False
ADM-02110,P00434,2025-01-10,39,M,Pulmonology,COPD,True,1,2,12,1,True,5.4,Medicaid,Home,True,7836.07,False
ADM-02111,P01594,2025-01-10,73,F,Pulmonology,Pneumonia,True,2,7,12,1,False,,Medicaid,Skilled nursing facility,True,27900.09,False
ADM-02112,P00859,2025-01-10,69,M,Pulmonology,Pneumonia,True,0,2,11,0,False,5.6,Medicare,Home,False,12259.56,False
ADM-02113,P02874,2025-01-10,53,F,Cardiology,Heart failure,False,1,6,12,1,False,,Uninsured,Home,True,29845.33,False
ADM-02114,P02380,2025-01-10,56,F,Pulmonology,COPD,True,0,9,7,2,False,,Uninsured,Home,False,21415.21,False
ADM-02115,P02231,2025-01-10,60,M,Oncology,Chemotherapy complication,True,1,4,12,1,True,6.0,Uninsured,Home,False,17095.0,False
ADM-02116,P01469,2025-01-10,73,M,General Medicine,Diabetes complication,True,0,1,8,1,True,9.1,Medicare,Home,False,6551.57,False
ADM-02117,P00048,2025-01-10,78,M,Cardiology,Heart failure,False,0,8,13,1,False,,Medicare,Home,True,47461.98,False
ADM-02118,P02826,2025-01-10,80,F,Pulmonology,Pneumonia,True,0,2,6,0,False,,Medicare,Skilled nursing facility,True,10426.4,False
ADM-02119,P03123,2025-01-10,61,M,General Medicine,Diabetes complication,False,1,6,13,0,True,5.4,Medicare,Home,False,22067.52,True
ADM-02120,P01346,2025-01-11,80,M,Pulmonology,Pneumonia,False,1,11,12,1,False,,Medicare,Skilled nursing facility,True,40748.45,False
ADM-02121,P02685,2025-01-11,72,M,General Medicine,Sepsis,True,0,14,8,2,True,9.4,Medicare,Home,False,51287.2,False
ADM-02122,P01558,2025-01-11,90,F,Orthopedics,Hip fracture,True,0,4,8,2,False,,Medicaid,Home,True,17220.15,False
ADM-02123,P01263,2025-01-11,66,M,Orthopedics,Hip fracture,True,1,1,7,2,False,,Medicare,Home,False,6665.58,False
ADM-02124,P01466,2025-01-11,93,M,Orthopedics,Hip fracture,True,0,13,8,2,False,,Medicaid,Home,False,54169.04,False
ADM-02125,P02843,2025-01-11,82,M,Cardiology,Heart failure,False,0,2,7,0,False,,Medicare,Skilled nursing facility,True,13144.06,True
ADM-02126,P01885,2025-01-11,61,M,Pulmonology,Pneumonia,False,1,5,7,1,False,,Private,Skilled nursing facility,False,22891.55,False
ADM-02127,P00083,2025-01-11,62,M,General Medicine,Sepsis,True,0,2,4,0,False,,Medicare,Home with services,False,13436.23,False
ADM-02128,P00594,2025-01-11,76,M,Nephrology,Kidney disease,True,0,6,10,2,False,6.1,Medicare,Home,True,23642.44,False
ADM-02129,P01408,2025-01-11,76,F,Pulmonology,Pneumonia,True,3,1,10,1,False,,Medicare,Home,False,8421.48,False
ADM-02130,P01724,2025-01-11,68,F,Cardiology,Heart failure,True,0,14,10,2,False,,Medicare,Rehab,True,57275.43,False
ADM-02131,P02407,2025-01-11,79,M,Pulmonology,Pneumonia,True,0,5,6,0,False,,Medicare,Home with services,True,22296.33,False
ADM-02132,P02132,2025-01-12,61,M,Oncology,Chemotherapy complication,False,1,8,11,1,False,,Private,Home,True,31768.1,False
ADM-02133,P02734,2025-01-12,69,F,Nephrology,Kidney disease,True,1,7,10,1,False,5.7,Medicare,Home,True,27435.28,False
ADM-02134,P01632,2025-01-12,98,M,Pulmonology,Pneumonia,True,0,26,8,2,False,,Private,Home,False,65177.17,False
ADM-02135,P00339,2025-01-12,63,M,Pulmonology,Pneumonia,False,3,7,12,0,False,,Medicare,Home,True,30541.1,False
ADM-02136,P01339,2025-01-12,66,M,Orthopedics,Hip fracture,True,0,1,10,5,False,,Private,Skilled nursing facility,False,5676.56,True
ADM-02137,P00431,2025-01-12,62,F,General Medicine,Diabetes complication,True,1,1,7,0,True,,Medicare,Home,False,7841.69,False
ADM-02138,P03067,2025-01-12,79,M,Pulmonology,Pneumonia,True,0,1,8,1,True,6.5,Medicaid,Home,True,6757.59,False
ADM-02139,P00385,2025-01-12,54,M,Nephrology,Kidney disease,False,2,5,14,3,True,,Private,Home,True,24790.8,False
ADM-02140,P02275,2025-01-13,59,M,Pulmonology,COPD,True,0,3,14,3,False,,Private,Skilled nursing facility,True,9791.7,False
ADM-02141,P01162,2025-01-13,86,F,Nephrology,Kidney disease,True,0,4,11,1,False,,Medicare,Home with services,True,16234.78,False
ADM-02142,P00846,2025-01-13,87,F,General Medicine,Sepsis,True,1,5,11,5,False,,Private,Skilled nursing facility,True,21898.51,False
ADM-02143,P02656,2025-01-13,74,F,Oncology,Chemotherapy complication,True,0,3,13,3,True,,Private,Rehab,True,12031.53,False
ADM-02144,P00387,2025-01-13,56,F,Orthopedics,Hip fracture,True,0,3,9,1,False,5.0,Medicare,Home,False,11771.91,False
ADM-02145,P01729,2025-01-13,77,F,Cardiology,Heart failure,True,0,1,5,6,False,,Medicare,Home,True,5395.93,False
ADM-02146,P00475,2025-01-14,71,M,Orthopedics,Hip fracture,False,1,1,13,1,False,,Medicare,Home,True,8263.95,False
ADM-02147,P01563,2025-01-14,72,M,Oncology,Chemotherapy complication,False,0,9,6,0,False,5.4,Medicare,Rehab,False,46022.87,False
ADM-02148,P02764,2025-01-14,89,F,Pulmonology,Pneumonia,False,0,6,17,4,False,,Private,Home with services,True,21293.41,False
ADM-02149,P01706,2025-01-14,66,F,Oncology,Chemotherapy complication,False,1,6,9,2,False,,Medicaid,Home,True,26260.03,False
ADM-02150,P01875,2025-01-14,83,M,General Medicine,Diabetes complication,False,1,1,8,0,True,,Medicare,Home,False,7214.04,False
ADM-02151,P01248,2025-01-14,81,M,Pulmonology,Pneumonia,False,2,5,7,2,False,,Private,Home,True,19601.75,False
ADM-02152,P01214,2025-01-14,80,M,Nephrology,Kidney disease,True,1,1,7,1,False,,Medicaid,Home,False,5619.85,True
ADM-02153,P00664,2025-01-14,31,M,Cardiology,Heart failure,False,1,7,9,2,False,,Medicaid,Home,False,31037.54,False
ADM-02154,P01330,2025-01-14,32,M,Nephrology,Kidney disease,True,1,13,7,2,False,,Medicare,Home,True,43852.78,False
ADM-02155,P02701,2025-01-15,92,F,Pulmonology,Pneumonia,False,0,6,9,0,False,,Medicare,Home,False,28608.7,False
ADM-02156,P01730,2025-01-15,37,M,Pulmonology,COPD,True,1,9,14,1,False,,Medicaid,Skilled nursing facility,True,40313.14,False
ADM-02157,P01180,2025-01-15,74,M,General Medicine,Diabetes complication,False,1,9,10,0,True,7.5,Private,Home,False,28365.88,False
ADM-02158,P00210,2025-01-15,63,M,Orthopedics,Hip fracture,True,1,10,11,0,False,,Medicaid,Home,True,29850.96,False
ADM-02159,P01989,2025-01-15,76,F,Cardiology,Heart failure,False,0,3,12,2,False,,Medicare,Home with services,False,16377.1,False
ADM-02160,P03107,2025-01-15,77,F,General Medicine,Sepsis,True,0,6,14,0,True,7.8,Medicaid,Home,True,24116.21,False
ADM-02161,P00265,2025-01-15,76,M,General Medicine,Sepsis,False,1,4,14,0,False,,Private,Home,False,16692.91,False
ADM-02162,P01323,2025-01-16,73,F,Oncology,Chemotherapy complication,True,1,8,16,1,False,,Medicare,Skilled nursing facility,False,23317.1,False
ADM-02163,P02374,2025-01-16,58,F,Orthopedics,Hip fracture,False,3,3,10,3,True,9.4,Medicare,Home,True,16271.01,False
ADM-02164,P02743,2025-01-16,64,F,Pulmonology,COPD,False,2,5,10,1,True,6.3,Medicaid,Rehab,True,19396.93,False
ADM-02165,P00324,2025-01-16,80,F,Pulmonology,Pneumonia,True,0,3,3,1,False,,Medicare,Skilled nursing facility,False,14263.53,True
ADM-02166,P02398,2025-01-16,57,F,General Medicine,Sepsis,False,1,3,18,0,True,8.8,Medicaid,Rehab,False,10163.64,False
ADM-02167,P00118,2025-01-17,61,F,General Medicine,Sepsis,True,0,8,14,3,False,,Medicare,Skilled nursing facility,False,33756.09,False
ADM-02168,P02098,2025-01-17,47,M,Nephrology,Kidney disease,True,3,16,14,0,True,7.6,Uninsured,Home,False,62750.48,True
ADM-02169,P02655,2025-01-17,74,M,Cardiology,Heart failure,True,0,3,7,1,False,,Medicare,Rehab,False,14825.88,True
ADM-02170,P01914,2025-01-17,82,F,Cardiology,Heart failure,True,0,4,5,0,False,,Medicare,Home,True,18944.53,False
ADM-02171,P01165,2025-01-18,68,M,Pulmonology,COPD,True,0,5,5,1,False,5.7,Medicaid,Home,True,15554.17,False
ADM-02172,P01612,2025-01-18,72,F,Nephrology,Kidney disease,False,0,2,7,3,False,5.5,Medicaid,Home with services,False,9958.81,False
ADM-02173,P01485,2025-01-18,68,F,Cardiology,Heart failure,True,2,5,10,1,False,,Medicare,Home,False,21003.46,False
ADM-02174,P00600,2025-01-19,54,F,Nephrology,Kidney disease,True,3,2,13,1,True,5.7,Medicaid,Home,False,11197.08,False
ADM-02175,P00640,2025-01-19,80,M,Cardiology,Heart failure,True,1,5,8,1,False,,Medicaid,Home,True,19609.09,True
ADM-02176,P00959,2025-01-19,50,F,Cardiology,Heart failure,True,0,2,8,0,False,5.4,Uninsured,Home,True,12127.16,False
ADM-02177,P02094,2025-01-19,53,F,Nephrology,Kidney disease,False,0,2,11,1,False,,Private,Skilled nursing facility,False,10088.12,False
ADM-02178,P02747,2025-01-19,73,M,Oncology,Chemotherapy complication,True,1,3,10,1,False,,Medicare,Home with services,True,14361.26,False
ADM-02179,P02408,2025-01-19,51,F,Nephrology,Kidney disease,False,0,1,9,3,True,7.1,Private,Home,True,8390.22,False
ADM-02180,P01392,2025-01-19,70,M,Oncology,Chemotherapy complication,False,0,2,10,1,False,,Medicare,Rehab,True,11684.97,False
ADM-02181,P02588,2025-01-19,55,M,Orthopedics,Hip fracture,True,1,5,13,1,True,10.4,Medicare,Home with services,False,30535.48,True
ADM-02182,P02411,2025-01-20,65,F,Orthopedics,Hip fracture,True,1,3,9,0,False,,Medicare,Home,True,13523.73,False
ADM-02183,P01986,2025-01-20,86,F,Nephrology,Kidney disease,True,1,4,9,4,False,,Medicaid,Skilled nursing facility,False,18722.9,False
ADM-02184,P01614,2025-01-20,69,F,Pulmonology,Pneumonia,False,1,9,8,3,False,,Medicare,Home,True,19683.78,False
ADM-02185,P01441,2025-01-20,40,F,Nephrology,Kidney disease,False,1,2,5,1,False,5.5,Medicare,Home with services,False,14809.07,False
ADM-02186,P03102,2025-01-20,69,M,Pulmonology,Pneumonia,False,1,3,7,1,False,,Private,Rehab,True,12151.51,False
ADM-02187,P02632,2025-01-21,87,M,Oncology,Chemotherapy complication,False,1,3,7,1,False,,Private,Skilled nursing facility,True,16953.05,False
ADM-02188,P01910,2025-01-21,80,F,Oncology,Chemotherapy complication,True,3,2,9,4,False,,Medicare,Home with services,False,12029.34,True
ADM-02189,P01112,2025-01-21,67,M,General Medicine,Sepsis,True,4,3,12,2,True,6.2,Medicare,Home with services,True,16034.23,False
ADM-02190,P02506,2025-01-21,77,F,General Medicine,Sepsis,True,1,7,13,1,False,,Medicare,Home with services,False,33077.36,False
ADM-02191,P02015,2025-01-21,76,M,Pulmonology,COPD,False,0,3,5,2,False,6.0,Medicare,Home with services,True,10399.02,False
ADM-02192,P01807,2025-01-21,50,F,Oncology,Chemotherapy complication,False,0,7,8,1,False,,Uninsured,Skilled nursing facility,True,31661.74,False
ADM-02193,P01638,2025-01-22,70,M,Pulmonology,Pneumonia,True,0,2,9,1,False,5.7,Private,Skilled nursing facility,True,9502.89,False
ADM-02194,P00868,2025-01-22,63,F,Orthopedics,Hip fracture,True,0,3,13,1,True,6.4,Medicare,Home,True,11219.05,False
ADM-02195,P00812,2025-01-22,76,F,Nephrology,Kidney disease,True,2,3,8,1,False,,Medicare,Skilled nursing facility,False,14800.55,False
ADM-02196,P02389,2025-01-22,64,F,Pulmonology,Pneumonia,False,0,12,8,1,False,,Medicare,Home,True,46332.29,False
ADM-02197,P02156,2025-01-22,76,M,Orthopedics,Hip fracture,False,0,6,13,2,False,,Private,Home,True,28044.35,False
ADM-02198,P00920,2025-01-23,74,M,Nephrology,Kidney disease,False,1,7,7,0,True,7.7,Medicare,Home,True,24146.09,False
ADM-02199,P00115,2025-01-23,40,M,Nephrology,Kidney disease,True,2,3,14,2,True,9.0,Medicare,Home,True,12317.68,False
ADM-02200,P01831,2025-01-23,74,F,Cardiology,Heart failure,True,2,2,13,2,True,,Medicare,Home,True,13230.53,False
ADM-02201,P00480,2025-01-23,75,F,Pulmonology,Pneumonia,True,0,7,9,0,False,,Private,Home,False,23734.58,False
ADM-02202,P00357,2025-01-24,61,M,General Medicine,Sepsis,False,1,3,11,1,True,7.7,Medicare,Home,False,10609.95,False
ADM-02203,P00688,2025-01-24,66,F,General Medicine,Sepsis,True,2,8,11,3,False,5.3,Medicare,Home with services,True,35954.88,False
ADM-02204,P01024,2025-01-24,70,F,Cardiology,Heart failure,False,0,3,1,5,False,,Medicaid,Home,True,9762.76,False
ADM-02205,P00262,2025-01-24,73,M,General Medicine,Sepsis,True,1,3,8,2,False,,Medicare,Home with services,True,7907.44,False
ADM-02206,P01719,2025-01-24,85,M,Cardiology,Heart failure,True,3,1,5,0,False,,Private,Home,False,7714.17,True
ADM-02207,P01650,2025-01-24,51,F,Pulmonology,Pneumonia,False,1,4,4,1,False,5.8,Medicare,Home,True,23871.0,False
ADM-02208,P02305,2025-01-24,79,F,Pulmonology,COPD,True,2,7,7,5,False,,Medicaid,Home,True,22301.46,False
ADM-02209,P02679,2025-01-24,72,M,General Medicine,Diabetes complication,False,0,4,8,3,True,8.5,Medicare,Home,True,19565.99,False
ADM-02210,P02927,2025-01-24,78,M,Oncology,Chemotherapy complication,False,0,3,10,1,True,7.6,Private,Skilled nursing facility,True,15028.37,False
ADM-02211,P01834,2025-01-24,67,F,General Medicine,Diabetes complication,True,0,2,7,3,True,8.9,Medicare,Home with services,False,11064.28,False
ADM-02212,P00205,2025-01-25,74,F,General Medicine,Sepsis,False,0,18,6,2,False,,Private,Home with services,False,68113.97,False
ADM-02213,P01061,2025-01-25,90,M,Nephrology,Kidney disease,False,1,5,10,3,True,8.3,Private,Home with services,True,18598.64,False
ADM-02214,P03068,2025-01-25,42,M,Nephrology,Kidney disease,True,0,3,8,2,False,,Private,Home,True,14424.65,False
ADM-02215,P00657,2025-01-26,81,F,Pulmonology,Pneumonia,True,0,5,11,2,True,6.7,Medicare,Rehab,True,22315.21,False
ADM-02216,P01622,2025-01-26,69,M,Oncology,Chemotherapy complication,False,1,1,8,0,False,,Medicaid,Skilled nursing facility,False,9060.28,False
ADM-02217,P00368,2025-01-26,61,F,Pulmonology,COPD,False,0,8,10,0,False,,Private,Home,True,29005.21,False
ADM-02218,P00261,2025-01-26,64,F,Pulmonology,COPD,True,0,7,10,3,False,,Medicare,Home,False,28993.97,False
ADM-02219,P01104,2025-01-26,78,M,Nephrology,Kidney disease,True,2,2,8,1,False,6.0,Private,Home,True,8261.43,False
ADM-02220,P02991,2025-01-27,61,F,Pulmonology,COPD,False,0,1,5,1,False,,Private,Home,True,8674.35,False
ADM-02221,P00845,2025-01-27,86,F,General Medicine,Diabetes complication,True,0,4,7,0,True,,Private,Home with services,True,15847.47,False
ADM-02222,P02439,2025-01-27,57,M,General Medicine,Diabetes complication,True,2,3,12,1,True,,Medicaid,Skilled nursing facility,False,11311.21,False
ADM-02223,P01899,2025-01-28,83,M,Pulmonology,COPD,False,0,1,7,1,False,,Private,Skilled nursing facility,True,5097.56,False
ADM-02224,P02669,2025-01-28,66,M,General Medicine,Sepsis,True,0,14,10,1,True,9.3,Medicaid,Home,True,34897.65,False
ADM-02225,P00062,2025-01-28,65,M,Pulmonology,Pneumonia,True,3,1,10,2,True,9.8,Medicare,Home,True,3015.55,False
ADM-02226,P00088,2025-01-28,62,F,Nephrology,Kidney disease,False,2,3,3,1,False,5.8,Private,Home,False,11563.85,False
ADM-02227,P02404,2025-01-28,48,M,General Medicine,Sepsis,False,2,3,14,1,False,,Medicaid,Skilled nursing facility,False,12597.42,False
ADM-02228,P00354,2025-01-28,52,F,Orthopedics,Hip fracture,False,0,1,4,1,False,,Medicare,Home,False,7163.26,False
ADM-02229,P02560,2025-01-29,68,F,General Medicine,Diabetes complication,False,0,9,20,2,True,8.5,Private,Home,False,23503.77,False
ADM-02230,P02972,2025-01-29,82,M,Oncology,Chemotherapy complication,True,1,4,13,0,True,7.9,Medicare,Skilled nursing facility,True,14470.7,False
ADM-02231,P00899,2025-01-29,65,M,Pulmonology,COPD,True,0,6,5,5,False,,Medicaid,Home with services,True,29808.07,False
ADM-02232,P01245,2025-01-29,66,F,Nephrology,Kidney disease,True,0,3,7,2,True,9.0,Medicare,Home,True,15153.55,False
ADM-02233,P00854,2025-01-29,58,F,Nephrology,Kidney disease,True,1,5,11,2,False,,Uninsured,Home,True,17277.23,False
ADM-02234,P00354,2025-01-29,69,F,Cardiology,Heart failure,False,1,3,3,0,False,,Medicare,Skilled nursing facility,False,10571.28,False
ADM-02235,P02820,2025-01-30,44,F,Cardiology,Heart failure,True,1,7,4,0,False,,Medicare,Home,False,31493.62,False
ADM-02236,P01626,2025-01-30,66,F,Pulmonology,Pneumonia,False,0,5,12,1,True,7.1,Medicare,Home with services,True,19608.51,False
ADM-02237,P00363,2025-01-30,71,M,General Medicine,Diabetes complication,True,0,7,9,3,True,6.0,Medicare,Home,True,20699.2,False
ADM-02238,P02055,2025-01-30,68,F,Pulmonology,COPD,False,2,3,6,0,True,10.3,Medicaid,Home with services,True,12685.9,True
ADM-02239,P02370,2025-01-31,78,M,General Medicine,Sepsis,True,1,10,11,1,False,,Medicare,Rehab,True,46993.58,False
ADM-02240,P01559,2025-01-31,74,M,Pulmonology,Pneumonia,True,1,13,12,3,True,10.0,Medicaid,Skilled nursing facility,True,34414.21,False
ADM-02241,P02560,2025-01-31,61,M,Pulmonology,Pneumonia,True,1,5,5,4,False,,Private,Home with services,True,22446.95,False
ADM-02242,P02289,2025-01-31,88,F,Oncology,Chemotherapy complication,True,2,10,10,2,True,6.7,Medicare,Home,False,37964.34,False
ADM-02243,P00991,2025-01-31,66,F,Pulmonology,COPD,False,2,2,15,2,False,,Medicare,Home,True,9943.89,False
ADM-02244,P00880,2025-01-31,50,F,Pulmonology,COPD,True,3,10,5,1,True,6.4,Medicaid,Skilled nursing facility,False,43318.84,False
ADM-02245,P01250,2025-01-31,82,M,Pulmonology,Pneumonia,False,0,8,11,2,False,5.8,Medicare,Skilled nursing facility,False,29108.74,False
ADM-02246,P00551,2025-02-01,51,F,Pulmonology,Pneumonia,True,0,8,14,0,True,,Medicare,Home,True,24389.23,False
ADM-02247,P02140,2025-02-01,70,F,Nephrology,Kidney disease,False,0,8,10,2,False,,Medicaid,Home,True,28773.65,False
ADM-02248,P00514,2025-02-01,98,M,General Medicine,Sepsis,False,0,13,13,3,False,4.8,Medicare,Home,False,34401.13,False
ADM-02249,P02770,2025-02-01,70,F,Cardiology,Heart failure,True,1,3,11,2,False,,Private,Home with services,True,13695.42,False
ADM-02250,P00703,2025-02-01,76,F,Pulmonology,Pneumonia,True,0,8,9,1,True,7.6,Medicaid,Rehab,True,30039.02,False
ADM-02251,P00513,2025-02-01,48,M,Cardiology,Heart failure,False,0,9,6,2,False,,Medicare,Skilled nursing facility,True,46579.04,False
ADM-02252,P01414,2025-02-01,87,F,Cardiology,Heart failure,False,1,5,7,0,False,,Medicare,Home,True,21730.38,False
ADM-02253,P01756,2025-02-01,42,F,General Medicine,Sepsis,True,0,6,11,1,False,,Uninsured,Home with services,True,19911.86,False
ADM-02254,P00257,2025-02-01,61,M,Orthopedics,Hip fracture,True,1,6,11,1,False,,Medicare,Home with services,False,26102.78,True
ADM-02255,P03064,2025-02-02,65,F,Orthopedics,Hip fracture,True,1,7,7,0,False,,Medicare,Home,True,23493.28,False
ADM-02256,P03045,2025-02-02,78,F,Cardiology,Heart failure,False,1,3,5,4,False,6.4,Private,Skilled nursing facility,False,13080.42,False
ADM-02257,P02940,2025-02-02,69,M,Pulmonology,Pneumonia,True,1,2,9,2,False,,Medicare,Home,True,5661.49,False
ADM-02258,P01809,2025-02-02,68,M,Nephrology,Kidney disease,True,0,3,10,2,False,,Uninsured,Home,True,12621.48,False
ADM-02259,P00532,2025-02-02,99,F,Oncology,Chemotherapy complication,True,3,2,9,3,False,,Private,Home with services,True,7514.54,False
ADM-02260,P02837,2025-02-02,79,M,Pulmonology,Pneumonia,False,2,2,8,0,False,,Medicare,Skilled nursing facility,True,10202.03,False
ADM-02261,P01479,2025-02-02,87,M,General Medicine,Sepsis,False,1,6,11,1,False,,Medicare,Home,True,31475.05,False
ADM-02262,P00991,2025-02-03,50,F,Pulmonology,Pneumonia,False,2,6,9,2,False,,Private,Home,False,15715.17,False
ADM-02263,P02149,2025-02-03,70,M,General Medicine,Diabetes complication,True,2,7,11,2,True,10.3,Medicaid,Home,True,31898.64,False
ADM-02264,P00202,2025-02-03,63,M,General Medicine,Diabetes complication,True,1,5,8,2,True,9.2,Medicaid,Home,True,21885.71,False
ADM-02265,P02289,2025-02-03,92,M,Nephrology,Kidney disease,True,0,2,12,0,False,,Medicare,Skilled nursing facility,True,12883.64,False
ADM-02266,P03131,2025-02-03,59,M,General Medicine,Diabetes complication,True,2,5,7,3,True,6.2,Medicare,Rehab,True,19683.97,False
ADM-02267,P00530,2025-02-04,47,F,General Medicine,Sepsis,True,0,8,11,4,True,6.9,Private,Skilled nursing facility,True,25790.58,False
ADM-02268,P02769,2025-02-04,86,M,Pulmonology,Pneumonia,True,1,5,8,1,False,,Medicaid,Home,True,17369.14,False
ADM-02269,P00414,2025-02-04,50,F,Pulmonology,COPD,True,1,7,8,1,False,,Medicare,Home,True,25286.26,False
ADM-02270,P00477,2025-02-04,67,M,Orthopedics,Hip fracture,True,0,6,12,2,True,5.4,Medicaid,Skilled nursing facility,False,24362.72,False
ADM-02271,P01234,2025-02-05,60,F,Cardiology,Heart failure,False,0,1,8,3,False,,Uninsured,Home,True,9560.52,False
ADM-02272,P00081,2025-02-05,60,M,Nephrology,Kidney disease,False,1,1,9,2,False,5.0,Medicare,Home with services,False,10199.77,False
ADM-02273,P00001,2025-02-05,63,F,Orthopedics,Hip fracture,True,0,7,10,4,True,6.5,Medicare,Home with services,True,24409.31,False
ADM-02274,P01023,2025-02-05,39,M,Cardiology,Heart failure,False,1,14,10,0,False,,Private,Home,False,50792.16,False
ADM-02275,P00088,2025-02-05,81,M,General Medicine,Diabetes complication,True,4,14,16,2,True,10.6,Uninsured,Home,False,42303.94,True
ADM-02276,P02844,2025-02-06,62,F,General Medicine,Sepsis,True,0,3,8,2,False,,Private,Home,False,12068.66,False
ADM-02277,P00012,2025-02-06,66,M,Cardiology,Heart failure,True,0,4,10,0,False,,Medicare,Home,True,11591.34,False
ADM-02278,P00110,2025-02-06,83,M,Cardiology,Heart failure,True,2,5,11,0,False,,Medicaid,Home with services,True,22084.98,False
ADM-02279,P02773,2025-02-06,70,F,Orthopedics,Hip fracture,True,0,4,18,2,True,6.4,Medicare,Home,False,13343.17,False
ADM-02280,P02880,2025-02-06,87,M,General Medicine,Sepsis,True,0,5,12,0,False,,Medicare,Home,True,24861.36,False
ADM-02281,P00463,2025-02-06,74,M,Cardiology,Heart failure,True,1,9,8,1,True,6.1,Private,Home,True,33765.56,False
ADM-02282,P00185,2025-02-07,53,M,Nephrology,Kidney disease,True,0,2,7,4,False,,Private,Home with services,False,10234.63,False
ADM-02283,P01790,2025-02-07,73,M,Oncology,Chemotherapy complication,True,2,12,12,2,False,,Medicare,Home with services,True,41018.02,False
ADM-02284,P02232,2025-02-07,61,M,Orthopedics,Hip fracture,True,3,5,10,0,False,,Uninsured,Skilled nursing facility,True,16691.84,False
ADM-02285,P02948,2025-02-07,79,F,Oncology,Chemotherapy complication,True,0,4,9,1,False,,Medicaid,Home with services,False,18294.55,False
ADM-02286,P01955,2025-02-07,72,M,Cardiology,Heart failure,True,0,7,10,1,False,,Medicaid,Home,True,22420.9,True
ADM-02287,P01155,2025-02-07,59,F,Nephrology,Kidney disease,True,2,2,13,0,False,,Medicare,Skilled nursing facility,True,10001.68,False
ADM-02288,P02014,2025-02-07,66,M,Nephrology,Kidney disease,True,1,6,7,4,False,,Medicaid,Home,False,25407.01,False
ADM-02289,P00757,2025-02-07,89,M,Oncology,Chemotherapy complication,False,1,3,14,4,False,5.7,Medicare,Home,False,16296.14,False
ADM-02290,P00034,2025-02-07,73,F,Pulmonology,Pneumonia,True,0,2,6,1,False,,Private,Rehab,False,10961.98,False
ADM-02291,P00184,2025-02-08,58,F,Pulmonology,Pneumonia,True,1,9,9,1,False,,Private,Home,False,26721.37,False
ADM-02292,P00207,2025-02-08,60,F,General Medicine,Sepsis,True,0,7,8,1,False,,Medicare,Skilled nursing facility,True,18705.77,False
ADM-02293,P01328,2025-02-08,78,F,Cardiology,Heart failure,False,1,4,8,3,False,,Medicare,Home,True,17044.56,False
ADM-02294,P01373,2025-02-08,85,F,Cardiology,Heart failure,True,1,4,11,3,False,,Private,Skilled nursing facility,False,10210.07,False
ADM-02295,P01470,2025-02-08,56,M,Pulmonology,Pneumonia,True,0,3,13,0,True,8.2,Medicare,Home,False,14138.75,False
ADM-02296,P00055,2025-02-08,64,F,Cardiology,Heart failure,True,1,4,10,3,True,7.8,Medicare,Home,False,18597.88,False
ADM-02297,P02449,2025-02-09,45,M,Nephrology,Kidney disease,True,0,4,11,3,False,,Medicaid,Rehab,False,18590.37,False
ADM-02298,P01143,2025-02-09,60,M,Cardiology,Heart failure,True,1,2,11,2,True,9.0,Private,Home with services,False,13059.86,False
ADM-02299,P00683,2025-02-10,49,F,General Medicine,Sepsis,False,0,3,11,3,True,8.3,Medicare,Home,False,16079.37,False
ADM-02300,P00894,2025-02-10,77,F,Cardiology,Heart failure,True,1,2,10,0,False,,Medicare,Home,True,7930.68,False
ADM-02301,P03065,2025-02-10,63,F,Pulmonology,Pneumonia,False,0,5,12,1,False,,Medicare,Home,False,19955.16,False
ADM-02302,P00717,2025-02-10,57,F,Nephrology,Kidney disease,False,0,11,5,1,True,9.0,Medicare,Home,False,36443.27,False
ADM-02303,P02482,2025-02-10,88,M,Pulmonology,COPD,True,1,12,4,0,False,,Medicaid,Home,True,30209.61,False
ADM-02304,P00884,2025-02-10,66,M,Pulmonology,COPD,False,1,4,9,0,False,,Medicare,Home with services,False,18541.69,False
ADM-02305,P00860,2025-02-10,45,M,General Medicine,Diabetes complication,True,0,5,6,2,True,6.5,Medicare,Home with services,True,18565.75,False
ADM-02306,P02278,2025-02-11,62,M,Cardiology,Heart failure,False,1,8,6,3,False,,Medicare,Home,True,31987.16,False
ADM-02307,P02933,2025-02-11,73,M,Pulmonology,Pneumonia,True,0,9,14,1,True,7.2,Medicare,Skilled nursing facility,False,20359.95,False
ADM-02308,P03034,2025-02-12,75,F,Pulmonology,Pneumonia,True,4,3,9,3,False,,Medicare,Rehab,False,14436.36,True
ADM-02309,P02016,2025-02-12,70,F,Pulmonology,COPD,True,3,9,5,1,False,,Private,Home with services,True,31716.03,False
ADM-02310,P02727,2025-02-12,70,F,Cardiology,Heart failure,False,1,4,13,0,False,,Medicare,Skilled nursing facility,False,16660.18,True
ADM-02311,P02254,2025-02-13,74,F,Orthopedics,Hip fracture,False,0,8,9,0,False,,Medicare,Home with services,True,25804.67,False
ADM-02312,P03162,2025-02-13,62,M,Pulmonology,COPD,True,1,11,7,1,False,,Medicare,Home with services,True,45138.63,False
ADM-02313,P01153,2025-02-13,48,M,Pulmonology,COPD,True,0,3,9,3,False,,Medicare,Rehab,True,11702.26,False
ADM-02314,P00496,2025-02-14,80,M,Cardiology,Heart failure,True,1,8,3,0,False,,Private,Home with services,True,25909.09,False
ADM-02315,P02716,2025-02-14,78,F,Cardiology,Heart failure,False,0,5,10,1,False,,Medicare,Skilled nursing facility,False,19238.59,False
ADM-02316,P02843,2025-02-14,44,M,Pulmonology,Pneumonia,False,0,1,5,0,False,5.9,Medicare,Home with services,True,6463.47,False
ADM-02317,P00102,2025-02-14,57,M,General Medicine,Sepsis,True,1,1,11,0,True,9.2,Medicare,Skilled nursing facility,False,6772.34,True
ADM-02318,P01442,2025-02-14,51,M,Cardiology,Heart failure,True,1,4,8,1,False,,Private,Rehab,False,13956.97,False
ADM-02319,P00474,2025-02-14,73,F,General Medicine,Diabetes complication,False,1,8,11,2,True,7.8,Private,Home,False,31515.96,False
ADM-02320,P00120,2025-02-15,91,F,Pulmonology,COPD,False,1,5,11,1,False,,Medicaid,Home,True,22681.52,False
ADM-02321,P01986,2025-02-15,65,M,Pulmonology,COPD,True,3,1,11,4,True,9.3,Private,Home,False,8044.92,True
ADM-02322,P02750,2025-02-15,56,F,Cardiology,Heart failure,False,0,5,7,3,False,,Medicaid,Home with services,False,16812.07,False
ADM-02323,P00770,2025-02-15,56,M,Orthopedics,Hip fracture,True,1,5,7,2,False,,Medicare,Rehab,False,18788.82,False
ADM-02324,P01578,2025-02-15,85,F,Pulmonology,Pneumonia,True,1,4,9,0,False,,Medicare,Home,False,17511.58,False
ADM-02325,P01325,2025-02-16,39,M,General Medicine,Diabetes complication,True,0,6,14,2,True,9.6,Medicare,Rehab,True,25061.6,False
ADM-02326,P00919,2025-02-16,71,M,Cardiology,Heart failure,True,3,2,13,0,False,,Private,Skilled nursing facility,False,12107.57,False
ADM-02327,P02303,2025-02-16,74,F,Pulmonology,COPD,True,0,1,13,0,False,,Medicare,Home,True,7948.46,False
ADM-02328,P01111,2025-02-16,85,F,General Medicine,Sepsis,False,0,10,9,2,False,,Private,Home,False,31343.29,False
ADM-02329,P03028,2025-02-17,76,F,Nephrology,Kidney disease,True,1,3,8,0,False,,Private,Home with services,False,15648.9,False
ADM-02330,P01352,2025-02-17,61,M,Nephrology,Kidney disease,True,0,1,7,1,False,5.4,Medicare,Skilled nursing facility,True,6313.79,False
ADM-02331,P02580,2025-02-17,71,M,Orthopedics,Hip fracture,False,0,7,10,1,False,,Uninsured,Home,True,29032.32,False
ADM-02332,P01881,2025-02-17,74,F,Nephrology,Kidney disease,True,1,4,10,1,False,,Medicare,Home with services,False,12750.26,False
ADM-02333,P01327,2025-02-17,83,F,Oncology,Chemotherapy complication,True,2,3,5,1,False,,Medicaid,Rehab,True,12447.97,False
ADM-02334,P02508,2025-02-17,80,M,General Medicine,Sepsis,False,0,5,7,1,False,6.2,Private,Home,True,18756.0,False
ADM-02335,P00294,2025-02-17,55,M,Oncology,Chemotherapy complication,True,1,6,11,2,False,,Private,Home with services,True,25065.52,False
ADM-02336,P00180,2025-02-18,70,M,Cardiology,Heart failure,True,1,3,11,2,False,,Medicaid,Skilled nursing facility,True,8533.71,False
ADM-02337,P03002,2025-02-19,81,F,Nephrology,Kidney disease,False,2,6,7,4,False,,Medicare,Home,True,23332.37,False
ADM-02338,P01361,2025-02-19,71,F,Nephrology,Kidney disease,True,2,2,5,1,False,,Private,Skilled nursing facility,False,10223.61,False
ADM-02339,P00986,2025-02-19,87,F,Pulmonology,COPD,False,0,4,12,2,True,,Medicare,Skilled nursing facility,True,18807.6,False
ADM-02340,P00632,2025-02-19,65,M,Oncology,Chemotherapy complication,True,2,7,8,1,False,,Private,Home,True,27726.13,False
ADM-02341,P00010,2025-02-19,82,F,Cardiology,Heart failure,False,2,5,11,1,False,,Medicaid,Home,True,15648.82,False
ADM-02342,P00985,2025-02-19,83,F,Cardiology,Heart failure,True,0,6,12,2,False,,Medicaid,Home,True,23845.6,False
ADM-02343,P01860,2025-02-19,79,F,General Medicine,Diabetes complication,True,3,7,9,0,True,,Medicare,Home,False,24526.61,False
ADM-02344,P01529,2025-02-19,75,M,Oncology,Chemotherapy complication,True,1,15,9,2,False,,Private,Rehab,True,54747.48,False
ADM-02345,P01778,2025-02-19,79,M,General Medicine,Diabetes complication,True,1,6,11,2,True,9.4,Medicaid,Home with services,False,24990.53,False
ADM-02346,P03183,2025-02-20,82,M,Cardiology,Heart failure,True,1,9,10,2,False,,Medicare,Home,False,37291.51,False
ADM-02347,P02545,2025-02-20,80,M,Pulmonology,Pneumonia,True,0,6,5,0,False,,Private,Home with services,False,21232.82,False
ADM-02348,P01274,2025-02-20,75,M,Pulmonology,Pneumonia,True,1,3,9,0,False,,Private,Home with services,False,19220.58,False
ADM-02349,P01501,2025-02-20,62,F,Cardiology,Heart failure,True,2,4,4,1,False,,Medicare,Home,False,18342.02,False
ADM-02350,P01680,2025-02-20,68,F,Cardiology,Heart failure,True,2,3,9,1,True,8.4,Medicare,Home,True,15986.05,False
ADM-02351,P03196,2025-02-20,79,M,Orthopedics,Hip fracture,True,1,4,5,1,False,,Medicare,Home,False,16330.74,True
ADM-02352,P03094,2025-02-20,54,F,Pulmonology,COPD,False,0,2,8,3,False,,Medicare,Home,True,7425.1,False
ADM-02353,P01067,2025-02-21,81,M,Pulmonology,COPD,True,0,1,6,1,False,,Medicaid,Skilled nursing facility,True,6283.02,False
ADM-02354,P02922,2025-02-21,55,M,Oncology,Chemotherapy complication,False,1,1,13,0,False,,Medicare,Skilled nursing facility,False,7826.89,False
ADM-02355,P02607,2025-02-21,68,F,Pulmonology,COPD,True,1,4,7,0,False,,Uninsured,Skilled nursing facility,True,16638.11,False
ADM-02356,P00327,2025-02-21,51,F,Nephrology,Kidney disease,False,1,11,6,1,False,,Medicare,Home,True,30788.01,False
ADM-02357,P00944,2025-02-21,69,M,General Medicine,Diabetes complication,True,1,6,12,1,True,7.0,Medicare,Home,False,18488.75,False
ADM-02358,P01212,2025-02-21,69,F,Cardiology,Heart failure,False,2,7,9,2,True,6.9,Medicare,Home with services,True,20065.5,True
ADM-02359,P02989,2025-02-21,76,M,Nephrology,Kidney disease,False,2,2,12,1,False,5.9,Medicare,Home,True,10267.33,False
ADM-02360,P03090,2025-02-22,73,M,Nephrology,Kidney disease,True,0,7,9,1,True,7.8,Medicare,Home,False,28070.72,False
ADM-02361,P01238,2025-02-22,82,M,Cardiology,Heart failure,True,2,2,9,1,False,,Medicare,Skilled nursing facility,True,10531.89,False
ADM-02362,P01087,2025-02-22,68,M,Cardiology,Heart failure,True,2,8,14,2,False,,Medicare,Rehab,False,27306.47,False
ADM-02363,P02712,2025-02-22,81,F,Cardiology,Heart failure,True,2,7,11,1,True,8.5,Medicare,Home,True,20039.84,True
ADM-02364,P00663,2025-02-23,50,F,Nephrology,Kidney disease,False,2,4,9,0,False,,Medicaid,Home,True,15662.03,False
ADM-02365,P01613,2025-02-23,48,M,General Medicine,Sepsis,False,1,1,9,4,False,,Medicare,Home,False,6532.4,False
ADM-02366,P01417,2025-02-23,76,M,Cardiology,Heart failure,True,1,4,5,1,False,,Medicare,Skilled nursing facility,True,18387.08,False
ADM-02367,P00459,2025-02-23,65,F,Pulmonology,COPD,False,1,9,3,2,False,,Medicare,Home with services,False,26539.81,False
ADM-02368,P02134,2025-02-23,60,M,Pulmonology,Pneumonia,True,1,7,10,2,False,,Medicare,Rehab,True,23831.12,False
ADM-02369,P01481,2025-02-23,71,M,Orthopedics,Hip fracture,False,0,7,6,0,False,,Medicare,Home,True,30968.44,False
ADM-02370,P00730,2025-02-23,99,M,Cardiology,Heart failure,False,1,3,8,0,True,7.2,Medicare,Home,True,14125.83,False
ADM-02371,P03145,2025-02-23,85,M,General Medicine,Diabetes complication,True,0,5,12,2,True,5.3,Medicaid,Home,False,16654.62,True
ADM-02372,P02463,2025-02-23,65,F,Pulmonology,Pneumonia,True,1,5,16,1,False,,Medicare,Home,False,21336.42,False
ADM-02373,P01719,2025-02-23,84,M,General Medicine,Sepsis,True,1,4,8,2,False,,Medicare,Home,True,13565.07,False
ADM-02374,P02067,2025-02-24,79,F,Cardiology,Heart failure,True,0,8,8,0,False,,Medicare,Skilled nursing facility,False,37872.76,False
ADM-02375,P02880,2025-02-24,75,F,Cardiology,Heart failure,False,2,2,12,1,False,,Medicare,Home,False,13256.77,False
ADM-02376,P01360,2025-02-24,60,F,Oncology,Chemotherapy complication,True,2,2,10,3,False,,Medicaid,Home with services,False,11085.62,False
ADM-02377,P00763,2025-02-24,61,M,Nephrology,Kidney disease,True,2,3,10,0,True,8.5,Medicare,Home,False,14130.73,False
ADM-02378,P02280,2025-02-24,54,F,General Medicine,Sepsis,True,0,1,12,0,True,5.2,Medicaid,Skilled nursing facility,True,6015.47,False
ADM-02379,P02330,2025-02-24,86,M,General Medicine,Diabetes complication,True,0,10,9,1,True,,Private,Home,True,30557.05,False
ADM-02380,P01534,2025-02-24,63,M,General Medicine,Diabetes complication,False,0,1,8,0,True,6.1,Private,Home,True,8179.32,False
ADM-02381,P00976,2025-02-24,61,M,Cardiology,Heart failure,False,0,7,15,1,False,,Medicare,Home with services,True,28254.1,False
ADM-02382,P02508,2025-02-24,82,M,Nephrology,Kidney disease,True,1,1,13,1,False,,Private,Home with services,False,6951.6,False
ADM-02383,P00271,2025-02-25,82,M,Pulmonology,COPD,True,3,4,9,0,True,7.1,Medicare,Home,False,17308.02,False
ADM-02384,P00401,2025-02-25,56,M,General Medicine,Diabetes complication,False,0,5,10,2,True,10.5,Medicare,Skilled nursing facility,False,18376.57,False
ADM-02385,P01338,2025-02-25,57,F,Nephrology,Kidney disease,True,1,10,8,1,False,5.1,Medicare,Home,True,34295.72,False
ADM-02386,P00327,2025-02-25,55,F,Nephrology,Kidney disease,False,1,4,5,3,False,,Uninsured,Home,True,14958.03,False
ADM-02387,P00204,2025-02-25,72,F,Orthopedics,Hip fracture,True,0,2,9,0,True,8.5,Private,Home,False,12970.82,False
ADM-02388,P02097,2025-02-26,81,M,General Medicine,Diabetes complication,True,2,7,10,0,True,8.8,Medicare,Home,True,22771.11,True
ADM-02389,P00540,2025-02-26,80,M,General Medicine,Diabetes complication,False,0,3,14,3,True,7.3,Medicaid,Home with services,True,13006.77,False
ADM-02390,P00035,2025-02-26,74,F,General Medicine,Diabetes complication,True,2,12,9,0,True,7.1,Medicaid,Home with services,False,27902.89,False
ADM-02391,P01399,2025-02-26,76,M,Cardiology,Heart failure,False,0,4,11,3,False,4.9,Private,Rehab,False,16789.99,False
ADM-02392,P02389,2025-02-26,40,M,Pulmonology,Pneumonia,True,3,10,12,0,False,6.1,Medicare,Home with services,False,31706.47,False
ADM-02393,P00545,2025-02-26,67,F,Nephrology,Kidney disease,False,0,3,9,0,True,7.6,Medicaid,Home,True,9838.33,False
ADM-02394,P02967,2025-02-27,70,M,General Medicine,Diabetes complication,True,0,2,6,1,True,,Medicare,Home,True,11103.79,False
ADM-02395,P01702,2025-02-27,74,M,Pulmonology,Pneumonia,True,1,3,19,0,True,,Medicare,Skilled nursing facility,True,13732.47,False
ADM-02396,P01125,2025-02-27,85,M,Cardiology,Heart failure,True,1,2,5,1,False,,Medicaid,Rehab,True,11417.32,False
ADM-02397,P02469,2025-02-27,69,F,Pulmonology,Pneumonia,False,1,3,14,0,True,8.3,Medicare,Home,True,12626.28,False
ADM-02398,P02721,2025-02-27,66,F,General Medicine,Sepsis,False,1,1,7,4,False,,Medicare,Skilled nursing facility,True,6475.51,False
ADM-02399,P00941,2025-02-27,63,M,Oncology,Chemotherapy complication,True,0,2,11,0,True,7.5,Medicaid,Home with services,True,8992.55,False
ADM-02400,P00403,2025-02-28,83,M,Nephrology,Kidney disease,False,2,5,5,1,False,,Private,Home,True,16748.74,False
ADM-02401,P00442,2025-02-28,69,M,Oncology,Chemotherapy complication,True,1,3,13,1,True,6.3,Medicare,Home,True,10757.82,False
ADM-02402,P00790,2025-02-28,84,M,Pulmonology,COPD,True,2,8,11,1,False,5.8,Medicare,Home,False,38411.68,True
ADM-02403,P01996,2025-02-28,66,M,Oncology,Chemotherapy complication,False,0,3,15,3,False,,Medicaid,Home,False,13615.71,True
ADM-02404,P02486,2025-02-28,46,M,General Medicine,Diabetes complication,False,1,5,15,2,True,8.1,Medicare,Skilled nursing facility,False,15676.31,False
ADM-02405,P02342,2025-02-28,54,M,Pulmonology,Pneumonia,True,1,1,10,0,False,,Private,Home,True,8557.6,False
ADM-02406,P00409,2025-02-28,66,M,Pulmonology,COPD,False,1,2,11,0,False,,Private,Home,True,10677.11,False
ADM-02407,P01984,2025-02-28,87,M,Nephrology,Kidney disease,True,1,2,7,1,True,,Medicaid,Skilled nursing facility,True,9535.15,False
ADM-02408,P01361,2025-02-28,69,F,General Medicine,Sepsis,True,0,7,7,1,False,,Medicare,Home with services,True,22239.25,False
ADM-02409,P00151,2025-02-28,86,F,Cardiology,Heart failure,False,0,3,12,1,False,,Medicare,Rehab,True,7209.25,True
ADM-02410,P01615,2025-02-28,85,M,Oncology,Chemotherapy complication,True,1,17,2,1,True,9.7,Medicaid,Home with services,False,49310.37,False
ADM-02411,P00613,2025-03-01,61,M,Oncology,Chemotherapy complication,True,2,9,7,2,False,5.5,Private,Home,False,41375.99,False
ADM-02412,P00892,2025-03-01,57,M,Orthopedics,Hip fracture,False,2,3,14,2,True,6.4,Medicare,Home with services,True,11059.39,False
ADM-02413,P02415,2025-03-01,43,F,General Medicine,Sepsis,True,2,2,9,5,False,,Medicaid,Home,True,12706.32,False
ADM-02414,P03137,2025-03-01,48,F,General Medicine,Diabetes complication,True,0,3,8,2,True,10.5,Private,Home,False,14019.51,False
ADM-02415,P02124,2025-03-01,54,M,Pulmonology,COPD,True,1,6,10,2,False,,Private,Home,True,23893.5,False
ADM-02416,P01682,2025-03-01,60,F,Cardiology,Heart failure,False,1,3,15,3,False,6.1,Medicare,Skilled nursing facility,True,15223.36,False
ADM-02417,P01033,2025-03-01,59,M,General Medicine,Sepsis,True,0,5,8,5,False,,Medicaid,Skilled nursing facility,True,19878.26,False
ADM-02418,P00669,2025-03-01,64,F,Pulmonology,Pneumonia,True,2,3,7,2,False,,Private,Home with services,False,15034.21,True
ADM-02419,P00962,2025-03-01,79,F,Pulmonology,COPD,True,1,4,11,2,False,,Private,Home,True,15933.13,False
ADM-02420,P01248,2025-03-02,91,F,General Medicine,Diabetes complication,True,2,6,16,2,True,9.2,Private,Skilled nursing facility,False,17659.68,False
ADM-02421,P01981,2025-03-02,90,F,Oncology,Chemotherapy complication,True,1,6,3,0,False,,Medicare,Home,True,24700.75,False
ADM-02422,P01862,2025-03-02,45,F,Cardiology,Heart failure,False,3,3,5,2,False,,Medicaid,Home,True,14121.37,False
ADM-02423,P00531,2025-03-02,78,F,Pulmonology,COPD,False,1,10,5,1,False,,Medicare,Home with services,True,21882.25,False
ADM-02424,P00678,2025-03-02,89,M,Pulmonology,COPD,True,1,4,13,1,False,,Medicare,Home,True,13540.36,False
ADM-02425,P01020,2025-03-02,56,F,Nephrology,Kidney disease,True,3,5,10,1,False,,Medicare,Home with services,True,26240.55,False
ADM-02426,P01353,2025-03-02,85,M,Pulmonology,Pneumonia,False,0,3,11,0,True,7.6,Medicare,Home,True,9368.51,False
ADM-02427,P00675,2025-03-02,71,F,General Medicine,Sepsis,True,1,4,9,2,False,,Private,Skilled nursing facility,True,16831.91,False
ADM-02428,P00314,2025-03-02,66,M,Nephrology,Kidney disease,True,2,1,5,3,False,,Private,Home,True,7674.92,False
ADM-02429,P02634,2025-03-02,84,M,General Medicine,Diabetes complication,False,0,7,11,1,True,,Private,Home with services,True,28669.89,False
ADM-02430,P03054,2025-03-02,78,F,Pulmonology,COPD,True,0,8,12,1,True,9.6,Private,Home with services,False,27594.79,True
ADM-02431,P02604,2025-03-03,69,F,Nephrology,Kidney disease,False,4,3,3,1,False,,Medicare,Home,False,11297.93,True
ADM-02432,P00956,2025-03-03,78,M,Pulmonology,COPD,True,0,1,15,1,False,,Uninsured,Home,False,6439.25,False
ADM-02433,P02169,2025-03-03,76,M,Pulmonology,Pneumonia,True,0,6,7,1,False,,Medicare,Home,False,25943.97,False
ADM-02434,P02478,2025-03-03,67,F,Cardiology,Heart failure,True,1,1,9,0,True,7.7,Medicare,Home,True,9161.96,False
ADM-02435,P01884,2025-03-03,73,M,Orthopedics,Hip fracture,True,2,9,9,2,False,,Medicare,Home,True,43285.08,False
ADM-02436,P00631,2025-03-03,73,M,Cardiology,Heart failure,True,1,2,12,2,True,8.0,Medicare,Home,False,9547.56,False
ADM-02437,P02367,2025-03-03,68,F,Pulmonology,COPD,False,0,5,5,3,False,,Private,Home,True,15157.26,False
ADM-02438,P02186,2025-03-03,53,F,Cardiology,Heart failure,True,0,5,9,2,False,,Private,Skilled nursing facility,True,21298.36,False
ADM-02439,P00116,2025-03-04,61,F,Oncology,Chemotherapy complication,True,2,9,9,6,False,,Medicare,Home,False,30917.23,False
ADM-02440,P00388,2025-03-04,75,F,Nephrology,Kidney disease,True,1,3,11,2,False,,Medicaid,Home,False,11053.51,False
ADM-02441,P01246,2025-03-04,73,F,Orthopedics,Hip fracture,True,1,3,6,2,False,,Medicare,Home with services,True,16938.58,False
ADM-02442,P00386,2025-03-05,78,F,Cardiology,Heart failure,False,2,4,14,0,True,,Private,Home,True,16253.11,True
ADM-02443,P00078,2025-03-05,75,F,General Medicine,Diabetes complication,True,0,2,10,3,True,,Private,Home,True,11828.74,False
ADM-02444,P00589,2025-03-06,59,F,Cardiology,Heart failure,False,0,2,14,2,False,,Private,Home,True,5781.87,False
ADM-02445,P01378,2025-03-06,74,M,Pulmonology,Pneumonia,True,0,4,12,0,False,,Medicare,Home with services,False,17554.57,False
ADM-02446,P02267,2025-03-06,63,F,Orthopedics,Hip fracture,True,0,5,6,1,True,7.8,Medicare,Home,True,16559.27,False
ADM-02447,P02921,2025-03-06,72,F,Oncology,Chemotherapy complication,True,1,2,9,2,True,7.4,Private,Rehab,True,7805.04,False
ADM-02448,P00806,2025-03-06,73,F,General Medicine,Diabetes complication,False,1,5,16,0,True,6.2,Medicare,Home,True,19684.85,False
ADM-02449,P03030,2025-03-06,73,F,Pulmonology,Pneumonia,False,0,3,7,1,False,,Medicaid,Home,True,11667.75,False
ADM-02450,P01050,2025-03-07,71,F,Orthopedics,Hip fracture,True,0,4,5,1,False,,Private,Rehab,True,16363.59,False
ADM-02451,P02395,2025-03-07,71,F,Orthopedics,Hip fracture,True,1,1,5,1,False,,Medicaid,Home with services,True,5646.84,False
ADM-02452,P02085,2025-03-07,83,F,Pulmonology,COPD,False,3,6,10,1,False,,Medicaid,Home,False,20890.22,False
ADM-02453,P01783,2025-03-07,91,F,Orthopedics,Hip fracture,False,0,4,6,6,False,,Medicare,Skilled nursing facility,True,12120.26,False
ADM-02454,P03163,2025-03-08,65,M,General Medicine,Diabetes complication,True,1,7,10,4,True,7.7,Medicare,Home,False,23616.81,False
ADM-02455,P00375,2025-03-08,70,M,Pulmonology,COPD,True,0,1,10,1,False,,Medicare,Home,True,7714.55,False
ADM-02456,P00054,2025-03-08,73,F,Nephrology,Kidney disease,False,0,6,15,2,False,,Medicare,Home with services,True,24990.19,False
ADM-02457,P01775,2025-03-09,60,M,General Medicine,Diabetes complication,False,4,1,8,0,True,,Medicaid,Home,False,10047.5,False
ADM-02458,P00424,2025-03-09,42,F,Oncology,Chemotherapy complication,True,1,3,10,2,False,,Uninsured,Rehab,True,14909.12,False
ADM-02459,P01403,2025-03-09,93,F,Pulmonology,COPD,False,1,2,10,0,False,,Uninsured,Home,True,6882.45,False
ADM-02460,P01606,2025-03-09,58,M,Oncology,Chemotherapy complication,True,1,4,12,2,True,4.4,Medicare,Home,True,14654.86,False
ADM-02461,P00566,2025-03-09,52,F,Nephrology,Kidney disease,True,0,8,2,2,False,,Medicare,Skilled nursing facility,True,26690.71,False
ADM-02462,P01101,2025-03-09,49,M,Oncology,Chemotherapy complication,True,1,5,11,0,False,5.4,Medicare,Home,True,17226.79,False
ADM-02463,P02897,2025-03-09,61,F,Oncology,Chemotherapy complication,True,0,6,16,4,True,8.0,Medicare,Home,True,17390.13,False
ADM-02464,P01949,2025-03-09,69,M,Pulmonology,Pneumonia,True,0,14,12,1,False,,Medicare,Skilled nursing facility,True,53342.18,False
ADM-02465,P01748,2025-03-09,57,F,Pulmonology,Pneumonia,True,0,8,7,2,False,,Medicare,Home,False,20623.51,False
ADM-02466,P00636,2025-03-09,86,F,Cardiology,Heart failure,True,2,7,13,2,True,6.9,Private,Home,True,25089.06,False
ADM-02467,P01773,2025-03-10,64,M,Orthopedics,Hip fracture,True,1,5,9,1,False,,Uninsured,Skilled nursing facility,True,17949.31,True
ADM-02468,P00958,2025-03-10,96,F,Pulmonology,Pneumonia,True,1,8,10,0,True,7.0,Medicare,Home,False,23334.91,False
ADM-02469,P02680,2025-03-10,70,F,Cardiology,Heart failure,True,0,1,6,1,False,,Private,Home with services,True,7864.64,False
ADM-02470,P00670,2025-03-10,97,M,General Medicine,Diabetes complication,False,2,7,13,1,True,,Medicare,Home,True,22384.86,False
ADM-02471,P01475,2025-03-10,69,F,Pulmonology,Pneumonia,False,0,6,7,2,False,,Private,Home,True,21620.25,False
ADM-02472,P02504,2025-03-10,73,M,General Medicine,Diabetes complication,True,0,11,14,2,True,7.5,Medicare,Home with services,False,33181.1,False
ADM-02473,P00343,2025-03-10,80,F,Nephrology,Kidney disease,True,3,5,11,2,True,6.7,Private,Home,True,14540.63,False
ADM-02474,P01455,2025-03-11,75,F,Cardiology,Heart failure,False,2,1,10,3,False,,Medicare,Skilled nursing facility,True,6256.88,False
ADM-02475,P02793,2025-03-11,66,F,General Medicine,Diabetes complication,True,0,2,15,1,True,,Medicaid,Home,True,11321.38,False
ADM-02476,P03095,2025-03-11,64,F,Orthopedics,Hip fracture,True,2,9,9,0,True,7.9,Medicaid,Home,False,16858.84,False
ADM-02477,P02777,2025-03-11,81,F,Cardiology,Heart failure,False,0,1,9,1,False,,Medicare,Home with services,True,5383.92,False
ADM-02478,P00156,2025-03-11,81,F,Orthopedics,Hip fracture,False,0,5,13,1,False,,Medicaid,Home,False,26449.57,True
ADM-02479,P01991,2025-03-11,79,F,Pulmonology,Pneumonia,True,1,2,11,0,True,8.4,Private,Home,True,10345.81,False
ADM-02480,P02407,2025-03-11,65,F,Oncology,Chemotherapy complication,False,0,7,9,0,False,6.1,Medicare,Home,False,25685.69,False
ADM-02481,P02298,2025-03-12,70,M,Nephrology,Kidney disease,False,1,3,11,2,False,,Private,Rehab,True,9556.78,False
ADM-02482,P00238,2025-03-12,46,F,General Medicine,Sepsis,True,2,1,8,1,False,,Medicaid,Home,True,8316.29,False
ADM-02483,P00847,2025-03-12,93,F,Oncology,Chemotherapy complication,True,2,11,13,2,False,,Private,Home,False,43047.26,False
ADM-02484,P01665,2025-03-12,92,M,Orthopedics,Hip fracture,True,0,5,5,1,False,,Medicare,Skilled nursing facility,False,22307.0,True
ADM-02485,P01317,2025-03-12,92,F,Pulmonology,COPD,False,2,18,12,0,True,,Medicare,Skilled nursing facility,True,57887.44,False
ADM-02486,P00951,2025-03-12,41,F,Cardiology,Heart failure,True,1,4,14,1,True,8.5,Medicaid,Home,False,19522.26,True
ADM-02487,P00015,2025-03-13,79,F,Nephrology,Kidney disease,True,1,3,8,1,False,,Medicaid,Home,True,13426.12,False
ADM-02488,P02818,2025-03-13,93,F,Nephrology,Kidney disease,True,0,6,12,1,False,,Private,Home,True,25058.55,False
ADM-02489,P00689,2025-03-13,58,F,Orthopedics,Hip fracture,True,1,9,8,1,True,9.3,Medicare,Skilled nursing facility,True,32286.79,False
ADM-02490,P01842,2025-03-13,70,F,Nephrology,Kidney disease,True,2,2,8,1,False,,Medicaid,Home,True,13220.74,False
ADM-02491,P01155,2025-03-13,64,F,Orthopedics,Hip fracture,False,2,3,5,0,False,,Medicaid,Home with services,True,11906.55,False
ADM-02492,P00872,2025-03-13,61,M,Orthopedics,Hip fracture,True,1,5,12,0,True,6.5,Medicaid,Skilled nursing facility,False,21281.64,False
ADM-02493,P01222,2025-03-14,76,F,Cardiology,Heart failure,False,1,1,8,2,False,,Private,Home with services,True,5639.15,False
ADM-02494,P00153,2025-03-14,78,F,Cardiology,Heart failure,True,1,6,9,2,False,,Medicare,Skilled nursing facility,True,19706.72,False
ADM-02495,P01671,2025-03-14,59,F,Oncology,Chemotherapy complication,False,0,1,9,0,False,5.8,Medicare,Home,False,4717.23,False
ADM-02496,P02787,2025-03-15,99,M,Cardiology,Heart failure,False,0,1,11,3,False,,Medicaid,Home with services,True,7706.33,False
ADM-02497,P00903,2025-03-15,68,M,Orthopedics,Hip fracture,False,0,1,9,1,False,,Uninsured,Home,True,4323.43,False
ADM-02498,P00259,2025-03-15,75,F,General Medicine,Diabetes complication,True,0,6,8,0,True,5.8,Medicare,Rehab,False,28117.89,False
ADM-02499,P01134,2025-03-15,76,F,Pulmonology,Pneumonia,True,0,3,9,0,False,,Medicare,Home with services,False,10354.93,False
ADM-02500,P01934,2025-03-15,81,F,Cardiology,Heart failure,True,3,2,12,4,False,,Medicare,Home with services,True,11897.2,True
ADM-02501,P00182,2025-03-15,78,F,General Medicine,Diabetes complication,True,2,1,14,0,True,5.3,Medicare,Home,True,5283.09,False
ADM-02502,P00935,2025-03-15,50,F,Pulmonology,COPD,True,2,4,11,2,False,,Private,Home,False,14773.74,False
ADM-02503,P03187,2025-03-16,76,M,Oncology,Chemotherapy complication,False,4,6,13,1,False,,Medicaid,Home,True,23217.63,False
ADM-02504,P02728,2025-03-16,55,F,Pulmonology,Pneumonia,False,0,3,10,1,True,7.5,Private,Home with services,True,13251.15,False
ADM-02505,P02646,2025-03-16,68,F,Pulmonology,Pneumonia,False,1,4,9,1,False,,Medicare,Home with services,False,14971.64,False
ADM-02506,P01455,2025-03-16,74,M,Cardiology,Heart failure,False,0,1,12,3,False,5.3,Medicare,Home,True,7351.5,False
ADM-02507,P03098,2025-03-16,65,F,Pulmonology,COPD,True,1,2,5,3,False,,Medicaid,Home,True,9192.68,False
ADM-02508,P01651,2025-03-16,64,M,General Medicine,Sepsis,True,0,4,8,1,False,,Medicare,Home with services,True,14668.74,False
ADM-02509,P03063,2025-03-17,54,M,Cardiology,Heart failure,True,1,4,15,2,False,,Private,Home,True,14794.49,False
ADM-02510,P02510,2025-03-17,61,F,Cardiology,Heart failure,False,1,9,11,0,True,8.0,Medicaid,Skilled nursing facility,True,32614.46,False
ADM-02511,P00033,2025-03-17,58,F,Oncology,Chemotherapy complication,False,0,1,18,4,False,,Medicare,Home,False,7230.19,True
ADM-02512,P00954,2025-03-18,40,F,Nephrology,Kidney disease,True,0,5,14,0,False,,Medicare,Home,True,24960.57,False
ADM-02513,P01080,2025-03-18,45,M,Pulmonology,Pneumonia,True,1,4,7,1,False,,Private,Home,True,17930.86,False
ADM-02514,P01563,2025-03-18,89,F,Cardiology,Heart failure,True,1,7,7,1,False,,Private,Skilled nursing facility,True,30086.73,False
ADM-02515,P03001,2025-03-18,67,F,General Medicine,Sepsis,True,1,2,6,2,False,,Medicare,Rehab,True,11212.25,False
ADM-02516,P01025,2025-03-18,83,F,Pulmonology,Pneumonia,True,0,3,10,1,False,,Medicaid,Skilled nursing facility,False,15486.02,False
ADM-02517,P02580,2025-03-19,63,F,Pulmonology,COPD,True,0,4,15,1,False,,Medicare,Home with services,True,13139.59,False
ADM-02518,P00096,2025-03-19,61,M,Cardiology,Heart failure,True,1,3,8,0,False,5.9,Private,Home,True,12999.75,False
ADM-02519,P02988,2025-03-19,45,M,General Medicine,Sepsis,False,1,4,15,1,False,,Medicare,Home,False,17065.73,False
ADM-02520,P00206,2025-03-19,53,F,Orthopedics,Hip fracture,False,0,4,13,2,False,,Medicare,Home with services,True,18854.93,False
ADM-02521,P02842,2025-03-19,92,M,Nephrology,Kidney disease,False,1,5,7,0,False,5.4,Medicaid,Rehab,False,18189.05,False
ADM-02522,P01283,2025-03-19,49,F,Nephrology,Kidney disease,True,1,7,3,2,False,,Private,Home,False,23946.85,False
ADM-02523,P00558,2025-03-19,65,F,General Medicine,Sepsis,True,1,6,15,1,True,8.6,Medicaid,Home,True,24842.81,False
ADM-02524,P00445,2025-03-19,77,M,Cardiology,Heart failure,True,0,6,14,0,False,,Medicaid,Home,True,18203.04,False
ADM-02525,P02118,2025-03-19,77,F,Pulmonology,Pneumonia,False,1,5,5,2,False,,Medicare,Home with services,False,14949.76,False
ADM-02526,P00847,2025-03-20,67,F,Nephrology,Kidney disease,True,0,3,11,1,False,,Private,Home,True,15376.35,False
ADM-02527,P01837,2025-03-20,80,F,Oncology,Chemotherapy complication,False,0,4,12,3,False,,Private,Home,False,18271.36,False
ADM-02528,P01353,2025-03-20,72,F,Orthopedics,Hip fracture,False,1,3,8,3,False,,Medicaid,Home,True,11120.24,False
ADM-02529,P00378,2025-03-20,65,M,Pulmonology,COPD,True,3,9,11,3,False,,Medicare,Home with services,True,30165.11,True
ADM-02530,P02383,2025-03-20,67,F,Oncology,Chemotherapy complication,True,0,5,5,4,True,9.1,Private,Home,False,24245.69,True
ADM-02531,P00623,2025-03-21,71,M,Oncology,Chemotherapy complication,True,1,7,9,1,False,5.9,Private,Home,False,24761.31,False
ADM-02532,P02681,2025-03-22,62,F,Pulmonology,COPD,True,0,3,5,0,False,,Medicare,Rehab,True,12793.26,False
ADM-02533,P01497,2025-03-23,78,F,Nephrology,Kidney disease,True,0,5,6,2,False,,Medicare,Home,True,21110.63,False
ADM-02534,P01555,2025-03-23,88,F,General Medicine,Sepsis,False,2,1,8,1,True,9.1,Medicaid,Home with services,False,5857.44,True
ADM-02535,P01478,2025-03-23,48,M,Pulmonology,Pneumonia,False,0,2,7,1,False,,Medicare,Home,False,12071.25,False
ADM-02536,P00517,2025-03-23,65,M,Pulmonology,COPD,True,3,3,8,1,False,5.2,Medicare,Home with services,True,12048.49,False
ADM-02537,P02888,2025-03-23,63,M,Nephrology,Kidney disease,False,0,8,5,2,False,,Private,Home,True,24488.55,False
ADM-02538,P00801,2025-03-23,82,F,Nephrology,Kidney disease,False,1,6,7,2,False,,Medicare,Home,True,21757.12,False
ADM-02539,P01498,2025-03-24,64,F,Pulmonology,Pneumonia,False,4,4,15,1,False,,Private,Home with services,False,13858.77,False
ADM-02540,P00366,2025-03-24,99,F,Nephrology,Kidney disease,True,2,2,7,1,True,,Private,Home,False,12925.79,False
ADM-02541,P02495,2025-03-24,42,F,Pulmonology,Pneumonia,False,0,4,5,2,True,,Medicare,Home,True,15350.86,False
ADM-02542,P01903,2025-03-24,88,F,Orthopedics,Hip fracture,False,1,5,12,0,True,8.0,Medicare,Home,True,22360.53,False
ADM-02543,P00121,2025-03-24,80,F,Pulmonology,COPD,True,1,3,13,5,True,,Medicare,Rehab,False,15149.42,False
ADM-02544,P03011,2025-03-24,61,F,Oncology,Chemotherapy complication,False,3,4,8,0,False,,Private,Home with services,True,13544.55,False
ADM-02545,P01581,2025-03-24,94,M,Pulmonology,Pneumonia,True,1,5,8,0,False,,Medicaid,Skilled nursing facility,True,29669.04,False
ADM-02546,P00944,2025-03-25,79,F,Nephrology,Kidney disease,True,1,1,14,1,False,,Medicare,Home,True,8079.76,False
ADM-02547,P02749,2025-03-25,71,M,Pulmonology,Pneumonia,True,1,2,9,1,False,,Medicare,Home,True,8858.23,False
ADM-02548,P00247,2025-03-25,72,M,Nephrology,Kidney disease,True,0,2,11,2,True,7.1,Medicare,Home with services,False,13443.85,False
ADM-02549,P03092,2025-03-25,69,F,Nephrology,Kidney disease,True,1,2,4,1,False,,Medicare,Home,True,11222.01,False
ADM-02550,P02229,2025-03-25,90,M,Pulmonology,COPD,True,0,1,5,1,False,,Medicare,Skilled nursing facility,False,3476.55,False
ADM-02551,P01539,2025-03-25,66,M,Cardiology,Heart failure,False,1,2,10,1,False,,Private,Home,True,8772.96,False
ADM-02552,P02111,2025-03-25,66,M,Cardiology,Heart failure,True,2,15,17,4,True,7.0,Medicare,Rehab,False,41071.71,True
ADM-02553,P00659,2025-03-25,71,F,Oncology,Chemotherapy complication,True,1,2,7,3,False,,Medicaid,Home,False,6841.66,False
ADM-02554,P01165,2025-03-25,60,F,Nephrology,Kidney disease,True,0,2,8,2,False,,Private,Home,True,10741.33,False
ADM-02555,P00129,2025-03-26,70,F,General Medicine,Diabetes complication,True,0,1,9,2,True,7.7,Medicaid,Skilled nursing facility,False,7258.13,True
ADM-02556,P01902,2025-03-26,51,F,General Medicine,Sepsis,False,2,3,13,1,True,9.7,Medicare,Home,True,17390.49,False
ADM-02557,P01278,2025-03-26,49,M,General Medicine,Sepsis,True,1,6,7,0,False,,Medicare,Home with services,False,20887.03,False
ADM-02558,P01588,2025-03-26,45,F,Pulmonology,COPD,False,1,6,5,3,False,,Private,Home,False,25566.17,False
ADM-02559,P01628,2025-03-26,74,M,Cardiology,Heart failure,True,0,7,8,0,False,,Private,Skilled nursing facility,True,28079.91,True
ADM-02560,P00226,2025-03-26,70,M,Oncology,Chemotherapy complication,True,2,9,7,3,False,,Medicaid,Home with services,True,24817.34,False
ADM-02561,P00383,2025-03-27,65,F,Oncology,Chemotherapy complication,False,2,1,6,1,False,5.0,Medicare,Home with services,True,8091.53,True
ADM-02562,P01299,2025-03-27,70,M,Cardiology,Heart failure,False,2,7,15,0,False,,Medicare,Home with services,False,33324.78,True
ADM-02563,P00529,2025-03-27,63,M,Cardiology,Heart failure,True,1,11,12,1,False,,Medicare,Home,False,41852.91,False
ADM-02564,P01381,2025-03-27,88,M,Cardiology,Heart failure,False,0,6,18,2,False,,Uninsured,Home,True,22180.91,False
ADM-02565,P02368,2025-03-27,74,F,General Medicine,Diabetes complication,True,1,3,9,1,True,7.2,Medicaid,Skilled nursing facility,False,9979.28,False
ADM-02566,P02316,2025-03-27,70,M,Cardiology,Heart failure,True,0,2,17,2,True,7.9,Medicaid,Home,True,8223.79,False
ADM-02567,P00401,2025-03-27,74,M,Pulmonology,Pneumonia,True,0,3,11,1,False,,Medicare,Home with services,True,8231.01,False
ADM-02568,P00831,2025-03-27,76,F,Pulmonology,COPD,True,1,2,14,0,True,10.6,Medicaid,Home,True,10849.5,False
ADM-02569,P01502,2025-03-27,86,F,Nephrology,Kidney disease,True,2,1,8,3,False,,Private,Rehab,False,8932.31,False
ADM-02570,P00059,2025-03-27,57,M,General Medicine,Diabetes complication,True,0,5,11,2,True,6.5,Medicare,Home,True,18032.51,False
ADM-02571,P01511,2025-03-28,76,M,General Medicine,Diabetes complication,True,0,1,11,0,True,5.9,Medicare,Skilled nursing facility,False,7363.51,False
ADM-02572,P02750,2025-03-28,75,M,Pulmonology,Pneumonia,True,1,7,12,0,False,,Private,Home,True,19835.07,False
ADM-02573,P01693,2025-03-28,83,M,General Medicine,Diabetes complication,False,1,1,14,0,True,,Medicare,Home with services,True,10989.64,False
ADM-02574,P02119,2025-03-28,96,F,General Medicine,Sepsis,False,1,8,10,0,False,,Medicaid,Home with services,True,34401.43,False
ADM-02575,P00571,2025-03-28,68,M,Cardiology,Heart failure,True,0,2,8,0,False,5.7,Private,Skilled nursing facility,True,7821.55,False
ADM-02576,P00529,2025-03-29,46,F,Pulmonology,COPD,True,0,2,7,0,False,5.1,Medicaid,Home,True,6151.71,False
ADM-02577,P01696,2025-03-29,55,F,Pulmonology,Pneumonia,True,0,3,9,0,False,,Medicaid,Skilled nursing facility,True,14347.65,False
ADM-02578,P02353,2025-03-29,72,F,Nephrology,Kidney disease,True,0,4,7,0,False,,Medicare,Home with services,False,19460.24,False
ADM-02579,P01756,2025-03-29,95,F,Oncology,Chemotherapy complication,False,0,9,7,1,False,,Medicare,Home,False,41081.65,False
ADM-02580,P02382,2025-03-29,74,F,Pulmonology,Pneumonia,True,0,11,11,1,False,,Private,Skilled nursing facility,True,30586.15,False
ADM-02581,P00003,2025-03-29,78,F,Orthopedics,Hip fracture,True,0,4,17,1,False,,Medicare,Home with services,True,16550.39,False
ADM-02582,P02987,2025-03-30,63,M,Nephrology,Kidney disease,False,1,7,2,0,False,,Private,Home,True,23862.01,False
ADM-02583,P01076,2025-03-30,50,F,Nephrology,Kidney disease,True,0,3,10,0,True,7.8,Medicare,Home,False,12775.03,False
ADM-02584,P00065,2025-03-30,84,M,Nephrology,Kidney disease,True,1,1,5,1,False,,Medicare,Home with services,False,6407.5,False
ADM-02585,P02654,2025-03-30,62,M,Cardiology,Heart failure,True,1,8,7,3,False,,Medicaid,Skilled nursing facility,False,36375.58,False
ADM-02586,P01027,2025-03-30,62,F,General Medicine,Sepsis,True,2,2,9,0,False,4.7,Medicaid,Rehab,False,9219.21,False
ADM-02587,P00493,2025-03-31,89,F,Pulmonology,Pneumonia,False,3,10,10,1,False,,Medicare,Home,True,27534.8,False
ADM-02588,P01394,2025-03-31,79,F,Orthopedics,Hip fracture,True,0,11,10,0,True,7.7,Private,Home with services,False,38360.8,True
ADM-02589,P00683,2025-03-31,88,M,Oncology,Chemotherapy complication,False,1,6,13,3,False,,Medicaid,Skilled nursing facility,True,22995.23,False
ADM-02590,P02721,2025-03-31,72,M,Cardiology,Heart failure,False,4,6,13,3,False,,Medicaid,Home,True,24641.58,True
ADM-02591,P02830,2025-03-31,64,M,Cardiology,Heart failure,True,0,8,9,3,False,,Uninsured,Home,True,24550.09,False
ADM-02592,P03185,2025-04-01,53,F,Nephrology,Kidney disease,False,0,5,8,0,False,,Private,Skilled nursing facility,False,24885.95,False
ADM-02593,P02736,2025-04-01,65,M,Nephrology,Kidney disease,True,1,7,10,2,False,4.8,Medicaid,Home,True,31658.03,True
ADM-02594,P01801,2025-04-01,72,F,General Medicine,Sepsis,False,2,1,8,2,False,,Uninsured,Home with services,True,8302.72,False
ADM-02595,P00769,2025-04-01,78,M,General Medicine,Diabetes complication,True,0,3,9,2,True,,Private,Home,True,13953.36,False
ADM-02596,P00961,2025-04-01,50,F,Nephrology,Kidney disease,True,1,1,5,1,False,,Uninsured,Skilled nursing facility,False,6516.88,True
ADM-02597,P02700,2025-04-02,90,M,General Medicine,Diabetes complication,True,1,2,11,4,True,8.9,Private,Home,True,8077.91,False
ADM-02598,P02718,2025-04-02,78,F,Pulmonology,Pneumonia,False,1,8,5,1,False,,Private,Home,True,32626.32,False
ADM-02599,P00078,2025-04-02,58,F,Nephrology,Kidney disease,True,0,5,15,4,True,,Medicaid,Skilled nursing facility,True,17703.79,False
ADM-02600,P00037,2025-04-02,62,F,Pulmonology,COPD,False,0,5,5,0,False,,Medicare,Home,True,19702.17,False
ADM-02601,P00714,2025-04-02,77,M,Pulmonology,COPD,False,0,5,10,0,False,,Private,Home,False,14221.5,False
ADM-02602,P00046,2025-04-02,74,F,Pulmonology,COPD,False,0,7,12,0,False,,Medicaid,Home with services,True,24026.4,False
ADM-02603,P02443,2025-04-02,92,F,Pulmonology,Pneumonia,True,1,1,9,2,False,,Private,Home,True,5076.87,False
ADM-02604,P01478,2025-04-02,74,F,Cardiology,Heart failure,True,1,2,12,0,False,,Medicare,Home,True,9836.04,True
ADM-02605,P01335,2025-04-02,83,M,General Medicine,Sepsis,True,2,6,7,3,False,,Private,Home,True,17368.65,False
ADM-02606,P02425,2025-04-02,65,F,General Medicine,Sepsis,True,1,3,16,0,False,5.5,Medicare,Home,True,13243.41,False
ADM-02607,P00525,2025-04-03,70,M,Oncology,Chemotherapy complication,False,0,9,11,1,True,5.9,Medicare,Skilled nursing facility,True,33757.22,False
ADM-02608,P00383,2025-04-03,56,M,Pulmonology,Pneumonia,False,0,6,9,2,False,,Medicare,Home,True,21722.31,False
ADM-02609,P02251,2025-04-03,75,F,Orthopedics,Hip fracture,False,0,3,6,0,False,4.9,Medicaid,Home with services,True,11187.28,False
ADM-02610,P00622,2025-04-03,74,M,Nephrology,Kidney disease,True,2,5,6,1,False,,Medicaid,Home,False,23590.6,False
ADM-02611,P02351,2025-04-03,72,M,Pulmonology,COPD,True,0,6,7,1,False,,Private,Skilled nursing facility,True,23614.76,False
ADM-02612,P02816,2025-04-03,59,F,General Medicine,Sepsis,True,0,7,13,0,False,5.1,Uninsured,Home with services,True,28696.59,False
ADM-02613,P01868,2025-04-03,54,M,Pulmonology,Pneumonia,True,2,8,13,3,False,5.7,Medicare,Rehab,True,19001.09,False
ADM-02614,P03135,2025-04-04,67,M,Nephrology,Kidney disease,True,2,6,10,1,True,,Medicaid,Skilled nursing facility,False,24376.46,False
ADM-02615,P02665,2025-04-04,58,M,General Medicine,Sepsis,False,0,5,6,3,True,6.1,Medicare,Skilled nursing facility,False,15306.74,False
ADM-02616,P01644,2025-04-04,58,M,Pulmonology,Pneumonia,False,1,10,6,0,True,7.2,Medicare,Home,True,40459.21,False
ADM-02617,P00331,2025-04-04,56,F,Pulmonology,COPD,False,0,8,8,3,False,,Medicare,Home with services,True,18685.9,False
ADM-02618,P00027,2025-04-04,50,M,Orthopedics,Hip fracture,True,1,1,4,1,False,,Medicare,Home,False,7091.52,True
ADM-02619,P01075,2025-04-04,55,F,Nephrology,Kidney disease,True,2,5,11,1,True,8.3,Medicare,Home,True,18640.5,False
ADM-02620,P01170,2025-04-05,89,M,Orthopedics,Hip fracture,True,1,4,8,4,False,,Private,Skilled nursing facility,False,16295.44,False
ADM-02621,P02883,2025-04-05,58,M,General Medicine,Sepsis,True,1,2,10,1,True,6.2,Private,Home with services,False,10644.04,False
ADM-02622,P00326,2025-04-05,73,M,Nephrology,Kidney disease,True,2,5,10,1,False,5.9,Medicare,Home,False,17154.03,False
ADM-02623,P00024,2025-04-06,60,F,Nephrology,Kidney disease,True,2,6,9,1,False,5.5,Uninsured,Home,True,23938.51,False
ADM-02624,P03133,2025-04-06,73,M,Pulmonology,COPD,True,0,8,7,0,False,,Medicaid,Skilled nursing facility,True,27154.51,True
ADM-02625,P02937,2025-04-06,64,F,Pulmonology,Pneumonia,False,0,7,13,2,False,5.9,Medicare,Skilled nursing facility,False,32691.42,True
ADM-02626,P00505,2025-04-06,76,F,Nephrology,Kidney disease,False,0,5,9,0,False,,Private,Home with services,True,24284.28,False
ADM-02627,P00965,2025-04-07,43,F,Nephrology,Kidney disease,False,0,2,17,6,True,11.6,Medicare,Skilled nursing facility,True,11992.7,True
ADM-02628,P01496,2025-04-07,70,F,Cardiology,Heart failure,True,0,8,7,2,False,5.9,Medicare,Home,True,30217.3,False
ADM-02629,P00198,2025-04-07,70,F,Nephrology,Kidney disease,True,1,6,9,1,False,,Medicaid,Home,True,21227.06,False
ADM-02630,P00784,2025-04-07,64,F,Pulmonology,COPD,True,0,2,7,0,True,6.8,Private,Home with services,True,9534.4,False
ADM-02631,P03024,2025-04-07,56,F,General Medicine,Diabetes complication,False,0,6,17,1,True,9.2,Medicare,Skilled nursing facility,False,21008.55,True
ADM-02632,P01094,2025-04-08,53,F,General Medicine,Diabetes complication,True,1,2,6,2,True,,Medicaid,Home,True,9222.19,False
ADM-02633,P00629,2025-04-08,68,M,Pulmonology,COPD,True,0,2,18,1,True,8.3,Private,Home,False,10187.73,True
ADM-02634,P00040,2025-04-08,34,M,Pulmonology,COPD,False,1,8,15,5,False,,Medicare,Home with services,True,28035.07,False
ADM-02635,P02848,2025-04-08,77,F,Orthopedics,Hip fracture,True,0,4,12,1,False,,Medicaid,Home with services,True,20456.02,False
ADM-02636,P00159,2025-04-08,81,F,Nephrology,Kidney disease,False,1,8,13,0,False,,Private,Home,True,34346.78,False
ADM-02637,P00299,2025-04-08,70,F,Pulmonology,Pneumonia,False,2,5,9,1,False,,Medicare,Home,False,23999.94,False
ADM-02638,P01151,2025-04-09,74,F,Oncology,Chemotherapy complication,True,0,5,11,0,False,,Medicare,Rehab,False,20285.21,False
ADM-02639,P02185,2025-04-09,79,F,Nephrology,Kidney disease,True,0,7,8,0,False,,Medicare,Home with services,False,24916.21,False
ADM-02640,P03124,2025-04-09,34,M,Pulmonology,COPD,False,0,2,3,3,False,,Medicare,Home with services,True,11086.41,False
ADM-02641,P00432,2025-04-09,59,F,Oncology,Chemotherapy complication,True,0,3,6,2,False,5.6,Medicare,Home with services,True,10245.65,False
ADM-02642,P01529,2025-04-09,72,F,Pulmonology,COPD,False,0,7,7,1,False,,Medicare,Home,False,30879.37,False
ADM-02643,P02885,2025-04-09,68,M,Cardiology,Heart failure,True,2,10,14,0,True,8.3,Medicare,Home with services,True,35593.42,True
ADM-02644,P02563,2025-04-09,73,F,Pulmonology,COPD,True,0,10,10,2,True,9.5,Medicare,Home,True,43107.04,False
ADM-02645,P02169,2025-04-09,63,F,Cardiology,Heart failure,True,1,8,4,3,False,,Medicare,Home,True,39845.23,False
ADM-02646,P01087,2025-04-10,77,M,Pulmonology,COPD,True,1,5,13,1,False,,Medicare,Rehab,True,20514.96,False
ADM-02647,P00476,2025-04-10,58,F,General Medicine,Diabetes complication,False,0,5,5,3,True,7.8,Private,Home,True,15970.98,False
ADM-02648,P00820,2025-04-10,76,F,Oncology,Chemotherapy complication,True,0,15,9,1,True,,Medicaid,Home,False,53292.6,False
ADM-02649,P02673,2025-04-10,66,F,Oncology,Chemotherapy complication,True,2,3,12,3,False,,Medicare,Home,True,11629.44,False
ADM-02650,P00835,2025-04-10,75,M,Nephrology,Kidney disease,False,0,8,12,0,False,,Private,Home,True,30158.61,False
ADM-02651,P02803,2025-04-10,87,M,Pulmonology,Pneumonia,False,0,3,8,0,False,,Medicaid,Rehab,False,13274.11,False
ADM-02652,P02571,2025-04-10,71,M,Pulmonology,Pneumonia,False,0,1,11,0,False,,Medicare,Home,False,5470.7,False
ADM-02653,P02845,2025-04-11,67,F,Orthopedics,Hip fracture,False,1,9,11,1,False,,Medicaid,Skilled nursing facility,False,32342.66,False
ADM-02654,P01860,2025-04-11,64,F,Nephrology,Kidney disease,True,1,4,11,2,False,,Private,Home,True,15816.09,False
ADM-02655,P01431,2025-04-11,73,F,Cardiology,Heart failure,True,3,3,12,0,True,5.7,Medicare,Skilled nursing facility,False,10967.49,False
ADM-02656,P00690,2025-04-11,80,F,Pulmonology,Pneumonia,False,3,8,8,1,False,,Medicare,Skilled nursing facility,False,31035.39,False
ADM-02657,P02095,2025-04-11,60,F,Nephrology,Kidney disease,True,3,4,7,1,False,,Medicare,Home,False,15124.19,False
ADM-02658,P02986,2025-04-11,75,F,Oncology,Chemotherapy complication,False,0,3,10,1,False,,Medicare,Home,True,7756.81,False
ADM-02659,P02422,2025-04-11,47,F,Pulmonology,Pneumonia,True,1,8,7,2,False,,Medicare,Home,True,23469.88,False
ADM-02660,P01728,2025-04-11,91,F,Pulmonology,COPD,True,0,8,8,1,False,,Medicaid,Home,True,30207.56,False
ADM-02661,P02661,2025-04-12,58,M,General Medicine,Sepsis,True,1,1,13,4,True,5.5,Private,Home,True,7578.01,True
ADM-02662,P01686,2025-04-12,50,F,General Medicine,Diabetes complication,True,2,7,13,1,True,5.9,Medicare,Skilled nursing facility,False,27847.26,True
ADM-02663,P01523,2025-04-12,61,M,Pulmonology,Pneumonia,False,0,7,9,2,False,,Medicare,Home with services,True,26166.86,False
ADM-02664,P00721,2025-04-12,62,M,General Medicine,Sepsis,True,0,3,12,1,False,,Medicare,Skilled nursing facility,True,15818.57,False
ADM-02665,P02584,2025-04-12,72,F,Oncology,Chemotherapy complication,False,0,1,10,2,False,,Medicaid,Home,True,4192.47,False
ADM-02666,P00571,2025-04-13,66,M,Pulmonology,Pneumonia,True,2,2,14,1,False,,Medicaid,Home,True,11545.77,False
ADM-02667,P01671,2025-04-13,57,F,General Medicine,Sepsis,False,1,7,11,1,False,,Private,Home,True,23390.52,False
ADM-02668,P00979,2025-04-13,42,M,Cardiology,Heart failure,True,1,3,8,1,False,,Medicare,Home,True,14111.44,False
ADM-02669,P01993,2025-04-13,81,M,Orthopedics,Hip fracture,True,0,3,15,4,True,7.1,Medicaid,Home,True,11373.03,False
ADM-02670,P00115,2025-04-13,73,F,General Medicine,Sepsis,True,1,11,6,1,True,,Medicare,Home,True,38213.68,False
ADM-02671,P02357,2025-04-13,71,F,Nephrology,Kidney disease,True,1,5,14,2,True,8.4,Medicare,Rehab,False,14064.6,False
ADM-02672,P01159,2025-04-14,47,F,Orthopedics,Hip fracture,True,3,2,15,1,True,6.5,Medicare,Home,True,12672.02,False
ADM-02673,P02502,2025-04-14,70,F,General Medicine,Sepsis,False,3,10,13,3,True,6.6,Medicare,Rehab,True,33606.17,False
ADM-02674,P00893,2025-04-14,66,M,Pulmonology,Pneumonia,True,1,4,9,1,False,,Medicare,Home with services,True,15264.15,False
ADM-02675,P00829,2025-04-14,58,M,Pulmonology,Pneumonia,False,1,5,7,0,False,,Private,Home,False,15114.74,False
ADM-02676,P00507,2025-04-14,70,F,General Medicine,Sepsis,True,2,3,10,1,True,5.5,Private,Home with services,False,13279.97,True
ADM-02677,P02274,2025-04-15,66,F,Nephrology,Kidney disease,True,1,6,11,0,False,,Medicare,Skilled nursing facility,True,23905.37,False
ADM-02678,P02416,2025-04-15,59,F,General Medicine,Diabetes complication,False,0,3,12,2,True,9.1,Medicare,Rehab,True,10366.02,False
ADM-02679,P00692,2025-04-15,81,M,Oncology,Chemotherapy complication,True,0,5,13,1,False,,Medicaid,Home with services,True,18667.16,True
ADM-02680,P01677,2025-04-16,66,M,Cardiology,Heart failure,True,1,9,10,1,True,,Medicaid,Home with services,True,35430.76,False
ADM-02681,P01698,2025-04-16,74,F,General Medicine,Sepsis,True,2,9,10,0,False,,Medicare,Home with services,False,27412.62,True
ADM-02682,P02090,2025-04-17,48,F,General Medicine,Diabetes complication,True,2,1,16,1,True,7.3,Private,Home with services,False,6212.4,False
ADM-02683,P00648,2025-04-17,76,F,Pulmonology,COPD,True,0,5,16,0,False,,Medicare,Rehab,True,22845.79,False
ADM-02684,P02315,2025-04-17,47,F,Oncology,Chemotherapy complication,True,0,4,10,3,False,,Medicare,Skilled nursing facility,True,16869.13,False
ADM-02685,P01236,2025-04-17,63,F,Pulmonology,COPD,True,0,1,3,0,False,,Medicare,Home,True,9390.58,False
ADM-02686,P00331,2025-04-17,44,M,Orthopedics,Hip fracture,False,0,5,13,3,True,9.3,Medicare,Home,False,20161.68,False
ADM-02687,P01222,2025-04-17,87,M,Cardiology,Heart failure,True,4,7,5,1,False,,Medicare,Home,True,33747.66,True
ADM-02688,P01996,2025-04-17,75,M,General Medicine,Sepsis,True,1,11,2,2,False,,Medicaid,Home,True,39708.16,False
ADM-02689,P00187,2025-04-18,56,F,General Medicine,Sepsis,True,1,3,5,4,False,,Private,Home,True,6989.42,False
ADM-02690,P01932,2025-04-18,79,F,Pulmonology,Pneumonia,True,2,7,7,1,False,,Private,Skilled nursing facility,False,18577.65,False
ADM-02691,P01873,2025-04-18,79,M,General Medicine,Diabetes complication,True,1,13,15,2,True,,Medicaid,Home,True,39059.38,False
ADM-02692,P02731,2025-04-18,51,F,Cardiology,Heart failure,True,2,3,14,1,False,,Private,Home,False,15917.25,False
ADM-02693,P02452,2025-04-18,63,F,Oncology,Chemotherapy complication,True,1,3,7,1,False,,Medicare,Rehab,True,14794.43,False
ADM-02694,P02046,2025-04-18,78,F,Orthopedics,Hip fracture,False,1,7,8,5,False,,Private,Home,False,25336.6,False
ADM-02695,P00465,2025-04-19,68,F,General Medicine,Sepsis,True,1,9,11,0,False,,Medicare,Home,True,37392.93,True
ADM-02696,P01020,2025-04-19,46,F,General Medicine,Sepsis,False,0,5,9,0,False,,Private,Home,True,20034.96,False
ADM-02697,P00855,2025-04-19,45,M,Cardiology,Heart failure,True,2,11,7,0,False,,Medicare,Home,True,35742.19,False
ADM-02698,P01125,2025-04-20,74,M,General Medicine,Sepsis,True,0,12,13,1,False,,Medicare,Home,True,31104.34,False
ADM-02699,P00843,2025-04-20,76,M,Pulmonology,COPD,False,1,3,11,0,False,,Medicaid,Rehab,True,13498.02,False
ADM-02700,P02861,2025-04-20,56,M,General Medicine,Sepsis,True,2,6,13,1,False,,Private,Rehab,True,15540.74,False
ADM-02701,P01123,2025-04-21,67,F,Orthopedics,Hip fracture,True,0,10,5,3,False,,Medicaid,Home with services,False,45155.4,False
ADM-02702,P01011,2025-04-21,79,M,Nephrology,Kidney disease,True,0,2,5,3,False,,Medicaid,Home,True,9068.98,False
ADM-02703,P00398,2025-04-21,59,M,Pulmonology,Pneumonia,True,3,5,7,1,True,9.4,Medicare,Rehab,True,16206.21,False
ADM-02704,P00907,2025-04-21,49,F,General Medicine,Diabetes complication,True,1,13,7,1,True,9.6,Medicaid,Home,True,44349.27,False
ADM-02705,P00536,2025-04-22,54,F,Cardiology,Heart failure,True,0,12,8,0,False,,Medicaid,Rehab,False,51555.49,False
ADM-02706,P02701,2025-04-22,68,M,General Medicine,Diabetes complication,False,0,3,12,4,True,8.3,Medicare,Home,True,12122.4,True
ADM-02707,P02105,2025-04-22,73,F,General Medicine,Sepsis,True,1,4,7,1,False,,Medicaid,Home,True,20152.52,False
ADM-02708,P00398,2025-04-23,80,F,Nephrology,Kidney disease,True,1,1,11,1,False,,Private,Home,False,7010.21,True
ADM-02709,P00867,2025-04-23,61,M,Nephrology,Kidney disease,False,1,2,8,2,False,,Medicare,Rehab,True,11604.35,False
ADM-02710,P00890,2025-04-23,46,M,Cardiology,Heart failure,True,1,8,3,1,False,,Medicare,Home with services,True,20118.91,False
ADM-02711,P01100,2025-04-23,77,F,Oncology,Chemotherapy complication,False,1,2,12,1,False,,Uninsured,Home,False,7769.9,False
ADM-02712,P02640,2025-04-23,67,M,Pulmonology,Pneumonia,True,0,2,5,0,False,,Private,Skilled nursing facility,True,10764.08,False
ADM-02713,P00476,2025-04-23,56,M,Orthopedics,Hip fracture,True,1,3,14,0,False,,Medicare,Home,False,12512.48,False
ADM-02714,P02798,2025-04-23,33,M,Cardiology,Heart failure,False,0,7,14,2,False,,Medicare,Home,False,25043.78,False
ADM-02715,P01769,2025-04-23,82,M,Pulmonology,COPD,True,1,6,10,5,False,,Medicare,Home,True,23866.51,False
ADM-02716,P00306,2025-04-24,72,M,Pulmonology,Pneumonia,False,1,2,7,1,False,,Medicare,Home,False,8653.63,False
ADM-02717,P03192,2025-04-24,43,F,Orthopedics,Hip fracture,True,0,2,11,1,False,,Medicare,Home,True,8312.78,False
ADM-02718,P00652,2025-04-24,56,M,Cardiology,Heart failure,False,0,7,13,1,False,,Medicare,Skilled nursing facility,True,27173.96,False
ADM-02719,P02348,2025-04-24,58,M,Oncology,Chemotherapy complication,True,1,3,11,0,False,,Medicare,Home,False,11813.15,False
ADM-02720,P01115,2025-04-25,71,F,Oncology,Chemotherapy complication,True,2,10,10,1,False,,Medicare,Skilled nursing facility,False,27909.26,False
ADM-02721,P01480,2025-04-25,77,F,General Medicine,Sepsis,True,1,3,11,1,True,,Medicaid,Home,True,10860.87,False
ADM-02722,P00153,2025-04-25,54,M,Nephrology,Kidney disease,True,1,3,9,2,False,4.8,Medicare,Home with services,False,9754.73,False
ADM-02723,P03086,2025-04-25,65,M,Oncology,Chemotherapy complication,False,3,14,3,2,False,,Medicare,Skilled nursing facility,True,42082.3,True
ADM-02724,P00952,2025-04-26,66,M,Cardiology,Heart failure,False,2,3,9,0,False,,Medicare,Home,True,16083.97,False
ADM-02725,P00343,2025-04-26,67,F,Nephrology,Kidney disease,True,0,4,5,2,False,,Private,Home,True,16901.16,False
ADM-02726,P00574,2025-04-26,65,M,Cardiology,Heart failure,False,1,10,8,2,False,5.5,Medicare,Skilled nursing facility,True,35927.03,False
ADM-02727,P02522,2025-04-26,53,F,General Medicine,Sepsis,True,0,14,13,1,False,5.6,Private,Home,True,38282.15,False
ADM-02728,P03178,2025-04-27,46,F,Pulmonology,COPD,True,2,4,4,3,True,8.1,Private,Home,True,18125.03,True
ADM-02729,P00481,2025-04-27,73,F,Cardiology,Heart failure,True,0,4,8,1,False,5.4,Medicare,Home,True,16760.25,False
ADM-02730,P02285,2025-04-27,61,F,Cardiology,Heart failure,False,1,3,13,2,True,5.7,Medicare,Home with services,False,12519.06,False
ADM-02731,P00443,2025-04-28,76,M,General Medicine,Sepsis,False,1,3,15,0,False,,Medicare,Home with services,True,10850.5,False
ADM-02732,P01468,2025-04-28,91,F,General Medicine,Sepsis,True,0,2,13,0,False,,Private,Home,False,12049.74,False
ADM-02733,P01081,2025-04-28,67,M,Pulmonology,Pneumonia,True,1,4,6,3,False,,Medicare,Home,True,17574.56,False
ADM-02734,P00319,2025-04-28,56,M,Pulmonology,COPD,True,0,5,12,1,False,,Private,Home,False,20948.72,False
ADM-02735,P01504,2025-04-28,76,M,Oncology,Chemotherapy complication,False,0,4,10,1,False,,Medicare,Home,False,15854.01,False
ADM-02736,P02774,2025-04-28,80,F,Pulmonology,Pneumonia,True,0,10,13,2,False,,Medicaid,Home,True,37753.92,False
ADM-02737,P01069,2025-04-29,65,M,Nephrology,Kidney disease,True,0,6,10,2,False,,Private,Home,True,25781.44,False
ADM-02738,P02779,2025-04-29,47,M,Cardiology,Heart failure,True,0,6,5,1,False,,Medicare,Home,True,21629.97,False
ADM-02739,P02102,2025-04-29,54,F,General Medicine,Sepsis,False,0,1,7,3,False,,Medicare,Home with services,True,6550.86,False
ADM-02740,P01794,2025-04-29,54,F,Pulmonology,Pneumonia,True,0,5,12,0,False,,Medicare,Home,True,16323.03,False
ADM-02741,P02315,2025-04-29,70,F,Cardiology,Heart failure,False,1,3,12,1,False,,Medicare,Home,True,9748.87,False
ADM-02742,P02305,2025-04-30,82,M,General Medicine,Diabetes complication,False,1,5,17,2,True,5.7,Uninsured,Skilled nursing facility,False,15197.28,False
ADM-02743,P02372,2025-04-30,87,M,Nephrology,Kidney disease,False,0,2,7,1,False,,Private,Home,True,11422.0,False
ADM-02744,P01610,2025-04-30,61,M,Pulmonology,Pneumonia,True,1,5,3,1,False,5.7,Medicare,Home,False,17862.41,False
ADM-02745,P02602,2025-04-30,65,M,Nephrology,Kidney disease,False,2,1,7,4,True,7.1,Private,Home,True,9125.69,False
ADM-02746,P03056,2025-04-30,87,M,General Medicine,Sepsis,True,0,2,9,0,False,,Medicaid,Home,True,11095.94,False
ADM-02747,P00095,2025-04-30,68,M,Pulmonology,Pneumonia,True,1,4,7,0,False,,Medicare,Home with services,True,16012.54,False
ADM-02748,P01915,2025-04-30,43,M,Cardiology,Heart failure,True,0,1,3,3,False,,Medicare,Home,True,7813.71,False
ADM-02749,P00508,2025-04-30,49,M,General Medicine,Diabetes complication,True,1,6,10,2,True,4.8,Medicaid,Home,True,25241.95,False
ADM-02750,P01824,2025-05-01,58,M,Cardiology,Heart failure,True,0,4,9,0,True,7.8,Private,Home with services,True,13953.22,False
ADM-02751,P00291,2025-05-01,95,M,Pulmonology,COPD,True,0,3,11,0,False,,Uninsured,Home,True,10249.2,False
ADM-02752,P02034,2025-05-01,58,F,Pulmonology,COPD,False,0,5,7,0,False,,Medicare,Home,True,17396.46,False
ADM-02753,P02927,2025-05-01,76,M,Pulmonology,COPD,False,1,2,12,0,False,,Medicare,Home,True,10514.85,True
ADM-02754,P00947,2025-05-01,71,M,Oncology,Chemotherapy complication,False,1,1,14,1,True,6.9,Medicare,Home,True,6106.04,False
ADM-02755,P00707,2025-05-01,48,M,Cardiology,Heart failure,False,1,8,11,2,True,11.9,Medicare,Home,True,31796.34,True
ADM-02756,P01108,2025-05-01,64,F,Pulmonology,COPD,False,1,2,8,2,False,5.8,Private,Home,True,10265.13,False
ADM-02757,P01183,2025-05-01,74,F,Pulmonology,Pneumonia,True,1,5,6,2,False,5.8,Medicare,Home,True,17200.97,False
ADM-02758,P00292,2025-05-01,73,F,Pulmonology,COPD,False,2,3,13,3,True,6.4,Medicare,Home,True,12894.16,False
ADM-02759,P00294,2025-05-01,73,F,General Medicine,Sepsis,False,1,4,10,2,False,,Medicaid,Rehab,False,18725.71,True
ADM-02760,P02851,2025-05-02,55,M,Cardiology,Heart failure,True,0,5,14,2,False,,Medicare,Home,True,19341.51,False
ADM-02761,P03171,2025-05-02,61,F,Pulmonology,Pneumonia,True,1,2,7,3,False,,Medicare,Home,True,9097.95,False
ADM-02762,P00937,2025-05-03,74,F,Pulmonology,Pneumonia,True,1,5,10,0,False,,Medicare,Home with services,True,25351.64,False
ADM-02763,P03163,2025-05-03,80,F,General Medicine,Sepsis,True,1,4,13,0,False,,Medicaid,Home,False,16005.67,True
ADM-02764,P02094,2025-05-04,79,F,Nephrology,Kidney disease,True,0,3,16,2,True,9.2,Medicare,Home,True,9792.08,False
ADM-02765,P02354,2025-05-04,43,F,Oncology,Chemotherapy complication,True,2,8,11,0,False,,Private,Home with services,True,28154.32,False
ADM-02766,P02894,2025-05-04,72,M,Cardiology,Heart failure,True,1,2,13,1,True,8.8,Medicare,Home with services,True,11112.52,False
ADM-02767,P01447,2025-05-04,68,M,Orthopedics,Hip fracture,False,0,6,4,1,False,,Medicaid,Home,False,18638.92,False
ADM-02768,P00648,2025-05-05,79,F,Orthopedics,Hip fracture,True,1,9,10,2,True,6.4,Medicare,Home with services,True,37164.74,False
ADM-02769,P00165,2025-05-05,62,F,General Medicine,Diabetes complication,False,4,3,16,1,True,7.4,Medicare,Home,True,11610.32,False
ADM-02770,P00803,2025-05-05,73,M,Orthopedics,Hip fracture,False,2,3,13,0,True,6.2,Medicare,Skilled nursing facility,True,10133.12,False
ADM-02771,P01109,2025-05-05,68,M,General Medicine,Sepsis,True,1,1,8,1,True,7.7,Medicare,Skilled nursing facility,True,7802.26,False
ADM-02772,P01982,2025-05-05,67,M,Oncology,Chemotherapy complication,True,0,8,10,1,False,,Medicare,Home,False,26983.36,False
ADM-02773,P00893,2025-05-05,70,F,Orthopedics,Hip fracture,True,1,1,10,0,False,,Medicare,Home,False,7970.77,False
ADM-02774,P00501,2025-05-05,78,F,Cardiology,Heart failure,True,0,1,9,1,False,,Private,Home with services,False,7949.12,False
ADM-02775,P00048,2025-05-05,72,M,Nephrology,Kidney disease,True,0,3,15,1,True,7.1,Medicare,Home,True,13141.4,False
ADM-02776,P00995,2025-05-05,54,F,Nephrology,Kidney disease,False,2,3,9,2,False,,Medicaid,Skilled nursing facility,True,12835.12,False
ADM-02777,P01572,2025-05-05,61,F,Pulmonology,Pneumonia,True,0,6,8,1,False,,Medicare,Home with services,True,22900.33,False
ADM-02778,P01774,2025-05-05,58,F,Pulmonology,COPD,True,3,4,9,1,False,,Medicaid,Home,True,15236.86,False
ADM-02779,P00348,2025-05-05,78,F,Nephrology,Kidney disease,True,2,7,9,2,False,,Medicare,Home,True,24213.87,False
ADM-02780,P02146,2025-05-06,68,M,General Medicine,Sepsis,True,0,2,17,3,False,,Private,Home,True,9654.78,False
ADM-02781,P02171,2025-05-06,83,F,Pulmonology,COPD,False,4,4,10,0,True,6.5,Private,Skilled nursing facility,True,14263.96,False
ADM-02782,P00353,2025-05-06,73,F,Oncology,Chemotherapy complication,True,1,3,10,2,False,,Medicare,Home,True,17641.14,False
ADM-02783,P01372,2025-05-06,64,F,Pulmonology,COPD,True,0,3,12,1,True,7.2,Medicare,Home,True,9848.7,False
ADM-02784,P00134,2025-05-07,61,F,Cardiology,Heart failure,False,2,6,13,3,False,,Medicare,Skilled nursing facility,False,13950.45,True
ADM-02785,P03123,2025-05-07,99,F,Pulmonology,Pneumonia,True,1,3,11,4,True,,Medicare,Home,False,13036.66,False
ADM-02786,P01047,2025-05-07,57,F,Pulmonology,COPD,False,2,12,12,2,True,5.6,Private,Home,False,47027.66,False
ADM-02787,P00856,2025-05-07,58,M,Oncology,Chemotherapy complication,False,0,1,7,0,False,,Medicare,Home,True,6579.74,False
ADM-02788,P02190,2025-05-07,93,M,Oncology,Chemotherapy complication,False,0,3,11,2,False,,Private,Home with services,True,10807.48,False
ADM-02789,P00300,2025-05-07,57,M,Pulmonology,Pneumonia,True,1,8,12,6,False,,Medicaid,Home,False,28403.63,False
ADM-02790,P01116,2025-05-07,68,F,Pulmonology,COPD,True,1,4,10,3,True,,Medicare,Rehab,True,14914.32,True
ADM-02791,P01155,2025-05-08,86,F,General Medicine,Sepsis,False,0,4,14,0,False,,Medicaid,Home with services,True,15469.55,False
ADM-02792,P02187,2025-05-08,73,M,Cardiology,Heart failure,True,1,3,7,2,False,,Medicare,Home with services,True,13693.68,False
ADM-02793,P00956,2025-05-09,69,M,Orthopedics,Hip fracture,True,0,7,13,1,False,,Medicaid,Skilled nursing facility,True,24132.57,False
ADM-02794,P00549,2025-05-09,75,F,Orthopedics,Hip fracture,False,2,11,7,2,False,,Medicaid,Home,False,34849.77,True
ADM-02795,P01625,2025-05-09,79,F,Cardiology,Heart failure,False,2,5,9,0,False,,Private,Home,True,22188.72,False
ADM-02796,P00473,2025-05-09,61,M,Cardiology,Heart failure,True,0,3,9,1,False,,Medicare,Home with services,False,8191.16,False
ADM-02797,P00652,2025-05-09,74,F,Pulmonology,Pneumonia,False,3,5,5,1,False,,Medicare,Home,False,21979.75,False
ADM-02798,P01694,2025-05-09,64,F,Cardiology,Heart failure,True,2,5,11,1,False,,Medicare,Skilled nursing facility,True,17629.08,False
ADM-02799,P00971,2025-05-09,56,M,General Medicine,Diabetes complication,True,1,6,13,4,True,6.4,Medicare,Home with services,True,25922.22,False
ADM-02800,P02582,2025-05-09,71,F,Oncology,Chemotherapy complication,True,0,5,16,1,False,,Private,Home,True,19972.41,False
ADM-02801,P02788,2025-05-09,52,F,General Medicine,Sepsis,False,1,6,8,0,False,,Medicare,Home,True,17622.93,False
ADM-02802,P03150,2025-05-09,32,M,Nephrology,Kidney disease,True,1,10,4,2,False,,Uninsured,Home,True,30697.52,False
ADM-02803,P03176,2025-05-10,46,M,Oncology,Chemotherapy complication,False,1,6,14,1,True,6.4,Medicare,Home,True,28370.26,False
ADM-02804,P01926,2025-05-10,89,M,Cardiology,Heart failure,True,0,3,7,1,False,,Private,Home,True,16696.47,False
ADM-02805,P02380,2025-05-10,69,M,Pulmonology,COPD,True,1,4,6,0,False,,Medicaid,Home,False,21301.67,False
ADM-02806,P01938,2025-05-10,65,M,Nephrology,Kidney disease,True,2,7,7,1,False,,Medicare,Home,True,27676.04,False
ADM-02807,P02298,2025-05-10,87,M,General Medicine,Diabetes complication,True,2,4,8,0,True,,Medicare,Home,False,16164.85,False
ADM-02808,P00896,2025-05-10,90,F,Cardiology,Heart failure,False,2,7,10,1,False,,Medicare,Home with services,True,19317.18,False
ADM-02809,P01979,2025-05-10,62,F,General Medicine,Diabetes complication,True,0,4,11,3,True,,Medicaid,Rehab,True,19720.12,False
ADM-02810,P00323,2025-05-11,65,F,Pulmonology,Pneumonia,True,1,6,5,1,False,,Private,Skilled nursing facility,False,23973.77,True
ADM-02811,P00971,2025-05-11,73,F,Orthopedics,Hip fracture,False,1,1,4,0,False,,Medicare,Skilled nursing facility,False,3505.91,False
ADM-02812,P01373,2025-05-11,71,F,Cardiology,Heart failure,True,3,13,11,1,False,,Private,Skilled nursing facility,False,55801.37,True
ADM-02813,P01412,2025-05-11,82,F,Pulmonology,Pneumonia,True,0,9,9,2,False,,Medicare,Skilled nursing facility,True,33235.56,False
ADM-02814,P02412,2025-05-11,85,F,Oncology,Chemotherapy complication,True,0,5,7,0,False,,Medicaid,Home,False,12642.16,False
ADM-02815,P02109,2025-05-11,75,M,Nephrology,Kidney disease,False,2,5,6,0,True,5.6,Private,Home,True,16191.65,False
ADM-02816,P01568,2025-05-12,65,F,General Medicine,Sepsis,True,0,2,15,0,False,,Medicare,Skilled nursing facility,True,10335.85,False
ADM-02817,P00315,2025-05-12,48,F,Nephrology,Kidney disease,False,1,13,13,3,False,,Private,Skilled nursing facility,True,42941.14,False
ADM-02818,P00434,2025-05-13,86,F,Pulmonology,COPD,True,2,2,8,3,False,,Medicare,Home,True,9196.98,False
ADM-02819,P02553,2025-05-13,73,F,Pulmonology,Pneumonia,False,2,13,8,0,False,,Medicaid,Home,True,56792.98,False
ADM-02820,P00587,2025-05-13,85,F,Cardiology,Heart failure,False,0,6,8,0,False,,Private,Home with services,False,27564.53,False
ADM-02821,P01227,2025-05-13,68,M,General Medicine,Sepsis,False,1,3,6,3,False,,Private,Home with services,True,15321.39,False
ADM-02822,P02963,2025-05-13,76,F,Cardiology,Heart failure,False,2,7,8,0,False,,Medicaid,Home,True,25760.71,False
ADM-02823,P02615,2025-05-13,78,M,General Medicine,Diabetes complication,False,0,17,8,2,True,7.4,Medicare,Home,False,60128.78,False
ADM-02824,P02864,2025-05-13,62,F,Cardiology,Heart failure,False,1,9,10,4,False,,Medicaid,Home,True,29744.84,False
ADM-02825,P02496,2025-05-14,60,M,General Medicine,Diabetes complication,False,1,3,8,0,True,6.7,Uninsured,Home,False,15998.78,False
ADM-02826,P01429,2025-05-14,77,F,Orthopedics,Hip fracture,True,0,13,4,0,False,,Medicaid,Skilled nursing facility,False,34987.28,False
ADM-02827,P00091,2025-05-14,72,M,General Medicine,Sepsis,True,1,8,5,1,False,,Medicare,Home with services,True,30220.25,False
ADM-02828,P02672,2025-05-15,87,F,Oncology,Chemotherapy complication,True,0,8,9,3,False,,Private,Home,False,27965.74,True
ADM-02829,P02946,2025-05-15,69,M,Pulmonology,Pneumonia,True,0,1,8,1,False,,Private,Skilled nursing facility,False,6826.58,False
ADM-02830,P02695,2025-05-15,56,F,Cardiology,Heart failure,False,1,12,8,1,False,,Medicare,Home,False,41003.85,False
ADM-02831,P00332,2025-05-15,82,F,Cardiology,Heart failure,True,1,8,4,3,False,,Private,Home with services,False,32688.22,False
ADM-02832,P02198,2025-05-15,77,M,Pulmonology,Pneumonia,True,2,1,15,2,True,6.7,Private,Home,True,6811.85,True
ADM-02833,P02370,2025-05-16,49,M,Pulmonology,COPD,True,1,8,18,0,False,,Medicare,Home,False,30170.35,False
ADM-02834,P02249,2025-05-16,42,M,Nephrology,Kidney disease,True,1,4,7,1,False,,Private,Home,True,16416.78,False
ADM-02835,P02866,2025-05-16,81,F,Pulmonology,Pneumonia,False,0,7,9,2,False,,Medicare,Home,True,30062.58,False
ADM-02836,P02233,2025-05-16,73,F,Cardiology,Heart failure,True,0,1,8,0,False,,Medicare,Home,True,9391.57,False
ADM-02837,P01490,2025-05-16,75,M,General Medicine,Diabetes complication,False,3,5,7,1,True,7.7,Medicare,Home with services,False,25078.44,False
ADM-02838,P00138,2025-05-17,67,M,Oncology,Chemotherapy complication,False,2,5,8,2,False,,Medicare,Rehab,True,15944.94,False
ADM-02839,P03012,2025-05-17,59,M,General Medicine,Sepsis,False,1,5,12,0,False,,Medicaid,Home,False,19447.54,False
ADM-02840,P01474,2025-05-17,55,M,General Medicine,Diabetes complication,False,0,8,10,1,True,,Medicare,Home,False,30380.16,False
ADM-02841,P00027,2025-05-17,86,M,Nephrology,Kidney disease,True,1,3,8,0,False,,Medicare,Home,True,14193.88,False
ADM-02842,P01078,2025-05-17,52,F,Nephrology,Kidney disease,True,2,6,8,3,True,8.4,Medicare,Rehab,True,21941.85,False
ADM-02843,P00504,2025-05-18,57,M,Pulmonology,Pneumonia,False,1,3,10,2,False,,Medicare,Home,False,11086.51,False
ADM-02844,P01001,2025-05-18,74,F,Orthopedics,Hip fracture,True,1,17,10,1,False,5.5,Medicare,Home,False,44594.6,True
ADM-02845,P02524,2025-05-18,66,F,Oncology,Chemotherapy complication,True,0,7,12,0,False,,Private,Skilled nursing facility,True,27136.94,False
ADM-02846,P02730,2025-05-18,75,F,Cardiology,Heart failure,False,1,2,13,1,False,5.6,Medicare,Home,True,11673.59,False
ADM-02847,P00822,2025-05-18,74,F,Pulmonology,Pneumonia,True,1,5,16,1,False,,Medicaid,Home,False,18913.51,False
ADM-02848,P00111,2025-05-18,68,M,Orthopedics,Hip fracture,True,1,7,15,0,False,5.8,Medicaid,Home,True,28139.57,False
ADM-02849,P02240,2025-05-19,49,F,Nephrology,Kidney disease,True,1,1,8,0,False,5.5,Medicaid,Home with services,True,5719.78,False
ADM-02850,P01099,2025-05-19,72,M,Cardiology,Heart failure,True,0,8,7,2,False,5.0,Medicare,Home,False,22313.99,False
ADM-02851,P01242,2025-05-19,88,F,Cardiology,Heart failure,True,2,3,8,2,False,,Medicare,Home with services,False,10699.0,False
ADM-02852,P03131,2025-05-19,88,M,Cardiology,Heart failure,True,0,4,7,2,False,,Medicare,Home,True,14265.26,False
ADM-02853,P01889,2025-05-19,60,F,Nephrology,Kidney disease,False,3,11,8,3,True,5.8,Medicare,Home with services,True,24059.68,True
ADM-02854,P02444,2025-05-19,52,M,Orthopedics,Hip fracture,True,0,1,6,2,False,,Medicare,Home with services,False,6722.55,False
ADM-02855,P01751,2025-05-19,58,M,Cardiology,Heart failure,False,3,8,9,3,True,5.5,Medicare,Home,False,26692.2,False
ADM-02856,P00654,2025-05-20,64,F,Pulmonology,Pneumonia,True,0,1,11,1,True,4.6,Uninsured,Skilled nursing facility,True,7953.98,False
ADM-02857,P01525,2025-05-20,67,M,Oncology,Chemotherapy complication,True,0,5,9,2,False,,Medicare,Skilled nursing facility,False,16968.39,True
ADM-02858,P01898,2025-05-20,71,M,General Medicine,Sepsis,True,0,7,12,1,True,7.1,Medicare,Rehab,True,29656.41,False
ADM-02859,P02735,2025-05-20,66,F,Pulmonology,COPD,True,1,4,14,3,False,,Private,Home,False,18837.29,False
ADM-02860,P01742,2025-05-20,71,F,Pulmonology,Pneumonia,True,0,3,9,4,False,,Private,Home with services,True,14508.96,False
ADM-02861,P00199,2025-05-20,85,F,General Medicine,Diabetes complication,False,1,2,10,0,True,8.3,Private,Skilled nursing facility,False,9947.86,True
ADM-02862,P01022,2025-05-20,55,M,Orthopedics,Hip fracture,False,0,10,8,2,False,,Medicare,Skilled nursing facility,True,45559.19,False
ADM-02863,P02977,2025-05-20,57,F,Nephrology,Kidney disease,True,1,2,7,1,False,,Medicare,Home,False,10116.04,False
ADM-02864,P00680,2025-05-21,69,M,Pulmonology,COPD,False,1,10,12,1,False,,Medicaid,Skilled nursing facility,True,37145.2,False
ADM-02865,P02608,2025-05-21,76,F,Pulmonology,Pneumonia,False,0,3,6,1,False,,Medicare,Home,False,10501.47,False
ADM-02866,P00471,2025-05-21,99,F,Oncology,Chemotherapy complication,True,0,2,8,0,False,,Uninsured,Skilled nursing facility,True,13618.98,False
ADM-02867,P02715,2025-05-21,86,F,Oncology,Chemotherapy complication,True,1,2,8,1,False,5.7,Private,Home with services,True,11727.15,False
ADM-02868,P00405,2025-05-21,77,F,Cardiology,Heart failure,True,0,13,9,3,False,6.1,Medicare,Home with services,False,50593.01,True
ADM-02869,P02025,2025-05-22,47,M,Orthopedics,Hip fracture,True,2,6,13,3,False,,Medicare,Home with services,True,20570.01,False
ADM-02870,P00262,2025-05-22,80,M,Orthopedics,Hip fracture,True,1,4,12,2,False,,Medicare,Home,False,22359.46,False
ADM-02871,P01427,2025-05-22,80,M,Pulmonology,Pneumonia,False,1,3,10,0,False,,Medicaid,Home,False,13135.82,True
ADM-02872,P02512,2025-05-23,48,M,Cardiology,Heart failure,False,2,4,6,1,False,,Private,Home,True,14142.66,False
ADM-02873,P00647,2025-05-23,79,F,General Medicine,Sepsis,False,0,9,9,0,False,,Medicare,Rehab,False,34532.84,False
ADM-02874,P02638,2025-05-24,75,F,Orthopedics,Hip fracture,True,1,14,7,0,False,4.7,Medicare,Home with services,True,51546.53,False
ADM-02875,P00244,2025-05-24,70,M,Oncology,Chemotherapy complication,False,1,9,13,1,True,,Private,Skilled nursing facility,False,21539.25,False
ADM-02876,P02558,2025-05-24,49,F,Pulmonology,Pneumonia,False,0,3,10,0,False,,Private,Home,False,13312.64,False
ADM-02877,P01630,2025-05-24,73,F,Cardiology,Heart failure,True,1,7,12,0,False,,Private,Home,True,24974.68,False
ADM-02878,P00814,2025-05-25,53,M,General Medicine,Sepsis,False,1,3,11,2,False,,Medicare,Skilled nursing facility,True,10776.86,False
ADM-02879,P01205,2025-05-25,73,F,Oncology,Chemotherapy complication,False,1,5,9,2,False,,Medicare,Rehab,True,18306.12,False
ADM-02880,P01919,2025-05-25,41,F,Orthopedics,Hip fracture,True,1,7,7,2,False,,Private,Home with services,False,23307.11,False
ADM-02881,P03071,2025-05-25,90,M,Pulmonology,Pneumonia,True,2,11,3,0,False,,Medicaid,Skilled nursing facility,False,34377.88,True
ADM-02882,P02989,2025-05-25,85,M,Pulmonology,COPD,False,1,3,8,1,False,5.7,Medicare,Home,True,10324.81,False
ADM-02883,P02828,2025-05-25,70,F,Oncology,Chemotherapy complication,False,4,2,7,0,False,,Medicaid,Home with services,True,11662.93,False
ADM-02884,P00447,2025-05-25,39,M,Pulmonology,Pneumonia,True,0,3,7,1,False,,Medicare,Skilled nursing facility,True,13836.89,False
ADM-02885,P03188,2025-05-25,53,M,General Medicine,Diabetes complication,True,0,3,10,3,True,8.9,Medicaid,Home,True,14303.4,False
ADM-02886,P01588,2025-05-26,79,M,General Medicine,Sepsis,True,1,2,11,1,False,,Medicare,Rehab,True,8659.26,False
ADM-02887,P02948,2025-05-26,56,M,Pulmonology,COPD,False,2,7,10,1,False,,Private,Home with services,True,34666.27,False
ADM-02888,P01113,2025-05-26,80,M,Oncology,Chemotherapy complication,False,1,2,7,1,False,5.8,Private,Rehab,False,10386.52,False
ADM-02889,P01805,2025-05-26,69,F,Pulmonology,Pneumonia,True,1,3,11,0,False,,Medicaid,Skilled nursing facility,False,18846.25,False
ADM-02890,P01163,2025-05-26,81,M,Nephrology,Kidney disease,True,1,1,12,0,False,,Private,Home,False,3849.54,False
ADM-02891,P00462,2025-05-26,72,F,Cardiology,Heart failure,True,1,5,11,3,False,,Private,Home,True,15811.07,False
ADM-02892,P02526,2025-05-26,65,F,Cardiology,Heart failure,True,0,3,13,1,False,5.5,Medicare,Home,True,15584.18,False
ADM-02893,P01541,2025-05-26,65,F,Pulmonology,COPD,True,1,16,9,0,False,,Private,Rehab,True,44412.83,False
ADM-02894,P02429,2025-05-27,67,F,Cardiology,Heart failure,False,0,1,7,1,False,,Medicare,Home,False,6119.86,False
ADM-02895,P01231,2025-05-27,67,M,Pulmonology,Pneumonia,False,0,5,5,2,False,,Medicare,Skilled nursing facility,True,22463.54,False
ADM-02896,P02771,2025-05-27,85,M,Cardiology,Heart failure,True,0,4,6,0,False,,Private,Home,True,16742.83,False
ADM-02897,P01184,2025-05-27,90,F,Oncology,Chemotherapy complication,True,1,5,7,0,False,,Medicaid,Home,True,21362.87,False
ADM-02898,P02690,2025-05-27,58,F,Orthopedics,Hip fracture,True,2,1,8,2,False,,Medicare,Rehab,True,7317.44,False
ADM-02899,P02737,2025-05-28,67,M,Orthopedics,Hip fracture,False,1,1,5,0,False,,Medicare,Home,True,3519.29,False
ADM-02900,P02366,2025-05-28,43,M,Pulmonology,COPD,True,2,6,14,3,False,,Medicare,Skilled nursing facility,True,21212.61,False
ADM-02901,P02499,2025-05-28,76,F,Cardiology,Heart failure,True,0,6,3,0,False,5.2,Medicare,Home,True,21780.45,False
ADM-02902,P00917,2025-05-28,66,M,Orthopedics,Hip fracture,True,1,12,12,1,False,,Medicare,Rehab,False,47049.6,False
ADM-02903,P02328,2025-05-28,34,F,Pulmonology,Pneumonia,True,1,3,8,1,True,7.3,Private,Skilled nursing facility,True,6901.32,False
ADM-02904,P01779,2025-05-28,51,M,Nephrology,Kidney disease,True,0,1,10,0,False,,Medicare,Home,True,9466.44,False
ADM-02905,P01041,2025-05-29,87,F,Pulmonology,COPD,False,1,4,11,0,False,,Medicaid,Skilled nursing facility,False,18253.01,False
ADM-02906,P01302,2025-05-29,58,M,General Medicine,Diabetes complication,True,0,1,13,1,True,6.0,Medicaid,Skilled nursing facility,True,5977.62,False
ADM-02907,P00423,2025-05-29,68,M,Pulmonology,COPD,True,2,3,15,1,False,,Medicare,Home,True,13596.53,False
ADM-02908,P02917,2025-05-29,57,F,Cardiology,Heart failure,True,1,2,6,2,False,,Medicaid,Skilled nursing facility,True,7271.63,False
ADM-02909,P01984,2025-05-30,74,M,General Medicine,Diabetes complication,True,2,4,11,1,True,,Private,Home,True,14617.96,False
ADM-02910,P02375,2025-05-30,61,F,Cardiology,Heart failure,True,1,1,8,0,False,,Medicare,Home,True,6118.35,False
ADM-02911,P00960,2025-05-30,66,M,Nephrology,Kidney disease,False,1,8,8,2,True,9.0,Uninsured,Rehab,True,36823.0,False
ADM-02912,P02720,2025-05-30,57,F,General Medicine,Sepsis,True,1,1,7,0,False,5.5,Private,Skilled nursing facility,True,8561.84,True
ADM-02913,P01672,2025-05-30,73,F,General Medicine,Sepsis,True,0,6,6,3,True,9.3,Medicaid,Home,True,26039.58,False
ADM-02914,P00167,2025-05-31,79,F,Pulmonology,Pneumonia,True,2,10,8,2,False,,Medicaid,Home,False,35953.24,False
ADM-02915,P00435,2025-05-31,71,F,Nephrology,Kidney disease,True,0,14,11,1,True,,Medicaid,Home with services,False,58912.79,False
ADM-02916,P00857,2025-05-31,52,F,Oncology,Chemotherapy complication,False,1,5,9,1,False,,Medicare,Home with services,False,21246.37,False
ADM-02917,P00369,2025-05-31,64,F,Cardiology,Heart failure,True,0,6,11,2,False,,Medicare,Rehab,False,21881.31,True
ADM-02918,P03061,2025-05-31,78,M,Nephrology,Kidney disease,True,0,1,8,2,True,9.1,Medicare,Home,True,4294.51,False
ADM-02919,P03087,2025-06-01,70,F,Pulmonology,Pneumonia,False,1,16,9,4,False,,Medicaid,Skilled nursing facility,True,53496.55,False
ADM-02920,P00946,2025-06-01,65,M,Pulmonology,Pneumonia,True,2,4,12,3,False,,Private,Skilled nursing facility,True,16820.53,False
ADM-02921,P00663,2025-06-01,86,M,General Medicine,Sepsis,True,0,5,12,2,True,,Private,Home,False,23114.99,False
ADM-02922,P01424,2025-06-01,57,F,Cardiology,Heart failure,True,0,2,6,2,False,,Medicare,Home,True,8788.14,False
ADM-02923,P01900,2025-06-02,66,M,General Medicine,Diabetes complication,True,2,1,12,0,True,9.4,Medicare,Home,True,6895.63,False
ADM-02924,P01163,2025-06-02,63,M,Oncology,Chemotherapy complication,True,0,3,10,0,True,6.7,Private,Home,True,14359.01,False
ADM-02925,P00186,2025-06-02,99,F,Oncology,Chemotherapy complication,True,1,4,8,0,False,,Medicaid,Home,True,12547.38,False
ADM-02926,P02642,2025-06-02,56,F,Pulmonology,Pneumonia,True,1,3,7,2,False,,Private,Home with services,True,14624.09,False
ADM-02927,P00971,2025-06-02,65,F,General Medicine,Diabetes complication,False,1,1,17,0,True,,Private,Home,False,7106.28,False
ADM-02928,P00185,2025-06-02,77,F,Pulmonology,Pneumonia,True,1,2,15,1,True,8.0,Medicare,Home,True,6748.65,False
ADM-02929,P01175,2025-06-02,64,M,Orthopedics,Hip fracture,True,1,7,8,4,True,7.7,Medicare,Home,False,27960.73,False
ADM-02930,P01389,2025-06-03,73,F,Cardiology,Heart failure,True,0,13,7,1,False,,Medicare,Rehab,True,54699.98,False
ADM-02931,P02908,2025-06-04,48,M,Nephrology,Kidney disease,False,0,1,12,1,True,7.9,Medicare,Home with services,False,8625.81,False
ADM-02932,P01720,2025-06-04,73,F,General Medicine,Diabetes complication,True,3,8,11,2,True,7.4,Medicare,Home,True,20689.29,False
ADM-02933,P02473,2025-06-04,76,F,Cardiology,Heart failure,True,0,17,17,0,False,,Medicare,Home,True,44408.07,True
ADM-02934,P02600,2025-06-04,69,M,General Medicine,Diabetes complication,True,2,3,9,2,True,4.9,Private,Home,True,11781.21,False
ADM-02935,P01864,2025-06-04,73,F,Cardiology,Heart failure,True,1,8,7,3,False,,Private,Home,True,23396.1,True
ADM-02936,P03075,2025-06-04,84,F,General Medicine,Sepsis,True,3,12,7,1,False,,Medicare,Home with services,True,41571.31,True
ADM-02937,P02773,2025-06-04,57,F,Pulmonology,COPD,True,2,10,10,2,False,,Private,Home,False,40905.88,False
ADM-02938,P02930,2025-06-04,84,M,Nephrology,Kidney disease,False,1,5,14,3,True,,Medicaid,Home,True,14229.25,False
ADM-02939,P01379,2025-06-05,82,F,Cardiology,Heart failure,True,0,2,21,2,True,7.6,Medicaid,Skilled nursing facility,False,10227.53,True
ADM-02940,P00291,2025-06-05,62,M,General Medicine,Diabetes complication,True,0,10,11,5,True,9.1,Medicare,Home,True,35132.32,False
ADM-02941,P01443,2025-06-05,70,F,Pulmonology,COPD,True,0,2,7,2,True,8.2,Medicare,Rehab,False,7756.19,False
ADM-02942,P00057,2025-06-05,68,M,Pulmonology,Pneumonia,False,1,4,11,0,False,,Medicare,Rehab,False,19586.79,False
ADM-02943,P02142,2025-06-05,50,F,Orthopedics,Hip fracture,False,1,1,8,0,False,,Medicaid,Home,True,4752.07,False
ADM-02944,P00044,2025-06-05,54,F,Pulmonology,Pneumonia,False,0,1,6,1,False,,Medicare,Skilled nursing facility,True,7328.62,False
ADM-02945,P01219,2025-06-05,85,F,General Medicine,Sepsis,True,0,6,12,1,False,,Private,Home,False,21389.61,False
ADM-02946,P00575,2025-06-05,90,M,General Medicine,Diabetes complication,False,3,4,15,1,True,7.5,Medicare,Home,False,17569.32,False
ADM-02947,P01155,2025-06-05,73,M,Orthopedics,Hip fracture,False,0,4,10,3,True,9.7,Private,Home,False,17042.84,False
ADM-02948,P02811,2025-06-06,52,F,Cardiology,Heart failure,True,0,2,13,3,True,6.9,Medicare,Home,True,12657.28,False
ADM-02949,P01895,2025-06-06,51,F,Cardiology,Heart failure,True,3,9,8,1,False,5.2,Medicare,Home,True,27043.59,False
ADM-02950,P01900,2025-06-06,66,M,Cardiology,Heart failure,True,0,3,10,3,False,,Medicare,Home with services,True,12786.39,False
ADM-02951,P02147,2025-06-06,77,M,Cardiology,Heart failure,True,0,13,8,3,True,7.4,Medicare,Home,True,45039.94,False
ADM-02952,P00162,2025-06-06,65,F,General Medicine,Sepsis,True,0,1,10,0,False,,Medicaid,Home,False,5001.21,False
ADM-02953,P02905,2025-06-07,66,F,General Medicine,Sepsis,True,2,5,12,1,False,,Medicare,Home,False,19047.5,False
ADM-02954,P01030,2025-06-07,68,F,Cardiology,Heart failure,True,0,8,6,2,False,,Medicare,Home with services,True,24534.63,False
ADM-02955,P01159,2025-06-07,57,F,Pulmonology,Pneumonia,False,0,2,4,2,False,,Medicare,Home,False,9301.3,False
ADM-02956,P02178,2025-06-07,55,F,General Medicine,Diabetes complication,True,1,12,10,0,True,,Medicaid,Home,True,46650.21,False
ADM-02957,P01545,2025-06-07,76,M,Cardiology,Heart failure,False,1,1,9,1,False,,Private,Home with services,True,7347.9,False
ADM-02958,P00503,2025-06-07,51,F,Pulmonology,COPD,False,1,5,8,3,False,,Private,Skilled nursing facility,True,17960.91,False
ADM-02959,P00881,2025-06-07,76,M,Orthopedics,Hip fracture,True,1,8,8,2,False,5.9,Medicare,Skilled nursing facility,False,30061.52,False
ADM-02960,P01475,2025-06-08,65,F,Orthopedics,Hip fracture,True,1,7,10,4,False,5.8,Uninsured,Skilled nursing facility,True,24741.75,False
ADM-02961,P00622,2025-06-08,51,F,Cardiology,Heart failure,True,1,1,7,2,False,,Medicare,Skilled nursing facility,False,4366.99,False
ADM-02962,P00677,2025-06-08,77,F,Cardiology,Heart failure,True,1,6,11,2,False,,Medicare,Home,False,20910.36,False
ADM-02963,P00133,2025-06-08,81,M,Oncology,Chemotherapy complication,True,0,13,6,1,False,,Private,Rehab,True,30948.21,False
ADM-02964,P01211,2025-06-08,78,F,General Medicine,Diabetes complication,True,1,1,6,1,True,10.6,Private,Home,True,7205.33,False
ADM-02965,P00781,2025-06-08,78,M,Orthopedics,Hip fracture,False,0,5,6,2,True,6.6,Medicare,Home,False,21317.81,False
ADM-02966,P02540,2025-06-08,71,F,Oncology,Chemotherapy complication,True,1,3,4,1,False,,Medicare,Home,False,10327.12,False
ADM-02967,P00132,2025-06-09,57,M,General Medicine,Diabetes complication,True,1,1,8,4,True,5.0,Medicare,Home,False,6258.88,False
ADM-02968,P01003,2025-06-09,67,M,Orthopedics,Hip fracture,True,0,13,8,2,False,,Medicare,Home,False,34631.44,False
ADM-02969,P02569,2025-06-09,67,F,Oncology,Chemotherapy complication,False,0,5,4,1,False,,Medicare,Home,False,25641.9,False
ADM-02970,P02320,2025-06-10,71,F,General Medicine,Sepsis,False,1,4,10,5,False,,Medicare,Home,True,10400.74,False
ADM-02971,P00503,2025-06-10,63,M,Pulmonology,Pneumonia,True,0,1,18,2,False,,Medicare,Skilled nursing facility,True,6734.71,False
ADM-02972,P01115,2025-06-10,37,F,Nephrology,Kidney disease,True,0,11,5,1,False,,Medicare,Home with services,True,39249.34,False
ADM-02973,P01459,2025-06-10,74,F,Cardiology,Heart failure,True,0,2,11,2,False,,Medicare,Home,False,9739.82,False
ADM-02974,P01546,2025-06-10,83,M,General Medicine,Diabetes complication,False,0,2,9,3,True,,Uninsured,Home,True,8665.44,False
ADM-02975,P01972,2025-06-10,51,M,Pulmonology,COPD,True,0,2,6,6,False,,Private,Home with services,True,8270.3,False
ADM-02976,P00466,2025-06-10,74,M,Pulmonology,COPD,True,3,10,9,0,False,5.5,Medicare,Home with services,False,38054.53,True
ADM-02977,P02339,2025-06-10,63,F,Orthopedics,Hip fracture,False,1,2,8,0,False,,Medicare,Home with services,False,11057.36,False
ADM-02978,P01182,2025-06-11,47,M,Cardiology,Heart failure,True,2,7,18,1,True,5.8,Medicare,Rehab,False,26242.99,False
ADM-02979,P00755,2025-06-11,58,M,Pulmonology,Pneumonia,False,0,12,19,3,True,7.6,Medicare,Home,True,28990.89,False
ADM-02980,P02720,2025-06-12,82,F,Oncology,Chemotherapy complication,True,1,4,11,2,False,,Medicare,Rehab,False,13562.34,False
ADM-02981,P02301,2025-06-12,75,F,Cardiology,Heart failure,True,1,3,10,0,False,,Medicare,Home,True,4779.48,False
ADM-02982,P01085,2025-06-12,49,F,General Medicine,Diabetes complication,True,0,6,12,3,True,10.0,Medicare,Home,True,17142.0,False
ADM-02983,P02365,2025-06-12,67,M,General Medicine,Sepsis,False,0,4,16,3,False,,Medicaid,Home with services,True,19147.66,False
ADM-02984,P02033,2025-06-12,64,F,Orthopedics,Hip fracture,True,0,2,8,0,False,,Medicaid,Rehab,False,16049.83,False
ADM-02985,P02488,2025-06-13,69,F,Pulmonology,COPD,True,0,2,7,0,False,4.9,Medicare,Home,False,15298.51,True
ADM-02986,P01096,2025-06-13,80,F,Cardiology,Heart failure,True,0,6,10,3,True,10.2,Medicare,Home,True,18775.34,False
ADM-02987,P01484,2025-06-13,50,F,Pulmonology,Pneumonia,False,2,16,6,2,False,,Medicare,Skilled nursing facility,True,49021.59,True
ADM-02988,P02017,2025-06-13,36,M,Pulmonology,Pneumonia,True,1,2,9,2,True,,Medicaid,Skilled nursing facility,True,9862.17,False
ADM-02989,P02907,2025-06-13,86,M,Cardiology,Heart failure,False,1,6,13,4,False,,Medicare,Home,True,26001.84,False
ADM-02990,P02635,2025-06-13,88,M,General Medicine,Sepsis,True,0,5,15,0,True,6.7,Medicare,Home with services,False,21497.23,False
ADM-02991,P02442,2025-06-13,77,F,Pulmonology,Pneumonia,True,1,4,15,2,False,,Medicare,Home,True,15845.39,False
ADM-02992,P01822,2025-06-14,80,M,Pulmonology,COPD,True,2,6,11,1,True,,Medicare,Skilled nursing facility,True,24826.89,False
ADM-02993,P00545,2025-06-14,55,F,Cardiology,Heart failure,False,1,8,10,2,False,,Medicare,Home,True,23756.6,False
ADM-02994,P00358,2025-06-14,66,F,Oncology,Chemotherapy complication,True,1,1,8,1,False,,Uninsured,Home,False,4297.29,False
ADM-02995,P02908,2025-06-14,65,M,Orthopedics,Hip fracture,False,3,5,9,1,False,,Medicaid,Home,True,20270.02,False
ADM-02996,P02473,2025-06-14,69,F,Nephrology,Kidney disease,True,0,2,9,1,False,,Medicaid,Home,True,10944.19,False
ADM-02997,P00686,2025-06-15,72,M,General Medicine,Sepsis,False,0,3,9,0,False,,Medicare,Home,True,10155.37,False
ADM-02998,P01585,2025-06-15,98,M,Orthopedics,Hip fracture,True,1,5,9,0,True,8.4,Medicare,Home,True,14111.47,False
ADM-02999,P00899,2025-06-15,57,F,General Medicine,Sepsis,True,0,3,7,1,True,,Private,Home,False,11089.16,False
ADM-03000,P01444,2025-06-15,57,M,Orthopedics,Hip fracture,False,1,3,10,2,False,,Medicaid,Home,True,14069.91,False
ADM-03001,P02161,2025-06-16,67,F,General Medicine,Sepsis,False,3,2,12,2,False,,Medicaid,Home,True,9910.12,False
ADM-03002,P03197,2025-06-16,50,F,General Medicine,Sepsis,True,0,2,9,1,True,6.4,Private,Home,True,12105.72,False
ADM-03003,P02837,2025-06-16,72,F,General Medicine,Diabetes complication,True,1,3,8,0,True,7.4,Medicaid,Skilled nursing facility,False,10399.82,False
ADM-03004,P00715,2025-06-16,80,F,Cardiology,Heart failure,True,1,5,14,3,False,,Medicare,Home with services,False,14761.65,False
ADM-03005,P01645,2025-06-16,81,F,Orthopedics,Hip fracture,True,0,8,12,2,False,,Medicaid,Home,True,30064.05,False
ADM-03006,P00353,2025-06-16,71,M,Pulmonology,Pneumonia,False,2,4,4,1,False,,Medicare,Home,True,18262.31,False
ADM-03007,P00118,2025-06-16,98,F,Nephrology,Kidney disease,True,0,8,6,3,False,,Medicaid,Home with services,True,27630.24,False
ADM-03008,P02647,2025-06-16,72,M,Cardiology,Heart failure,False,0,9,8,1,False,,Medicare,Home with services,True,40003.7,False
ADM-03009,P01449,2025-06-16,53,M,General Medicine,Diabetes complication,True,0,5,14,1,True,6.4,Medicaid,Home,True,24090.33,False
ADM-03010,P01485,2025-06-17,53,F,Oncology,Chemotherapy complication,True,1,4,10,2,False,,Medicaid,Skilled nursing facility,True,16532.88,False
ADM-03011,P00536,2025-06-17,65,M,Pulmonology,COPD,True,0,6,9,0,True,,Medicare,Skilled nursing facility,True,18280.36,False
ADM-03012,P02200,2025-06-17,53,M,Nephrology,Kidney disease,False,0,6,4,0,False,,Medicare,Home,True,20724.91,False
ADM-03013,P00232,2025-06-17,70,F,General Medicine,Sepsis,False,0,5,10,2,False,,Private,Home with services,True,19314.52,False
ADM-03014,P02853,2025-06-17,56,F,Cardiology,Heart failure,False,0,3,6,0,False,,Medicaid,Home,True,12924.92,False
ADM-03015,P00623,2025-06-17,50,F,Nephrology,Kidney disease,True,0,1,3,1,False,,Medicare,Rehab,True,7756.23,False
ADM-03016,P02340,2025-06-17,78,F,Cardiology,Heart failure,False,1,15,7,2,False,5.7,Medicaid,Home,True,57812.88,False
ADM-03017,P00141,2025-06-17,85,F,Cardiology,Heart failure,True,2,6,8,1,False,,Medicare,Skilled nursing facility,True,24404.87,False
ADM-03018,P00381,2025-06-17,80,M,General Medicine,Sepsis,True,1,5,9,0,False,,Private,Home,True,22955.98,False
ADM-03019,P02634,2025-06-17,49,M,Nephrology,Kidney disease,False,0,6,5,2,False,6.3,Medicaid,Home,True,18065.47,False
ADM-03020,P00949,2025-06-17,67,M,Orthopedics,Hip fracture,False,1,6,10,0,False,,Medicare,Home,False,17679.91,False
ADM-03021,P02549,2025-06-17,51,M,Cardiology,Heart failure,True,2,7,17,2,True,7.4,Private,Home,True,33582.69,False
ADM-03022,P00127,2025-06-17,87,F,Oncology,Chemotherapy complication,True,1,14,8,0,False,6.0,Private,Rehab,True,64030.58,False
ADM-03023,P01462,2025-06-18,78,F,Pulmonology,Pneumonia,True,0,8,10,3,False,,Medicare,Skilled nursing facility,True,30027.45,False
ADM-03024,P01110,2025-06-18,88,M,Pulmonology,Pneumonia,False,1,4,6,1,False,,Medicare,Home with services,True,9607.91,False
ADM-03025,P01071,2025-06-18,68,M,Pulmonology,Pneumonia,False,1,2,8,3,True,9.4,Medicaid,Home with services,True,5813.82,False
ADM-03026,P02730,2025-06-18,61,M,Pulmonology,Pneumonia,True,0,4,15,2,False,,Uninsured,Home,False,18632.94,False
ADM-03027,P00778,2025-06-18,78,M,Pulmonology,COPD,False,1,8,9,1,False,,Private,Home,True,27099.9,False
ADM-03028,P01990,2025-06-18,64,M,Cardiology,Heart failure,True,0,5,9,3,False,,Medicare,Rehab,False,18798.9,False
ADM-03029,P00201,2025-06-18,54,M,Pulmonology,COPD,True,1,3,9,2,False,,Medicaid,Home,True,12154.66,False
ADM-03030,P02075,2025-06-18,81,M,General Medicine,Sepsis,False,0,3,7,2,True,7.5,Medicare,Home,True,12686.36,False
ADM-03031,P01750,2025-06-19,63,M,Pulmonology,COPD,False,1,10,6,1,False,6.1,Private,Home with services,False,40515.66,False
ADM-03032,P01227,2025-06-19,60,M,Pulmonology,COPD,False,1,8,7,0,False,,Medicare,Home with services,True,27540.57,True
ADM-03033,P00498,2025-06-19,73,M,Pulmonology,COPD,False,0,2,6,1,False,,Medicare,Home,False,12646.25,False
ADM-03034,P02434,2025-06-19,99,M,Pulmonology,Pneumonia,True,0,1,11,1,False,,Medicare,Home,False,7707.7,True
ADM-03035,P02891,2025-06-20,89,M,Pulmonology,Pneumonia,True,1,5,8,3,False,,Medicaid,Rehab,True,18606.76,False
ADM-03036,P02172,2025-06-20,58,M,Oncology,Chemotherapy complication,False,1,2,10,1,False,,Private,Rehab,False,9720.51,False
ADM-03037,P02002,2025-06-20,74,M,Pulmonology,Pneumonia,False,0,4,4,1,False,,Medicare,Home,True,17606.03,False
ADM-03038,P00596,2025-06-20,78,M,Cardiology,Heart failure,False,1,5,10,4,False,5.3,Medicare,Rehab,False,21532.13,False
ADM-03039,P01499,2025-06-21,82,M,Pulmonology,Pneumonia,False,0,10,9,1,True,,Medicare,Rehab,False,43285.27,False
ADM-03040,P00394,2025-06-21,55,F,General Medicine,Sepsis,False,0,4,16,1,False,,Medicare,Home,True,19773.34,False
ADM-03041,P00406,2025-06-21,63,M,Cardiology,Heart failure,True,1,5,6,0,False,,Medicare,Home,True,19285.54,False
ADM-03042,P01610,2025-06-21,69,F,Pulmonology,COPD,True,1,5,9,0,False,,Medicare,Skilled nursing facility,False,13347.12,False
ADM-03043,P01418,2025-06-21,40,F,Oncology,Chemotherapy complication,False,0,2,10,3,False,,Private,Home,True,10717.04,False
ADM-03044,P03023,2025-06-22,48,M,Pulmonology,COPD,False,1,11,6,2,False,,Medicare,Home,False,45597.59,False
ADM-03045,P00407,2025-06-22,61,M,Pulmonology,Pneumonia,False,0,6,8,0,False,5.9,Medicaid,Home,False,20924.28,False
ADM-03046,P01923,2025-06-23,78,F,Cardiology,Heart failure,True,1,8,15,0,True,8.2,Medicare,Home,True,35426.23,False
ADM-03047,P01104,2025-06-23,71,M,Oncology,Chemotherapy complication,False,0,6,7,2,False,,Private,Home,False,26827.88,False
ADM-03048,P00144,2025-06-23,77,F,Pulmonology,COPD,False,0,1,10,2,False,,Medicare,Home with services,False,5151.98,False
ADM-03049,P00839,2025-06-23,39,M,Pulmonology,COPD,True,3,5,15,2,True,8.7,Medicaid,Skilled nursing facility,True,24485.75,False
ADM-03050,P02341,2025-06-24,51,F,General Medicine,Sepsis,True,0,7,7,1,False,,Medicaid,Rehab,False,23826.63,False
ADM-03051,P02110,2025-06-24,71,F,Cardiology,Heart failure,True,0,2,4,2,False,,Medicare,Home,False,12077.76,False
ADM-03052,P02136,2025-06-24,65,M,General Medicine,Sepsis,True,0,10,7,0,True,9.5,Medicaid,Home,True,40908.87,False
ADM-03053,P00513,2025-06-24,74,F,Cardiology,Heart failure,True,0,2,10,0,True,8.5,Medicare,Skilled nursing facility,True,10308.32,True
ADM-03054,P01051,2025-06-24,95,M,Cardiology,Heart failure,False,0,7,6,0,False,,Medicare,Home,True,27086.34,False
ADM-03055,P00348,2025-06-24,67,M,General Medicine,Sepsis,True,3,13,9,1,False,,Medicare,Home with services,False,50872.15,True
ADM-03056,P02130,2025-06-24,67,M,General Medicine,Diabetes complication,False,0,2,10,2,True,10.0,Medicaid,Home,False,8482.62,False
ADM-03057,P01847,2025-06-26,75,M,Nephrology,Kidney disease,True,0,7,6,1,False,,Medicare,Skilled nursing facility,True,37487.73,False
ADM-03058,P00525,2025-06-26,83,F,General Medicine,Sepsis,False,1,7,11,3,False,,Private,Home,False,25266.09,False
ADM-03059,P02457,2025-06-26,57,M,Nephrology,Kidney disease,True,2,1,11,2,False,,Medicare,Home,False,7622.21,False
ADM-03060,P02128,2025-06-27,68,M,Pulmonology,COPD,True,2,6,14,1,False,,Private,Rehab,True,23278.69,False
ADM-03061,P01629,2025-06-27,62,M,Nephrology,Kidney disease,True,0,9,13,2,False,,Uninsured,Home,False,29816.91,False
ADM-03062,P00484,2025-06-27,67,F,General Medicine,Sepsis,True,0,3,16,1,True,7.5,Medicare,Skilled nursing facility,True,15802.54,False
ADM-03063,P01935,2025-06-27,66,F,Nephrology,Kidney disease,False,0,8,7,1,False,,Medicaid,Rehab,False,29263.13,False
ADM-03064,P00660,2025-06-27,58,M,Pulmonology,Pneumonia,True,1,6,10,2,True,9.1,Medicare,Home,False,24771.7,True
ADM-03065,P00176,2025-06-27,71,F,Cardiology,Heart failure,True,0,3,9,1,False,,Private,Home,False,15039.24,False
ADM-03066,P02011,2025-06-27,75,F,Pulmonology,Pneumonia,True,2,8,11,1,False,5.2,Medicare,Home,True,32379.98,False
ADM-03067,P01249,2025-06-27,58,F,General Medicine,Diabetes complication,True,0,10,8,2,True,6.9,Private,Home,False,35681.16,False
ADM-03068,P02819,2025-06-28,72,M,Cardiology,Heart failure,True,1,4,12,2,False,,Medicare,Rehab,True,21062.85,False
ADM-03069,P01896,2025-06-28,51,F,Pulmonology,COPD,False,2,2,9,1,True,8.5,Medicare,Home,False,9885.74,False
ADM-03070,P02452,2025-06-28,49,F,Pulmonology,Pneumonia,False,0,5,6,1,False,,Medicare,Skilled nursing facility,True,23321.83,False
ADM-03071,P01420,2025-06-28,59,F,Cardiology,Heart failure,True,2,1,5,0,False,,Private,Skilled nursing facility,True,9178.45,False
ADM-03072,P02432,2025-06-29,53,M,General Medicine,Diabetes complication,False,1,11,9,1,True,8.0,Medicaid,Home,True,39310.31,False
ADM-03073,P01347,2025-06-29,44,M,Oncology,Chemotherapy complication,False,0,3,11,3,False,,Medicare,Home,False,13279.61,False
ADM-03074,P00706,2025-06-29,69,M,Oncology,Chemotherapy complication,True,2,3,7,2,True,7.8,Medicaid,Home with services,False,13501.32,False
ADM-03075,P03071,2025-06-29,53,F,General Medicine,Diabetes complication,False,1,1,7,3,True,9.6,Medicaid,Home,True,6494.81,False
ADM-03076,P00580,2025-06-29,60,F,Cardiology,Heart failure,True,0,1,9,0,False,,Medicare,Home,True,7629.55,False
ADM-03077,P03085,2025-06-30,74,M,Cardiology,Heart failure,False,1,2,7,2,False,,Medicaid,Home,True,12622.5,False
ADM-03078,P02782,2025-06-30,77,F,Nephrology,Kidney disease,True,1,4,10,1,False,,Medicare,Home,True,20696.3,False
ADM-03079,P00071,2025-06-30,59,F,Pulmonology,COPD,True,2,11,10,4,True,10.4,Medicaid,Skilled nursing facility,False,26969.36,True
ADM-03080,P02788,2025-07-01,81,M,General Medicine,Sepsis,True,0,7,7,2,False,,Medicare,Home with services,True,25261.6,False
ADM-03081,P02344,2025-07-01,56,M,Oncology,Chemotherapy complication,True,1,7,12,1,False,,Uninsured,Skilled nursing facility,False,25858.93,False
ADM-03082,P00723,2025-07-02,72,F,Pulmonology,COPD,True,1,3,9,1,False,,Medicare,Home with services,False,17765.5,False
ADM-03083,P02337,2025-07-02,83,F,Orthopedics,Hip fracture,True,0,6,8,1,False,,Private,Home,True,25658.4,False
ADM-03084,P01634,2025-07-02,84,F,General Medicine,Sepsis,False,1,6,7,0,False,,Medicare,Home,True,21898.36,False
ADM-03085,P03127,2025-07-02,49,M,Pulmonology,COPD,True,2,2,8,0,False,,Medicaid,Home,False,13231.58,False
ADM-03086,P00775,2025-07-03,59,F,Pulmonology,Pneumonia,False,2,6,16,1,True,6.2,Private,Home with services,True,28502.31,True
ADM-03087,P01652,2025-07-03,73,M,Pulmonology,COPD,False,1,6,12,1,True,9.7,Medicare,Home,True,21775.06,False
ADM-03088,P00092,2025-07-03,68,M,Cardiology,Heart failure,True,0,16,7,3,True,8.5,Uninsured,Home,False,33683.83,False
ADM-03089,P02331,2025-07-04,83,M,Pulmonology,Pneumonia,True,1,4,8,0,False,,Private,Home,True,18552.29,False
ADM-03090,P02439,2025-07-04,36,F,Orthopedics,Hip fracture,False,1,4,7,2,False,,Medicare,Home with services,True,16003.66,False
ADM-03091,P02913,2025-07-04,53,M,General Medicine,Diabetes complication,True,0,5,11,1,True,,Medicare,Home,True,24541.37,False
ADM-03092,P02999,2025-07-04,64,F,General Medicine,Sepsis,False,2,3,7,1,False,,Medicaid,Home,True,12004.1,False
ADM-03093,P01731,2025-07-04,67,M,Orthopedics,Hip fracture,True,1,4,13,0,False,,Private,Home with services,True,25001.4,False
ADM-03094,P02221,2025-07-04,87,F,Pulmonology,COPD,False,0,3,10,1,False,,Medicaid,Home,True,13459.06,False
ADM-03095,P01789,2025-07-04,64,F,General Medicine,Diabetes complication,False,3,2,15,1,True,8.7,Medicare,Home with services,False,7986.22,False
ADM-03096,P01921,2025-07-05,61,F,Cardiology,Heart failure,True,0,5,9,0,False,,Private,Home with services,True,16690.68,False
ADM-03097,P02499,2025-07-05,82,M,Pulmonology,COPD,False,0,8,11,4,True,5.1,Private,Home,True,29993.16,False
ADM-03098,P00935,2025-07-05,51,F,Orthopedics,Hip fracture,True,1,1,5,1,False,,Private,Home,True,6607.4,False
ADM-03099,P02757,2025-07-06,68,F,Pulmonology,Pneumonia,True,1,3,8,1,False,,Medicaid,Home,True,12956.59,True
ADM-03100,P00346,2025-07-06,75,M,Pulmonology,Pneumonia,True,0,2,7,0,False,5.7,Medicare,Home,True,9408.84,False
ADM-03101,P01902,2025-07-06,66,M,Pulmonology,COPD,True,1,1,4,1,False,,Medicare,Home,False,7864.32,True
ADM-03102,P00613,2025-07-06,71,M,Pulmonology,Pneumonia,True,0,1,7,2,False,,Medicare,Home,True,5466.3,False
ADM-03103,P02062,2025-07-06,71,F,Nephrology,Kidney disease,True,1,3,6,1,False,,Medicaid,Home,True,12083.52,False
ADM-03104,P02104,2025-07-06,91,M,Cardiology,Heart failure,True,1,7,12,3,True,8.2,Private,Home,False,26659.41,False
ADM-03105,P02445,2025-07-07,77,M,Oncology,Chemotherapy complication,True,0,6,7,0,False,,Medicare,Home,True,18311.37,False
ADM-03106,P00236,2025-07-07,42,F,Nephrology,Kidney disease,True,1,3,9,1,False,,Medicaid,Home,False,11652.32,False
ADM-03107,P01400,2025-07-07,74,M,Pulmonology,Pneumonia,True,3,9,13,2,True,6.4,Medicare,Home,False,30289.1,False
ADM-03108,P02866,2025-07-08,88,M,Oncology,Chemotherapy complication,True,0,2,5,1,False,,Medicaid,Home,True,10053.76,False
ADM-03109,P01567,2025-07-08,82,M,General Medicine,Sepsis,True,2,2,7,0,False,,Medicare,Home with services,True,7858.07,False
ADM-03110,P02889,2025-07-08,65,M,Orthopedics,Hip fracture,True,3,8,15,1,False,,Private,Skilled nursing facility,False,29024.08,False
ADM-03111,P01250,2025-07-08,72,M,Cardiology,Heart failure,False,1,1,4,1,False,,Medicare,Skilled nursing facility,True,6464.89,False
ADM-03112,P02538,2025-07-09,60,M,Pulmonology,Pneumonia,False,1,10,7,1,True,,Medicare,Home,False,30651.55,False
ADM-03113,P03105,2025-07-09,73,M,Pulmonology,COPD,True,0,2,5,1,False,5.4,Medicare,Home with services,False,12320.64,False
ADM-03114,P00235,2025-07-09,64,M,General Medicine,Sepsis,True,1,3,11,1,False,,Medicare,Home,False,12695.43,False
ADM-03115,P02578,2025-07-09,63,M,General Medicine,Diabetes complication,True,0,7,15,0,True,9.3,Medicare,Home with services,False,24163.81,False
ADM-03116,P02849,2025-07-09,57,F,Pulmonology,Pneumonia,False,1,7,10,2,True,8.3,Medicare,Home,False,24965.0,False
ADM-03117,P02728,2025-07-10,61,M,Cardiology,Heart failure,False,2,1,8,1,False,,Uninsured,Home,True,7370.2,False
ADM-03118,P01643,2025-07-10,62,F,General Medicine,Sepsis,False,1,6,8,0,False,4.2,Medicare,Home,True,23347.09,False
ADM-03119,P00547,2025-07-10,69,F,Oncology,Chemotherapy complication,True,1,4,7,1,False,6.1,Medicare,Home,True,12293.96,False
ADM-03120,P01242,2025-07-10,84,M,Pulmonology,COPD,True,0,4,18,3,False,,Medicare,Home with services,True,19271.77,True
ADM-03121,P02181,2025-07-10,79,M,Cardiology,Heart failure,True,1,6,10,0,False,,Medicaid,Home,True,18186.75,False
ADM-03122,P02323,2025-07-10,93,F,Pulmonology,COPD,True,0,3,10,1,False,,Medicare,Home,True,16811.08,False
ADM-03123,P01877,2025-07-11,56,M,General Medicine,Sepsis,True,3,2,9,2,False,6.2,Medicare,Home,True,13647.58,False
ADM-03124,P02928,2025-07-11,41,M,Orthopedics,Hip fracture,False,1,4,12,1,False,,Medicare,Rehab,True,16233.02,False
ADM-03125,P02202,2025-07-11,66,M,Pulmonology,Pneumonia,False,1,2,8,1,False,,Medicare,Rehab,False,6726.58,False
ADM-03126,P00913,2025-07-11,84,M,Pulmonology,Pneumonia,False,0,3,12,1,False,,Private,Home with services,True,15761.7,False
ADM-03127,P01951,2025-07-11,65,M,Pulmonology,COPD,True,0,6,11,0,False,,Medicare,Skilled nursing facility,True,24202.49,False
ADM-03128,P02097,2025-07-12,54,F,Cardiology,Heart failure,False,1,3,8,2,False,,Private,Home,False,18538.43,False
ADM-03129,P01762,2025-07-12,75,M,Oncology,Chemotherapy complication,False,1,5,9,2,False,,Medicare,Rehab,False,22525.36,False
ADM-03130,P03008,2025-07-12,66,M,Pulmonology,COPD,True,1,8,10,1,False,,Medicare,Home,True,35438.59,False
ADM-03131,P00638,2025-07-12,78,M,Oncology,Chemotherapy complication,False,1,15,3,0,False,5.2,Private,Skilled nursing facility,True,39919.48,False
ADM-03132,P00506,2025-07-12,96,M,Cardiology,Heart failure,False,0,7,11,1,True,10.9,Medicaid,Rehab,False,26291.04,True
ADM-03133,P02627,2025-07-13,60,M,Pulmonology,COPD,True,1,1,10,3,False,,Medicare,Home,True,8457.38,False
ADM-03134,P02736,2025-07-13,65,F,Nephrology,Kidney disease,False,1,5,8,2,True,4.8,Medicare,Home,False,16999.94,False
ADM-03135,P00488,2025-07-13,62,M,Pulmonology,COPD,True,0,1,10,2,False,,Medicaid,Home,False,7506.06,False
ADM-03136,P01027,2025-07-13,79,M,General Medicine,Sepsis,True,1,2,14,0,False,,Medicare,Skilled nursing facility,True,9165.17,False
ADM-03137,P00047,2025-07-13,61,F,Orthopedics,Hip fracture,False,1,5,9,0,False,,Private,Home,False,18457.7,False
ADM-03138,P02970,2025-07-13,63,F,General Medicine,Sepsis,True,0,5,10,0,False,,Medicaid,Home,False,16760.36,False
ADM-03139,P03193,2025-07-14,79,M,Cardiology,Heart failure,True,1,13,7,2,False,,Medicare,Home,False,45471.6,False
ADM-03140,P03074,2025-07-14,81,F,Pulmonology,COPD,True,0,7,6,1,False,,Medicare,Home,True,27247.21,False
ADM-03141,P02941,2025-07-15,67,M,Cardiology,Heart failure,False,0,2,7,0,False,,Medicare,Home,True,10876.8,False
ADM-03142,P02857,2025-07-15,79,M,Oncology,Chemotherapy complication,True,0,4,10,1,False,,Private,Home,False,15422.39,True
ADM-03143,P01181,2025-07-16,86,F,Nephrology,Kidney disease,True,4,2,8,2,False,,Private,Home with services,False,11495.19,True
ADM-03144,P01552,2025-07-16,50,F,Pulmonology,Pneumonia,True,0,9,17,1,False,,Medicare,Rehab,True,32015.78,False
ADM-03145,P02856,2025-07-17,73,M,Nephrology,Kidney disease,False,2,2,10,2,False,,Medicaid,Home,True,11883.15,False
ADM-03146,P02728,2025-07-17,56,F,Oncology,Chemotherapy complication,True,1,3,9,2,False,,Medicare,Home,False,10327.38,False
ADM-03147,P01910,2025-07-17,73,F,Pulmonology,Pneumonia,False,1,6,8,0,False,,Private,Home,True,17336.12,False
ADM-03148,P01082,2025-07-17,85,M,General Medicine,Diabetes complication,True,2,4,15,1,True,9.5,Medicare,Home,True,20646.48,False
ADM-03149,P02849,2025-07-17,62,M,Cardiology,Heart failure,True,3,7,12,0,False,,Medicare,Home,False,25839.53,True
ADM-03150,P01889,2025-07-18,50,M,Orthopedics,Hip fracture,True,1,1,12,0,True,8.8,Medicare,Skilled nursing facility,True,8120.18,False
ADM-03151,P00538,2025-07-18,68,F,Orthopedics,Hip fracture,False,0,5,8,3,False,,Medicare,Home,False,22469.26,False
ADM-03152,P03018,2025-07-18,66,F,Orthopedics,Hip fracture,False,1,2,8,1,False,,Private,Home,True,7846.55,False
ADM-03153,P02372,2025-07-18,58,F,Pulmonology,Pneumonia,True,2,4,14,2,True,9.1,Medicare,Home,True,17523.71,False
ADM-03154,P02906,2025-07-18,77,F,Cardiology,Heart failure,False,4,5,8,0,False,,Private,Home,True,23582.61,True
ADM-03155,P00933,2025-07-19,54,M,Cardiology,Heart failure,False,2,4,11,2,True,5.8,Medicare,Skilled nursing facility,True,14771.04,False
ADM-03156,P00413,2025-07-19,62,M,Cardiology,Heart failure,True,1,5,12,1,True,9.8,Medicaid,Home,True,18873.18,True
ADM-03157,P02915,2025-07-19,73,F,Pulmonology,Pneumonia,False,2,9,6,0,False,,Medicare,Skilled nursing facility,False,33201.99,True
ADM-03158,P00685,2025-07-19,61,M,Oncology,Chemotherapy complication,True,0,3,10,0,False,,Private,Home,True,8522.07,False
ADM-03159,P02822,2025-07-19,68,M,Orthopedics,Hip fracture,False,1,1,8,4,False,,Medicare,Home,True,5285.81,False
ADM-03160,P01553,2025-07-19,80,F,Oncology,Chemotherapy complication,False,1,3,10,1,False,,Medicare,Home,True,11418.55,False
ADM-03161,P01413,2025-07-19,45,M,Cardiology,Heart failure,True,1,1,11,3,True,8.0,Private,Home,False,7613.26,False
ADM-03162,P00428,2025-07-19,59,M,General Medicine,Sepsis,True,1,6,6,0,False,,Private,Home,True,24905.54,False
ADM-03163,P01788,2025-07-20,64,F,Orthopedics,Hip fracture,True,2,1,12,1,False,,Private,Home,True,8377.76,False
ADM-03164,P00046,2025-07-20,75,F,Nephrology,Kidney disease,True,0,2,12,1,False,,Medicare,Home,True,9127.4,False
ADM-03165,P03119,2025-07-20,40,F,General Medicine,Sepsis,True,1,3,6,1,False,,Medicare,Home,True,14545.57,False
ADM-03166,P01552,2025-07-20,87,F,Pulmonology,Pneumonia,False,2,2,3,1,False,,Medicaid,Home,True,10097.7,False
ADM-03167,P02156,2025-07-20,47,M,Nephrology,Kidney disease,False,0,11,9,2,False,,Medicare,Home,True,53202.92,True
ADM-03168,P01485,2025-07-20,70,F,General Medicine,Diabetes complication,False,2,4,13,4,True,9.4,Medicare,Home,False,19881.13,False
ADM-03169,P02487,2025-07-21,84,M,General Medicine,Diabetes complication,True,1,3,8,2,True,8.2,Medicare,Home,False,8518.4,True
ADM-03170,P02680,2025-07-21,70,F,Pulmonology,COPD,True,0,4,9,0,True,8.1,Private,Home with services,True,14202.07,False
ADM-03171,P00394,2025-07-21,88,M,Pulmonology,COPD,True,2,7,20,1,True,,Private,Skilled nursing facility,False,25215.43,False
ADM-03172,P02422,2025-07-21,67,F,General Medicine,Diabetes complication,True,2,16,11,3,True,,Private,Home,True,68873.64,False
ADM-03173,P01549,2025-07-21,54,F,General Medicine,Diabetes complication,True,1,4,12,2,True,,Medicare,Home,True,18228.77,False
ADM-03174,P02345,2025-07-22,41,M,General Medicine,Sepsis,False,2,6,4,0,False,,Private,Home with services,True,27732.94,False
ADM-03175,P01606,2025-07-22,66,M,Pulmonology,COPD,True,2,7,4,0,False,5.6,Private,Rehab,False,24499.82,False
ADM-03176,P02039,2025-07-22,69,F,General Medicine,Diabetes complication,False,1,10,5,2,True,7.7,Private,Home,True,34632.31,False
ADM-03177,P00683,2025-07-22,42,F,Orthopedics,Hip fracture,False,2,3,10,3,False,,Medicare,Home with services,True,12968.48,False
ADM-03178,P00519,2025-07-23,95,F,Pulmonology,COPD,False,1,10,8,2,False,5.6,Private,Home,True,33305.26,False
ADM-03179,P01451,2025-07-23,50,F,Orthopedics,Hip fracture,True,1,1,6,1,True,6.5,Medicare,Home,True,10268.01,False
ADM-03180,P01517,2025-07-23,44,M,General Medicine,Diabetes complication,True,0,9,12,1,True,7.5,Private,Skilled nursing facility,True,25848.87,False
ADM-03181,P02642,2025-07-23,82,F,Cardiology,Heart failure,True,2,2,18,3,False,,Medicare,Home with services,False,13186.65,False
ADM-03182,P01880,2025-07-24,76,M,General Medicine,Diabetes complication,False,0,4,10,1,True,9.3,Medicare,Home,True,13818.76,True
ADM-03183,P02308,2025-07-24,76,F,Pulmonology,Pneumonia,True,1,6,10,2,True,7.1,Private,Home,True,24620.94,False
ADM-03184,P02257,2025-07-25,64,F,Oncology,Chemotherapy complication,True,1,7,9,1,False,,Private,Rehab,False,17624.15,False
ADM-03185,P01056,2025-07-25,73,M,Cardiology,Heart failure,True,1,2,14,2,True,7.1,Private,Home,True,11831.8,False
ADM-03186,P01438,2025-07-25,84,F,Orthopedics,Hip fracture,True,0,10,9,1,True,8.5,Private,Home,True,41926.75,False
ADM-03187,P01834,2025-07-25,55,F,Pulmonology,Pneumonia,True,2,2,7,2,False,,Private,Home,True,9943.96,False
ADM-03188,P03034,2025-07-25,67,M,General Medicine,Diabetes complication,True,2,2,11,1,True,7.9,Private,Home,True,7737.94,True
ADM-03189,P02777,2025-07-26,54,F,Orthopedics,Hip fracture,False,1,2,11,1,True,9.1,Medicare,Home,True,10893.23,False
ADM-03190,P01056,2025-07-26,71,M,Nephrology,Kidney disease,True,0,2,8,0,False,,Uninsured,Skilled nursing facility,True,10872.07,False
ADM-03191,P00745,2025-07-26,80,M,Pulmonology,Pneumonia,True,2,9,11,3,True,7.4,Medicaid,Home with services,True,36713.46,False
ADM-03192,P02522,2025-07-27,50,M,Pulmonology,COPD,True,2,1,11,1,False,4.9,Private,Home,False,6992.41,False
ADM-03193,P01992,2025-07-27,82,M,Oncology,Chemotherapy complication,True,0,6,11,2,True,7.5,Medicare,Home,False,17935.5,False
ADM-03194,P02673,2025-07-27,67,M,Oncology,Chemotherapy complication,False,2,1,13,0,False,,Private,Home,False,4210.32,False
ADM-03195,P02471,2025-07-27,99,M,Cardiology,Heart failure,False,0,2,5,1,False,,Medicare,Home,True,9794.13,False
ADM-03196,P00513,2025-07-27,64,F,General Medicine,Diabetes complication,False,1,1,12,1,True,6.6,Medicare,Home,True,8378.99,False
ADM-03197,P01895,2025-07-28,54,M,General Medicine,Diabetes complication,True,0,2,8,1,True,,Medicare,Skilled nursing facility,False,9905.84,False
ADM-03198,P00882,2025-07-28,48,M,Orthopedics,Hip fracture,False,1,9,7,1,False,,Medicaid,Home with services,False,39912.64,False
ADM-03199,P02021,2025-07-28,90,F,Orthopedics,Hip fracture,True,1,4,7,2,False,,Uninsured,Home with services,True,19695.9,False
ADM-03200,P00212,2025-07-29,60,M,General Medicine,Sepsis,False,0,1,15,2,False,,Medicaid,Home,True,7163.42,False
ADM-03201,P00087,2025-07-29,71,F,Cardiology,Heart failure,True,1,6,7,0,False,,Medicare,Home,True,24752.56,False
ADM-03202,P02878,2025-07-29,73,M,Nephrology,Kidney disease,True,1,6,7,3,False,5.7,Medicare,Skilled nursing facility,True,21502.53,False
ADM-03203,P01584,2025-07-29,71,F,General Medicine,Diabetes complication,False,0,2,7,0,True,7.2,Medicare,Home,True,12131.33,False
ADM-03204,P01280,2025-07-29,89,M,Pulmonology,COPD,True,2,2,12,0,False,,Private,Rehab,True,10873.19,False
ADM-03205,P00763,2025-07-29,75,F,General Medicine,Diabetes complication,False,1,12,16,2,True,9.1,Medicare,Home,True,36915.65,False
ADM-03206,P03070,2025-07-30,82,F,Nephrology,Kidney disease,True,3,4,10,0,False,,Private,Home,True,13425.47,False
ADM-03207,P00622,2025-07-30,58,M,Pulmonology,Pneumonia,True,1,4,11,3,True,8.0,Medicaid,Home,True,16146.39,False
ADM-03208,P02887,2025-07-31,64,M,Orthopedics,Hip fracture,True,1,3,5,2,False,,Medicare,Skilled nursing facility,False,13567.82,False
ADM-03209,P03062,2025-07-31,77,F,Cardiology,Heart failure,True,2,1,9,3,False,,Medicaid,Skilled nursing facility,True,5535.74,False
ADM-03210,P00848,2025-07-31,69,M,Nephrology,Kidney disease,True,0,7,5,1,False,,Medicare,Home,True,23170.47,False
ADM-03211,P01661,2025-07-31,73,F,Pulmonology,Pneumonia,False,2,5,11,1,False,,Medicare,Home with services,True,20426.94,True
ADM-03212,P02157,2025-07-31,61,M,Cardiology,Heart failure,False,0,2,9,1,False,,Medicare,Home,True,8598.12,False
ADM-03213,P02235,2025-07-31,72,M,Cardiology,Heart failure,True,2,7,7,0,True,7.2,Medicaid,Home,True,30215.9,False
ADM-03214,P00142,2025-08-01,76,M,Cardiology,Heart failure,True,1,2,7,1,False,,Private,Skilled nursing facility,False,8165.9,True
ADM-03215,P00585,2025-08-01,54,F,Oncology,Chemotherapy complication,True,1,2,9,2,True,4.8,Medicare,Home,True,11282.32,False
ADM-03216,P01215,2025-08-01,80,F,Oncology,Chemotherapy complication,False,1,3,6,2,False,,Private,Home,True,13696.81,False
ADM-03217,P00998,2025-08-01,62,F,Pulmonology,COPD,True,3,1,13,1,True,8.3,Private,Home,True,8454.21,False
ADM-03218,P01763,2025-08-01,61,F,Pulmonology,Pneumonia,True,0,4,6,2,False,6.0,Medicare,Home,True,15621.49,False
ADM-03219,P00357,2025-08-01,80,M,Orthopedics,Hip fracture,False,1,7,9,1,False,,Medicare,Home with services,True,19667.3,False
ADM-03220,P01226,2025-08-01,58,F,Cardiology,Heart failure,True,1,8,7,1,False,,Medicaid,Home,True,29179.68,True
ADM-03221,P00124,2025-08-02,62,F,Pulmonology,Pneumonia,True,0,5,8,0,False,,Medicaid,Home,False,23609.79,False
ADM-03222,P01835,2025-08-02,72,M,Pulmonology,Pneumonia,False,1,7,8,2,False,,Medicare,Home,True,28402.15,False
ADM-03223,P03122,2025-08-02,90,M,General Medicine,Sepsis,True,2,2,11,2,False,,Private,Home,True,12168.46,True
ADM-03224,P00203,2025-08-02,66,M,General Medicine,Sepsis,True,0,3,3,2,False,,Medicaid,Skilled nursing facility,True,14689.75,False
ADM-03225,P00991,2025-08-03,99,M,Nephrology,Kidney disease,True,1,6,8,0,False,,Medicaid,Home,True,31962.95,True
ADM-03226,P01117,2025-08-03,76,M,Oncology,Chemotherapy complication,True,1,3,11,2,False,,Private,Skilled nursing facility,True,15017.0,False
ADM-03227,P00110,2025-08-03,61,M,Orthopedics,Hip fracture,True,0,9,6,1,True,7.6,Medicare,Home with services,True,37651.56,False
ADM-03228,P01454,2025-08-03,74,F,Pulmonology,COPD,True,2,9,7,2,False,,Medicare,Home with services,True,34382.69,False
ADM-03229,P00187,2025-08-03,84,M,Nephrology,Kidney disease,True,0,7,9,0,False,,Medicare,Skilled nursing facility,True,22283.29,False
ADM-03230,P01836,2025-08-03,68,F,Orthopedics,Hip fracture,False,0,5,8,1,False,5.6,Medicare,Home,True,17260.75,False
ADM-03231,P01579,2025-08-03,82,F,General Medicine,Sepsis,False,1,2,12,2,True,,Medicaid,Home with services,True,10080.85,False
ADM-03232,P02748,2025-08-04,53,M,Pulmonology,Pneumonia,False,3,10,8,2,False,,Medicaid,Home,True,40288.67,False
ADM-03233,P03192,2025-08-04,80,F,General Medicine,Sepsis,True,0,3,6,2,False,5.9,Medicare,Rehab,True,11156.88,False
ADM-03234,P01067,2025-08-05,64,F,Pulmonology,COPD,True,0,10,14,2,True,7.4,Medicare,Home,False,34406.69,False
ADM-03235,P00536,2025-08-05,53,F,Nephrology,Kidney disease,False,1,1,13,0,True,6.6,Medicare,Home,False,8903.06,False
ADM-03236,P01347,2025-08-05,75,M,Cardiology,Heart failure,False,2,5,11,0,True,10.0,Medicare,Home with services,True,16846.59,True
ADM-03237,P01070,2025-08-06,64,F,Nephrology,Kidney disease,True,0,5,13,2,False,,Medicaid,Rehab,True,19832.27,False
ADM-03238,P00885,2025-08-06,58,F,Pulmonology,Pneumonia,False,1,7,8,0,False,,Private,Home with services,True,32836.36,False
ADM-03239,P01704,2025-08-06,85,M,Cardiology,Heart failure,True,1,2,8,1,False,,Medicare,Home,True,9387.82,False
ADM-03240,P02833,2025-08-07,67,M,General Medicine,Sepsis,False,1,4,8,5,False,,Medicare,Home with services,True,15982.05,False
ADM-03241,P00713,2025-08-07,51,F,Pulmonology,COPD,True,1,8,7,2,False,6.2,Medicare,Home with services,True,27387.73,False
ADM-03242,P02224,2025-08-07,67,F,Pulmonology,COPD,True,0,12,13,0,False,5.2,Medicare,Skilled nursing facility,True,28848.04,False
ADM-03243,P02007,2025-08-07,67,F,Cardiology,Heart failure,True,2,5,8,2,False,,Medicare,Rehab,False,12453.18,True
ADM-03244,P00745,2025-08-07,55,M,Oncology,Chemotherapy complication,True,1,3,6,2,False,,Medicare,Home,True,7758.37,False
ADM-03245,P02373,2025-08-07,65,M,Pulmonology,Pneumonia,False,2,6,9,3,True,7.4,Private,Home,False,13575.67,False
ADM-03246,P01922,2025-08-07,67,F,Oncology,Chemotherapy complication,True,0,5,5,2,False,,Private,Skilled nursing facility,True,10940.59,False
ADM-03247,P03114,2025-08-07,48,F,General Medicine,Diabetes complication,True,1,3,15,5,True,9.6,Private,Home with services,True,14527.94,False
ADM-03248,P00005,2025-08-07,94,M,Cardiology,Heart failure,True,1,3,8,0,True,11.4,Private,Home with services,False,14905.32,True
ADM-03249,P01666,2025-08-07,73,M,Nephrology,Kidney disease,True,0,7,11,1,False,,Medicare,Skilled nursing facility,True,23362.06,False
ADM-03250,P01531,2025-08-08,62,M,General Medicine,Sepsis,True,0,5,9,1,False,,Uninsured,Home,True,17192.45,False
ADM-03251,P01936,2025-08-08,78,F,Pulmonology,Pneumonia,False,0,3,8,1,False,,Private,Skilled nursing facility,False,12623.42,False
ADM-03252,P01373,2025-08-08,58,F,Cardiology,Heart failure,True,1,2,5,2,False,5.1,Medicare,Home,False,9838.51,False
ADM-03253,P01286,2025-08-08,84,F,Oncology,Chemotherapy complication,True,2,7,8,1,False,,Medicare,Home with services,False,23849.14,False
ADM-03254,P01564,2025-08-09,62,F,Pulmonology,Pneumonia,True,0,3,15,1,False,,Medicare,Home with services,True,11184.63,False
ADM-03255,P02819,2025-08-09,67,F,Pulmonology,Pneumonia,True,1,4,10,1,False,,Medicare,Home,False,20035.59,False
ADM-03256,P00718,2025-08-09,53,F,Orthopedics,Hip fracture,True,2,4,13,2,False,,Medicare,Home with services,False,17746.74,True
ADM-03257,P02109,2025-08-09,42,F,Pulmonology,Pneumonia,True,0,6,9,3,False,,Private,Home with services,False,23804.68,False
ADM-03258,P00715,2025-08-09,47,M,Cardiology,Heart failure,True,1,1,5,4,False,,Medicare,Home,True,7930.5,False
ADM-03259,P01669,2025-08-10,94,M,Orthopedics,Hip fracture,True,0,2,9,2,False,,Medicare,Rehab,True,8652.12,False
ADM-03260,P00854,2025-08-10,61,M,General Medicine,Diabetes complication,False,0,2,10,5,True,8.0,Medicare,Home,True,13376.53,False
ADM-03261,P01443,2025-08-10,79,M,General Medicine,Diabetes complication,False,0,3,14,2,True,7.5,Uninsured,Home with services,False,14676.37,False
ADM-03262,P02819,2025-08-10,68,F,Pulmonology,COPD,True,0,11,9,0,False,,Medicare,Home with services,False,40160.0,False
ADM-03263,P01874,2025-08-10,53,M,Orthopedics,Hip fracture,True,2,3,10,0,False,,Uninsured,Home,True,12470.34,False
ADM-03264,P02375,2025-08-10,36,F,Pulmonology,Pneumonia,False,0,15,8,4,False,,Medicaid,Home with services,True,64054.15,False
ADM-03265,P01482,2025-08-10,51,F,Orthopedics,Hip fracture,True,0,4,14,2,False,6.0,Medicaid,Home,True,15690.03,False
ADM-03266,P00499,2025-08-10,73,M,Cardiology,Heart failure,True,1,3,7,1,False,,Uninsured,Home with services,True,10547.98,False
ADM-03267,P01900,2025-08-11,39,F,General Medicine,Diabetes complication,False,1,2,9,2,True,7.1,Medicare,Home with services,True,9485.0,False
ADM-03268,P02153,2025-08-11,63,F,Cardiology,Heart failure,True,3,1,12,3,False,,Uninsured,Home,True,4731.73,True
ADM-03269,P01402,2025-08-11,94,F,General Medicine,Sepsis,True,1,1,7,1,False,,Medicare,Home,False,9246.81,False
ADM-03270,P01886,2025-08-11,73,M,Nephrology,Kidney disease,False,1,4,9,1,False,6.2,Medicare,Home,True,16719.26,False
ADM-03271,P01082,2025-08-12,88,M,Nephrology,Kidney disease,True,0,2,9,0,False,,Private,Home with services,True,10480.7,False
ADM-03272,P03116,2025-08-12,63,F,Orthopedics,Hip fracture,False,1,3,11,2,False,,Medicare,Home,True,13630.92,False
ADM-03273,P02325,2025-08-12,80,F,Pulmonology,Pneumonia,False,1,7,11,3,False,,Medicare,Home,True,29053.79,False
ADM-03274,P02418,2025-08-12,51,M,Pulmonology,COPD,True,2,1,18,0,True,9.2,Medicare,Home,True,5070.7,True
ADM-03275,P02345,2025-08-12,66,F,Cardiology,Heart failure,False,2,2,7,2,False,,Medicare,Home,True,13836.39,False
ADM-03276,P01111,2025-08-13,56,F,Pulmonology,Pneumonia,True,1,2,8,4,False,,Medicare,Skilled nursing facility,True,13145.16,False
ADM-03277,P01843,2025-08-13,79,F,Pulmonology,COPD,False,0,2,16,1,True,8.6,Medicare,Home,True,12540.63,False
ADM-03278,P00697,2025-08-14,62,M,Nephrology,Kidney disease,True,0,2,15,1,False,,Medicare,Home,True,11669.42,False
ADM-03279,P02765,2025-08-14,68,M,Orthopedics,Hip fracture,False,3,1,9,1,False,,Medicare,Home,True,7787.82,False
ADM-03280,P01456,2025-08-15,70,M,Oncology,Chemotherapy complication,True,1,6,12,0,False,,Medicare,Home,False,20339.85,False
ADM-03281,P00413,2025-08-15,90,F,Pulmonology,Pneumonia,False,1,2,7,1,False,5.9,Private,Home with services,True,11546.47,False
ADM-03282,P02333,2025-08-15,61,F,Pulmonology,COPD,True,1,7,11,4,False,5.4,Medicaid,Home,False,25131.63,False
ADM-03283,P02558,2025-08-15,65,F,Orthopedics,Hip fracture,True,1,5,10,3,False,,Medicare,Home,False,18831.26,False
ADM-03284,P01685,2025-08-15,93,F,Pulmonology,Pneumonia,True,1,4,7,4,False,5.4,Private,Home,True,13804.22,False
ADM-03285,P03158,2025-08-16,61,M,General Medicine,Sepsis,True,4,9,9,2,True,6.8,Medicare,Home,True,35133.35,True
ADM-03286,P00090,2025-08-16,42,F,Pulmonology,Pneumonia,True,0,8,9,1,False,5.3,Private,Home with services,True,22038.68,False
ADM-03287,P01783,2025-08-16,61,M,Oncology,Chemotherapy complication,True,1,4,6,0,False,,Medicare,Home,True,12334.22,False
ADM-03288,P01970,2025-08-16,31,F,Orthopedics,Hip fracture,True,2,9,10,0,False,,Medicare,Skilled nursing facility,True,27745.33,True
ADM-03289,P02565,2025-08-16,71,M,General Medicine,Diabetes complication,False,0,3,8,1,True,7.5,Medicare,Home with services,False,12592.02,False
ADM-03290,P01306,2025-08-17,68,F,Nephrology,Kidney disease,True,0,7,9,5,True,,Medicaid,Home,False,26800.61,False
ADM-03291,P00650,2025-08-17,64,M,Cardiology,Heart failure,False,1,2,9,3,False,5.1,Medicare,Skilled nursing facility,True,10174.05,False
ADM-03292,P02411,2025-08-17,72,F,Orthopedics,Hip fracture,False,0,7,12,2,True,8.3,Medicare,Home,True,24952.17,False
ADM-03293,P00340,2025-08-18,73,F,Cardiology,Heart failure,False,4,3,7,1,False,,Medicare,Skilled nursing facility,True,13578.4,False
ADM-03294,P00686,2025-08-18,69,M,General Medicine,Sepsis,True,0,7,10,1,False,,Medicare,Home,True,25472.6,False
ADM-03295,P02851,2025-08-19,75,M,Cardiology,Heart failure,True,2,9,10,3,False,,Medicare,Home with services,True,23777.84,False
ADM-03296,P01333,2025-08-19,81,F,General Medicine,Diabetes complication,True,1,3,10,2,True,6.8,Uninsured,Home with services,True,12356.04,True
ADM-03297,P00759,2025-08-19,55,M,Nephrology,Kidney disease,False,0,2,2,2,False,,Private,Skilled nursing facility,True,10198.85,False
ADM-03298,P03165,2025-08-19,78,M,Pulmonology,COPD,True,2,5,7,4,False,,Medicare,Home,True,18184.15,False
ADM-03299,P00581,2025-08-19,64,F,Pulmonology,Pneumonia,True,0,3,9,2,False,,Medicare,Rehab,False,12764.09,False
ADM-03300,P00399,2025-08-19,69,F,Cardiology,Heart failure,True,3,3,14,0,False,,Private,Skilled nursing facility,True,17120.45,False
ADM-03301,P02178,2025-08-19,54,M,Cardiology,Heart failure,True,1,5,13,3,False,5.4,Medicare,Home with services,False,23097.65,False
ADM-03302,P01689,2025-08-19,87,F,General Medicine,Diabetes complication,False,2,2,8,2,True,6.1,Medicare,Home,True,13516.77,False
ADM-03303,P02483,2025-08-19,89,F,Oncology,Chemotherapy complication,True,1,4,9,2,False,,Medicare,Home with services,False,17510.65,False
ADM-03304,P01246,2025-08-20,71,F,Pulmonology,COPD,False,3,1,15,1,True,7.5,Medicaid,Home with services,True,6039.68,False
ADM-03305,P01094,2025-08-20,64,M,Pulmonology,Pneumonia,True,0,6,13,1,False,,Private,Rehab,True,23888.94,False
ADM-03306,P02365,2025-08-20,63,F,Pulmonology,COPD,True,0,6,6,1,False,,Medicaid,Home with services,False,20081.69,True
ADM-03307,P01750,2025-08-20,69,F,Nephrology,Kidney disease,True,3,1,10,3,False,,Medicare,Home,False,7677.44,False
ADM-03308,P00591,2025-08-20,58,M,Pulmonology,Pneumonia,True,0,6,6,5,False,,Medicaid,Skilled nursing facility,True,19386.35,False
ADM-03309,P02943,2025-08-20,43,F,Cardiology,Heart failure,True,1,9,7,0,False,,Private,Home,False,26612.83,False
ADM-03310,P00611,2025-08-21,51,M,Orthopedics,Hip fracture,False,0,2,13,2,True,5.3,Medicare,Home,False,13015.3,True
ADM-03311,P02778,2025-08-21,52,F,General Medicine,Diabetes complication,False,3,7,11,0,True,6.5,Medicare,Home with services,True,19942.19,False
ADM-03312,P01742,2025-08-21,56,M,Pulmonology,COPD,True,2,1,8,3,True,,Medicaid,Home,True,7374.89,False
ADM-03313,P02160,2025-08-21,63,F,Cardiology,Heart failure,True,0,2,9,4,False,,Private,Home,True,10229.67,False
ADM-03314,P02738,2025-08-21,81,M,Cardiology,Heart failure,False,1,1,11,4,False,,Medicare,Home,True,7100.45,False
ADM-03315,P01361,2025-08-22,64,M,Oncology,Chemotherapy complication,True,1,1,12,2,False,,Medicare,Home,True,8055.92,False
ADM-03316,P03106,2025-08-22,55,F,Orthopedics,Hip fracture,True,1,4,10,3,True,7.2,Medicare,Home,True,20016.31,False
ADM-03317,P00375,2025-08-22,45,F,General Medicine,Sepsis,False,1,4,10,2,False,,Medicaid,Home,True,18361.12,False
ADM-03318,P00506,2025-08-22,67,F,Pulmonology,Pneumonia,False,0,2,9,0,True,5.9,Private,Home,False,12188.09,False
ADM-03319,P00640,2025-08-22,54,F,Cardiology,Heart failure,True,0,5,8,1,False,5.8,Medicaid,Home,True,22173.02,False
ADM-03320,P02216,2025-08-22,50,M,Cardiology,Heart failure,True,3,3,6,0,False,,Medicare,Home with services,True,11970.02,False
ADM-03321,P01664,2025-08-22,78,F,Cardiology,Heart failure,False,0,6,13,3,False,,Medicare,Home with services,True,24292.66,False
ADM-03322,P01107,2025-08-23,76,F,Pulmonology,COPD,False,0,3,10,1,False,5.9,Medicare,Skilled nursing facility,False,12422.11,True
ADM-03323,P00339,2025-08-23,63,M,General Medicine,Sepsis,True,1,5,16,2,True,7.0,Medicare,Skilled nursing facility,True,21787.96,False
ADM-03324,P03132,2025-08-23,96,F,Pulmonology,Pneumonia,True,1,8,13,2,False,5.4,Medicare,Home,True,27669.73,False
ADM-03325,P02826,2025-08-24,63,F,Oncology,Chemotherapy complication,False,0,2,10,2,False,,Medicare,Home with services,True,10444.84,False
ADM-03326,P02568,2025-08-25,66,F,Nephrology,Kidney disease,False,0,5,8,1,False,,Medicaid,Skilled nursing facility,True,11854.88,False
ADM-03327,P02787,2025-08-25,75,F,General Medicine,Sepsis,True,0,4,8,3,False,,Medicare,Home,True,19809.07,False
ADM-03328,P01677,2025-08-25,90,M,Oncology,Chemotherapy complication,True,2,4,1,0,True,7.0,Medicaid,Rehab,True,16009.38,False
ADM-03329,P02068,2025-08-25,80,F,Pulmonology,COPD,True,1,9,10,2,False,,Medicare,Home,False,38600.53,False
ADM-03330,P00874,2025-08-26,95,F,General Medicine,Sepsis,True,1,6,6,4,False,,Medicare,Home with services,True,19059.64,True
ADM-03331,P00573,2025-08-28,60,M,Nephrology,Kidney disease,False,1,5,21,2,True,,Medicare,Home with services,True,22562.73,False
ADM-03332,P03060,2025-08-28,66,M,General Medicine,Sepsis,True,1,14,9,1,False,,Medicare,Home with services,False,33222.74,False
ADM-03333,P03151,2025-08-29,50,M,Pulmonology,COPD,True,2,8,7,2,False,,Medicare,Home,False,33978.32,False
ADM-03334,P02285,2025-08-29,50,F,Pulmonology,COPD,True,2,2,2,4,False,,Private,Home,False,10031.28,False
ADM-03335,P02325,2025-08-29,88,M,Nephrology,Kidney disease,False,1,3,3,2,False,,Medicaid,Home,True,15936.01,False
ADM-03336,P01817,2025-08-29,51,F,General Medicine,Sepsis,False,1,2,7,5,False,,Uninsured,Home with services,True,10500.09,False
ADM-03337,P02392,2025-08-30,58,F,Nephrology,Kidney disease,True,2,1,11,1,False,,Private,Home,False,5078.02,True
ADM-03338,P01701,2025-08-30,34,F,Cardiology,Heart failure,True,1,1,8,3,False,,Uninsured,Rehab,True,9658.81,False
ADM-03339,P02032,2025-08-30,59,F,General Medicine,Diabetes complication,True,3,10,13,1,True,,Medicare,Home,False,27684.98,False
ADM-03340,P02631,2025-08-30,72,M,Cardiology,Heart failure,True,0,3,13,2,False,,Medicare,Home,True,12852.14,False
ADM-03341,P00577,2025-08-30,73,F,Nephrology,Kidney disease,False,1,3,15,1,False,,Medicare,Home,True,10723.46,False
ADM-03342,P02366,2025-08-31,63,F,General Medicine,Sepsis,True,2,1,14,0,False,,Medicare,Skilled nursing facility,True,7384.45,False
ADM-03343,P02686,2025-08-31,79,F,Oncology,Chemotherapy complication,True,0,4,5,1,False,,Private,Home with services,True,18428.78,False
ADM-03344,P02414,2025-08-31,88,M,Oncology,Chemotherapy complication,False,0,1,10,0,False,,Medicare,Home,True,6003.07,False
ADM-03345,P01918,2025-08-31,68,M,Cardiology,Heart failure,False,2,7,10,1,True,4.1,Medicaid,Home,True,18805.46,True
ADM-03346,P02360,2025-08-31,75,F,Cardiology,Heart failure,True,1,5,12,1,False,,Medicare,Skilled nursing facility,False,13552.12,True
ADM-03347,P02286,2025-08-31,61,F,Cardiology,Heart failure,True,1,2,9,4,False,,Private,Home,True,11339.86,False
ADM-03348,P02643,2025-08-31,72,M,Pulmonology,Pneumonia,True,0,3,8,3,False,,Private,Home,True,13756.78,False
ADM-03349,P02165,2025-08-31,57,M,Cardiology,Heart failure,False,0,1,6,0,False,,Medicare,Skilled nursing facility,True,11103.29,False
ADM-03350,P02902,2025-09-01,61,F,Nephrology,Kidney disease,True,3,13,8,1,False,,Medicare,Home with services,True,41876.28,False
ADM-03351,P02237,2025-09-01,89,F,General Medicine,Diabetes complication,True,2,2,10,3,True,,Private,Home with services,True,10091.81,False
ADM-03352,P00424,2025-09-01,76,F,Pulmonology,COPD,True,1,5,9,4,False,5.0,Medicare,Skilled nursing facility,True,17349.46,False
ADM-03353,P03004,2025-09-02,67,M,General Medicine,Sepsis,False,4,6,9,0,False,4.9,Medicare,Home with services,True,29116.14,True
ADM-03354,P03045,2025-09-02,67,M,Pulmonology,Pneumonia,True,0,2,9,1,False,,Medicare,Home,True,10713.45,False
ADM-03355,P02653,2025-09-02,74,M,General Medicine,Sepsis,False,1,4,6,0,False,,Medicaid,Home with services,False,14412.06,False
ADM-03356,P02306,2025-09-02,57,F,Nephrology,Kidney disease,True,1,1,7,0,False,,Medicare,Home,False,8841.04,False
ADM-03357,P00079,2025-09-03,73,M,Oncology,Chemotherapy complication,False,2,3,9,0,False,,Medicare,Home,True,12333.18,False
ADM-03358,P00902,2025-09-03,61,F,Nephrology,Kidney disease,False,2,4,11,1,False,,Medicare,Home with services,True,15284.93,False
ADM-03359,P00110,2025-09-03,81,M,Pulmonology,Pneumonia,False,1,11,10,3,False,,Private,Skilled nursing facility,True,45811.3,False
ADM-03360,P02790,2025-09-03,61,F,Orthopedics,Hip fracture,True,0,7,11,1,True,7.0,Medicare,Skilled nursing facility,True,23819.92,False
ADM-03361,P00502,2025-09-03,63,M,Nephrology,Kidney disease,False,1,5,9,3,False,,Medicaid,Home with services,True,21341.5,False
ADM-03362,P01198,2025-09-03,31,F,Pulmonology,COPD,True,2,7,9,1,False,,Medicare,Home,True,30852.17,False
ADM-03363,P00486,2025-09-04,55,M,Orthopedics,Hip fracture,True,0,6,6,4,False,,Medicare,Home,True,21879.18,False
ADM-03364,P02780,2025-09-04,70,F,Nephrology,Kidney disease,True,0,6,8,1,True,7.7,Private,Home,False,31152.56,False
ADM-03365,P02838,2025-09-04,75,M,Oncology,Chemotherapy complication,False,0,5,8,0,False,,Private,Home with services,True,21615.88,False
ADM-03366,P00560,2025-09-04,59,F,Pulmonology,Pneumonia,True,1,3,8,0,False,6.1,Medicare,Home,False,15796.18,False
ADM-03367,P02644,2025-09-04,61,F,General Medicine,Sepsis,False,0,9,10,1,False,,Medicaid,Rehab,True,31446.6,False
ADM-03368,P02461,2025-09-04,46,F,Orthopedics,Hip fracture,False,0,3,12,0,False,,Medicare,Home with services,False,17387.4,False
ADM-03369,P01214,2025-09-04,59,F,Orthopedics,Hip fracture,False,0,17,10,4,False,,Medicare,Home,False,38067.33,False
ADM-03370,P02026,2025-09-04,83,F,Nephrology,Kidney disease,True,0,2,17,1,False,,Medicare,Home,True,8263.01,False
ADM-03371,P01617,2025-09-04,65,M,General Medicine,Diabetes complication,True,1,7,15,2,True,5.7,Medicare,Home,True,20855.94,False
ADM-03372,P02780,2025-09-04,69,M,General Medicine,Sepsis,True,0,4,14,1,False,5.8,Medicare,Home with services,False,16446.74,False
ADM-03373,P02972,2025-09-04,66,M,Cardiology,Heart failure,True,1,1,16,3,False,,Private,Home with services,False,7098.25,True
ADM-03374,P00192,2025-09-05,79,M,Cardiology,Heart failure,False,0,1,7,2,False,,Medicaid,Home,False,7803.28,False
ADM-03375,P01091,2025-09-05,63,M,Pulmonology,COPD,False,2,5,11,3,False,,Medicare,Skilled nursing facility,False,16381.72,False
ADM-03376,P00890,2025-09-05,58,M,Orthopedics,Hip fracture,True,1,3,17,1,False,5.7,Medicare,Home,True,14170.66,False
ADM-03377,P00373,2025-09-06,76,M,General Medicine,Diabetes complication,False,2,11,8,1,True,8.3,Private,Home with services,True,41344.22,False
ADM-03378,P01348,2025-09-06,58,M,Orthopedics,Hip fracture,False,2,12,8,2,False,,Medicare,Home with services,True,43098.42,False
ADM-03379,P02953,2025-09-06,67,F,Pulmonology,COPD,False,1,13,5,0,False,,Medicare,Home,True,45341.36,True
ADM-03380,P02615,2025-09-07,84,M,Pulmonology,Pneumonia,True,2,4,8,2,False,5.6,Medicare,Home,True,15843.33,False
ADM-03381,P00037,2025-09-07,54,M,Cardiology,Heart failure,False,0,3,12,1,True,6.7,Private,Skilled nursing facility,True,13100.42,False
ADM-03382,P03185,2025-09-07,85,M,Pulmonology,Pneumonia,False,2,2,15,1,True,8.0,Medicare,Home,True,11652.83,False
ADM-03383,P02800,2025-09-07,75,F,Cardiology,Heart failure,True,0,7,9,3,False,,Medicaid,Skilled nursing facility,False,18904.87,True
ADM-03384,P00551,2025-09-07,57,M,Cardiology,Heart failure,False,0,3,7,4,False,,Medicare,Home,False,15709.26,False
ADM-03385,P01716,2025-09-09,71,F,Pulmonology,COPD,False,1,3,8,1,False,,Medicare,Home,True,9843.11,False
ADM-03386,P00691,2025-09-09,61,F,Oncology,Chemotherapy complication,True,0,6,13,0,True,10.1,Medicaid,Home,False,21715.36,True
ADM-03387,P00378,2025-09-09,46,F,Oncology,Chemotherapy complication,True,1,6,12,3,True,7.8,Medicare,Rehab,False,23978.25,False
ADM-03388,P02365,2025-09-09,73,F,Pulmonology,Pneumonia,True,2,3,2,1,False,5.6,Medicaid,Home with services,False,12328.48,False
ADM-03389,P01397,2025-09-09,70,M,General Medicine,Diabetes complication,True,0,3,15,1,True,7.6,Medicare,Skilled nursing facility,True,9855.47,False
ADM-03390,P00910,2025-09-10,79,M,Cardiology,Heart failure,True,1,8,10,1,False,5.9,Medicare,Home,False,28048.51,False
ADM-03391,P01652,2025-09-10,75,F,General Medicine,Sepsis,True,1,2,12,1,False,,Medicare,Home,False,12419.1,False
ADM-03392,P02266,2025-09-10,51,F,Cardiology,Heart failure,True,1,4,10,2,False,,Medicare,Home,False,20338.06,False
ADM-03393,P00316,2025-09-10,51,M,General Medicine,Sepsis,False,1,2,7,0,False,5.5,Medicare,Home,True,9787.7,False
ADM-03394,P01513,2025-09-10,61,F,General Medicine,Sepsis,True,0,2,7,1,False,,Private,Home,False,13148.71,False
ADM-03395,P01886,2025-09-10,92,F,Pulmonology,Pneumonia,True,3,2,10,4,False,4.9,Medicare,Home,True,9581.15,False
ADM-03396,P00693,2025-09-10,68,F,General Medicine,Sepsis,False,0,1,10,2,True,5.5,Medicare,Home,False,6385.04,False
ADM-03397,P01643,2025-09-10,57,M,Pulmonology,COPD,True,3,5,11,0,False,,Private,Skilled nursing facility,True,14959.17,False
ADM-03398,P01409,2025-09-10,52,F,Orthopedics,Hip fracture,True,0,4,9,4,True,8.1,Private,Rehab,False,20908.42,False
ADM-03399,P02477,2025-09-11,64,M,Pulmonology,COPD,False,1,3,8,2,False,,Medicare,Home with services,False,14865.07,False
ADM-03400,P00859,2025-09-11,84,M,Pulmonology,Pneumonia,True,1,2,10,0,False,,Medicaid,Home with services,True,11455.7,False
ADM-03401,P00004,2025-09-11,70,M,Oncology,Chemotherapy complication,True,0,12,9,2,True,5.9,Medicare,Home with services,False,52234.47,False
ADM-03402,P02358,2025-09-12,77,F,General Medicine,Diabetes complication,False,0,13,10,3,True,8.1,Medicaid,Skilled nursing facility,False,46524.22,False
ADM-03403,P03013,2025-09-12,74,F,General Medicine,Sepsis,True,3,1,7,2,False,,Medicare,Home,False,8671.11,True
ADM-03404,P02496,2025-09-12,96,M,Cardiology,Heart failure,True,2,9,4,3,False,,Medicare,Home with services,True,25120.08,False
ADM-03405,P01102,2025-09-12,60,F,Pulmonology,COPD,True,0,12,9,0,True,7.5,Medicare,Home,True,37782.89,True
ADM-03406,P02397,2025-09-12,78,F,General Medicine,Sepsis,True,0,5,5,2,False,,Private,Rehab,True,17818.58,False
ADM-03407,P03116,2025-09-12,68,F,Cardiology,Heart failure,False,0,4,6,1,False,,Private,Home,True,22242.61,False
ADM-03408,P01723,2025-09-12,67,F,Pulmonology,COPD,True,0,2,13,0,False,,Medicare,Home,True,10264.18,True
ADM-03409,P01850,2025-09-13,67,F,Cardiology,Heart failure,True,0,11,11,2,False,,Medicare,Home with services,True,38259.69,False
ADM-03410,P00240,2025-09-13,56,F,Cardiology,Heart failure,True,1,2,7,0,False,,Private,Home,True,12656.53,False
ADM-03411,P00878,2025-09-13,86,F,Pulmonology,Pneumonia,True,2,2,16,1,False,5.4,Medicaid,Rehab,False,12242.48,True
ADM-03412,P00806,2025-09-13,55,F,Oncology,Chemotherapy complication,True,0,2,8,0,False,,Medicare,Home,True,13737.91,False
ADM-03413,P00021,2025-09-14,69,F,Pulmonology,COPD,False,0,5,7,0,True,6.6,Medicare,Home with services,True,19157.17,False
ADM-03414,P00267,2025-09-14,70,M,Pulmonology,Pneumonia,True,1,5,11,1,False,,Medicaid,Home,True,19309.78,False
ADM-03415,P00450,2025-09-14,53,M,Oncology,Chemotherapy complication,True,1,5,10,2,False,5.9,Medicaid,Rehab,True,20662.85,False
ADM-03416,P00467,2025-09-14,55,F,Pulmonology,COPD,False,2,5,11,2,True,,Medicare,Home,True,20614.71,False
ADM-03417,P01917,2025-09-14,57,M,Pulmonology,Pneumonia,True,0,8,7,1,False,,Private,Home,False,17814.16,True
ADM-03418,P00869,2025-09-15,48,F,General Medicine,Diabetes complication,False,0,1,14,2,True,6.9,Medicare,Home with services,True,8143.39,False
ADM-03419,P02046,2025-09-15,56,F,Cardiology,Heart failure,False,2,1,9,3,False,,Medicaid,Home,False,7448.08,False
ADM-03420,P01207,2025-09-15,85,M,Pulmonology,Pneumonia,False,0,5,10,2,False,,Medicare,Rehab,True,18445.49,False
ADM-03421,P02612,2025-09-16,79,M,Nephrology,Kidney disease,True,0,8,6,1,False,,Private,Home,False,38134.51,False
ADM-03422,P00973,2025-09-16,62,F,Pulmonology,COPD,True,1,9,12,2,False,,Private,Home with services,False,23255.74,False
ADM-03423,P02598,2025-09-16,82,M,Pulmonology,COPD,False,0,8,12,0,True,7.9,Private,Home,False,31096.95,True
ADM-03424,P02147,2025-09-16,70,F,Cardiology,Heart failure,True,0,2,8,2,False,,Medicare,Home,True,7556.53,True
ADM-03425,P02354,2025-09-16,74,M,Cardiology,Heart failure,False,0,1,9,4,True,,Medicare,Home,False,7752.42,False
ADM-03426,P02249,2025-09-16,41,M,Pulmonology,COPD,True,0,4,15,3,False,,Uninsured,Skilled nursing facility,False,17177.93,False
ADM-03427,P01071,2025-09-16,64,M,Pulmonology,COPD,True,2,6,12,0,False,,Medicare,Skilled nursing facility,True,32404.59,True
ADM-03428,P00515,2025-09-16,64,F,Cardiology,Heart failure,True,0,5,5,1,False,,Medicare,Skilled nursing facility,False,23097.21,False
ADM-03429,P00623,2025-09-16,74,F,Nephrology,Kidney disease,True,0,3,7,1,True,8.2,Uninsured,Home,True,12944.27,False
ADM-03430,P02019,2025-09-17,56,M,Pulmonology,Pneumonia,True,0,3,3,1,False,,Medicare,Home,False,15761.62,False
ADM-03431,P00044,2025-09-17,81,F,Cardiology,Heart failure,True,1,5,10,0,False,,Medicare,Home,True,21112.0,False
ADM-03432,P02181,2025-09-17,76,F,Pulmonology,Pneumonia,True,2,3,6,5,False,5.7,Private,Home,True,13136.49,False
ADM-03433,P00765,2025-09-17,67,M,Cardiology,Heart failure,True,0,8,10,1,True,11.2,Private,Home with services,True,24870.02,False
ADM-03434,P00338,2025-09-17,81,F,General Medicine,Sepsis,False,1,9,11,1,True,7.6,Medicare,Home with services,False,26994.0,False
ADM-03435,P00485,2025-09-18,70,F,Pulmonology,COPD,True,1,4,12,1,False,,Medicare,Home,True,15788.74,False
ADM-03436,P01168,2025-09-18,60,F,Pulmonology,Pneumonia,True,0,4,10,0,False,5.7,Private,Skilled nursing facility,False,15148.38,False
ADM-03437,P01019,2025-09-19,79,F,Nephrology,Kidney disease,False,0,10,6,0,False,,Medicare,Home,True,28491.71,True
ADM-03438,P00973,2025-09-19,65,M,Nephrology,Kidney disease,False,3,6,7,4,False,,Private,Home with services,False,20285.9,False
ADM-03439,P01257,2025-09-19,73,F,Orthopedics,Hip fracture,True,0,6,13,2,False,,Medicare,Home,True,25395.62,False
ADM-03440,P01184,2025-09-19,64,F,Pulmonology,COPD,True,1,1,12,1,False,,Medicaid,Home,False,9528.75,True
ADM-03441,P00931,2025-09-19,69,F,Cardiology,Heart failure,True,1,6,7,2,False,,Medicaid,Skilled nursing facility,True,21874.81,False
ADM-03442,P02961,2025-09-19,71,F,Pulmonology,COPD,True,0,3,7,1,False,,Medicaid,Home,False,12666.13,False
ADM-03443,P02582,2025-09-19,56,F,Pulmonology,Pneumonia,True,0,5,8,3,False,,Medicare,Rehab,True,21046.5,False
ADM-03444,P02472,2025-09-20,87,M,General Medicine,Sepsis,False,1,8,16,0,True,8.2,Medicare,Home,False,32444.62,True
ADM-03445,P01889,2025-09-20,83,F,Oncology,Chemotherapy complication,False,1,6,12,1,False,,Medicare,Home,True,28823.97,False
ADM-03446,P02334,2025-09-20,62,F,Pulmonology,COPD,False,0,12,13,2,True,,Medicare,Home,True,44259.53,False
ADM-03447,P01790,2025-09-20,90,F,General Medicine,Sepsis,True,1,1,13,1,False,,Medicare,Home,True,7297.95,False
ADM-03448,P01523,2025-09-20,50,M,Pulmonology,COPD,True,0,9,7,1,False,,Private,Home,False,38119.12,False
ADM-03449,P00157,2025-09-21,61,M,Orthopedics,Hip fracture,True,0,7,10,2,False,5.5,Medicare,Home,True,23636.81,False
ADM-03450,P02877,2025-09-21,37,M,Oncology,Chemotherapy complication,True,1,2,6,2,False,5.8,Private,Home with services,False,9395.59,False
ADM-03451,P02577,2025-09-21,77,F,Cardiology,Heart failure,False,0,1,8,1,False,,Medicare,Home,True,8387.76,False
ADM-03452,P00402,2025-09-21,67,M,Nephrology,Kidney disease,True,2,5,12,2,False,,Medicare,Home,True,19595.59,False
ADM-03453,P02537,2025-09-21,71,F,Pulmonology,COPD,True,4,2,9,0,False,,Medicaid,Home with services,True,8672.04,False
ADM-03454,P01556,2025-09-21,62,F,Oncology,Chemotherapy complication,False,1,3,6,1,False,,Medicare,Rehab,True,14633.69,False
ADM-03455,P01610,2025-09-22,50,F,Orthopedics,Hip fracture,False,1,3,7,1,False,,Private,Home,True,14315.38,False
ADM-03456,P02384,2025-09-22,54,M,Pulmonology,Pneumonia,True,1,1,10,1,True,7.0,Private,Skilled nursing facility,True,7211.7,False
ADM-03457,P02863,2025-09-22,65,M,Pulmonology,Pneumonia,False,0,8,10,1,False,,Medicare,Home with services,False,32048.35,False
ADM-03458,P02338,2025-09-22,56,F,Cardiology,Heart failure,True,1,3,12,2,False,,Private,Rehab,True,14996.19,False
ADM-03459,P01399,2025-09-22,88,M,Nephrology,Kidney disease,True,1,7,7,0,False,,Private,Home with services,True,22326.23,False
ADM-03460,P02116,2025-09-22,38,M,General Medicine,Diabetes complication,False,1,5,8,0,True,,Medicare,Home,True,14833.1,False
ADM-03461,P02512,2025-09-23,72,M,Cardiology,Heart failure,False,1,5,9,1,False,,Private,Home,True,19322.29,False
ADM-03462,P01461,2025-09-23,62,M,General Medicine,Sepsis,True,0,3,7,0,False,,Medicare,Home,True,15621.33,False
ADM-03463,P01158,2025-09-23,61,F,General Medicine,Diabetes complication,True,1,3,10,1,True,8.8,Medicare,Home,True,13952.56,False
ADM-03464,P00891,2025-09-23,41,M,Pulmonology,COPD,True,0,3,10,2,False,,Medicaid,Home,False,12185.99,False
ADM-03465,P01311,2025-09-24,50,M,Cardiology,Heart failure,False,0,6,6,0,False,,Medicare,Home,True,15095.0,False
ADM-03466,P00518,2025-09-24,53,F,General Medicine,Diabetes complication,False,0,1,11,1,True,10.6,Medicaid,Home with services,False,6674.32,True
ADM-03467,P02856,2025-09-24,70,M,Cardiology,Heart failure,True,0,2,11,1,False,,Private,Home with services,True,9676.0,False
ADM-03468,P01546,2025-09-25,45,F,Pulmonology,Pneumonia,True,2,3,8,2,False,,Medicare,Home,True,11776.59,False
ADM-03469,P02117,2025-09-25,56,F,Cardiology,Heart failure,False,0,7,5,1,False,5.3,Private,Home with services,True,26764.4,False
ADM-03470,P02685,2025-09-26,61,M,Pulmonology,Pneumonia,True,2,2,5,2,False,,Medicare,Home,False,8460.72,False
ADM-03471,P00894,2025-09-26,81,F,Pulmonology,Pneumonia,True,1,1,10,3,True,8.5,Medicare,Home with services,False,7282.44,False
ADM-03472,P03137,2025-09-26,54,M,Orthopedics,Hip fracture,True,0,6,9,0,False,,Medicare,Skilled nursing facility,False,27571.3,False
ADM-03473,P02175,2025-09-26,53,F,Nephrology,Kidney disease,False,2,2,7,1,False,,Private,Skilled nursing facility,False,9528.16,False
ADM-03474,P01793,2025-09-26,63,F,Orthopedics,Hip fracture,False,2,5,10,0,False,5.9,Medicare,Home,False,22457.02,False
ADM-03475,P02316,2025-09-26,73,F,Oncology,Chemotherapy complication,True,1,2,10,2,False,,Medicare,Home with services,True,11286.45,False
ADM-03476,P00377,2025-09-27,67,F,Cardiology,Heart failure,False,1,7,2,2,False,,Medicare,Home,True,29639.35,False
ADM-03477,P00882,2025-09-27,69,F,Oncology,Chemotherapy complication,True,1,4,5,1,False,,Medicare,Home,False,19957.93,False
ADM-03478,P01637,2025-09-27,63,M,Oncology,Chemotherapy complication,False,0,14,8,1,False,,Medicaid,Skilled nursing facility,True,53481.96,False
ADM-03479,P01707,2025-09-27,99,M,Pulmonology,Pneumonia,True,2,2,7,4,False,,Medicaid,Home with services,False,12748.59,False
ADM-03480,P00763,2025-09-28,94,F,Orthopedics,Hip fracture,True,0,12,9,3,True,,Medicaid,Home with services,True,45742.58,False
ADM-03481,P01633,2025-09-28,50,F,Nephrology,Kidney disease,True,0,3,5,2,False,,Medicaid,Home,True,18446.89,False
ADM-03482,P02036,2025-09-28,81,F,Pulmonology,Pneumonia,True,0,2,12,1,False,6.7,Medicare,Home,True,8538.83,False
ADM-03483,P01648,2025-09-28,69,M,Cardiology,Heart failure,True,2,5,8,3,False,,Private,Home,True,23738.89,True
ADM-03484,P01216,2025-09-28,66,F,Pulmonology,Pneumonia,False,2,3,5,1,False,,Private,Skilled nursing facility,True,17539.01,False
ADM-03485,P01204,2025-09-28,53,M,Oncology,Chemotherapy complication,True,1,8,9,3,False,,Medicaid,Rehab,False,28208.68,False
ADM-03486,P00702,2025-09-30,71,F,General Medicine,Sepsis,True,1,10,11,2,False,,Medicare,Home,False,17261.65,False
ADM-03487,P02828,2025-09-30,52,F,Cardiology,Heart failure,False,2,7,11,1,True,6.8,Medicaid,Rehab,False,23404.53,False
ADM-03488,P01035,2025-10-01,56,M,Oncology,Chemotherapy complication,True,2,1,19,4,False,,Medicare,Home,True,7878.82,False
ADM-03489,P02347,2025-10-01,65,M,General Medicine,Sepsis,True,1,4,12,0,False,,Medicare,Rehab,False,19159.31,True
ADM-03490,P00511,2025-10-01,70,M,General Medicine,Diabetes complication,True,0,5,16,2,True,8.7,Uninsured,Home with services,True,17603.62,False
ADM-03491,P01185,2025-10-01,67,F,Cardiology,Heart failure,False,2,15,7,2,False,5.9,Medicare,Home,True,27881.31,False
ADM-03492,P02466,2025-10-02,67,F,General Medicine,Diabetes complication,True,0,3,13,1,True,9.1,Medicare,Home,False,16318.16,False
ADM-03493,P02228,2025-10-02,71,F,Nephrology,Kidney disease,False,0,7,10,0,False,,Medicare,Home,True,27550.92,False
ADM-03494,P00533,2025-10-02,60,M,Pulmonology,Pneumonia,True,2,9,6,2,False,5.2,Private,Home,True,34382.53,False
ADM-03495,P02652,2025-10-02,54,F,General Medicine,Diabetes complication,True,2,6,11,0,True,8.5,Medicare,Home,False,31736.7,False
ADM-03496,P00020,2025-10-02,55,M,Nephrology,Kidney disease,False,5,1,6,0,False,,Medicaid,Home,True,7555.36,False
ADM-03497,P00420,2025-10-02,63,M,Cardiology,Heart failure,True,0,7,10,2,False,,Medicare,Skilled nursing facility,True,27541.12,False
ADM-03498,P01962,2025-10-02,48,F,Cardiology,Heart failure,False,0,13,4,2,False,,Private,Rehab,False,44437.12,False
ADM-03499,P03187,2025-10-02,50,M,Nephrology,Kidney disease,False,0,9,10,1,False,,Private,Rehab,True,25484.58,False
ADM-03500,P01756,2025-10-02,50,M,Cardiology,Heart failure,True,2,6,8,2,False,,Medicare,Home with services,False,25628.62,False
ADM-03501,P02891,2025-10-03,63,M,General Medicine,Sepsis,False,0,5,9,0,False,,Private,Home,True,19876.2,False
ADM-03502,P00800,2025-10-03,78,F,General Medicine,Sepsis,True,2,9,12,0,True,8.1,Medicare,Home,False,29651.25,True
ADM-03503,P00559,2025-10-03,78,F,General Medicine,Sepsis,True,1,9,8,1,False,,Medicaid,Home with services,False,18190.2,True
ADM-03504,P01471,2025-10-03,70,M,Nephrology,Kidney disease,True,0,7,6,1,False,,Medicare,Home,False,33522.86,False
ADM-03505,P01058,2025-10-04,63,M,Pulmonology,COPD,False,0,2,6,1,True,8.4,Medicare,Skilled nursing facility,True,8431.21,False
ADM-03506,P02452,2025-10-04,59,F,Orthopedics,Hip fracture,True,0,4,9,2,True,,Medicare,Home,True,18673.69,False
ADM-03507,P03060,2025-10-04,76,M,Cardiology,Heart failure,False,2,2,12,3,False,,Medicare,Home,True,8699.61,False
ADM-03508,P01404,2025-10-04,54,F,Pulmonology,COPD,True,1,8,3,2,False,5.8,Uninsured,Home,True,34689.17,False
ADM-03509,P01730,2025-10-04,57,F,Oncology,Chemotherapy complication,False,1,7,12,4,False,,Uninsured,Home,False,17879.48,True
ADM-03510,P03072,2025-10-04,66,M,Pulmonology,Pneumonia,True,1,4,6,3,False,,Medicare,Rehab,True,14812.41,False
ADM-03511,P01231,2025-10-05,52,F,Orthopedics,Hip fracture,True,1,5,8,1,False,,Medicare,Home,False,20083.86,True
ADM-03512,P02207,2025-10-05,88,F,General Medicine,Sepsis,False,1,2,11,2,True,7.5,Private,Rehab,False,11350.33,False
ADM-03513,P01108,2025-10-05,81,M,Cardiology,Heart failure,False,0,3,7,5,False,5.2,Uninsured,Home,False,12909.5,False
ADM-03514,P02672,2025-10-05,80,M,Oncology,Chemotherapy complication,True,0,2,13,1,True,7.3,Medicare,Rehab,True,11477.36,False
ADM-03515,P00244,2025-10-05,69,F,General Medicine,Sepsis,False,1,5,8,0,False,,Medicare,Home,False,21435.53,False
ADM-03516,P01548,2025-10-05,55,M,Pulmonology,COPD,True,0,3,7,2,False,5.1,Medicare,Home,True,12727.11,False
ADM-03517,P00563,2025-10-05,63,M,Pulmonology,Pneumonia,True,0,6,7,5,False,,Private,Skilled nursing facility,True,20253.97,True
ADM-03518,P02944,2025-10-05,61,M,Pulmonology,Pneumonia,True,0,8,8,1,False,,Medicare,Home,False,35545.39,False
ADM-03519,P00025,2025-10-06,41,F,General Medicine,Diabetes complication,True,0,3,8,1,True,6.0,Private,Home,True,10515.13,False
ADM-03520,P02383,2025-10-06,48,F,General Medicine,Sepsis,True,3,7,10,2,False,,Medicaid,Skilled nursing facility,True,28807.3,False
ADM-03521,P01820,2025-10-06,73,M,General Medicine,Diabetes complication,False,0,8,8,2,True,9.6,Private,Home,False,32159.56,False
ADM-03522,P01564,2025-10-06,73,F,General Medicine,Sepsis,False,0,6,8,1,False,,Medicare,Home,False,22532.38,False
ADM-03523,P02651,2025-10-06,86,M,Pulmonology,Pneumonia,True,0,12,4,2,False,,Private,Home with services,True,41631.7,True
ADM-03524,P00795,2025-10-07,44,F,Cardiology,Heart failure,True,3,1,12,1,False,,Uninsured,Home with services,False,7226.85,False
ADM-03525,P01842,2025-10-07,74,M,Pulmonology,Pneumonia,True,0,4,13,3,False,5.8,Medicare,Home,True,18706.26,False
ADM-03526,P01062,2025-10-07,70,F,Cardiology,Heart failure,True,0,1,12,0,False,,Private,Home with services,True,6664.63,False
ADM-03527,P03166,2025-10-07,77,M,Cardiology,Heart failure,True,0,5,9,0,False,,Medicare,Home,False,16615.73,False
ADM-03528,P00285,2025-10-08,97,F,Pulmonology,Pneumonia,True,0,1,13,1,True,,Medicare,Home,False,8606.29,True
ADM-03529,P02273,2025-10-08,60,F,Nephrology,Kidney disease,True,0,1,6,0,False,,Medicare,Home,True,8288.94,False
ADM-03530,P02466,2025-10-09,65,M,Oncology,Chemotherapy complication,True,0,7,11,1,False,,Medicare,Skilled nursing facility,False,29944.84,False
ADM-03531,P00832,2025-10-09,59,F,General Medicine,Diabetes complication,True,1,2,4,4,True,10.2,Medicare,Home,True,9600.42,False
ADM-03532,P00967,2025-10-09,72,M,Pulmonology,COPD,False,0,11,6,2,True,7.8,Medicaid,Home,True,41909.03,False
ADM-03533,P01596,2025-10-09,32,F,Orthopedics,Hip fracture,False,1,6,13,2,True,8.5,Medicare,Rehab,True,26667.08,False
ADM-03534,P01125,2025-10-09,64,F,General Medicine,Sepsis,False,2,2,7,2,False,,Private,Skilled nursing facility,False,9020.52,True
ADM-03535,P00114,2025-10-09,75,F,Oncology,Chemotherapy complication,True,0,1,5,1,False,,Medicaid,Home,True,7991.51,False
ADM-03536,P01905,2025-10-09,86,F,Oncology,Chemotherapy complication,True,2,3,8,0,False,,Private,Skilled nursing facility,True,14107.12,False
ADM-03537,P01496,2025-10-09,91,F,Cardiology,Heart failure,True,1,3,12,3,False,,Medicare,Home,False,11699.09,False
ADM-03538,P02633,2025-10-10,78,F,General Medicine,Sepsis,True,0,2,8,3,False,,Private,Home,True,11150.09,False
ADM-03539,P02307,2025-10-10,59,F,Nephrology,Kidney disease,False,0,5,14,1,True,7.5,Private,Home with services,True,27028.97,False
ADM-03540,P01022,2025-10-10,65,M,Cardiology,Heart failure,False,2,9,11,0,True,7.1,Medicaid,Home with services,True,37837.72,False
ADM-03541,P01699,2025-10-11,64,F,General Medicine,Sepsis,True,0,2,6,2,False,,Medicaid,Skilled nursing facility,True,12838.58,False
ADM-03542,P02630,2025-10-11,77,M,Pulmonology,Pneumonia,True,0,6,8,1,False,5.6,Private,Home with services,True,23375.24,False
ADM-03543,P01683,2025-10-11,72,F,Orthopedics,Hip fracture,False,2,3,8,0,False,,Medicaid,Home with services,False,8310.7,False
ADM-03544,P01298,2025-10-11,56,F,Oncology,Chemotherapy complication,False,1,10,6,3,False,,Medicare,Home,True,28017.81,False
ADM-03545,P00162,2025-10-11,62,F,Pulmonology,Pneumonia,True,1,1,12,1,False,,Medicaid,Home with services,True,8486.78,False
ADM-03546,P00269,2025-10-12,59,M,Pulmonology,Pneumonia,True,0,6,6,2,False,,Private,Home with services,False,19367.66,False
ADM-03547,P02922,2025-10-12,65,F,Pulmonology,Pneumonia,False,1,3,15,1,False,,Private,Home with services,True,10244.36,True
ADM-03548,P00238,2025-10-12,82,M,General Medicine,Diabetes complication,False,2,3,14,1,True,8.7,Medicare,Skilled nursing facility,True,13868.97,False
ADM-03549,P00046,2025-10-12,54,F,General Medicine,Diabetes complication,True,0,6,12,1,True,9.4,Medicare,Rehab,False,24068.89,False
ADM-03550,P03192,2025-10-12,52,M,Pulmonology,Pneumonia,True,2,7,10,2,False,,Medicare,Home,True,30015.88,False
ADM-03551,P01985,2025-10-13,70,F,General Medicine,Diabetes complication,False,0,1,17,2,True,7.8,Medicare,Home,False,9459.17,False
ADM-03552,P03060,2025-10-13,95,F,Nephrology,Kidney disease,True,0,3,7,1,False,,Private,Home with services,True,12301.15,False
ADM-03553,P02298,2025-10-14,63,M,Cardiology,Heart failure,True,0,2,15,1,True,8.6,Medicare,Home,True,11088.83,True
ADM-03554,P01523,2025-10-14,78,M,Nephrology,Kidney disease,True,0,3,10,1,True,8.8,Private,Rehab,True,15442.68,False
ADM-03555,P01404,2025-10-14,73,M,Orthopedics,Hip fracture,True,2,4,7,2,False,,Medicare,Home,True,17124.07,False
ADM-03556,P02677,2025-10-14,62,F,Cardiology,Heart failure,True,3,4,14,0,True,,Private,Home,False,14034.07,True
ADM-03557,P00396,2025-10-14,75,F,Orthopedics,Hip fracture,True,1,11,11,1,False,,Uninsured,Home,False,43020.65,False
ADM-03558,P02866,2025-10-14,60,M,General Medicine,Sepsis,True,4,4,12,2,False,,Private,Home with services,True,19753.88,False
ADM-03559,P02013,2025-10-14,73,F,Cardiology,Heart failure,True,1,7,7,1,False,5.4,Medicare,Rehab,True,20946.37,False
ADM-03560,P02460,2025-10-14,45,M,General Medicine,Diabetes complication,True,2,6,11,0,True,7.9,Medicare,Home,True,20287.96,False
ADM-03561,P01148,2025-10-14,85,F,Pulmonology,COPD,True,2,4,13,0,False,5.8,Medicaid,Home,True,18264.9,False
ADM-03562,P00413,2025-10-14,48,F,Pulmonology,Pneumonia,False,0,3,11,0,False,5.6,Medicare,Home with services,True,14195.46,False
ADM-03563,P00804,2025-10-15,76,M,General Medicine,Diabetes complication,True,0,9,9,4,True,,Medicare,Home,False,33488.73,False
ADM-03564,P01331,2025-10-16,75,M,Oncology,Chemotherapy complication,False,2,12,9,0,False,,Private,Home,False,41386.88,False
ADM-03565,P01076,2025-10-16,81,F,Cardiology,Heart failure,True,1,1,8,1,False,,Private,Home,False,7678.84,True
ADM-03566,P00842,2025-10-16,84,M,Nephrology,Kidney disease,True,0,7,10,2,True,8.4,Private,Home,False,22305.32,False
ADM-03567,P01456,2025-10-16,77,M,Pulmonology,COPD,True,1,3,10,0,True,6.1,Private,Home,True,12609.67,False
ADM-03568,P00178,2025-10-16,83,F,Pulmonology,Pneumonia,True,0,5,8,0,False,,Medicaid,Home with services,False,15713.1,False
ADM-03569,P02373,2025-10-16,82,M,Oncology,Chemotherapy complication,True,0,3,5,1,False,,Medicaid,Home,True,13485.09,False
ADM-03570,P02998,2025-10-17,69,F,General Medicine,Sepsis,True,1,5,11,0,False,,Private,Rehab,True,18346.02,False
ADM-03571,P02777,2025-10-17,71,M,Pulmonology,COPD,True,0,4,8,1,False,,Private,Skilled nursing facility,True,16237.58,False
ADM-03572,P02876,2025-10-17,55,F,Cardiology,Heart failure,True,1,4,12,2,False,,Medicaid,Home,True,14514.81,False
ADM-03573,P02046,2025-10-17,60,M,General Medicine,Diabetes complication,True,1,4,15,3,True,7.1,Medicare,Skilled nursing facility,True,21321.88,False
ADM-03574,P01166,2025-10-17,59,F,Pulmonology,Pneumonia,True,3,5,9,1,False,,Medicare,Home with services,False,23878.6,False
ADM-03575,P01624,2025-10-17,78,M,Pulmonology,Pneumonia,True,1,9,11,1,False,,Medicare,Skilled nursing facility,True,39904.23,False
ADM-03576,P02192,2025-10-18,54,F,Pulmonology,COPD,True,1,3,12,3,False,,Private,Home,False,10866.51,False
ADM-03577,P01497,2025-10-18,74,F,Cardiology,Heart failure,True,1,1,9,0,True,,Medicare,Home,False,8149.88,False
ADM-03578,P00920,2025-10-18,61,F,General Medicine,Sepsis,True,0,5,12,1,True,4.1,Medicare,Home,False,13413.88,False
ADM-03579,P01636,2025-10-18,64,F,Pulmonology,COPD,False,1,3,9,0,False,,Medicare,Home,True,13300.57,False
ADM-03580,P02282,2025-10-18,83,M,Oncology,Chemotherapy complication,False,4,1,6,0,False,,Private,Home,True,7859.66,True
ADM-03581,P02358,2025-10-18,64,F,Pulmonology,Pneumonia,False,1,1,18,3,False,,Uninsured,Rehab,True,7293.3,False
ADM-03582,P02155,2025-10-19,72,M,Nephrology,Kidney disease,True,2,9,9,2,False,,Private,Skilled nursing facility,False,26206.56,True
ADM-03583,P01612,2025-10-19,61,F,Nephrology,Kidney disease,True,0,15,6,1,True,9.2,Medicare,Home,True,47941.39,False
ADM-03584,P00129,2025-10-19,66,M,Pulmonology,COPD,False,0,2,2,1,False,,Medicaid,Home,True,9892.16,False
ADM-03585,P01002,2025-10-19,72,M,Oncology,Chemotherapy complication,True,0,7,13,1,False,,Private,Home,False,25727.37,False
ADM-03586,P00298,2025-10-19,51,F,Pulmonology,Pneumonia,False,1,12,6,2,True,8.9,Private,Skilled nursing facility,True,38743.59,True
ADM-03587,P01651,2025-10-19,75,M,Orthopedics,Hip fracture,False,2,1,5,3,False,,Private,Rehab,False,9692.27,False
ADM-03588,P00496,2025-10-19,55,F,Orthopedics,Hip fracture,True,2,3,14,0,True,7.0,Private,Home,True,11334.88,False
ADM-03589,P01756,2025-10-20,77,F,Cardiology,Heart failure,False,1,8,3,1,False,,Uninsured,Skilled nursing facility,True,30437.38,False
ADM-03590,P00546,2025-10-20,75,F,Cardiology,Heart failure,False,1,6,6,1,False,,Private,Home,True,16489.91,True
ADM-03591,P02827,2025-10-20,81,M,Pulmonology,COPD,False,1,4,7,1,False,,Medicare,Rehab,False,17821.07,False
ADM-03592,P01938,2025-10-21,67,F,General Medicine,Sepsis,True,1,14,17,1,True,,Medicare,Home,False,56455.15,True
ADM-03593,P01953,2025-10-21,65,F,Cardiology,Heart failure,False,1,4,7,1,True,7.6,Medicare,Home,False,20085.04,False
ADM-03594,P03169,2025-10-21,89,F,Pulmonology,COPD,True,0,3,6,1,False,,Medicare,Home with services,False,12086.65,False
ADM-03595,P00054,2025-10-21,95,M,Cardiology,Heart failure,False,0,3,13,1,False,,Medicaid,Skilled nursing facility,True,13984.44,False
ADM-03596,P00580,2025-10-21,70,M,Cardiology,Heart failure,True,0,10,6,1,False,,Medicare,Home,False,26660.49,False
ADM-03597,P01786,2025-10-21,66,F,Pulmonology,COPD,True,1,8,4,1,False,,Medicaid,Home,True,24659.48,False
ADM-03598,P00303,2025-10-21,68,F,Nephrology,Kidney disease,True,0,3,13,3,False,,Medicare,Rehab,False,15104.89,False
ADM-03599,P01157,2025-10-22,74,M,Nephrology,Kidney disease,True,0,4,12,2,False,,Private,Home,True,14955.43,False
ADM-03600,P00028,2025-10-22,68,M,Pulmonology,COPD,True,0,13,6,1,False,,Medicaid,Home,True,35764.38,True
ADM-03601,P02109,2025-10-22,63,F,Pulmonology,COPD,True,1,5,6,0,False,,Private,Home,True,16011.09,False
ADM-03602,P02584,2025-10-22,85,F,General Medicine,Diabetes complication,True,1,1,18,0,True,10.2,Uninsured,Home with services,False,5266.82,True
ADM-03603,P03071,2025-10-22,80,F,Pulmonology,Pneumonia,False,1,4,8,0,False,,Medicaid,Home,False,10633.64,False
ADM-03604,P00989,2025-10-22,69,M,Cardiology,Heart failure,True,1,4,12,0,False,5.9,Medicare,Home with services,True,17574.93,False
ADM-03605,P01931,2025-10-23,65,M,Cardiology,Heart failure,False,0,6,8,2,False,5.5,Medicare,Skilled nursing facility,True,27693.03,False
ADM-03606,P01072,2025-10-23,76,M,General Medicine,Diabetes complication,True,2,7,9,1,True,9.1,Medicare,Home,True,31431.28,False
ADM-03607,P02527,2025-10-23,70,M,Nephrology,Kidney disease,False,0,3,11,0,False,,Medicare,Skilled nursing facility,False,20143.45,True
ADM-03608,P02327,2025-10-23,70,F,Orthopedics,Hip fracture,True,1,3,11,2,False,,Private,Skilled nursing facility,True,13494.89,False
ADM-03609,P02442,2025-10-23,40,M,Pulmonology,COPD,True,0,5,5,2,False,,Private,Home,True,20941.25,False
ADM-03610,P00764,2025-10-23,81,F,Pulmonology,Pneumonia,False,0,7,8,0,False,,Medicare,Home,True,21876.78,False
ADM-03611,P02108,2025-10-24,53,M,Pulmonology,COPD,False,0,1,10,1,False,,Medicare,Home,False,6373.74,False
ADM-03612,P02459,2025-10-24,57,F,Cardiology,Heart failure,True,0,5,11,1,False,,Medicare,Home,True,18062.17,False
ADM-03613,P00915,2025-10-24,97,F,Pulmonology,Pneumonia,False,0,5,16,1,True,8.7,Medicare,Home,True,23208.46,False
ADM-03614,P01851,2025-10-24,68,F,Cardiology,Heart failure,True,2,2,10,2,False,,Medicare,Home,False,8527.24,True
ADM-03615,P02720,2025-10-24,69,M,Orthopedics,Hip fracture,True,1,5,6,4,False,,Medicare,Home,True,21073.05,False
ADM-03616,P01815,2025-10-24,42,F,Cardiology,Heart failure,True,2,4,11,0,False,6.3,Medicare,Home,False,15204.86,False
ADM-03617,P02933,2025-10-24,74,F,Pulmonology,COPD,False,0,4,8,1,False,,Private,Skilled nursing facility,True,17740.74,False
ADM-03618,P01502,2025-10-24,82,F,Pulmonology,Pneumonia,False,0,14,7,0,False,,Medicare,Home,True,57779.75,False
ADM-03619,P00089,2025-10-25,56,M,Oncology,Chemotherapy complication,True,0,7,16,1,True,6.9,Medicare,Home,True,30403.74,False
ADM-03620,P02997,2025-10-25,53,M,General Medicine,Sepsis,False,0,5,8,0,True,,Private,Home,True,23656.38,False
ADM-03621,P00890,2025-10-25,62,F,Orthopedics,Hip fracture,True,2,6,7,2,False,,Medicare,Home,False,22383.42,False
ADM-03622,P01420,2025-10-25,64,M,General Medicine,Diabetes complication,False,0,4,10,1,True,8.2,Uninsured,Home,False,17819.82,False
ADM-03623,P00664,2025-10-26,68,M,Pulmonology,Pneumonia,True,0,2,14,3,False,,Medicare,Home,True,11252.33,False
ADM-03624,P02610,2025-10-26,44,F,Pulmonology,COPD,True,2,5,16,2,True,9.4,Medicare,Skilled nursing facility,False,19664.69,False
ADM-03625,P01873,2025-10-26,69,F,Pulmonology,Pneumonia,True,2,8,16,3,False,,Private,Home,True,29526.82,False
ADM-03626,P03102,2025-10-26,63,M,General Medicine,Sepsis,False,0,1,12,2,True,6.6,Uninsured,Home,False,8482.07,False
ADM-03627,P02383,2025-10-26,64,M,General Medicine,Sepsis,False,3,5,16,1,False,,Medicaid,Home,False,22189.37,True
ADM-03628,P01285,2025-10-26,33,F,Pulmonology,COPD,False,1,6,12,1,False,5.5,Medicaid,Home,True,18612.08,True
ADM-03629,P02184,2025-10-26,58,M,General Medicine,Sepsis,True,2,6,8,1,False,,Medicare,Home,False,16928.95,True
ADM-03630,P01357,2025-10-26,77,F,Cardiology,Heart failure,False,0,5,10,1,True,10.1,Medicare,Home,False,23522.29,False
ADM-03631,P01137,2025-10-26,88,M,General Medicine,Sepsis,False,0,5,14,2,False,,Medicare,Home with services,False,21979.27,False
ADM-03632,P02880,2025-10-27,58,F,General Medicine,Sepsis,True,2,6,8,1,False,5.2,Medicare,Skilled nursing facility,True,25624.64,False
ADM-03633,P01634,2025-10-27,63,M,Oncology,Chemotherapy complication,True,3,4,8,1,True,4.6,Medicare,Rehab,True,16955.52,False
ADM-03634,P00751,2025-10-28,78,M,Orthopedics,Hip fracture,False,2,2,6,2,False,,Medicaid,Home,False,10144.3,True
ADM-03635,P01479,2025-10-28,74,M,Pulmonology,Pneumonia,False,1,7,9,2,False,,Private,Home,True,32896.34,False
ADM-03636,P00667,2025-10-28,70,F,Cardiology,Heart failure,False,1,2,10,0,False,,Medicaid,Skilled nursing facility,True,8234.11,False
ADM-03637,P00580,2025-10-28,66,F,Nephrology,Kidney disease,True,1,3,11,3,False,,Private,Home,True,13891.42,False
ADM-03638,P02676,2025-10-29,54,M,Pulmonology,COPD,True,3,1,12,1,False,,Uninsured,Home,True,8081.85,True
ADM-03639,P02481,2025-10-29,79,M,Nephrology,Kidney disease,True,2,7,10,2,False,,Medicaid,Home with services,False,24950.29,False
ADM-03640,P01281,2025-10-29,46,F,Pulmonology,COPD,True,2,1,9,1,False,5.7,Medicare,Skilled nursing facility,True,7234.93,False
ADM-03641,P00475,2025-10-29,52,M,Nephrology,Kidney disease,True,1,9,13,5,True,7.7,Medicare,Home with services,True,27025.42,False
ADM-03642,P02984,2025-10-30,76,F,Cardiology,Heart failure,False,1,1,5,0,True,8.4,Medicare,Rehab,True,9044.54,True
ADM-03643,P01663,2025-10-30,45,M,Pulmonology,Pneumonia,True,1,9,10,0,False,5.4,Uninsured,Skilled nursing facility,True,36392.84,False
ADM-03644,P01987,2025-10-30,68,M,General Medicine,Sepsis,False,0,2,9,0,False,,Medicaid,Home,True,6174.36,False
ADM-03645,P02385,2025-10-30,69,F,General Medicine,Sepsis,True,1,8,19,1,True,10.7,Medicare,Home,False,31478.02,False
ADM-03646,P00096,2025-10-30,99,F,Cardiology,Heart failure,False,0,9,6,0,False,5.7,Medicare,Skilled nursing facility,False,32813.3,True
ADM-03647,P01511,2025-10-30,68,F,Nephrology,Kidney disease,True,1,6,8,1,False,,Medicaid,Home with services,False,25624.59,False
ADM-03648,P01854,2025-10-30,80,M,Cardiology,Heart failure,False,0,1,7,1,False,,Medicare,Home,False,8734.45,True
ADM-03649,P00861,2025-10-31,60,F,Nephrology,Kidney disease,True,2,7,15,1,False,,Medicaid,Home with services,True,33334.09,False
ADM-03650,P02697,2025-10-31,75,F,Pulmonology,Pneumonia,True,0,1,8,2,False,,Medicare,Home,False,5934.71,False
ADM-03651,P01974,2025-10-31,58,F,General Medicine,Sepsis,False,0,5,10,0,False,,Medicare,Home,True,17647.44,False
ADM-03652,P01978,2025-11-01,43,F,Nephrology,Kidney disease,False,0,6,5,2,False,6.3,Medicaid,Skilled nursing facility,True,27132.86,False
ADM-03653,P01639,2025-11-01,59,F,General Medicine,Sepsis,False,0,11,7,1,True,10.0,Medicare,Home,False,30400.15,False
ADM-03654,P01032,2025-11-01,64,F,Nephrology,Kidney disease,True,0,8,9,2,False,5.3,Medicare,Home,True,22780.0,False
ADM-03655,P01834,2025-11-01,72,F,General Medicine,Diabetes complication,False,0,5,8,4,True,7.1,Medicare,Home,False,19957.59,False
ADM-03656,P02045,2025-11-02,58,F,Nephrology,Kidney disease,False,0,5,10,1,False,,Medicare,Home,True,14749.89,False
ADM-03657,P00819,2025-11-02,73,M,Orthopedics,Hip fracture,False,1,16,14,1,True,6.4,Medicare,Home,True,61004.22,True
ADM-03658,P01632,2025-11-02,67,M,Orthopedics,Hip fracture,False,0,2,11,4,True,7.4,Medicare,Home,True,9976.92,False
ADM-03659,P02527,2025-11-02,71,F,General Medicine,Diabetes complication,True,2,3,7,0,True,6.6,Medicaid,Home with services,True,9662.22,True
ADM-03660,P01304,2025-11-02,85,M,Cardiology,Heart failure,True,0,6,13,1,False,,Private,Home with services,False,19269.07,True
ADM-03661,P02704,2025-11-02,76,M,Pulmonology,COPD,True,1,4,12,0,True,11.0,Medicaid,Home,True,12498.06,False
ADM-03662,P01022,2025-11-02,76,M,Pulmonology,COPD,True,2,4,10,1,False,6.5,Medicare,Home with services,False,18808.08,False
ADM-03663,P00598,2025-11-03,47,M,Cardiology,Heart failure,True,3,6,5,1,False,,Medicaid,Home with services,True,21801.18,False
ADM-03664,P02794,2025-11-03,76,M,Cardiology,Heart failure,True,0,2,5,2,False,,Medicaid,Home,True,10913.63,False
ADM-03665,P02455,2025-11-03,69,M,Cardiology,Heart failure,False,1,11,5,1,False,,Private,Home,True,39455.31,False
ADM-03666,P01282,2025-11-03,64,M,Orthopedics,Hip fracture,True,2,8,8,2,False,4.8,Private,Home,True,30061.74,False
ADM-03667,P02224,2025-11-03,72,F,Cardiology,Heart failure,True,0,8,8,0,False,,Medicare,Home,False,32573.73,False
ADM-03668,P02751,2025-11-03,81,F,Pulmonology,Pneumonia,True,0,1,6,5,False,,Medicare,Rehab,True,7472.09,False
ADM-03669,P02970,2025-11-03,60,M,General Medicine,Diabetes complication,True,0,10,12,1,True,,Private,Skilled nursing facility,False,29359.06,False
ADM-03670,P02738,2025-11-03,55,F,Oncology,Chemotherapy complication,True,0,1,9,0,False,,Medicare,Skilled nursing facility,True,6291.28,False
ADM-03671,P00023,2025-11-04,56,F,Cardiology,Heart failure,False,0,13,12,3,True,5.6,Medicaid,Skilled nursing facility,True,27096.4,True
ADM-03672,P01143,2025-11-04,61,M,Pulmonology,Pneumonia,True,0,9,14,1,False,,Private,Home with services,True,35467.36,False
ADM-03673,P00667,2025-11-04,86,M,Cardiology,Heart failure,False,1,5,9,1,False,,Medicaid,Home,True,20374.74,False
ADM-03674,P00909,2025-11-04,52,M,Orthopedics,Hip fracture,True,1,4,9,0,True,6.9,Private,Skilled nursing facility,False,15145.93,False
ADM-03675,P03021,2025-11-04,79,F,Pulmonology,COPD,True,2,6,17,1,True,6.9,Private,Skilled nursing facility,True,25928.37,False
ADM-03676,P02187,2025-11-04,66,F,Pulmonology,Pneumonia,True,2,5,11,0,False,,Medicare,Skilled nursing facility,True,19057.25,True
ADM-03677,P01537,2025-11-05,69,M,Pulmonology,Pneumonia,False,1,1,9,5,False,,Medicare,Home,True,7393.59,True
ADM-03678,P02744,2025-11-05,76,M,Cardiology,Heart failure,False,2,4,9,0,False,,Medicare,Home,True,14218.8,False
ADM-03679,P02503,2025-11-05,70,M,Orthopedics,Hip fracture,True,0,3,12,1,True,8.7,Medicaid,Skilled nursing facility,False,14682.56,False
ADM-03680,P03152,2025-11-06,68,F,General Medicine,Sepsis,True,0,5,12,2,True,10.0,Private,Rehab,False,20853.68,False
ADM-03681,P02028,2025-11-06,54,M,Cardiology,Heart failure,True,1,7,8,1,False,,Medicare,Home,True,25029.53,False
ADM-03682,P01214,2025-11-07,65,M,Pulmonology,Pneumonia,True,2,5,10,1,False,,Private,Home,True,17100.05,False
ADM-03683,P00936,2025-11-07,67,M,Nephrology,Kidney disease,True,0,4,7,1,False,,Medicare,Rehab,True,16733.01,False
ADM-03684,P02033,2025-11-07,56,M,Pulmonology,COPD,True,3,2,9,0,False,,Private,Home,False,11116.64,False
ADM-03685,P00490,2025-11-07,89,M,General Medicine,Diabetes complication,True,1,12,10,0,True,8.6,Medicare,Home,True,45796.82,False
ADM-03686,P00732,2025-11-07,78,F,Orthopedics,Hip fracture,False,0,1,10,1,False,,Private,Home,True,4869.24,False
ADM-03687,P02368,2025-11-08,59,M,Pulmonology,Pneumonia,False,1,4,8,0,False,,Private,Home with services,False,16516.22,True
ADM-03688,P03129,2025-11-08,65,F,Orthopedics,Hip fracture,True,2,1,20,1,False,5.4,Private,Home,True,5809.68,False
ADM-03689,P03061,2025-11-08,63,F,Pulmonology,Pneumonia,True,0,3,10,2,False,,Medicare,Home,True,10047.4,False
ADM-03690,P02579,2025-11-08,62,M,Pulmonology,Pneumonia,False,2,8,11,1,True,10.1,Medicare,Home,True,24601.48,False
ADM-03691,P02120,2025-11-08,51,F,Pulmonology,Pneumonia,False,0,5,10,0,False,,Medicare,Home with services,False,20242.46,False
ADM-03692,P02928,2025-11-08,79,F,Pulmonology,Pneumonia,False,2,2,7,1,False,5.3,Medicare,Home with services,False,6533.34,False
ADM-03693,P01755,2025-11-09,73,F,Pulmonology,Pneumonia,True,1,7,10,2,True,10.4,Medicare,Home,True,30629.54,False
ADM-03694,P02939,2025-11-09,54,M,Pulmonology,COPD,True,1,2,9,1,False,,Uninsured,Home,False,9396.75,False
ADM-03695,P02575,2025-11-09,76,F,General Medicine,Sepsis,False,0,3,11,2,False,,Medicaid,Home,True,12713.55,False
ADM-03696,P02247,2025-11-09,68,F,Pulmonology,COPD,True,0,2,10,1,False,,Medicaid,Home,False,6897.69,False
ADM-03697,P02028,2025-11-09,70,F,Pulmonology,Pneumonia,True,1,4,11,0,False,,Medicaid,Home,False,15897.54,True
ADM-03698,P00411,2025-11-09,72,M,Oncology,Chemotherapy complication,True,2,4,7,0,False,,Uninsured,Rehab,True,18455.43,False
ADM-03699,P02291,2025-11-09,58,M,General Medicine,Sepsis,True,1,5,10,1,False,,Private,Skilled nursing facility,True,22642.57,False
ADM-03700,P00063,2025-11-09,68,M,Oncology,Chemotherapy complication,True,0,7,14,3,False,,Private,Skilled nursing facility,True,20691.03,False
ADM-03701,P03067,2025-11-10,74,F,Cardiology,Heart failure,True,3,9,11,0,False,,Medicare,Home,True,26620.67,False
ADM-03702,P00669,2025-11-10,72,M,Oncology,Chemotherapy complication,False,0,6,13,0,False,,Medicaid,Home with services,False,17818.15,False
ADM-03703,P00028,2025-11-10,45,M,Cardiology,Heart failure,True,0,9,10,2,False,,Medicare,Rehab,False,31588.5,False
ADM-03704,P01534,2025-11-10,72,F,Pulmonology,Pneumonia,False,2,5,11,1,True,5.4,Medicare,Home,True,21318.87,False
ADM-03705,P00563,2025-11-10,93,M,Orthopedics,Hip fracture,True,0,3,11,2,True,6.7,Private,Home,True,13329.46,False
ADM-03706,P01253,2025-11-10,58,F,Cardiology,Heart failure,False,0,1,7,2,False,,Private,Home,True,5492.92,False
ADM-03707,P00076,2025-11-10,43,M,General Medicine,Diabetes complication,True,2,7,14,0,True,9.2,Private,Home,True,28511.9,False
ADM-03708,P01650,2025-11-10,54,M,Oncology,Chemotherapy complication,True,1,5,10,1,False,,Medicare,Home,False,15269.66,False
ADM-03709,P02857,2025-11-10,70,F,Pulmonology,Pneumonia,True,1,4,10,3,False,,Medicare,Home,False,14093.82,False
ADM-03710,P02454,2025-11-11,82,M,Pulmonology,COPD,False,1,6,6,2,False,,Private,Home,False,27760.78,True
ADM-03711,P00264,2025-11-11,67,F,General Medicine,Sepsis,True,1,3,6,2,False,,Medicare,Home,True,13096.52,False
ADM-03712,P02021,2025-11-11,66,F,Pulmonology,COPD,False,2,4,12,1,True,9.8,Medicaid,Home,True,17400.89,False
ADM-03713,P00260,2025-11-11,71,F,Pulmonology,COPD,True,3,2,15,0,False,,Medicare,Home,True,8610.46,False
ADM-03714,P01179,2025-11-11,55,M,Cardiology,Heart failure,False,0,3,9,1,True,8.2,Medicare,Rehab,True,9102.47,False
ADM-03715,P01366,2025-11-12,66,M,Cardiology,Heart failure,False,1,2,10,1,False,,Medicare,Home,False,10416.81,False
ADM-03716,P01572,2025-11-12,63,F,Pulmonology,COPD,False,1,11,10,2,False,,Medicaid,Home,True,43006.53,False
ADM-03717,P02218,2025-11-12,61,F,General Medicine,Sepsis,True,0,6,10,2,True,6.3,Uninsured,Skilled nursing facility,False,22930.4,False
ADM-03718,P02476,2025-11-12,52,M,Cardiology,Heart failure,True,1,4,8,0,False,,Medicaid,Skilled nursing facility,False,13128.89,True
ADM-03719,P01680,2025-11-13,93,F,Orthopedics,Hip fracture,True,0,5,19,0,True,8.7,Medicare,Home,True,24970.68,True
ADM-03720,P01601,2025-11-13,52,M,Cardiology,Heart failure,False,2,4,7,3,False,,Medicare,Home with services,False,16399.35,False
ADM-03721,P00314,2025-11-13,69,F,Nephrology,Kidney disease,True,1,5,9,0,True,8.3,Medicare,Home,True,19484.84,True
ADM-03722,P01850,2025-11-13,99,F,Nephrology,Kidney disease,True,0,4,9,0,False,5.4,Medicare,Skilled nursing facility,True,22735.81,False
ADM-03723,P02332,2025-11-13,67,F,General Medicine,Diabetes complication,True,1,12,17,1,True,,Medicaid,Home,True,43176.9,False
ADM-03724,P01786,2025-11-13,56,F,Oncology,Chemotherapy complication,True,0,8,3,0,False,,Private,Home,True,37125.3,True
ADM-03725,P01980,2025-11-14,66,F,Pulmonology,Pneumonia,False,1,4,5,0,False,5.4,Private,Home,True,17540.36,False
ADM-03726,P01443,2025-11-14,40,F,Pulmonology,COPD,False,1,3,4,2,False,,Medicare,Home,True,15528.64,False
ADM-03727,P02147,2025-11-14,74,M,Cardiology,Heart failure,True,2,3,11,1,True,6.3,Medicare,Home,False,18723.43,False
ADM-03728,P00298,2025-11-15,89,M,General Medicine,Diabetes complication,True,1,2,11,1,True,,Medicare,Rehab,True,15163.67,False
ADM-03729,P01692,2025-11-15,71,F,General Medicine,Diabetes complication,True,0,6,7,1,True,6.4,Uninsured,Home with services,True,24780.78,False
ADM-03730,P01788,2025-11-15,35,M,Nephrology,Kidney disease,True,0,4,14,1,False,,Medicaid,Skilled nursing facility,True,14244.58,False
ADM-03731,P00348,2025-11-15,57,M,Cardiology,Heart failure,False,1,8,17,2,True,8.6,Private,Home,False,27385.76,True
ADM-03732,P01574,2025-11-15,60,M,Pulmonology,COPD,False,0,9,6,1,True,9.0,Medicare,Home with services,False,34035.53,True
ADM-03733,P01168,2025-11-15,60,F,Pulmonology,Pneumonia,True,1,15,11,1,True,5.3,Medicaid,Home,True,56845.92,False
ADM-03734,P01532,2025-11-16,63,F,Nephrology,Kidney disease,False,1,1,8,2,False,5.1,Medicare,Home with services,False,8814.11,False
ADM-03735,P01354,2025-11-16,85,M,Orthopedics,Hip fracture,True,0,2,3,0,False,,Medicare,Skilled nursing facility,True,10385.41,False
ADM-03736,P01941,2025-11-16,67,F,Cardiology,Heart failure,False,0,2,11,1,False,,Private,Skilled nursing facility,True,14465.2,False
ADM-03737,P02993,2025-11-16,60,F,Pulmonology,Pneumonia,False,1,2,9,0,False,,Private,Home,True,9505.07,False
ADM-03738,P03058,2025-11-17,40,F,General Medicine,Diabetes complication,True,0,11,8,2,True,7.0,Medicare,Skilled nursing facility,True,30427.5,False
ADM-03739,P03018,2025-11-17,54,M,Pulmonology,Pneumonia,True,0,6,17,2,True,6.4,Medicare,Home,True,17703.74,False
ADM-03740,P02781,2025-11-17,52,M,Nephrology,Kidney disease,True,1,2,7,1,False,,Private,Home with services,True,9403.53,False
ADM-03741,P00516,2025-11-17,56,M,Oncology,Chemotherapy complication,False,0,16,4,4,False,,Medicare,Skilled nursing facility,True,66445.17,False
ADM-03742,P01303,2025-11-17,40,F,General Medicine,Sepsis,True,1,3,6,2,True,7.6,Medicaid,Skilled nursing facility,False,14700.56,False
ADM-03743,P02248,2025-11-18,67,F,General Medicine,Sepsis,True,1,3,7,1,False,,Medicare,Home with services,False,11939.71,False
ADM-03744,P02536,2025-11-18,64,F,Pulmonology,COPD,True,0,3,10,2,False,,Medicare,Home,True,9980.15,False
ADM-03745,P00213,2025-11-18,66,F,Pulmonology,COPD,True,1,5,7,1,True,8.5,Medicare,Skilled nursing facility,True,18854.8,False
ADM-03746,P02491,2025-11-18,74,F,Cardiology,Heart failure,True,2,10,11,1,False,,Medicare,Home,False,36106.85,False
ADM-03747,P00774,2025-11-19,61,M,General Medicine,Sepsis,False,1,1,10,1,False,,Private,Home,True,8433.8,False
ADM-03748,P01045,2025-11-19,65,M,General Medicine,Sepsis,True,0,7,8,2,False,,Medicaid,Rehab,False,25372.45,False
ADM-03749,P01140,2025-11-19,62,M,Orthopedics,Hip fracture,False,1,5,7,1,False,,Private,Home,True,19907.95,False
ADM-03750,P02431,2025-11-19,71,M,Pulmonology,Pneumonia,False,0,4,9,0,False,,Medicare,Home,True,14328.3,False
ADM-03751,P02149,2025-11-19,67,M,Pulmonology,Pneumonia,True,2,1,14,1,False,,Private,Home,False,7987.29,True
ADM-03752,P01470,2025-11-19,71,F,Pulmonology,COPD,True,3,6,8,2,False,,Medicare,Home,True,24089.64,True
ADM-03753,P00376,2025-11-19,63,M,General Medicine,Diabetes complication,True,3,4,9,2,True,9.8,Medicare,Home,False,14762.01,False
ADM-03754,P00613,2025-11-19,43,F,Pulmonology,Pneumonia,True,0,11,9,1,True,8.2,Medicare,Skilled nursing facility,True,37677.79,True
ADM-03755,P02975,2025-11-19,62,M,Nephrology,Kidney disease,True,0,2,14,0,True,5.5,Medicaid,Home,True,10904.94,False
ADM-03756,P01749,2025-11-20,53,M,Oncology,Chemotherapy complication,True,1,13,12,1,True,9.2,Private,Skilled nursing facility,True,43883.23,False
ADM-03757,P02321,2025-11-20,74,M,Pulmonology,COPD,False,0,8,3,2,False,,Medicaid,Home with services,False,20221.74,False
ADM-03758,P00500,2025-11-20,64,F,Pulmonology,COPD,False,0,2,17,1,False,,Uninsured,Home,True,10170.42,False
ADM-03759,P00748,2025-11-20,60,M,Cardiology,Heart failure,True,0,6,15,0,False,,Medicare,Home,False,35904.05,False
ADM-03760,P01833,2025-11-20,51,M,Oncology,Chemotherapy complication,True,3,4,7,0,True,9.0,Medicaid,Home,False,15279.56,False
ADM-03761,P01369,2025-11-20,60,F,Cardiology,Heart failure,True,0,4,9,2,False,5.0,Medicaid,Rehab,True,22109.63,False
ADM-03762,P02809,2025-11-20,44,M,Orthopedics,Hip fracture,True,2,2,14,1,False,,Medicare,Home,False,9521.24,False
ADM-03763,P02570,2025-11-21,99,F,Cardiology,Heart failure,True,1,3,7,1,False,5.9,Medicare,Home,True,12616.36,False
ADM-03764,P03045,2025-11-21,68,F,Orthopedics,Hip fracture,True,1,7,11,2,False,,Medicare,Home,True,29239.06,False
ADM-03765,P02940,2025-11-21,85,M,General Medicine,Diabetes complication,True,1,7,7,2,True,7.6,Medicare,Home with services,True,27378.31,False
ADM-03766,P03183,2025-11-21,46,F,Pulmonology,Pneumonia,True,2,5,8,4,False,,Medicaid,Home with services,True,19757.88,False
ADM-03767,P02131,2025-11-22,56,F,General Medicine,Sepsis,False,4,2,12,1,False,,Medicaid,Skilled nursing facility,True,12389.02,False
ADM-03768,P00766,2025-11-22,64,M,Pulmonology,Pneumonia,False,2,8,8,1,False,,Medicaid,Home,True,36789.72,False
ADM-03769,P01212,2025-11-22,79,M,Cardiology,Heart failure,True,2,2,8,2,True,,Medicaid,Rehab,True,11991.72,False
ADM-03770,P01602,2025-11-23,71,M,Pulmonology,Pneumonia,False,1,5,11,0,False,,Medicare,Home with services,False,19086.57,True
ADM-03771,P03122,2025-11-23,58,M,Nephrology,Kidney disease,False,1,3,9,0,True,9.3,Medicare,Home,True,17018.65,False
ADM-03772,P02326,2025-11-23,83,F,Orthopedics,Hip fracture,True,1,2,9,2,False,,Medicare,Skilled nursing facility,True,7613.83,False
ADM-03773,P02412,2025-11-23,59,F,Cardiology,Heart failure,True,0,3,9,3,False,5.4,Medicare,Skilled nursing facility,False,12807.92,True
ADM-03774,P02338,2025-11-23,62,M,Oncology,Chemotherapy complication,False,1,10,9,1,False,,Medicare,Skilled nursing facility,True,36910.07,False
ADM-03775,P00110,2025-11-23,93,F,Cardiology,Heart failure,True,0,4,9,0,False,,Medicaid,Home,True,16641.8,False
ADM-03776,P02186,2025-11-24,60,M,Cardiology,Heart failure,False,1,6,15,1,True,8.4,Uninsured,Home with services,True,18965.79,False
ADM-03777,P01976,2025-11-24,82,F,Oncology,Chemotherapy complication,True,1,13,7,2,False,,Medicare,Home,True,51124.16,False
ADM-03778,P00017,2025-11-24,68,F,Cardiology,Heart failure,True,0,10,9,1,False,,Uninsured,Home with services,False,35917.26,False
ADM-03779,P00979,2025-11-24,66,F,Nephrology,Kidney disease,False,2,6,6,1,False,,Medicare,Home with services,True,24628.6,False
ADM-03780,P00579,2025-11-25,69,M,General Medicine,Diabetes complication,True,0,6,11,0,True,9.7,Private,Home,True,29927.23,False
ADM-03781,P01826,2025-11-25,53,F,Pulmonology,COPD,False,0,4,10,2,False,,Medicare,Home,False,16985.55,False
ADM-03782,P00604,2025-11-25,46,F,Pulmonology,COPD,True,0,7,3,2,False,5.0,Medicare,Home,True,19067.89,False
ADM-03783,P01686,2025-11-26,68,M,General Medicine,Sepsis,True,2,2,5,2,False,,Medicare,Home with services,True,8714.07,False
ADM-03784,P03110,2025-11-26,70,M,Pulmonology,COPD,True,1,3,7,0,False,,Private,Home,False,12052.25,False
ADM-03785,P02096,2025-11-27,88,F,Pulmonology,COPD,False,2,9,13,0,False,,Medicare,Home with services,False,27263.62,False
ADM-03786,P02661,2025-11-27,72,M,Pulmonology,COPD,False,0,2,5,0,False,,Medicare,Skilled nursing facility,True,9836.87,False
ADM-03787,P02205,2025-11-27,88,F,General Medicine,Diabetes complication,True,1,5,5,0,True,7.9,Medicaid,Skilled nursing facility,False,20604.97,False
ADM-03788,P01150,2025-11-27,70,F,Pulmonology,Pneumonia,True,1,6,9,1,False,,Medicare,Home,False,17777.24,False
ADM-03789,P01077,2025-11-27,85,F,General Medicine,Sepsis,True,0,8,7,1,False,,Medicaid,Home,True,30880.28,False
ADM-03790,P02061,2025-11-27,81,M,General Medicine,Sepsis,True,3,2,12,1,False,,Medicaid,Home,True,11421.31,False
ADM-03791,P00700,2025-11-28,73,F,Cardiology,Heart failure,True,1,10,6,3,False,,Medicare,Rehab,True,41243.43,True
ADM-03792,P00748,2025-11-28,72,M,Nephrology,Kidney disease,True,0,6,9,1,False,5.4,Private,Home,True,17470.18,False
ADM-03793,P00925,2025-11-28,38,F,Cardiology,Heart failure,False,1,5,10,1,False,,Private,Home,True,20947.69,False
ADM-03794,P00087,2025-11-28,54,M,Nephrology,Kidney disease,True,0,10,8,1,False,,Medicare,Skilled nursing facility,True,38492.89,False
ADM-03795,P03025,2025-11-28,62,M,Cardiology,Heart failure,True,1,3,8,0,True,,Medicare,Home,True,13022.45,False
ADM-03796,P01735,2025-11-28,72,M,Pulmonology,Pneumonia,True,0,4,10,1,False,,Medicare,Home with services,True,23943.9,False
ADM-03797,P01277,2025-11-28,76,F,Pulmonology,Pneumonia,False,0,15,11,0,False,,Medicare,Home with services,True,37408.98,False
ADM-03798,P00461,2025-11-28,49,M,Pulmonology,Pneumonia,True,1,3,13,4,False,5.3,Private,Skilled nursing facility,True,12469.31,False
ADM-03799,P00836,2025-11-28,89,F,Pulmonology,COPD,True,1,3,7,2,False,,Medicare,Home,False,10412.52,False
ADM-03800,P01629,2025-11-28,72,M,Pulmonology,COPD,True,0,3,17,1,False,,Medicare,Home,True,15257.54,False
ADM-03801,P01978,2025-11-28,50,M,Nephrology,Kidney disease,True,1,7,9,1,False,5.5,Private,Home,False,28714.51,False
ADM-03802,P01946,2025-11-29,78,M,Oncology,Chemotherapy complication,True,1,12,13,0,True,9.3,Uninsured,Rehab,True,33962.02,True
ADM-03803,P02609,2025-11-29,87,F,Orthopedics,Hip fracture,True,0,3,12,0,False,,Medicare,Skilled nursing facility,True,8975.35,False
ADM-03804,P02805,2025-11-29,90,F,Oncology,Chemotherapy complication,False,0,6,15,2,True,,Medicare,Home,False,24678.6,False
ADM-03805,P00512,2025-11-29,90,M,Pulmonology,COPD,False,2,8,2,0,True,8.4,Medicare,Home,True,27639.06,False
ADM-03806,P03087,2025-11-29,57,F,Cardiology,Heart failure,True,0,9,10,1,True,8.9,Private,Home,True,41204.8,False
ADM-03807,P00719,2025-11-29,61,M,Cardiology,Heart failure,False,3,6,4,2,False,,Private,Home,False,17009.5,False
ADM-03808,P03147,2025-11-29,67,F,Cardiology,Heart failure,False,2,3,10,3,False,,Medicare,Home with services,True,10360.87,False
ADM-03809,P00754,2025-11-29,86,M,Cardiology,Heart failure,True,1,4,1,0,False,,Private,Home,False,13443.29,False
ADM-03810,P00186,2025-11-29,65,M,Orthopedics,Hip fracture,True,1,2,11,2,True,8.2,Private,Home,False,10517.96,False
ADM-03811,P01976,2025-11-29,70,F,General Medicine,Sepsis,True,0,4,13,3,False,,Medicare,Home,True,12642.16,False
ADM-03812,P00872,2025-11-29,61,M,Cardiology,Heart failure,False,1,11,11,5,False,,Medicare,Home,True,41194.02,False
ADM-03813,P01437,2025-11-30,55,F,Orthopedics,Hip fracture,True,0,2,15,0,True,8.4,Medicare,Skilled nursing facility,True,10297.83,False
ADM-03814,P03016,2025-11-30,40,F,Oncology,Chemotherapy complication,True,0,2,7,2,False,,Medicare,Home,True,12706.2,False
ADM-03815,P00014,2025-11-30,73,F,Cardiology,Heart failure,True,1,7,16,2,False,5.4,Medicaid,Home,False,29007.27,True
ADM-03816,P02335,2025-11-30,50,F,Nephrology,Kidney disease,False,1,6,9,1,True,8.0,Medicaid,Home,True,27180.69,False
ADM-03817,P01781,2025-11-30,62,F,Orthopedics,Hip fracture,True,0,7,12,1,True,,Medicare,Home,True,23140.35,False
ADM-03818,P00150,2025-11-30,69,F,Cardiology,Heart failure,True,1,6,9,1,False,,Medicare,Home,True,24203.28,False
ADM-03819,P02015,2025-11-30,66,F,Cardiology,Heart failure,False,2,6,10,2,False,,Private,Skilled nursing facility,True,19322.95,False
ADM-03820,P01661,2025-11-30,86,M,General Medicine,Sepsis,False,0,9,15,2,True,7.2,Private,Home,False,27218.55,True
ADM-03821,P01549,2025-11-30,61,M,Pulmonology,Pneumonia,False,0,4,12,3,False,,Medicaid,Home,True,18559.97,False
ADM-03822,P01044,2025-11-30,50,F,Cardiology,Heart failure,False,0,8,10,0,True,7.9,Medicare,Home,False,35203.37,True
ADM-03823,P03107,2025-12-01,66,F,Orthopedics,Hip fracture,False,1,2,11,1,False,5.6,Medicare,Home,True,12874.23,False
ADM-03824,P02277,2025-12-01,70,F,Pulmonology,COPD,True,1,7,9,1,False,6.0,Private,Home,True,30727.74,False
ADM-03825,P02588,2025-12-01,86,F,Cardiology,Heart failure,True,1,3,10,2,False,,Private,Rehab,True,10849.33,False
ADM-03826,P02923,2025-12-01,51,M,Oncology,Chemotherapy complication,False,1,11,14,2,False,,Medicare,Skilled nursing facility,False,37739.96,True
ADM-03827,P03046,2025-12-01,77,F,Oncology,Chemotherapy complication,False,0,7,13,2,False,,Medicare,Rehab,True,25817.84,False
ADM-03828,P00323,2025-12-02,62,F,Orthopedics,Hip fracture,False,0,3,10,1,False,,Private,Home,False,10703.5,False
ADM-03829,P00848,2025-12-02,58,M,Pulmonology,COPD,True,0,3,12,0,False,,Medicare,Home,False,12367.97,False
ADM-03830,P02503,2025-12-02,72,F,Nephrology,Kidney disease,True,1,1,12,2,True,6.3,Medicare,Skilled nursing facility,False,6117.85,False
ADM-03831,P00462,2025-12-03,97,M,General Medicine,Diabetes complication,True,1,5,14,4,True,7.4,Medicaid,Home,True,16211.12,False
ADM-03832,P02217,2025-12-03,91,M,General Medicine,Sepsis,False,2,5,10,2,False,,Medicare,Home,False,20807.08,False
ADM-03833,P02079,2025-12-03,62,M,Nephrology,Kidney disease,True,2,3,7,1,False,,Private,Home with services,True,11153.59,False
ADM-03834,P02849,2025-12-03,56,F,Cardiology,Heart failure,True,1,2,6,3,False,,Medicaid,Home with services,True,8287.7,False
ADM-03835,P01584,2025-12-03,87,F,Pulmonology,Pneumonia,False,0,2,7,2,False,,Medicare,Home,True,9973.66,False
ADM-03836,P01050,2025-12-03,43,F,Pulmonology,COPD,True,1,5,12,2,True,7.0,Medicare,Skilled nursing facility,True,17845.31,False
ADM-03837,P02372,2025-12-03,43,M,Cardiology,Heart failure,True,0,8,9,1,False,,Medicare,Skilled nursing facility,True,31663.05,False
ADM-03838,P01105,2025-12-03,56,M,Cardiology,Heart failure,False,2,9,8,0,False,5.3,Private,Home,True,39964.72,False
ADM-03839,P00855,2025-12-03,72,M,General Medicine,Sepsis,False,1,4,15,1,False,,Medicaid,Skilled nursing facility,True,18809.02,False
ADM-03840,P01617,2025-12-03,67,M,Cardiology,Heart failure,False,1,4,3,1,False,5.2,Private,Home with services,True,13431.44,False
ADM-03841,P01417,2025-12-04,83,M,Nephrology,Kidney disease,False,1,10,6,1,False,,Uninsured,Skilled nursing facility,True,29976.85,False
ADM-03842,P01050,2025-12-04,73,F,Pulmonology,Pneumonia,False,0,1,10,1,False,6.0,Medicaid,Home,False,9949.57,False
ADM-03843,P02442,2025-12-04,78,M,Pulmonology,Pneumonia,False,0,1,10,2,True,8.9,Private,Home,False,7521.1,False
ADM-03844,P02449,2025-12-04,53,F,Pulmonology,COPD,True,4,6,14,2,False,,Medicare,Home with services,False,18729.64,False
ADM-03845,P03122,2025-12-05,76,F,Pulmonology,COPD,True,0,4,5,4,False,,Medicare,Home,True,15147.52,False
ADM-03846,P01473,2025-12-05,75,M,Pulmonology,COPD,False,2,7,5,1,False,,Private,Home,True,27223.15,False
ADM-03847,P01675,2025-12-05,64,M,Cardiology,Heart failure,False,0,7,14,1,True,7.2,Medicare,Home,True,34496.16,False
ADM-03848,P01830,2025-12-05,51,M,Nephrology,Kidney disease,False,1,9,7,2,False,,Private,Home,False,29030.99,False
ADM-03849,P01530,2025-12-05,74,M,Pulmonology,COPD,False,0,4,10,2,False,,Private,Home with services,True,14308.39,False
ADM-03850,P01376,2025-12-05,68,M,Cardiology,Heart failure,True,3,6,17,3,False,,Private,Skilled nursing facility,True,19219.43,False
ADM-03851,P03016,2025-12-05,70,M,Cardiology,Heart failure,False,0,7,4,1,False,,Medicare,Home,True,17176.87,False
ADM-03852,P01153,2025-12-06,81,M,Cardiology,Heart failure,True,0,7,13,2,False,,Medicaid,Rehab,True,27784.16,False
ADM-03853,P00184,2025-12-06,86,F,Orthopedics,Hip fracture,True,2,6,9,1,False,,Private,Home with services,False,21535.37,True
ADM-03854,P01488,2025-12-06,69,F,General Medicine,Sepsis,True,0,3,12,2,False,,Private,Home,True,12306.68,False
ADM-03855,P02920,2025-12-06,67,M,Oncology,Chemotherapy complication,True,3,8,7,2,False,,Medicare,Rehab,False,20981.22,False
ADM-03856,P02868,2025-12-06,47,F,Oncology,Chemotherapy complication,True,1,6,15,1,True,7.5,Medicare,Home,True,25123.51,False
ADM-03857,P01016,2025-12-06,71,F,Nephrology,Kidney disease,True,0,1,14,2,False,5.7,Medicare,Skilled nursing facility,True,8841.02,False
ADM-03858,P01436,2025-12-06,60,F,Pulmonology,COPD,True,0,1,10,3,True,7.2,Private,Rehab,True,4745.48,False
ADM-03859,P02452,2025-12-07,63,M,Orthopedics,Hip fracture,False,2,4,9,1,False,,Private,Home,True,16115.54,False
ADM-03860,P02052,2025-12-07,77,F,Pulmonology,COPD,False,1,2,11,2,True,10.3,Medicare,Home with services,True,8453.21,False
ADM-03861,P01797,2025-12-07,68,M,Orthopedics,Hip fracture,False,0,1,11,2,True,8.7,Medicare,Skilled nursing facility,False,6340.98,False
ADM-03862,P00591,2025-12-07,70,M,Cardiology,Heart failure,True,1,6,7,2,False,,Medicaid,Home,True,19878.32,False
ADM-03863,P02612,2025-12-07,81,M,Nephrology,Kidney disease,True,0,1,12,1,False,,Medicare,Home,False,6621.45,False
ADM-03864,P00016,2025-12-07,81,M,Pulmonology,Pneumonia,True,0,6,10,4,False,,Medicare,Rehab,True,22779.68,False
ADM-03865,P01798,2025-12-08,67,F,Pulmonology,Pneumonia,True,2,6,13,1,True,8.1,Medicare,Home,True,19121.07,False
ADM-03866,P01097,2025-12-08,56,M,Nephrology,Kidney disease,False,1,2,4,2,False,,Medicare,Home,False,9550.15,False
ADM-03867,P01378,2025-12-08,73,M,Oncology,Chemotherapy complication,True,3,2,14,0,False,,Private,Home,True,11512.08,False
ADM-03868,P02978,2025-12-08,52,M,Orthopedics,Hip fracture,True,0,2,9,0,False,,Medicare,Home,True,8684.98,False
ADM-03869,P02294,2025-12-08,76,M,Pulmonology,Pneumonia,True,1,1,16,3,False,5.7,Uninsured,Home,False,5497.3,False
ADM-03870,P01401,2025-12-08,62,M,Cardiology,Heart failure,True,0,3,15,2,True,8.8,Medicare,Home,True,13587.57,False
ADM-03871,P02048,2025-12-08,57,F,Cardiology,Heart failure,True,1,7,6,2,False,,Medicaid,Home with services,False,26818.66,False
ADM-03872,P00524,2025-12-09,63,M,Pulmonology,Pneumonia,False,0,2,6,1,False,,Medicare,Skilled nursing facility,True,11218.76,False
ADM-03873,P00022,2025-12-09,84,F,General Medicine,Diabetes complication,False,0,4,9,1,True,10.2,Private,Home,False,15494.67,False
ADM-03874,P02690,2025-12-09,60,M,Nephrology,Kidney disease,True,0,1,8,0,False,,Medicare,Home with services,True,7270.7,False
ADM-03875,P00668,2025-12-09,67,M,Orthopedics,Hip fracture,False,3,6,9,1,False,,Medicare,Home,False,20966.53,False
ADM-03876,P02715,2025-12-09,82,F,General Medicine,Diabetes complication,True,2,12,13,2,True,8.6,Medicare,Home,False,35747.2,True
ADM-03877,P00610,2025-12-09,46,M,Nephrology,Kidney disease,True,2,10,10,2,False,5.7,Medicaid,Home,True,24128.8,False
ADM-03878,P02308,2025-12-09,72,M,Pulmonology,Pneumonia,True,0,13,8,2,False,,Medicaid,Home,True,38728.7,False
ADM-03879,P02377,2025-12-10,82,M,Nephrology,Kidney disease,True,1,9,14,1,True,10.1,Medicaid,Home,True,31623.78,False
ADM-03880,P02968,2025-12-10,56,F,Nephrology,Kidney disease,True,3,5,11,4,False,5.8,Medicaid,Home with services,False,17470.61,False
ADM-03881,P02135,2025-12-10,98,M,Orthopedics,Hip fracture,True,1,2,4,2,False,,Private,Home with services,True,11899.12,False
ADM-03882,P01485,2025-12-10,72,F,Nephrology,Kidney disease,True,3,1,6,2,False,,Medicare,Home,True,4705.49,False
ADM-03883,P00324,2025-12-10,50,F,Cardiology,Heart failure,False,0,9,8,0,False,,Private,Skilled nursing facility,False,35874.92,False
ADM-03884,P02798,2025-12-10,60,M,Cardiology,Heart failure,True,0,4,9,5,False,,Medicaid,Home with services,False,15633.33,False
ADM-03885,P01436,2025-12-11,49,M,Cardiology,Heart failure,True,2,6,9,1,False,,Medicare,Skilled nursing facility,True,18743.33,False
ADM-03886,P00654,2025-12-11,96,M,General Medicine,Sepsis,False,0,8,8,2,False,,Private,Skilled nursing facility,True,31930.53,False
ADM-03887,P01101,2025-12-11,66,F,Orthopedics,Hip fracture,True,1,2,5,2,False,,Medicaid,Home,True,8863.03,False
ADM-03888,P02430,2025-12-11,80,F,Pulmonology,Pneumonia,False,0,1,8,2,False,,Medicare,Home,True,6560.49,False
ADM-03889,P01446,2025-12-11,58,F,Pulmonology,COPD,True,1,4,8,1,False,,Private,Home,False,17296.1,False
ADM-03890,P01462,2025-12-11,68,F,General Medicine,Diabetes complication,False,0,7,6,2,True,6.7,Medicaid,Skilled nursing facility,True,25528.17,False
ADM-03891,P00966,2025-12-12,74,M,Oncology,Chemotherapy complication,False,0,5,7,1,False,,Private,Home with services,True,22784.13,False
ADM-03892,P00403,2025-12-12,64,M,Cardiology,Heart failure,False,0,1,8,2,False,,Private,Home,True,6353.82,True
ADM-03893,P00927,2025-12-12,72,F,Cardiology,Heart failure,True,1,4,4,3,False,5.2,Medicare,Home,True,15050.89,False
ADM-03894,P01597,2025-12-12,59,F,Pulmonology,Pneumonia,True,4,11,8,0,True,,Medicare,Home with services,True,42396.4,False
ADM-03895,P03143,2025-12-12,77,F,General Medicine,Sepsis,True,0,2,7,5,False,,Medicare,Home,True,12471.33,False
ADM-03896,P03159,2025-12-13,58,M,General Medicine,Sepsis,True,2,1,12,0,False,,Medicare,Home,True,8224.48,False
ADM-03897,P00731,2025-12-13,57,F,Cardiology,Heart failure,True,1,7,10,0,True,9.3,Medicare,Skilled nursing facility,True,29868.55,False
ADM-03898,P00931,2025-12-13,82,M,General Medicine,Diabetes complication,False,0,8,11,4,True,8.5,Medicaid,Rehab,False,29719.58,False
ADM-03899,P00886,2025-12-13,74,M,Pulmonology,COPD,False,0,8,12,1,False,,Medicare,Home with services,False,26314.97,False
ADM-03900,P03166,2025-12-13,86,M,General Medicine,Diabetes complication,True,0,2,8,2,True,,Medicare,Home,True,6984.42,False
ADM-03901,P02112,2025-12-13,73,M,General Medicine,Sepsis,False,1,3,9,1,True,7.9,Private,Rehab,False,11819.34,False
ADM-03902,P00139,2025-12-14,75,M,Orthopedics,Hip fracture,True,1,4,10,2,False,,Medicaid,Home,False,23208.61,False
ADM-03903,P00657,2025-12-14,99,F,Nephrology,Kidney disease,True,1,14,6,1,True,,Medicaid,Home,True,38534.69,False
ADM-03904,P00218,2025-12-14,52,M,Pulmonology,Pneumonia,False,1,5,5,0,False,,Medicare,Home,True,21634.14,False
ADM-03905,P00175,2025-12-14,86,F,Cardiology,Heart failure,False,0,2,10,0,False,5.9,Private,Skilled nursing facility,True,9901.93,False
ADM-03906,P00341,2025-12-14,77,F,Cardiology,Heart failure,True,1,4,12,3,False,,Private,Rehab,True,16898.37,False
ADM-03907,P00649,2025-12-14,56,F,Cardiology,Heart failure,True,1,6,4,3,False,,Medicare,Home,False,21280.14,False
ADM-03908,P00254,2025-12-15,67,M,General Medicine,Sepsis,False,0,4,15,1,True,8.3,Medicare,Home,False,14486.75,False
ADM-03909,P01428,2025-12-15,50,F,Cardiology,Heart failure,True,0,9,9,2,False,,Medicare,Home,True,28261.2,False
ADM-03910,P01360,2025-12-16,83,F,General Medicine,Diabetes complication,False,1,7,14,2,True,5.3,Private,Home,True,21197.47,False
ADM-03911,P00471,2025-12-16,95,F,Cardiology,Heart failure,True,1,9,8,0,False,,Medicare,Home,True,37837.15,True
ADM-03912,P01522,2025-12-16,71,M,Pulmonology,COPD,False,1,2,10,0,True,,Medicare,Home with services,True,9848.61,False
ADM-03913,P01307,2025-12-16,60,M,General Medicine,Diabetes complication,True,2,7,8,0,True,7.2,Uninsured,Home with services,True,33716.31,False
ADM-03914,P00720,2025-12-16,78,F,Cardiology,Heart failure,False,0,10,9,1,False,,Medicare,Home with services,False,28614.04,False
ADM-03915,P00626,2025-12-16,63,M,Pulmonology,COPD,False,0,10,10,1,False,5.2,Medicare,Home,True,27092.19,False
ADM-03916,P00476,2025-12-17,70,M,Cardiology,Heart failure,True,1,4,11,1,False,,Medicare,Skilled nursing facility,False,20570.91,True
ADM-03917,P02079,2025-12-17,68,M,Pulmonology,Pneumonia,False,0,2,11,2,True,7.4,Medicaid,Home with services,False,10584.46,False
ADM-03918,P00931,2025-12-17,72,M,Pulmonology,COPD,True,3,3,4,1,True,6.8,Medicare,Skilled nursing facility,True,18335.66,True
ADM-03919,P03095,2025-12-17,87,M,Oncology,Chemotherapy complication,True,2,5,17,1,False,,Medicare,Rehab,True,22012.38,False
ADM-03920,P01075,2025-12-18,52,F,Oncology,Chemotherapy complication,True,0,16,7,1,False,,Medicare,Home,True,54625.24,False
ADM-03921,P01381,2025-12-18,72,F,Nephrology,Kidney disease,True,0,4,10,0,False,,Medicare,Skilled nursing facility,True,18808.95,False
ADM-03922,P01184,2025-12-18,44,M,General Medicine,Diabetes complication,False,1,5,11,2,True,8.0,Uninsured,Home with services,False,22853.14,False
ADM-03923,P03160,2025-12-18,68,F,General Medicine,Diabetes complication,True,2,2,18,3,True,,Medicare,Home,True,12214.85,False
ADM-03924,P01121,2025-12-18,52,F,Cardiology,Heart failure,False,1,4,6,1,False,6.0,Medicare,Home with services,True,14183.2,False
ADM-03925,P02871,2025-12-18,52,F,General Medicine,Sepsis,False,0,3,11,2,False,,Private,Home,False,10464.29,False
ADM-03926,P02982,2025-12-18,68,M,Pulmonology,COPD,True,1,11,17,0,True,9.5,Medicare,Home,True,43369.04,False
ADM-03927,P01925,2025-12-18,70,M,Cardiology,Heart failure,True,0,2,15,1,True,9.5,Private,Home with services,True,7194.2,False
ADM-03928,P00712,2025-12-19,35,M,Nephrology,Kidney disease,True,4,1,7,0,False,,Private,Home with services,True,6549.02,True
ADM-03929,P02966,2025-12-19,63,F,General Medicine,Sepsis,True,0,4,9,2,False,,Medicare,Home,False,16667.61,False
ADM-03930,P03195,2025-12-19,57,F,Nephrology,Kidney disease,False,2,3,5,0,True,5.0,Medicaid,Home,False,16851.76,False
ADM-03931,P01807,2025-12-19,87,F,Orthopedics,Hip fracture,True,0,4,12,3,True,,Medicare,Home,True,20631.53,False
ADM-03932,P02518,2025-12-19,75,F,Oncology,Chemotherapy complication,False,0,4,7,1,True,8.8,Private,Home,True,12345.59,False
ADM-03933,P01235,2025-12-20,52,F,General Medicine,Diabetes complication,False,1,8,12,1,True,11.0,Private,Home,True,34987.34,True
ADM-03934,P01677,2025-12-20,76,M,Pulmonology,COPD,False,0,7,8,4,False,,Medicare,Rehab,False,27927.56,False
ADM-03935,P00363,2025-12-20,73,M,Oncology,Chemotherapy complication,True,0,3,10,0,True,8.3,Private,Home,True,15179.32,False
ADM-03936,P00076,2025-12-20,46,F,Pulmonology,COPD,True,0,3,12,0,True,8.2,Medicare,Home,True,10338.77,False
ADM-03937,P00113,2025-12-20,87,F,Pulmonology,Pneumonia,True,0,1,7,1,False,,Medicaid,Home,True,5792.52,False
ADM-03938,P01350,2025-12-20,49,M,Nephrology,Kidney disease,False,1,13,12,1,True,6.2,Private,Skilled nursing facility,False,53153.35,False
ADM-03939,P01338,2025-12-20,88,M,Pulmonology,COPD,False,0,6,14,1,False,,Uninsured,Skilled nursing facility,True,22937.65,False
ADM-03940,P01698,2025-12-20,90,F,General Medicine,Diabetes complication,True,2,8,16,0,True,8.9,Medicare,Home,False,27158.86,True
ADM-03941,P00523,2025-12-20,68,F,Pulmonology,Pneumonia,True,2,3,10,4,True,8.8,Medicare,Home,True,13292.53,False
ADM-03942,P01842,2025-12-21,99,F,Oncology,Chemotherapy complication,False,0,6,14,1,False,,Uninsured,Home with services,True,26532.79,False
ADM-03943,P01105,2025-12-21,99,F,General Medicine,Diabetes complication,True,3,2,11,1,True,8.5,Medicare,Home,True,10570.41,False
ADM-03944,P02068,2025-12-21,84,F,Nephrology,Kidney disease,False,1,4,9,0,True,,Medicare,Rehab,True,14364.19,False
ADM-03945,P01454,2025-12-21,64,F,Cardiology,Heart failure,True,0,6,10,1,False,,Private,Home,False,18192.56,False
ADM-03946,P02536,2025-12-21,73,M,General Medicine,Sepsis,True,2,3,9,1,False,,Private,Home,False,13423.82,False
ADM-03947,P01867,2025-12-21,61,F,Pulmonology,Pneumonia,True,0,2,13,2,False,,Medicare,Home,True,11426.44,False
ADM-03948,P02099,2025-12-22,81,M,Pulmonology,Pneumonia,True,2,2,7,2,False,,Private,Home,True,8908.81,False
ADM-03949,P01810,2025-12-22,67,F,Nephrology,Kidney disease,True,1,1,13,1,True,7.4,Uninsured,Home,True,5614.85,False
ADM-03950,P03129,2025-12-22,66,F,Nephrology,Kidney disease,False,1,5,8,1,False,,Medicare,Home,False,17327.6,False
ADM-03951,P01059,2025-12-22,79,F,Pulmonology,COPD,True,1,26,8,0,False,,Medicare,Home,True,58311.48,False
ADM-03952,P02991,2025-12-22,79,F,Orthopedics,Hip fracture,True,0,2,8,1,False,,Private,Home with services,True,10955.08,False
ADM-03953,P01240,2025-12-23,77,M,Pulmonology,Pneumonia,True,0,2,10,0,False,,Medicare,Home,False,8954.34,False
ADM-03954,P02056,2025-12-23,58,M,Pulmonology,Pneumonia,False,0,5,17,3,True,8.5,Medicare,Home,False,18468.14,True
ADM-03955,P01577,2025-12-24,62,F,Cardiology,Heart failure,True,2,5,5,1,False,,Private,Skilled nursing facility,True,15692.86,False
ADM-03956,P02650,2025-12-24,74,F,Pulmonology,COPD,False,1,6,3,1,False,,Medicaid,Home,True,26090.4,False
ADM-03957,P01372,2025-12-24,77,F,Cardiology,Heart failure,True,0,4,6,2,False,5.7,Medicare,Skilled nursing facility,True,15518.29,False
ADM-03958,P02816,2025-12-24,58,F,Cardiology,Heart failure,False,1,6,9,3,False,,Medicaid,Home,True,14380.46,False
ADM-03959,P01720,2025-12-25,65,F,Pulmonology,Pneumonia,True,4,7,6,2,False,,Medicare,Rehab,False,25813.71,True
ADM-03960,P01935,2025-12-25,46,F,Pulmonology,COPD,False,3,3,11,1,False,,Medicare,Home,True,13326.91,True
ADM-03961,P01620,2025-12-25,88,M,Orthopedics,Hip fracture,True,2,5,5,3,False,,Medicare,Home,True,14467.48,False
ADM-03962,P00486,2025-12-25,54,F,Orthopedics,Hip fracture,True,1,10,3,0,False,,Uninsured,Skilled nursing facility,True,33880.84,False
ADM-03963,P01271,2025-12-25,79,F,Oncology,Chemotherapy complication,True,1,7,8,3,True,6.8,Medicare,Skilled nursing facility,True,23915.14,False
ADM-03964,P01198,2025-12-25,64,M,Cardiology,Heart failure,True,0,3,8,2,False,5.4,Medicare,Home,True,9198.83,False
ADM-03965,P01388,2025-12-25,85,M,Cardiology,Heart failure,True,2,1,5,1,True,7.8,Medicaid,Home,False,8458.21,False
ADM-03966,P02275,2025-12-26,60,F,Pulmonology,COPD,True,2,4,10,2,False,,Medicare,Home,True,17478.0,False
ADM-03967,P00371,2025-12-26,60,F,Nephrology,Kidney disease,False,0,5,6,2,False,,Private,Skilled nursing facility,True,23334.0,False
ADM-03968,P03099,2025-12-26,66,F,Oncology,Chemotherapy complication,False,2,15,3,2,False,,Medicaid,Skilled nursing facility,False,51975.01,True
ADM-03969,P02882,2025-12-26,83,M,Nephrology,Kidney disease,False,0,3,7,2,False,,Uninsured,Skilled nursing facility,True,14051.75,False
ADM-03970,P01740,2025-12-26,85,M,Pulmonology,Pneumonia,False,1,4,5,3,False,5.6,Private,Home with services,False,16948.11,True
ADM-03971,P02544,2025-12-26,87,M,Pulmonology,COPD,True,1,3,8,2,True,6.4,Medicaid,Home,True,11806.62,False
ADM-03972,P02597,2025-12-27,52,F,Cardiology,Heart failure,True,1,3,8,1,False,,Private,Home,False,14530.35,False
ADM-03973,P01705,2025-12-27,61,M,General Medicine,Diabetes complication,True,4,9,11,1,True,6.7,Private,Home with services,True,31584.42,False
ADM-03974,P01212,2025-12-27,52,M,Pulmonology,COPD,False,0,2,5,0,False,,Medicare,Home,True,11813.06,False
ADM-03975,P02513,2025-12-27,71,M,Pulmonology,COPD,False,1,6,14,5,True,9.3,Private,Home,True,34745.9,False
ADM-03976,P02870,2025-12-28,68,F,Orthopedics,Hip fracture,True,0,7,4,2,False,,Medicare,Rehab,True,20595.69,False
ADM-03977,P01789,2025-12-28,67,M,General Medicine,Diabetes complication,True,2,2,12,3,True,8.7,Medicare,Rehab,True,11244.77,False
ADM-03978,P00696,2025-12-28,72,M,Cardiology,Heart failure,False,0,17,11,0,False,,Medicare,Home,False,52669.49,False
ADM-03979,P01600,2025-12-28,47,F,Cardiology,Heart failure,False,0,5,4,0,False,,Medicare,Home,True,21345.7,False
ADM-03980,P03076,2025-12-28,88,M,Cardiology,Heart failure,True,1,2,13,2,False,,Medicare,Home,True,7962.13,False
ADM-03981,P02359,2025-12-28,60,F,Nephrology,Kidney disease,False,1,2,13,1,False,,Medicaid,Home,True,10329.87,False
ADM-03982,P02752,2025-12-28,72,F,General Medicine,Sepsis,False,4,1,11,1,False,,Private,Rehab,True,6214.43,False
ADM-03983,P02073,2025-12-29,69,M,General Medicine,Diabetes complication,True,3,4,16,2,True,7.1,Medicare,Home with services,False,15010.98,False
ADM-03984,P00727,2025-12-29,90,F,General Medicine,Sepsis,True,0,7,8,1,False,5.6,Medicare,Skilled nursing facility,True,23190.99,False
ADM-03985,P00981,2025-12-29,38,F,Cardiology,Heart failure,True,1,2,7,0,False,,Medicare,Home,True,10355.95,True
ADM-03986,P01429,2025-12-29,74,M,Pulmonology,Pneumonia,False,1,3,7,1,False,,Medicaid,Home,True,14598.24,True
ADM-03987,P01300,2025-12-29,63,F,Oncology,Chemotherapy complication,True,2,1,6,2,False,,Medicare,Home,True,3929.79,False
ADM-03988,P02415,2025-12-30,64,M,Oncology,Chemotherapy complication,True,1,7,7,0,False,,Medicare,Home,True,26740.69,False
ADM-03989,P00036,2025-12-30,47,M,General Medicine,Sepsis,False,0,1,8,2,False,,Private,Home,False,5981.08,False
ADM-03990,P01955,2025-12-30,85,M,Pulmonology,Pneumonia,False,1,12,17,2,False,,Medicare,Home,True,34674.38,False
ADM-03991,P02294,2025-12-30,54,M,General Medicine,Diabetes complication,False,2,8,8,2,True,5.5,Medicare,Home,True,28220.37,False
ADM-03992,P00493,2025-12-30,90,M,Pulmonology,Pneumonia,True,0,6,7,2,False,,Private,Home with services,False,17333.72,False
ADM-03993,P00804,2025-12-31,77,M,Cardiology,Heart failure,True,2,5,14,1,True,6.3,Uninsured,Home,True,17144.48,False
ADM-03994,P01167,2025-12-31,76,F,Nephrology,Kidney disease,True,1,3,10,1,False,,Medicaid,Home,True,13776.53,False
ADM-03995,P01308,2025-12-31,47,M,Pulmonology,COPD,True,0,3,8,2,True,7.5,Medicare,Home,True,9843.65,False
ADM-03996,P03084,2025-12-31,84,F,General Medicine,Sepsis,True,1,4,13,1,False,,Medicare,Home,False,10347.15,False
ADM-03997,P02072,2025-12-31,69,M,General Medicine,Sepsis,False,1,2,13,3,False,,Medicare,Home,True,7047.19,True
ADM-03998,P02796,2025-12-31,58,M,Pulmonology,COPD,False,0,4,6,2,False,,Uninsured,Home with services,True,13119.36,False
ADM-03999,P03082,2025-12-31,52,F,General Medicine,Sepsis,True,2,9,9,1,False,5.0,Medicare,Skilled nursing facility,True,33743.83,False
ADM-04000,P00841,2025-12-31,86,F,Cardiology,Heart failure,False,0,9,9,1,False,,Medicare,Home,True,23469.52,False
