employee_id,department,job_level,age,gender,education,tenure_years,years_since_promotion,monthly_salary,salary_vs_band_pct,overtime,satisfaction_score,work_life_balance,performance_rating,commute_km,remote_days_per_week,training_hours_last_year,left_company
E00001,Operations,4,28,Female,Bachelor,3.4,0.6,9126.0,-1.8,False,4,3,5,9.6,0,55,False
E00002,Sales,1,35,Male,Bachelor,1.8,1.8,3922.0,2.0,False,3,3,3,13.0,2,45,False
E00003,Engineering,1,34,Male,Master,3.4,0.4,3961.0,4.6,True,5,2,4,43.6,2,32,False
E00004,Engineering,5,37,Female,Bachelor,3.8,1.1,9346.0,-27.8,False,5,3,4,1.3,2,20,False
E00005,Support,3,37,Male,Bachelor,6.4,1.7,8325.0,17.1,False,3,3,3,14.0,2,7,False
E00006,Engineering,1,25,Female,High school,4.7,4.7,4129.0,7.0,False,3,3,2,21.4,0,52,False
E00007,Sales,3,41,Male,Master,4.4,4.4,7514.0,9.3,True,5,3,5,8.6,3,12,True
E00008,Operations,3,41,Female,Master,5.7,2.2,6881.0,-8.2,False,3,4,2,19.1,1,2,False
E00009,Sales,2,40,Female,Bachelor,0.2,0.2,4516.0,-9.7,True,5,3,4,34.4,2,41,False
E00010,Sales,5,20,Male,Bachelor,3.9,2.0,13534.0,2.3,True,3,2,3,22.2,1,48,True
E00011,Operations,2,26,Male,Bachelor,1.4,0.3,5406.0,-1.2,False,5,4,4,6.6,0,46,False
E00012,Finance,3,39,Male,Master,6.4,4.3,6181.0,-14.1,False,2,3,3,67.0,1,55,False
E00013,Engineering,4,37,Female,PhD,3.3,1.9,8537.0,-9.5,False,3,3,2,17.5,3,20,False
E00014,Marketing,2,31,Female,Bachelor,3.2,1.1,6279.0,19.0,False,1,4,3,27.1,2,27,True
E00015,Operations,5,25,Non-binary,Bachelor,6.0,5.6,10200.0,-22.6,False,2,3,4,33.1,4,54,False
E00016,Sales,5,27,Male,Bachelor,4.1,1.0,11041.0,-15.3,False,2,4,3,18.7,2,15,True
E00017,Sales,1,41,Female,Master,7.0,1.8,3191.0,-11.0,False,4,4,4,16.8,4,46,False
E00018,Finance,5,42,Male,Bachelor,3.0,1.7,12488.0,0.6,False,4,4,3,7.8,2,19,False
E00019,HR,2,36,Male,Bachelor,8.8,3.5,5127.0,-2.3,False,3,3,4,19.4,2,23,False
E00020,Marketing,2,38,Male,Bachelor,4.8,2.3,5513.0,6.4,False,3,3,3,12.2,0,52,False
E00021,Sales,2,29,Female,Bachelor,4.9,0.5,5432.0,-0.7,False,4,3,4,14.9,4,34,False
E00022,Sales,3,32,Female,Bachelor,4.4,1.2,6722.0,-2.9,False,1,4,3,17.5,0,27,False
E00023,Support,4,28,Female,Bachelor,4.7,3.0,8351.0,-5.6,False,4,4,2,8.6,0,57,False
E00024,Support,4,49,Male,Bachelor,11.6,3.1,9332.0,-2.1,True,5,3,3,17.0,2,57,True
E00025,Support,4,36,Male,High school,3.2,1.2,8162.0,-11.9,False,4,3,3,16.7,2,14,False
E00026,Sales,1,26,Male,Bachelor,1.3,0.6,4276.0,11.4,True,2,3,4,23.4,3,14,False
E00027,Engineering,1,38,Male,Bachelor,9.6,1.5,4498.0,22.2,True,5,2,5,8.3,1,39,False
E00028,Support,1,35,Male,Bachelor,2.4,1.9,3016.0,-20.5,False,3,3,3,5.4,2,14,False
E00029,Engineering,2,35,Male,Bachelor,2.7,0.2,5586.0,6.7,True,3,3,3,33.1,0,26,False
E00030,Support,4,41,Male,Master,1.1,1.1,10807.0,14.5,False,5,3,5,5.5,1,34,False
E00031,Marketing,1,30,Male,Bachelor,1.2,1.0,4185.0,8.5,True,1,2,3,44.7,3,16,False
E00032,Operations,4,30,Female,Bachelor,7.4,3.4,8697.0,-4.2,False,3,4,4,26.2,5,54,False
E00033,Support,2,30,Female,Bachelor,5.3,2.7,4927.0,-1.5,False,3,4,5,17.4,3,18,False
E00034,Engineering,2,28,Female,Master,1.4,0.7,4185.0,-11.6,False,5,3,4,7.2,0,55,False
E00035,Marketing,2,29,Male,Bachelor,11.0,1.9,6004.0,14.4,False,5,3,5,19.0,2,9,False
E00036,Engineering,2,51,Female,Bachelor,13.3,2.2,5057.0,-3.6,False,2,4,3,4.6,0,55,False
E00037,Support,4,45,Female,Master,6.6,0.6,8740.0,-11.4,False,3,3,4,5.8,0,7,False
E00038,Engineering,5,35,Female,Master,2.1,0.7,14401.0,8.2,False,3,4,3,23.9,2,30,False
E00039,Sales,2,28,Male,Master,4.6,0.4,5512.0,-0.1,True,4,3,3,16.0,0,1,True
E00040,Finance,2,25,Male,Bachelor,6.7,2.5,5452.0,0.5,False,4,4,2,18.3,1,22,False
E00041,Operations,2,23,Female,Master,0.9,0.9,5556.0,4.0,False,4,3,2,10.4,0,32,False
E00042,Marketing,1,33,Non-binary,Bachelor,2.9,2.9,3529.0,-2.1,False,4,3,4,19.6,4,48,False
E00043,Sales,2,38,Female,Master,5.8,0.2,5766.0,10.6,False,2,3,5,9.6,3,48,False
E00044,Sales,2,33,Female,Master,3.4,3.4,5724.0,14.4,False,2,4,4,3.7,0,6,False
E00045,Marketing,1,34,Female,Bachelor,1.0,1.0,3547.0,-5.0,False,4,3,3,13.6,1,57,False
E00046,Engineering,2,22,Female,Bachelor,3.4,0.7,4552.0,-12.0,False,1,4,5,10.7,2,4,False
E00047,HR,1,31,Male,High school,1.3,1.3,3979.0,5.8,False,4,4,3,11.0,2,16,False
E00048,Operations,2,29,Female,High school,4.2,1.5,6013.0,17.7,False,2,4,4,30.3,1,9,False
E00049,Engineering,1,33,Female,Master,5.1,1.0,4223.0,12.7,False,3,4,4,3.4,0,18,False
E00050,Sales,2,40,Female,Master,7.5,1.6,4862.0,-0.0,True,3,3,3,3.0,3,10,False
E00051,Marketing,4,31,Male,Bachelor,3.6,0.2,12896.0,34.0,False,4,3,4,16.0,0,47,False
E00052,Operations,2,37,Male,Bachelor,7.5,2.2,4265.0,-17.2,False,2,4,2,15.4,0,9,False
E00053,Support,3,28,Male,Bachelor,2.2,1.5,7570.0,5.9,False,4,3,4,10.8,1,47,False
E00054,Engineering,1,28,Non-binary,Bachelor,4.6,1.1,3348.0,-12.2,False,5,3,4,14.3,0,7,False
E00055,Operations,1,28,Female,Master,1.8,1.8,3870.0,6.5,True,3,2,3,9.2,3,14,False
E00056,Operations,3,31,Male,Master,5.0,5.0,7406.0,8.0,True,3,3,3,38.7,2,20,False
E00057,Sales,2,37,Female,High school,7.9,3.0,4992.0,1.1,False,3,3,4,16.1,3,34,True
E00058,HR,3,44,Female,Bachelor,10.5,2.5,6335.0,-4.8,False,5,3,4,23.3,2,3,False
E00059,Operations,5,34,Male,Bachelor,3.4,3.4,13310.0,-3.5,True,3,3,4,24.1,0,6,False
E00060,Sales,2,35,Male,Bachelor,3.1,3.1,4412.0,-7.7,True,4,3,3,7.0,0,22,False
E00061,Engineering,3,31,Male,Master,2.4,2.1,7245.0,3.0,False,4,4,5,16.9,4,51,False
E00062,Sales,2,33,Male,Bachelor,2.3,2.3,4500.0,-11.5,True,4,3,3,16.6,4,16,False
E00063,Operations,1,35,Male,Bachelor,4.8,2.5,3677.0,-0.6,False,3,4,4,9.5,0,2,False
E00064,Engineering,1,33,Female,Master,2.6,0.4,3581.0,-4.6,False,4,3,5,18.5,0,7,False
E00065,HR,1,37,Female,Bachelor,0.5,0.5,2896.0,-28.5,False,3,4,4,11.1,4,10,False
E00066,Support,2,40,Male,Bachelor,10.5,3.2,4839.0,-6.7,True,3,3,4,22.1,4,52,False
E00067,Support,1,34,Female,Master,8.2,2.9,3791.0,-4.1,False,4,4,3,23.7,3,28,False
E00068,Sales,1,40,Female,Bachelor,6.1,2.7,3904.0,3.3,False,1,3,3,21.6,0,31,False
E00069,Sales,2,38,Female,Master,2.8,1.0,4264.0,-15.4,True,3,3,4,4.4,4,47,False
E00070,Sales,3,45,Female,Master,5.5,1.3,7570.0,10.6,False,4,4,3,12.2,2,2,False
E00071,Finance,1,27,Female,High school,1.2,0.2,3293.0,-14.6,False,4,3,3,17.3,0,14,False
E00072,HR,2,34,Male,Bachelor,5.1,1.3,5493.0,2.3,True,4,3,3,36.2,3,53,False
E00073,Marketing,4,30,Female,Master,1.5,1.5,8189.0,-11.0,False,3,3,3,4.7,3,53,False
E00074,Operations,1,35,Female,Bachelor,3.3,2.3,3655.0,-2.3,False,3,4,3,15.6,2,41,False
E00075,Support,1,37,Female,High school,3.5,0.9,3240.0,-11.5,False,2,3,4,21.5,1,35,True
E00076,Finance,1,37,Male,Bachelor,5.1,2.0,3588.0,-1.4,True,3,2,3,7.6,0,20,False
E00077,Sales,3,30,Male,Master,0.6,0.6,7589.0,13.1,False,5,4,3,16.7,4,3,True
E00078,Support,3,25,Male,Master,1.5,1.5,7173.0,3.6,False,4,3,3,18.6,0,55,False
E00079,Operations,2,20,Female,Bachelor,1.3,1.3,5205.0,0.7,False,2,3,3,20.7,1,28,False
E00080,Engineering,2,42,Male,Bachelor,3.5,0.9,5014.0,-5.1,False,5,3,3,12.6,0,42,False
E00081,Sales,1,40,Male,Bachelor,7.1,1.4,3880.0,1.8,True,4,3,4,7.0,0,16,False
E00082,Sales,1,35,Female,Master,6.0,1.0,2971.0,-24.7,True,3,3,3,9.6,3,57,False
E00083,Marketing,1,32,Female,Master,7.0,0.2,2615.0,-30.1,True,5,2,5,8.0,3,57,False
E00084,Marketing,1,39,Male,Master,3.6,0.4,3355.0,-12.1,False,2,4,3,26.2,2,54,False
E00085,Engineering,3,35,Female,Bachelor,8.3,1.5,7417.0,5.8,False,3,3,4,11.6,4,15,False
E00086,Engineering,4,31,Male,High school,3.7,3.7,11834.0,20.9,False,3,3,4,7.3,3,6,False
E00087,Operations,2,33,Male,High school,2.6,2.6,3802.0,-22.0,True,4,3,3,17.3,3,35,True
E00088,Engineering,1,34,Female,High school,1.6,1.4,2888.0,-24.6,False,3,3,5,23.8,5,13,False
E00089,Engineering,1,34,Male,Bachelor,10.8,0.4,3224.0,-14.8,True,3,2,3,21.2,2,33,False
E00090,Engineering,2,41,Male,Bachelor,11.3,1.0,4137.0,-20.4,True,2,2,3,4.8,0,28,False
E00091,Engineering,1,27,Male,Bachelor,1.6,0.8,3871.0,2.5,True,3,2,3,10.9,2,32,False
E00092,Support,1,38,Male,Bachelor,1.9,1.9,3087.0,-18.1,False,2,3,4,11.8,4,28,False
E00093,Support,3,36,Male,PhD,0.6,0.1,7572.0,8.8,True,4,2,3,33.1,2,2,False
E00094,Engineering,2,29,Female,Master,1.7,1.7,6425.0,22.4,False,3,3,4,22.2,0,35,True
E00095,Sales,3,23,Male,High school,3.1,1.2,6179.0,-11.0,True,4,3,5,5.7,1,10,False
E00096,Operations,3,33,Male,Bachelor,2.5,1.6,7181.0,2.9,True,3,2,4,10.0,0,18,False
E00097,Marketing,2,29,Male,Master,4.0,1.3,4519.0,-10.2,True,4,2,3,17.7,0,38,True
E00098,Sales,1,27,Female,Master,7.5,2.7,3902.0,4.4,True,5,3,3,21.2,5,2,False
E00099,Engineering,1,37,Male,High school,1.6,1.1,3000.0,-18.1,False,4,4,3,13.7,2,30,False
E00100,Sales,4,34,Female,Bachelor,1.5,0.6,10285.0,7.6,True,5,2,4,1.4,0,20,False
E00101,Operations,3,32,Female,Bachelor,6.5,0.7,6296.0,-10.7,False,4,3,4,7.1,3,0,False
E00102,Engineering,1,28,Female,Master,3.8,0.3,3994.0,2.6,False,4,3,4,42.7,0,26,False
E00103,Engineering,3,29,Female,Bachelor,2.0,2.0,6690.0,-8.3,True,2,2,4,10.7,4,40,False
E00104,Operations,2,34,Male,PhD,3.3,3.1,6372.0,17.9,False,3,4,4,14.9,2,59,False
E00105,Sales,2,38,Male,Bachelor,1.4,1.4,5231.0,5.6,True,4,2,4,14.6,4,53,False
E00106,Sales,5,38,Male,Master,11.4,0.2,12480.0,-4.9,False,2,3,5,8.8,2,2,False
E00107,Sales,4,33,Female,Bachelor,6.3,1.5,9510.0,-2.9,False,1,4,5,17.9,0,7,False
E00108,Operations,3,40,Female,Master,5.3,2.6,5990.0,-14.2,False,4,3,4,6.7,0,18,False
E00109,Support,2,31,Male,Master,5.2,2.8,6131.0,15.4,True,3,2,3,7.3,0,45,False
E00110,Sales,2,47,Male,Bachelor,14.7,0.9,7357.0,42.8,False,1,3,3,26.1,4,34,True
E00111,Engineering,3,45,Male,Bachelor,5.4,3.6,8608.0,17.6,False,3,4,3,14.2,3,15,False
E00112,Sales,2,29,Female,Bachelor,3.2,3.2,4967.0,-2.1,False,3,4,3,18.0,2,32,False
E00113,Engineering,2,38,Female,High school,4.0,0.8,5225.0,0.7,False,5,4,4,1.6,1,19,True
E00114,Sales,1,35,Female,Master,10.1,1.2,3279.0,-8.3,True,2,2,3,2.4,4,30,False
E00115,Finance,5,28,Male,High school,4.4,0.2,14615.0,16.9,True,4,2,3,8.7,5,54,False
E00116,Engineering,4,34,Male,Bachelor,1.5,0.1,10981.0,11.8,False,3,3,3,9.7,2,34,False
E00117,Support,1,37,Female,Bachelor,5.9,5.9,4473.0,15.0,False,1,4,3,31.2,2,35,False
E00118,HR,1,37,Male,Bachelor,8.4,0.2,4322.0,10.0,True,3,3,4,4.3,1,29,False
E00119,Sales,3,39,Female,Master,6.6,3.3,6304.0,-10.0,False,3,3,4,29.6,2,38,True
E00120,Operations,1,21,Male,Bachelor,1.0,1.0,4298.0,7.4,False,2,4,4,8.4,5,28,False
E00121,Marketing,2,39,Female,Bachelor,10.5,0.9,5583.0,3.5,True,3,2,4,25.9,2,51,False
E00122,Finance,2,35,Female,Bachelor,2.3,1.6,5290.0,-0.5,False,3,4,4,6.3,0,33,False
E00123,Sales,3,33,Female,High school,4.7,0.9,6946.0,-3.0,False,1,3,3,10.3,4,59,False
E00124,Sales,1,28,Female,Master,2.6,0.2,2963.0,-23.4,True,4,2,4,33.1,3,7,True
E00125,Engineering,2,39,Female,High school,8.7,3.6,4206.0,-23.7,False,4,3,3,2.9,0,20,False
E00126,Finance,3,30,Male,Bachelor,0.8,0.8,7710.0,11.8,False,5,3,3,10.3,2,32,False
E00127,Sales,1,31,Male,Master,5.6,3.1,4855.0,31.3,False,4,4,3,25.1,3,44,False
E00128,Sales,1,35,Female,High school,10.0,5.5,3417.0,-6.6,False,3,4,3,11.4,1,57,False
E00129,Engineering,2,35,Female,Master,2.3,1.2,4633.0,-9.2,False,4,3,5,15.3,0,4,False
E00130,Engineering,3,27,Female,Bachelor,3.4,2.6,6008.0,-17.7,False,2,3,3,8.0,2,55,True
E00131,Finance,1,30,Male,High school,3.8,3.0,4380.0,17.8,False,4,3,3,7.8,3,56,False
E00132,Engineering,3,35,Male,Master,5.3,4.0,6422.0,-7.9,True,4,2,4,26.0,2,51,False
E00133,Marketing,1,28,Male,Bachelor,2.4,2.2,3456.0,-10.5,False,5,3,3,48.5,1,13,False
E00134,Support,2,29,Female,Master,3.3,1.1,4846.0,-5.3,False,5,4,2,8.0,0,25,False
E00135,Engineering,4,24,Male,Bachelor,6.1,2.5,10194.0,6.9,False,2,3,4,9.8,1,51,False
E00136,Sales,3,34,Female,Bachelor,7.5,1.7,6419.0,-8.7,False,4,3,2,3.8,1,58,False
E00137,Sales,2,38,Female,High school,0.6,0.6,4871.0,-8.1,False,4,3,3,12.8,0,55,False
E00138,Marketing,4,23,Male,Bachelor,4.7,0.6,9757.0,-0.4,True,4,3,3,25.7,1,55,False
E00139,Support,2,30,Male,Bachelor,3.6,0.7,5016.0,-4.9,False,4,4,4,27.2,2,53,False
E00140,Support,3,32,Female,Bachelor,5.5,1.6,9070.0,29.7,False,2,3,4,32.8,0,8,False
E00141,Sales,2,24,Male,Bachelor,1.4,0.1,4654.0,-10.6,True,5,2,3,20.9,4,30,True
E00142,Sales,1,20,Male,Bachelor,5.0,5.0,4344.0,11.0,False,4,3,3,5.2,4,54,False
E00143,Operations,1,35,Male,Bachelor,4.3,4.3,3265.0,-13.1,True,3,2,5,17.4,0,7,True
E00144,Operations,3,38,Male,Master,4.8,4.8,7008.0,-5.8,False,4,3,3,1.2,4,6,False
E00145,Operations,2,35,Male,Bachelor,2.2,2.2,5025.0,-2.6,True,2,2,3,23.6,1,33,False
E00146,Engineering,1,27,Female,High school,6.1,0.8,4147.0,17.0,True,4,2,4,20.6,0,47,False
E00147,HR,4,34,Male,Bachelor,8.7,2.7,7278.0,-21.9,False,2,4,3,13.0,3,16,True
E00148,Operations,2,37,Male,High school,4.3,1.1,5146.0,2.4,True,3,3,3,19.4,2,17,False
E00149,Engineering,2,26,Female,Master,6.3,6.3,5490.0,2.6,False,5,3,5,19.3,1,32,False
E00150,Engineering,1,22,Male,Bachelor,1.9,0.7,3668.0,-4.7,False,1,3,3,18.3,0,11,False
E00151,Engineering,1,36,Non-binary,Bachelor,2.3,0.6,3742.0,-1.3,True,2,3,5,40.1,2,44,True
E00152,Finance,4,23,Female,Master,6.4,1.5,9211.0,1.4,False,1,3,4,6.1,2,41,False
E00153,Sales,2,30,Female,High school,3.6,3.1,4876.0,-7.5,False,3,4,3,28.9,4,35,False
E00154,Support,5,34,Female,Bachelor,3.7,1.6,13553.0,2.9,False,4,4,3,7.3,2,33,False
E00155,Marketing,1,31,Male,Bachelor,1.3,0.1,3993.0,2.6,True,2,2,3,13.4,3,10,False
E00156,Sales,2,29,Male,Bachelor,3.2,3.2,4470.0,-15.9,False,3,3,2,1.1,0,35,False
E00157,Operations,1,26,Female,Bachelor,1.9,1.9,3578.0,-5.2,False,5,4,2,5.4,2,58,False
E00158,Sales,1,41,Female,Bachelor,1.0,1.0,4725.0,21.5,False,3,4,3,15.4,3,49,False
E00159,Engineering,2,38,Female,Master,4.4,1.4,4969.0,-3.8,False,5,4,4,15.7,2,27,False
E00160,Operations,3,34,Male,High school,2.2,0.9,6646.0,-1.5,True,3,2,3,31.2,0,6,False
E00161,Marketing,2,46,Male,Bachelor,11.3,3.3,5402.0,7.1,True,5,3,4,10.0,2,27,False
E00162,Support,4,41,Female,Bachelor,6.2,0.5,10505.0,9.8,True,4,2,2,8.3,0,29,True
E00163,Operations,1,37,Female,Bachelor,6.5,0.4,3701.0,0.3,False,3,4,3,4.9,2,53,False
E00164,Engineering,3,41,Female,Bachelor,3.2,1.8,7285.0,3.5,False,4,3,3,44.5,3,27,False
E00165,Engineering,3,27,Female,Bachelor,1.0,1.0,8847.0,27.8,False,3,3,3,5.7,5,0,False
E00166,HR,3,28,Male,Bachelor,2.9,2.6,6838.0,-2.2,False,2,4,4,7.6,3,18,False
E00167,Sales,2,24,Male,Bachelor,2.7,2.7,4621.0,-11.1,True,4,3,3,20.7,0,33,False
E00168,Engineering,3,20,Male,High school,1.5,1.5,7007.0,1.2,False,3,3,3,42.2,2,51,False
E00169,Support,4,34,Male,Bachelor,1.7,0.9,8636.0,-8.2,True,2,3,4,32.0,3,0,True
E00170,Support,1,31,Female,Bachelor,2.6,1.0,3854.0,-3.0,False,3,3,3,12.4,0,26,False
E00171,Operations,1,36,Male,Bachelor,7.9,0.3,3502.0,-8.1,False,5,3,5,26.3,2,27,False
E00172,Engineering,1,30,Female,Bachelor,5.3,2.7,3913.0,8.9,True,3,3,3,9.6,4,15,False
E00173,Operations,1,35,Female,Bachelor,2.4,0.9,3444.0,-7.2,False,3,4,4,22.7,3,3,False
E00174,HR,4,28,Male,Bachelor,2.9,2.9,10087.0,2.8,False,5,4,3,26.6,2,43,False
E00175,Support,3,36,Female,Bachelor,2.0,1.9,7076.0,2.7,False,2,4,4,10.2,1,34,True
E00176,Sales,2,22,Female,Bachelor,3.4,3.4,5390.0,4.0,True,3,3,3,5.9,0,42,True
E00177,Finance,2,43,Male,Bachelor,11.2,3.6,4479.0,-14.4,False,1,4,4,5.8,1,21,False
E00178,Support,2,36,Male,Master,4.5,2.5,5102.0,1.7,True,3,3,4,23.6,1,28,False
E00179,Engineering,2,39,Male,Master,8.0,2.5,5529.0,7.2,False,3,3,3,14.5,0,39,False
E00180,Finance,3,48,Male,Bachelor,4.2,2.5,7320.0,4.4,False,1,3,3,30.5,0,20,True
E00181,Support,1,33,Female,Bachelor,1.1,1.1,3876.0,1.6,False,4,3,4,18.0,3,36,False
E00182,Sales,3,30,Female,Master,2.2,1.5,7706.0,7.7,False,3,3,3,35.5,2,50,False
E00183,Sales,2,31,Female,Bachelor,4.3,1.4,5566.0,7.4,True,2,2,3,30.9,3,56,False
E00184,Marketing,1,34,Male,Master,3.6,2.3,3016.0,-19.8,False,4,3,4,51.7,1,52,False
E00185,Support,3,42,Male,Master,4.2,0.6,7325.0,2.4,True,5,2,2,7.4,3,15,False
E00186,Finance,2,29,Female,Bachelor,3.2,3.2,6380.0,18.3,False,1,4,3,4.3,1,57,False
E00187,Engineering,1,28,Female,Master,3.8,0.4,3626.0,-3.0,True,1,3,5,3.3,2,54,True
E00188,Sales,2,30,Male,High school,5.3,0.6,5115.0,2.4,False,2,3,5,5.7,3,47,False
E00189,Sales,2,27,Female,Bachelor,4.4,2.4,5336.0,5.3,False,3,3,4,90.0,1,45,True
E00190,Support,4,39,Female,Master,4.9,4.2,8100.0,-15.6,True,5,3,4,9.3,0,13,True
E00191,Engineering,4,26,Female,Bachelor,1.1,1.1,10699.0,10.1,False,3,3,4,9.5,0,7,True
E00192,Marketing,5,31,Female,High school,4.3,0.7,11467.0,-4.7,False,4,4,3,18.9,0,16,False
E00193,Operations,3,39,Female,Master,5.1,1.1,6839.0,-3.2,False,4,4,2,17.1,2,17,False
E00194,HR,3,33,Male,PhD,5.5,1.1,6360.0,-9.6,True,2,3,3,9.1,0,51,False
E00195,Engineering,1,35,Female,Bachelor,0.9,0.5,4188.0,9.0,False,5,3,3,17.0,0,50,True
E00196,Operations,1,41,Female,Bachelor,3.2,0.4,4040.0,12.3,False,4,3,3,12.4,3,38,False
E00197,Engineering,2,44,Female,Bachelor,9.7,3.4,5137.0,-1.4,False,4,4,3,30.9,2,50,False
E00198,Support,3,32,Female,High school,6.4,3.1,7218.0,2.9,False,3,3,3,14.5,1,48,False
E00199,Sales,2,28,Male,Bachelor,2.7,2.5,4714.0,-11.7,False,4,3,5,26.4,3,21,False
E00200,Support,3,37,Female,Bachelor,2.7,2.7,6438.0,-5.3,False,4,3,3,16.2,3,21,False
E00201,Support,1,44,Female,Master,7.6,2.5,3766.0,-3.9,False,3,3,2,14.0,5,21,False
E00202,Marketing,3,35,Non-binary,Bachelor,1.9,1.9,6687.0,-6.9,True,4,2,4,20.8,4,17,True
E00203,Sales,2,20,Female,Master,1.2,1.2,5527.0,5.3,True,4,3,3,10.5,0,7,False
E00204,Operations,1,29,Male,Bachelor,3.8,3.8,2843.0,-25.6,False,4,4,3,20.4,2,9,True
E00205,Sales,2,29,Male,Bachelor,3.8,1.8,4960.0,-3.5,False,4,3,4,7.3,4,51,False
E00206,Operations,2,28,Male,Bachelor,2.9,2.9,5439.0,4.0,True,2,2,5,36.1,3,4,False
E00207,Engineering,1,32,Male,Bachelor,2.6,2.6,3953.0,4.4,False,2,3,4,5.3,0,57,False
E00208,Finance,5,39,Male,PhD,3.5,1.0,10792.0,-14.2,True,3,3,2,21.4,2,18,True
E00209,Support,3,30,Male,Bachelor,3.5,0.7,6752.0,-4.6,True,2,3,3,4.9,2,37,True
E00210,Support,1,22,Male,High school,0.8,0.8,2741.0,-27.0,False,5,4,3,8.5,0,37,True
E00211,Engineering,1,31,Male,Bachelor,2.3,2.3,3936.0,4.9,True,4,2,3,4.4,2,54,False
E00212,Sales,2,31,Non-binary,Bachelor,4.5,0.7,4590.0,-12.4,False,5,4,3,36.1,0,1,False
E00213,Engineering,1,37,Male,Master,4.5,0.8,3481.0,-8.2,False,3,4,3,15.1,0,15,True
E00214,Engineering,1,41,Female,High school,3.6,0.4,3151.0,-13.8,False,3,3,3,39.3,3,51,False
E00215,Engineering,5,31,Male,Bachelor,0.5,0.2,12244.0,-3.4,False,3,4,3,11.5,3,27,False
E00216,Engineering,3,47,Female,Master,9.4,1.4,7318.0,1.5,False,5,4,3,25.4,1,1,False
E00217,Engineering,2,34,Female,Bachelor,1.5,0.5,5398.0,-4.0,True,3,2,5,28.7,4,32,False
E00218,Engineering,3,37,Female,Bachelor,2.9,2.9,7663.0,9.6,True,5,2,3,2.4,0,28,False
E00219,Sales,1,41,Female,Bachelor,2.3,1.4,3740.0,-0.2,False,5,4,4,6.6,3,7,True
E00220,Engineering,3,46,Male,Master,13.0,2.9,7680.0,3.5,False,2,4,3,7.7,0,6,False
E00221,Sales,4,31,Male,Master,2.8,1.9,8119.0,-12.0,False,2,3,3,19.3,2,34,False
E00222,Finance,1,36,Male,Master,5.1,4.7,3839.0,1.9,False,5,4,3,6.5,1,12,False
E00223,Engineering,2,40,Female,Master,4.0,2.9,4665.0,-9.7,False,3,3,3,34.1,1,24,True
E00224,Marketing,2,42,Male,Master,8.4,0.5,4907.0,-6.6,False,4,3,5,14.9,4,49,False
E00225,Engineering,5,34,Male,Master,2.3,0.6,9975.0,-22.9,False,2,4,5,11.6,3,5,True
E00226,Sales,2,21,Female,High school,2.7,2.7,4985.0,-3.7,False,2,3,3,11.3,4,38,False
E00227,Sales,1,49,Male,Bachelor,14.6,2.8,3657.0,0.1,True,3,3,2,32.5,1,50,True
E00228,Finance,3,34,Male,Bachelor,2.3,1.0,6041.0,-11.8,False,3,3,3,5.7,0,27,False
E00229,Engineering,3,33,Male,Bachelor,2.9,0.6,7086.0,-1.7,False,3,3,3,17.8,2,45,False
E00230,Support,2,39,Female,Bachelor,3.0,3.0,5029.0,-7.0,False,5,3,3,9.0,2,50,False
E00231,Engineering,1,36,Male,Bachelor,6.5,0.9,3754.0,0.7,False,4,3,4,10.5,1,21,False
E00232,Marketing,1,37,Male,Bachelor,5.2,3.0,4293.0,8.5,False,1,3,3,10.5,2,38,False
E00233,Operations,1,38,Male,Master,7.7,1.2,4378.0,13.7,False,4,4,4,14.1,3,22,False
E00234,Engineering,4,25,Male,Master,1.6,1.6,9521.0,3.5,False,4,3,4,19.0,4,5,False
E00235,Operations,1,33,Female,Bachelor,2.9,2.0,3240.0,-14.6,False,3,3,3,23.3,3,2,False
E00236,Support,1,36,Female,Bachelor,6.6,0.7,3441.0,-9.1,False,4,3,5,15.4,3,50,False
E00237,Support,1,32,Male,Master,5.4,0.8,3202.0,-18.9,False,2,3,3,18.8,5,32,False
E00238,Support,3,28,Male,High school,4.6,0.9,6768.0,-5.0,True,3,3,4,4.5,3,29,False
E00239,Marketing,1,36,Female,Bachelor,4.8,0.3,3692.0,-1.2,False,3,3,4,23.6,2,39,False
E00240,Finance,1,29,Male,Bachelor,4.2,2.3,3733.0,-1.0,False,4,4,3,2.9,4,29,False
E00241,Operations,1,38,Female,Bachelor,6.0,1.7,3310.0,-12.3,False,3,3,3,22.7,1,45,True
E00242,Engineering,3,27,Male,Master,11.2,2.0,6688.0,-2.1,True,3,3,4,1.0,0,5,False
E00243,Engineering,1,29,Male,Master,0.7,0.3,3252.0,-11.1,False,2,4,3,4.2,3,22,False
E00244,Marketing,1,45,Female,Master,7.6,3.8,4087.0,5.6,True,4,3,4,5.0,2,16,False
E00245,Sales,2,23,Female,Bachelor,2.1,2.1,4228.0,-17.7,False,4,3,3,31.7,1,53,False
E00246,Engineering,3,32,Male,Master,2.3,2.3,7106.0,1.3,False,2,3,4,13.2,2,37,False
E00247,Engineering,1,37,Male,High school,6.5,1.2,3944.0,1.3,False,4,3,4,11.6,1,20,False
E00248,Engineering,3,38,Male,Bachelor,2.8,2.8,8490.0,17.0,True,4,3,3,8.1,0,15,False
E00249,Operations,3,33,Female,Master,1.4,1.4,6220.0,-6.9,False,5,3,5,19.1,2,10,False
E00250,Finance,2,28,Female,Bachelor,0.6,0.6,4564.0,-7.2,True,1,3,3,54.7,0,49,False
E00251,HR,2,34,Female,Bachelor,5.3,0.4,5349.0,5.1,False,5,3,3,4.4,1,18,False
E00252,Sales,3,37,Female,Master,3.8,2.6,7842.0,15.0,True,3,3,2,9.0,0,35,False
E00253,Operations,1,34,Female,Bachelor,2.1,2.1,3388.0,-10.3,False,4,3,4,10.4,2,36,False
E00254,Engineering,4,29,Female,Master,6.9,2.4,9701.0,4.3,True,2,2,5,18.9,2,6,False
E00255,Sales,2,37,Male,Master,1.6,1.6,6461.0,16.0,False,1,3,3,14.3,4,16,True
E00256,Sales,2,36,Male,High school,6.1,0.0,4648.0,-8.2,False,2,3,4,9.3,2,47,True
E00257,Finance,1,37,Male,Bachelor,1.7,0.8,4199.0,15.4,False,4,4,3,22.2,1,13,False
E00258,Support,1,34,Male,Bachelor,7.0,3.7,3959.0,3.1,False,3,4,3,15.8,3,6,False
E00259,Sales,1,20,Female,Master,0.8,0.4,3988.0,5.3,True,3,2,2,16.6,4,40,False
E00260,Engineering,3,44,Female,Bachelor,9.5,3.9,7114.0,2.5,True,4,2,3,8.0,3,18,False
E00261,Marketing,3,42,Female,High school,12.7,1.7,6815.0,-0.2,False,4,4,4,22.1,1,41,False
E00262,Sales,2,30,Female,Bachelor,1.6,1.4,4566.0,-11.6,False,4,4,4,17.2,0,53,False
E00263,Operations,2,39,Male,Master,5.4,2.0,5639.0,1.7,False,5,3,3,62.6,0,37,False
E00264,Sales,1,30,Male,Bachelor,3.5,2.0,4459.0,11.4,True,3,2,4,21.7,4,57,False
E00265,Sales,4,46,Male,Bachelor,12.5,0.2,9091.0,-4.0,False,4,3,5,9.4,3,54,False
E00266,Finance,5,44,Male,High school,2.6,2.6,13014.0,-3.1,False,4,4,4,6.4,3,51,False
E00267,Engineering,2,40,Female,Bachelor,5.8,0.4,4435.0,-14.2,False,3,3,4,20.0,2,29,False
E00268,Engineering,3,32,Female,Bachelor,3.3,0.6,6748.0,1.8,True,3,3,5,14.1,4,24,False
E00269,Operations,5,23,Male,Bachelor,1.3,1.3,14742.0,14.8,False,4,4,3,3.6,1,31,False
E00270,Operations,4,25,Male,Master,0.9,0.9,11706.0,23.9,True,4,2,2,3.9,2,2,False
E00271,Support,4,30,Male,Bachelor,4.8,0.2,11076.0,16.3,False,4,4,3,12.5,1,13,False
E00272,Operations,1,33,Female,Bachelor,1.3,0.3,3205.0,-16.9,False,4,3,4,3.5,1,14,False
E00273,Sales,2,28,Male,Bachelor,7.2,3.3,5046.0,-7.8,False,5,3,3,37.9,0,33,False
E00274,Sales,1,29,Male,Bachelor,5.1,1.5,4231.0,8.8,False,3,4,3,37.9,2,17,False
E00275,Marketing,2,34,Female,Bachelor,3.0,3.0,4690.0,-9.4,False,3,3,4,12.2,3,36,False
E00276,Sales,2,38,Male,Bachelor,5.9,0.4,5147.0,-2.0,True,3,3,4,1.9,0,54,False
E00277,Support,2,37,Male,Master,6.8,3.6,5660.0,8.3,False,4,3,3,7.4,4,8,False
E00278,Operations,2,45,Male,High school,10.9,2.6,6061.0,11.9,False,5,3,3,22.4,4,51,False
E00279,Support,2,40,Male,Bachelor,8.5,1.9,4523.0,-12.5,True,1,3,3,15.2,0,44,True
E00280,Operations,2,36,Male,Master,2.8,1.6,5502.0,2.0,False,3,3,4,19.4,5,35,False
E00281,Sales,1,40,Female,High school,5.2,2.8,3542.0,-9.7,False,5,3,2,3.4,4,47,False
E00282,Sales,3,35,Male,Bachelor,2.0,2.0,6642.0,-2.2,False,1,4,2,17.3,3,39,True
E00283,Operations,1,41,Female,Master,10.1,1.5,3822.0,1.9,False,4,4,4,32.6,3,10,False
E00284,Engineering,1,35,Female,Master,3.0,3.0,3873.0,-1.4,False,1,4,3,21.5,0,19,False
E00285,Finance,4,25,Male,Master,3.9,3.0,9088.0,-0.1,True,5,2,4,25.1,1,29,False
E00286,Engineering,4,23,Male,Bachelor,0.6,0.6,8185.0,-7.6,False,5,3,3,16.8,2,7,False
E00287,Support,3,44,Female,Master,6.9,2.6,6779.0,-4.8,True,3,3,3,24.7,2,42,False
E00288,Operations,3,22,Male,Bachelor,3.2,1.9,6908.0,-3.5,False,3,3,3,41.9,2,18,False
E00289,Sales,3,33,Female,High school,0.5,0.5,6530.0,-7.8,False,4,4,3,33.2,4,14,False
E00290,Marketing,1,35,Female,Master,7.2,0.6,4080.0,6.5,False,3,3,5,12.6,2,16,False
E00291,Finance,1,30,Female,Bachelor,10.9,2.1,3890.0,2.1,True,2,3,4,13.6,3,18,False
E00292,Marketing,2,42,Male,Master,4.5,4.5,5272.0,3.4,True,3,2,4,14.7,2,26,False
E00293,Sales,2,31,Female,Bachelor,4.0,1.0,5879.0,13.3,True,4,2,2,26.3,2,53,False
E00294,HR,4,37,Male,High school,1.8,0.9,9436.0,-0.3,False,2,3,4,35.3,0,20,True
E00295,Engineering,4,33,Female,Master,0.6,0.6,9188.0,-3.8,False,2,4,3,3.2,4,58,False
E00296,Engineering,4,33,Female,Master,5.8,2.4,10012.0,4.3,True,4,2,3,53.2,0,56,False
E00297,Finance,2,33,Male,Bachelor,2.5,2.5,5137.0,2.7,False,5,4,3,26.8,4,57,False
E00298,Marketing,2,36,Female,PhD,3.4,3.4,4653.0,-12.6,False,5,3,4,36.6,0,14,True
E00299,Support,4,27,Male,Bachelor,4.9,3.0,10948.0,12.1,False,4,4,4,10.0,0,48,False
E00300,Operations,2,49,Female,Bachelor,12.5,1.2,5977.0,16.9,False,4,3,4,15.8,2,8,False
E00301,Engineering,1,21,Male,Bachelor,0.8,0.8,4333.0,10.2,True,3,3,4,5.3,5,33,False
E00302,Engineering,3,29,Male,PhD,1.4,1.4,6321.0,-8.7,False,3,3,2,24.5,2,35,False
E00303,HR,2,27,Female,Bachelor,3.5,2.2,5049.0,-1.4,True,4,3,3,6.3,4,46,False
E00304,Support,3,31,Male,Bachelor,6.4,1.5,7634.0,11.7,False,5,3,4,8.0,1,16,False
E00305,Operations,1,37,Male,High school,3.8,3.8,3572.0,-8.5,False,3,3,4,4.4,0,50,False
E00306,Operations,4,36,Male,Bachelor,7.1,0.5,10255.0,4.8,True,3,3,3,22.2,3,24,False
E00307,Engineering,1,40,Female,Master,3.5,0.7,3823.0,0.2,False,3,4,5,5.1,1,37,False
E00308,Marketing,1,31,Female,Bachelor,2.4,1.6,3801.0,-3.9,False,2,3,4,30.6,3,49,True
E00309,Engineering,2,35,Female,Master,2.8,2.2,4184.0,-18.0,True,4,3,4,8.8,0,38,False
E00310,Sales,4,38,Male,Bachelor,5.5,2.1,9338.0,-1.2,True,2,2,3,8.2,5,22,False
E00311,Engineering,4,36,Male,Master,1.7,1.7,10357.0,9.9,False,2,3,3,5.9,4,6,False
E00312,Engineering,2,34,Non-binary,Bachelor,14.2,2.0,5710.0,7.4,False,3,4,3,46.1,4,22,False
E00313,Sales,2,23,Male,Master,4.6,0.6,5928.0,18.4,False,3,3,4,1.8,3,44,False
E00314,Operations,1,39,Female,Bachelor,5.2,0.6,4155.0,9.5,False,3,3,4,62.2,3,28,False
E00315,Finance,2,36,Female,Bachelor,3.3,0.9,6283.0,13.3,False,4,3,3,10.9,2,45,False
E00316,Operations,1,31,Male,Bachelor,3.2,3.2,3914.0,4.8,False,4,4,3,10.2,0,38,False
E00317,Support,1,32,Female,High school,3.2,2.2,4665.0,16.5,True,3,3,3,19.3,5,8,False
E00318,Operations,2,33,Male,High school,5.0,0.2,5421.0,2.2,True,2,2,4,18.8,3,39,True
E00319,Operations,1,33,Male,Bachelor,3.6,3.6,3439.0,-9.6,False,4,3,5,55.2,0,46,False
E00320,Operations,2,39,Female,Bachelor,8.6,1.0,4421.0,-15.7,False,4,4,3,19.9,2,5,False
E00321,Sales,3,31,Male,Master,3.4,2.2,8289.0,18.5,False,3,3,3,17.9,0,43,False
E00322,Sales,1,39,Male,Master,10.4,0.7,3531.0,-7.4,False,1,4,4,20.1,3,17,True
E00323,HR,1,35,Male,Master,4.0,1.7,3787.0,0.2,False,3,3,3,18.0,1,7,False
E00324,Operations,3,47,Female,High school,4.1,1.9,6345.0,-15.3,False,4,4,4,8.6,1,11,False
E00325,Finance,5,46,Male,Bachelor,7.8,6.6,12388.0,-3.1,False,2,3,4,11.1,5,46,False
E00326,Sales,2,35,Female,High school,1.5,0.3,5686.0,2.6,False,4,3,3,10.3,2,4,False
E00327,Sales,1,41,Male,High school,3.9,2.6,4168.0,8.6,True,4,2,3,24.2,0,2,False
E00328,Support,3,49,Male,High school,7.9,1.2,7143.0,-0.8,False,4,4,3,30.3,1,25,True
E00329,HR,1,37,Female,Bachelor,1.1,1.1,3773.0,-2.0,True,2,2,3,5.9,5,23,True
E00330,Engineering,2,24,Female,Bachelor,0.4,0.4,4993.0,-4.8,False,3,4,4,16.5,4,22,False
E00331,Engineering,2,45,Male,Master,5.4,2.0,4547.0,-11.6,False,2,4,4,6.6,1,10,True
E00332,Sales,1,30,Female,High school,1.8,1.0,3727.0,-5.4,True,2,3,3,17.5,1,47,False
E00333,Engineering,3,33,Male,Bachelor,1.7,1.7,5498.0,-19.5,False,4,4,3,31.8,3,46,False
E00334,Operations,1,41,Female,Bachelor,7.4,3.7,3958.0,-2.5,False,5,4,3,2.3,2,20,False
E00335,Engineering,1,40,Male,Bachelor,4.5,0.3,3544.0,-6.7,False,5,3,4,24.3,0,13,False
E00336,Finance,2,33,Male,Bachelor,2.5,2.5,5250.0,6.9,True,2,2,3,13.2,3,49,True
E00337,Sales,2,33,Male,Bachelor,2.6,1.4,4869.0,-1.6,True,5,3,3,10.9,0,36,False
E00338,Operations,2,32,Female,Bachelor,8.9,0.8,5807.0,9.0,False,4,3,4,5.9,2,6,False
E00339,Finance,1,30,Female,Master,4.2,2.1,3855.0,0.3,False,4,3,2,9.1,2,15,False
E00340,HR,2,40,Female,Bachelor,9.9,0.4,5173.0,-1.7,False,3,4,2,14.9,1,25,False
E00341,Engineering,1,33,Male,Bachelor,5.7,3.4,3837.0,-2.6,False,4,3,3,20.2,2,10,False
E00342,Engineering,3,32,Male,Master,3.1,2.3,6705.0,-0.9,False,2,3,3,3.0,0,34,False
E00343,Sales,1,30,Female,Bachelor,0.8,0.8,4412.0,21.2,False,5,3,4,12.7,0,58,False
E00344,Sales,1,26,Female,Bachelor,3.0,0.7,3293.0,-13.8,False,2,4,3,16.8,0,53,False
E00345,Finance,2,36,Female,Bachelor,9.6,1.4,6074.0,19.4,False,3,3,3,15.0,4,24,False
E00346,Operations,4,42,Female,Bachelor,3.8,2.2,10172.0,8.3,True,5,2,3,9.3,2,26,False
E00347,Operations,1,36,Male,Bachelor,2.8,1.2,5143.0,26.1,False,4,3,4,7.4,4,19,False
E00348,Operations,1,30,Female,Bachelor,0.7,0.7,3478.0,-9.7,False,1,4,3,27.4,3,6,False
E00349,Sales,3,38,Male,Master,6.1,3.8,6562.0,-8.6,False,5,3,4,2.5,0,54,False
E00350,Operations,1,36,Female,Bachelor,7.4,5.1,4711.0,18.1,False,4,3,4,16.5,1,14,False
E00351,Finance,2,35,Female,Bachelor,0.7,0.7,5715.0,7.8,False,4,4,4,12.2,2,4,False
E00352,Sales,1,38,Male,Bachelor,5.3,1.2,4147.0,6.6,True,3,2,4,16.1,0,55,False
E00353,Marketing,4,48,Male,High school,8.0,2.5,9386.0,-0.0,False,5,3,3,23.5,2,41,False
E00354,Engineering,1,36,Female,Bachelor,4.9,1.1,4258.0,11.2,True,4,2,2,19.6,0,59,False
E00355,Sales,1,37,Male,Bachelor,3.0,1.7,3765.0,-0.2,False,2,4,3,9.5,0,20,True
E00356,Engineering,2,34,Female,Bachelor,2.4,2.3,5134.0,-1.9,False,3,4,5,35.6,4,10,False
E00357,Operations,2,31,Female,Bachelor,6.8,1.4,5285.0,0.7,False,3,4,4,28.2,2,13,True
E00358,Engineering,1,27,Male,Master,0.7,0.7,3624.0,-8.8,False,2,4,3,29.2,1,39,True
E00359,Engineering,4,34,Male,Bachelor,4.9,4.9,8767.0,-12.8,False,2,4,4,17.6,2,46,True
E00360,Engineering,2,39,Female,PhD,9.0,2.4,6046.0,10.1,True,3,2,3,12.6,4,22,False
E00361,Sales,1,33,Female,Bachelor,1.1,1.1,3618.0,-4.4,False,4,4,3,27.0,4,10,False
E00362,HR,1,29,Male,High school,0.5,0.5,3613.0,-7.2,False,3,4,3,1.0,5,0,True
E00363,Sales,3,32,Male,Bachelor,4.2,1.7,7461.0,7.0,False,3,4,3,14.3,0,56,True
E00364,Sales,2,45,Male,Bachelor,4.8,0.2,4266.0,-9.8,True,4,2,3,15.5,3,18,False
E00365,Support,4,41,Female,Bachelor,9.4,0.4,10062.0,4.4,True,5,2,3,14.2,1,19,False
E00366,Operations,3,43,Male,Bachelor,7.8,1.3,5909.0,-11.2,True,4,2,3,11.3,0,14,True
E00367,HR,1,33,Female,Bachelor,1.9,1.9,3277.0,-10.5,False,2,3,3,8.7,1,20,False
E00368,Engineering,4,34,Female,Bachelor,7.7,1.8,8636.0,-14.3,False,3,4,3,23.5,0,40,False
E00369,HR,1,28,Male,Bachelor,2.9,2.5,3367.0,-13.2,False,3,4,4,7.3,1,57,True
E00370,Finance,1,44,Female,Master,10.6,3.5,3516.0,-8.6,False,4,4,3,8.6,5,10,False
E00371,Engineering,1,63,Male,Bachelor,18.7,1.5,3840.0,4.8,False,2,3,4,27.8,3,14,False
E00372,Engineering,3,37,Female,Bachelor,3.1,0.6,6679.0,-3.6,False,3,3,3,16.4,5,4,False
E00373,Operations,5,46,Non-binary,Bachelor,7.0,0.9,12895.0,-1.0,False,4,3,3,11.8,1,17,False
E00374,Engineering,2,37,Male,Bachelor,9.4,0.5,5360.0,3.2,False,3,4,4,4.3,1,26,False
E00375,Operations,2,52,Male,Bachelor,8.6,3.6,4485.0,-13.1,False,3,4,3,3.8,2,35,False
E00376,Marketing,1,41,Female,Bachelor,4.8,4.8,3848.0,0.9,True,5,2,3,7.3,1,48,True
E00377,Marketing,4,41,Female,Bachelor,7.1,0.4,8238.0,-15.0,False,4,4,5,6.6,0,34,True
E00378,Engineering,4,31,Male,High school,6.8,0.3,9098.0,-1.4,False,3,4,3,9.6,4,14,False
E00379,Sales,1,35,Male,Bachelor,3.9,3.7,2848.0,-24.7,False,1,4,3,14.5,5,33,True
E00380,Finance,2,28,Male,Bachelor,2.7,2.6,5256.0,3.5,True,3,2,3,14.0,1,23,False
E00381,Support,2,29,Female,Bachelor,4.4,2.4,5331.0,-0.3,False,4,4,2,7.8,3,39,False
E00382,Finance,3,30,Female,Bachelor,7.9,2.2,6920.0,-0.7,False,1,3,5,13.8,0,25,False
E00383,Engineering,3,34,Male,Master,2.3,2.3,6435.0,-8.3,False,5,4,5,17.1,2,39,False
E00384,Finance,4,42,Female,High school,7.9,1.2,7868.0,-13.5,False,5,3,3,49.4,4,45,False
E00385,Sales,2,34,Female,Bachelor,4.0,1.2,6133.0,17.1,True,3,2,2,9.3,0,58,False
E00386,Operations,4,38,Male,High school,13.0,0.2,10517.0,18.8,True,4,2,3,19.7,0,23,False
E00387,Engineering,3,32,Male,Master,1.8,0.9,7377.0,9.6,False,4,4,4,8.0,5,13,False
E00388,Engineering,2,20,Female,Master,3.4,0.2,4963.0,-6.9,True,3,3,3,11.4,2,32,False
E00389,Operations,2,41,Male,Bachelor,1.1,0.8,5992.0,22.5,False,4,4,3,9.5,0,35,False
E00390,Operations,3,27,Female,Bachelor,5.3,2.4,8522.0,21.7,False,5,3,2,40.4,4,1,False
E00391,HR,1,49,Female,Bachelor,7.9,0.3,4360.0,22.6,False,4,3,4,7.1,1,24,False
E00392,Finance,5,37,Female,Bachelor,6.8,0.6,15531.0,19.7,False,4,3,3,32.3,3,1,False
E00393,Engineering,3,40,Female,Bachelor,7.8,2.1,6612.0,-5.7,False,3,4,4,22.8,2,21,False
E00394,Support,5,46,Male,Bachelor,8.7,0.3,13503.0,1.5,False,4,4,4,20.1,0,7,False
E00395,Sales,3,47,Male,PhD,4.5,2.4,6167.0,-10.2,False,5,4,5,4.2,0,33,False
E00396,Engineering,1,23,Male,Bachelor,1.6,1.6,3904.0,-1.6,True,5,2,5,16.7,3,11,False
E00397,Engineering,1,42,Female,High school,14.9,2.5,4033.0,2.6,False,5,3,3,6.3,3,56,False
E00398,Operations,5,36,Female,Master,2.9,2.8,13075.0,0.7,False,4,4,3,37.1,1,7,False
E00399,Engineering,4,36,Female,Bachelor,7.6,2.2,10055.0,6.6,False,4,4,3,4.4,2,0,True
E00400,Marketing,2,39,Male,Bachelor,7.0,0.9,4486.0,-15.3,True,4,2,5,8.7,2,12,False
E00401,Sales,1,36,Female,High school,5.1,2.2,4265.0,11.5,True,4,3,3,38.1,5,40,False
E00402,Engineering,2,32,Female,High school,10.4,1.8,6865.0,25.3,False,3,3,3,19.8,4,2,False
E00403,Sales,3,39,Male,High school,5.4,0.5,7236.0,2.6,False,5,3,3,7.3,3,28,False
E00404,Support,3,29,Male,Bachelor,0.9,0.9,6739.0,-4.4,False,1,4,2,11.3,3,53,False
E00405,Sales,1,31,Male,Bachelor,1.8,1.8,4353.0,15.9,True,2,3,2,24.9,4,2,True
E00406,Sales,3,30,Male,PhD,1.3,0.1,6527.0,-3.6,False,3,4,5,34.2,0,41,False
E00407,Operations,3,28,Male,Bachelor,0.7,0.7,7350.0,2.3,False,5,3,3,16.1,2,24,False
E00408,Sales,3,21,Male,Master,1.5,1.5,7466.0,5.1,False,2,4,4,4.9,1,49,False
E00409,Finance,3,38,Female,Bachelor,7.5,2.9,8084.0,10.3,False,1,3,3,10.7,2,58,False
E00410,Support,5,36,Female,Bachelor,1.3,1.3,12548.0,-1.4,False,5,3,3,21.6,2,14,False
E00411,Engineering,2,32,Female,High school,1.5,1.5,3693.0,-24.2,False,4,3,3,21.2,1,0,False
E00412,Engineering,3,38,Male,Bachelor,2.4,2.3,7475.0,11.2,False,4,4,4,26.6,2,1,False
E00413,Operations,2,32,Female,Bachelor,2.1,2.1,5576.0,7.0,True,2,3,4,9.5,3,37,False
E00414,Sales,3,27,Female,High school,2.6,2.6,7660.0,4.6,False,3,4,4,14.0,1,51,False
E00415,Marketing,2,46,Female,Master,6.4,0.8,4970.0,-6.2,True,5,3,4,23.6,1,3,False
E00416,Engineering,3,25,Male,Bachelor,1.3,0.8,7291.0,2.4,False,3,3,4,2.2,2,58,False
E00417,Sales,2,34,Male,High school,1.8,1.3,6027.0,20.6,True,5,2,3,5.5,0,49,False
E00418,HR,3,27,Female,Master,2.6,2.6,6001.0,-11.5,False,4,3,3,8.1,4,25,False
E00419,Support,2,41,Female,Bachelor,7.1,2.4,5209.0,1.0,False,4,3,5,23.9,0,8,False
E00420,HR,1,48,Male,Bachelor,21.2,3.2,4138.0,5.1,False,3,4,4,3.0,1,33,False
E00421,Sales,1,20,Female,Bachelor,0.6,0.6,4095.0,3.8,False,5,3,3,20.9,0,50,False
E00422,Support,2,34,Female,Master,5.0,4.2,5629.0,9.0,False,2,3,2,22.4,0,5,True
E00423,Sales,3,31,Female,Master,2.1,1.4,5972.0,-14.6,True,5,3,4,58.1,0,11,True
E00424,Support,1,45,Female,PhD,7.8,1.3,3597.0,-3.1,True,4,3,4,8.2,2,24,True
E00425,Engineering,1,37,Female,Bachelor,1.2,0.6,3150.0,-12.9,True,5,3,4,2.9,3,34,False
E00426,Operations,2,36,Male,Bachelor,2.8,2.8,6183.0,15.9,False,3,4,4,19.0,1,35,False
E00427,Sales,2,37,Female,Bachelor,4.8,0.4,4029.0,-19.0,False,4,3,3,20.4,2,2,False
E00428,Engineering,4,35,Male,Master,3.0,1.0,6859.0,-28.7,True,5,3,3,30.1,2,7,True
E00429,Operations,2,39,Male,Bachelor,7.6,1.7,5058.0,1.8,False,4,3,5,8.9,5,7,False
E00430,HR,4,32,Female,Bachelor,4.6,4.4,10488.0,9.7,True,2,2,5,9.1,0,16,False
E00431,Engineering,1,25,Male,Master,3.8,0.2,4442.0,20.7,True,1,3,4,15.5,0,13,True
E00432,Operations,3,27,Male,High school,1.6,1.1,6461.0,-10.5,False,4,3,4,11.5,0,54,False
E00433,Engineering,1,34,Female,Bachelor,6.6,3.1,4006.0,6.4,False,3,4,2,16.7,3,53,False
E00434,Finance,3,32,Female,Bachelor,8.3,4.2,7771.0,11.6,False,2,3,3,12.8,3,24,True
E00435,Marketing,1,35,Male,Master,5.2,3.7,3891.0,1.1,False,4,4,3,39.4,0,25,False
E00436,Engineering,5,39,Male,Master,6.5,3.5,11527.0,-12.0,False,3,3,4,14.9,4,0,False
E00437,Support,4,35,Female,High school,4.5,3.6,9871.0,5.6,False,2,3,2,31.5,2,2,True
E00438,Support,2,37,Male,Bachelor,1.5,0.8,5590.0,9.4,True,1,2,4,17.9,2,41,True
E00439,Sales,2,28,Female,Master,5.4,0.7,5327.0,1.3,False,3,3,3,5.7,3,23,False
E00440,Support,4,25,Female,Bachelor,5.5,2.1,9410.0,-2.9,False,2,3,4,1.0,2,2,False
E00441,Operations,3,34,Male,Bachelor,4.1,0.5,5451.0,-24.6,False,3,4,4,32.9,0,33,True
E00442,Operations,2,34,Female,Master,2.0,2.0,5568.0,-0.2,True,4,3,3,5.5,1,22,False
E00443,Support,1,32,Female,Master,3.7,0.5,3869.0,-2.3,False,1,3,2,18.3,0,11,False
E00444,Support,2,33,Male,High school,3.3,1.3,5420.0,9.0,False,5,4,3,11.2,0,38,False
E00445,HR,3,20,Female,Bachelor,2.8,1.3,7380.0,1.5,True,1,3,4,14.1,0,50,False
E00446,Operations,1,34,Male,Bachelor,0.7,0.4,3604.0,-0.7,False,3,3,2,23.4,4,54,False
E00447,Support,4,32,Male,Master,2.7,1.8,9195.0,-4.3,True,4,2,4,10.2,0,35,False
E00448,Marketing,4,39,Female,Master,5.2,2.2,9499.0,0.2,False,4,3,3,6.0,0,37,False
E00449,Sales,3,49,Male,Bachelor,14.5,1.0,7283.0,2.8,True,5,2,3,37.1,0,24,True
E00450,Engineering,2,35,Male,Master,3.0,2.0,6081.0,13.8,False,5,4,4,49.9,4,55,False
E00451,HR,5,37,Male,Master,6.2,2.2,11685.0,-9.2,True,4,2,4,6.3,5,53,False
E00452,Operations,3,39,Female,Master,6.5,1.4,7143.0,4.5,False,3,3,4,3.6,1,30,False
E00453,Engineering,3,37,Female,Bachelor,1.8,1.8,6499.0,-5.1,False,3,3,4,11.3,3,0,False
E00454,Finance,2,38,Female,High school,2.0,1.7,5272.0,4.4,True,3,2,3,12.6,0,1,False
E00455,Engineering,3,32,Female,Bachelor,3.0,2.3,7108.0,1.3,True,2,2,4,22.5,1,39,True
E00456,Engineering,3,33,Female,Master,3.7,3.6,7344.0,3.1,True,4,2,3,17.2,5,4,False
E00457,Operations,1,29,Female,High school,1.4,1.4,3703.0,-8.4,False,3,4,5,2.5,1,31,False
E00458,Engineering,2,46,Male,Bachelor,2.7,1.0,5939.0,14.4,False,2,3,3,18.4,0,0,False
E00459,Sales,3,29,Male,Bachelor,5.1,2.3,7461.0,7.2,True,4,3,4,8.9,1,56,False
E00460,Support,2,36,Female,Bachelor,6.1,2.5,5768.0,11.6,False,3,4,5,37.7,0,50,False
E00461,HR,2,50,Female,Bachelor,7.1,1.0,4381.0,-14.0,False,3,3,3,28.2,2,18,False
E00462,Operations,2,36,Female,Master,5.2,3.9,5261.0,-5.5,False,3,3,2,16.7,0,25,True
E00463,Engineering,1,31,Male,High school,0.7,0.7,4370.0,11.4,False,2,3,3,11.6,0,52,False
E00464,HR,2,36,Male,High school,5.4,4.5,4952.0,-5.0,True,5,3,3,30.4,3,39,False
E00465,Operations,1,34,Male,PhD,6.3,2.8,3385.0,-15.3,True,3,2,3,16.3,5,56,False
E00466,Support,2,29,Male,Bachelor,3.2,0.7,4899.0,-3.9,False,3,4,2,15.4,2,1,False
E00467,Support,2,25,Female,Bachelor,1.6,0.7,5957.0,12.1,False,4,4,3,20.3,0,32,False
E00468,Support,3,38,Male,Bachelor,8.0,1.2,7032.0,2.4,False,2,4,4,13.8,4,47,False
E00469,Operations,4,37,Male,Bachelor,4.3,1.2,10208.0,8.1,False,3,3,3,13.0,0,30,False
E00470,Engineering,1,31,Male,Bachelor,3.6,1.8,3513.0,-4.3,False,4,3,3,11.4,1,41,False
E00471,Engineering,1,40,Female,PhD,11.0,1.2,3931.0,-0.2,False,3,3,2,14.1,0,34,False
E00472,Engineering,1,36,Male,Bachelor,1.8,0.1,4556.0,15.7,False,3,4,2,8.5,2,36,False
E00473,Engineering,1,30,Female,Master,0.5,0.5,3198.0,-13.6,False,5,4,5,8.7,3,28,False
E00474,Sales,3,37,Female,High school,1.0,1.0,5977.0,-13.9,False,4,3,3,23.5,2,21,False
E00475,Sales,4,43,Female,Bachelor,5.5,5.1,9124.0,-1.0,True,2,2,4,21.6,3,43,True
E00476,Operations,5,32,Female,Bachelor,6.4,3.9,11650.0,-10.0,False,1,3,5,9.5,3,18,False
E00477,Sales,2,40,Male,Bachelor,9.0,0.8,6076.0,17.6,True,4,3,4,63.6,0,53,False
E00478,Engineering,2,37,Male,Master,8.9,0.1,5484.0,0.5,False,2,3,4,11.0,0,58,False
E00479,Engineering,1,43,Male,High school,5.1,1.2,3037.0,-20.3,False,3,4,3,10.3,0,7,False
E00480,Support,1,34,Female,Bachelor,9.2,0.0,3449.0,-8.4,False,4,3,3,25.5,1,18,False
E00481,Operations,1,30,Female,Bachelor,3.3,0.9,4052.0,9.4,False,2,3,2,13.5,0,46,False
E00482,Operations,2,30,Male,Bachelor,3.0,1.1,5157.0,-5.9,False,1,3,3,1.0,4,19,False
E00483,Operations,2,34,Male,High school,1.2,1.2,5321.0,0.3,False,3,4,3,14.1,3,57,False
E00484,Engineering,4,27,Female,Bachelor,4.9,3.7,7506.0,-23.4,False,4,4,4,23.9,0,43,True
E00485,Engineering,2,32,Male,Bachelor,0.8,0.8,6147.0,17.4,False,4,3,3,29.0,3,26,False
E00486,Support,2,40,Female,Bachelor,3.3,2.5,5772.0,8.4,False,5,3,3,11.3,0,43,False
E00487,Support,4,31,Male,Master,6.3,3.2,9884.0,3.4,True,4,2,3,8.1,3,48,True
E00488,Engineering,1,31,Male,Master,0.5,0.5,3946.0,8.1,False,4,3,4,29.0,0,28,False
E00489,Sales,4,28,Female,High school,2.6,1.1,9507.0,-0.2,True,3,2,4,37.3,1,35,True
E00490,Operations,1,45,Male,Master,9.9,1.3,3761.0,-3.6,False,4,4,4,5.7,1,9,False
E00491,Operations,3,30,Female,Master,2.2,1.5,7227.0,4.8,False,3,3,4,13.0,1,56,False
E00492,Operations,1,31,Male,Bachelor,2.5,2.5,3835.0,0.2,False,4,3,3,25.1,0,19,False
E00493,Finance,4,23,Female,Bachelor,4.1,2.8,9032.0,-1.7,True,3,3,3,27.8,3,33,False
E00494,Operations,2,33,Female,High school,5.9,4.5,5460.0,8.3,False,3,3,4,17.1,1,45,False
E00495,Marketing,1,35,Female,Bachelor,1.0,1.0,4358.0,12.5,True,4,3,3,26.4,2,50,False
E00496,Sales,4,30,Male,High school,3.5,0.7,7665.0,-18.6,True,4,3,3,6.5,0,15,False
E00497,Operations,1,36,Male,Bachelor,3.8,2.5,2853.0,-20.0,True,4,3,3,32.1,2,52,False
E00498,Engineering,3,23,Male,Master,2.2,2.2,7057.0,-2.0,False,4,3,3,18.8,3,29,False
E00499,Engineering,5,30,Male,Bachelor,3.8,3.8,14499.0,12.0,False,4,3,4,6.3,2,19,False
E00500,Support,1,28,Female,Bachelor,1.5,1.5,4131.0,10.6,False,5,4,3,12.9,4,57,False
E00501,Sales,2,38,Male,Bachelor,2.9,2.4,6018.0,15.3,False,2,4,3,26.9,1,39,True
E00502,Sales,1,31,Female,High school,2.4,0.1,3340.0,-7.1,False,3,4,5,12.2,3,30,False
E00503,Support,3,37,Male,Bachelor,2.8,1.3,7231.0,7.0,False,3,3,4,11.9,0,20,False
E00504,Support,1,29,Male,Bachelor,4.2,1.0,3237.0,-15.7,False,1,3,3,13.4,4,4,True
E00505,Engineering,1,28,Male,High school,5.7,2.2,3432.0,-8.2,True,5,2,2,26.1,0,35,False
E00506,Operations,1,39,Male,Bachelor,8.7,1.7,4001.0,4.3,True,4,3,4,37.3,2,38,False
E00507,Operations,1,35,Male,High school,5.0,0.5,3362.0,-8.9,False,4,3,3,24.1,3,10,False
E00508,Engineering,1,38,Male,Bachelor,5.4,1.1,3138.0,-18.3,False,2,4,3,5.0,3,42,False
E00509,Support,4,31,Female,High school,2.2,1.0,9060.0,-6.7,False,5,4,4,6.6,0,8,False
E00510,Engineering,2,20,Female,Bachelor,1.7,0.5,5090.0,0.5,False,3,3,4,20.2,2,41,False
E00511,Support,1,41,Male,Bachelor,5.4,1.3,3479.0,-10.6,False,4,4,4,1.3,0,4,False
E00512,Sales,1,20,Female,Bachelor,1.8,1.8,3365.0,-14.7,False,3,3,3,13.6,4,23,False
E00513,Engineering,2,46,Male,High school,5.5,2.6,4626.0,-11.9,False,5,3,4,15.7,0,18,False
E00514,Support,3,36,Male,High school,0.7,0.7,6324.0,-10.8,False,3,4,5,37.0,1,46,False
E00515,Engineering,1,33,Female,Bachelor,3.1,0.6,3690.0,1.1,False,4,4,3,17.8,0,27,False
E00516,Support,3,35,Male,High school,12.4,3.6,7020.0,0.1,False,3,4,3,12.9,0,4,False
E00517,Finance,4,27,Male,High school,2.1,2.1,9763.0,7.8,True,3,2,4,22.8,0,54,False
E00518,Support,2,31,Female,PhD,3.3,1.4,4678.0,-7.4,False,4,3,3,33.5,2,39,False
E00519,Finance,3,20,Female,Bachelor,2.4,2.4,6911.0,-1.9,False,1,3,4,16.7,1,51,False
E00520,Operations,1,22,Male,PhD,5.1,0.0,3279.0,-11.2,False,5,4,5,14.5,0,6,False
E00521,Engineering,1,39,Female,Bachelor,2.5,2.5,3795.0,-0.1,True,3,3,4,11.2,0,40,False
E00522,Operations,1,42,Male,Bachelor,4.5,2.4,3101.0,-20.1,False,3,4,3,13.3,0,9,False
E00523,Support,1,33,Male,Bachelor,3.7,3.4,3888.0,0.4,False,4,4,4,15.2,2,5,False
E00524,Marketing,3,33,Female,Master,3.4,0.2,7303.0,8.9,False,3,3,3,2.8,1,44,True
E00525,Engineering,2,22,Male,Bachelor,2.1,1.8,4651.0,-11.1,True,4,2,4,19.2,4,38,True
E00526,Sales,3,46,Male,High school,4.7,0.8,7354.0,1.7,False,2,4,3,4.8,1,6,True
E00527,Engineering,2,30,Female,Bachelor,3.7,0.7,5500.0,3.3,False,1,3,2,25.4,0,30,False
E00528,Engineering,1,29,Female,Bachelor,2.0,2.0,3996.0,1.5,False,3,3,5,18.6,1,9,False
E00529,Engineering,2,39,Male,High school,5.6,1.3,4582.0,-9.1,False,5,3,3,6.5,3,1,False
E00530,Sales,3,37,Male,Master,3.8,1.7,6254.0,-9.5,False,3,4,3,47.9,2,18,False
E00531,Finance,1,36,Female,Bachelor,11.3,1.9,3830.0,3.5,False,5,4,4,18.8,3,5,False
E00532,Operations,2,35,Female,High school,5.1,1.8,4643.0,-7.9,False,3,4,3,29.0,0,5,False
E00533,Engineering,2,35,Female,Bachelor,3.4,1.7,4153.0,-19.2,False,3,3,4,6.6,0,36,False
E00534,HR,3,35,Male,Master,1.6,1.6,5464.0,-20.7,False,1,4,2,6.9,1,49,True
E00535,Finance,1,32,Male,Master,2.3,2.3,4424.0,14.9,False,2,3,4,18.0,1,0,False
E00536,Sales,4,27,Male,Bachelor,1.5,0.2,9628.0,11.2,True,3,2,4,18.6,4,42,False
E00537,HR,3,37,Male,PhD,3.4,2.5,6851.0,-1.1,True,3,2,3,5.3,0,21,True
E00538,HR,4,28,Female,Bachelor,5.7,5.4,10909.0,14.2,False,4,4,3,21.6,1,12,False
E00539,Finance,1,36,Male,Bachelor,3.9,1.3,3720.0,-1.4,False,3,3,4,2.2,2,52,False
E00540,Engineering,2,37,Male,Bachelor,1.1,1.1,5261.0,-0.1,False,3,3,4,2.2,3,58,False
E00541,Engineering,1,34,Male,Master,1.0,1.0,3544.0,-6.8,False,5,4,5,9.6,0,37,False
E00542,Sales,2,27,Female,Bachelor,2.7,0.4,5460.0,8.2,False,3,4,3,5.3,2,52,True
E00543,Sales,2,32,Male,Master,5.5,0.4,5259.0,-0.4,False,3,3,4,17.0,3,57,False
E00544,Operations,4,35,Female,Master,2.3,1.5,10156.0,6.8,True,5,2,5,22.8,3,50,False
E00545,Sales,3,37,Male,Bachelor,5.6,0.9,7709.0,15.0,False,3,4,5,12.5,4,25,False
E00546,Engineering,1,41,Male,Bachelor,8.4,2.7,3420.0,-6.0,False,4,3,3,19.0,2,21,False
E00547,Support,5,28,Male,Bachelor,3.6,0.7,14925.0,10.1,False,3,3,4,18.9,2,5,False
E00548,HR,1,36,Male,Bachelor,6.6,0.8,3818.0,1.5,True,3,2,3,14.3,0,4,False
E00549,Engineering,2,36,Male,Master,1.0,1.0,5338.0,1.1,True,4,3,4,19.0,3,14,True
E00550,Engineering,1,30,Female,Bachelor,4.0,0.9,3286.0,-15.5,False,4,4,5,52.9,0,40,True
E00551,Finance,2,26,Non-binary,Master,2.2,1.1,5519.0,1.9,False,3,4,3,7.5,1,4,False
E00552,Operations,5,28,Male,Bachelor,1.6,1.1,12323.0,-6.2,False,3,3,2,15.9,2,39,False
E00553,Engineering,2,36,Male,High school,1.8,1.8,5447.0,2.9,False,3,3,3,7.7,3,43,False
E00554,Sales,1,40,Female,Bachelor,2.9,2.5,3545.0,-5.9,True,4,2,3,19.4,3,50,False
E00555,Sales,3,33,Female,PhD,4.4,1.0,6642.0,-3.0,True,1,2,4,14.9,0,32,True
E00556,Marketing,3,28,Male,Bachelor,1.3,1.3,7137.0,3.3,False,4,4,5,20.1,0,26,False
E00557,Marketing,1,39,Male,Bachelor,2.4,0.5,4271.0,12.2,False,2,3,4,11.0,0,1,False
E00558,Support,3,30,Female,High school,4.3,1.0,7225.0,0.9,False,4,4,3,24.2,4,48,False
E00559,Engineering,3,31,Male,Master,0.3,0.3,6601.0,-9.2,False,2,4,5,6.0,1,5,False
E00560,Operations,2,34,Male,High school,3.9,2.8,5317.0,3.8,False,4,3,4,1.9,2,18,False
E00561,HR,5,36,Male,Master,8.6,4.6,10899.0,-11.7,False,1,4,4,56.0,5,16,True
E00562,Finance,3,37,Female,High school,5.5,3.9,7078.0,-4.6,False,3,3,2,13.3,1,30,False
E00563,Operations,1,31,Female,Master,6.2,0.2,3537.0,-1.2,False,4,3,4,20.2,2,38,False
E00564,Engineering,2,23,Male,High school,5.1,4.2,5597.0,7.1,False,3,3,5,11.1,1,41,False
E00565,Operations,5,31,Female,Bachelor,1.3,1.3,11167.0,-9.9,False,4,3,4,34.7,2,19,True
E00566,Operations,2,37,Female,Bachelor,3.2,2.1,5255.0,3.6,False,3,4,3,20.6,1,43,False
E00567,Sales,1,20,Male,Bachelor,2.6,2.0,3939.0,2.9,False,1,3,4,7.9,0,14,True
E00568,Engineering,2,38,Female,Master,1.5,1.5,4692.0,-5.7,False,3,3,4,9.0,0,42,False
E00569,HR,1,33,Female,Bachelor,4.4,0.8,3131.0,-18.4,False,5,4,4,5.4,0,54,False
E00570,Sales,1,27,Male,Bachelor,3.6,3.5,4299.0,11.6,False,4,3,4,30.0,1,16,False
E00571,Sales,2,41,Male,Master,7.5,0.9,5309.0,-0.3,True,2,3,4,17.5,0,6,True
E00572,Support,1,22,Female,Master,3.4,2.7,3526.0,-9.6,False,3,3,5,20.1,2,38,False
E00573,Support,3,34,Male,Bachelor,1.3,0.9,7278.0,4.5,False,3,4,3,22.6,0,55,False
E00574,Sales,3,47,Male,Master,15.1,0.8,5783.0,-13.0,True,4,2,3,26.8,3,22,False
E00575,Operations,5,32,Female,High school,1.2,1.2,11234.0,-11.5,True,4,2,3,26.4,0,0,True
E00576,HR,5,44,Male,High school,9.0,0.7,11100.0,-14.1,False,4,3,4,23.3,2,30,False
E00577,Support,5,35,Male,High school,4.9,4.9,13608.0,5.5,True,4,2,3,11.5,4,31,False
E00578,Engineering,4,32,Male,Bachelor,6.9,1.4,8356.0,-13.0,False,1,3,2,14.0,1,4,True
E00579,Marketing,5,23,Male,Bachelor,4.0,2.6,13038.0,1.5,False,5,3,4,13.8,2,49,False
E00580,Finance,1,36,Female,Bachelor,1.2,1.2,2832.0,-20.8,True,4,2,2,19.6,0,55,True
E00581,Marketing,1,24,Female,Master,0.7,0.7,3866.0,-3.8,False,4,3,5,24.7,3,13,False
E00582,Operations,3,45,Male,Master,10.3,5.0,6201.0,-9.0,False,5,4,3,7.0,2,20,False
E00583,Finance,1,46,Male,Bachelor,3.4,1.5,4126.0,4.4,False,4,3,4,39.1,5,0,False
E00584,Engineering,3,27,Male,High school,1.9,0.2,6325.0,-12.2,True,4,3,3,15.3,1,38,True
E00585,Marketing,1,38,Non-binary,Bachelor,4.2,0.6,3568.0,2.5,False,3,3,4,21.0,1,36,False
E00586,Operations,1,28,Female,Bachelor,2.2,2.2,4367.0,15.0,False,2,4,4,37.3,2,39,False
E00587,Engineering,3,39,Male,Bachelor,11.1,1.1,5190.0,-25.7,False,2,3,4,2.5,0,40,False
E00588,Operations,2,37,Female,High school,6.1,1.4,3673.0,-27.1,False,4,3,3,27.3,4,36,False
E00589,HR,3,27,Male,Bachelor,4.2,1.4,8986.0,24.0,True,4,2,3,25.4,2,38,False
E00590,Support,3,48,Male,Bachelor,7.2,1.0,7091.0,2.0,True,3,3,4,12.1,1,24,False
E00591,Engineering,5,33,Female,Bachelor,3.1,3.1,12528.0,-7.9,False,2,4,2,19.3,5,45,False
E00592,Engineering,2,37,Male,Master,2.6,0.3,4879.0,-8.3,False,3,4,3,6.9,2,2,False
E00593,HR,4,40,Female,High school,2.4,1.4,10167.0,6.5,True,5,3,3,6.5,5,23,False
E00594,Support,3,40,Female,Bachelor,8.6,7.3,7251.0,1.8,False,4,4,4,6.5,3,16,False
E00595,Operations,4,34,Male,Bachelor,9.0,1.7,9028.0,-6.5,False,4,3,5,8.3,1,33,False
E00596,Marketing,3,39,Female,Bachelor,1.3,1.3,6940.0,0.3,False,4,4,4,33.2,2,29,False
E00597,Marketing,1,37,Female,Bachelor,2.4,2.4,3668.0,-1.9,False,2,4,4,5.5,2,47,False
E00598,Engineering,1,45,Male,Bachelor,5.9,2.1,3644.0,-2.1,False,4,3,3,16.9,3,5,False
E00599,Support,3,31,Male,Bachelor,0.8,0.8,6685.0,-5.0,False,2,3,2,21.5,3,44,False
E00600,Support,3,30,Female,Bachelor,2.7,2.7,7819.0,12.2,False,2,3,4,3.0,2,28,False
E00601,Marketing,3,29,Male,Master,3.4,2.0,8088.0,9.8,False,5,3,4,43.5,4,14,False
E00602,HR,1,46,Female,Master,4.2,0.0,3872.0,1.6,False,3,4,3,2.3,4,41,False
E00603,Finance,2,39,Male,PhD,8.3,1.4,6115.0,16.5,False,4,4,3,28.2,1,51,False
E00604,Sales,2,28,Male,Bachelor,3.4,1.1,5625.0,4.3,False,5,4,3,5.4,1,6,False
E00605,Operations,2,25,Female,High school,3.1,3.1,5091.0,4.0,False,3,3,4,14.1,2,5,False
E00606,Engineering,2,29,Female,Bachelor,2.1,0.9,5248.0,5.6,False,2,3,4,7.3,0,36,False
E00607,Operations,2,30,Female,High school,1.0,1.0,4835.0,-10.8,False,4,3,4,35.3,1,3,False
E00608,Operations,2,44,Female,Master,4.3,1.3,4843.0,-8.5,True,3,2,3,6.0,2,55,False
E00609,Support,3,35,Female,Bachelor,2.5,0.8,7292.0,4.2,True,4,3,4,29.9,2,41,True
E00610,Support,3,35,Female,Bachelor,2.3,1.4,7180.0,6.3,False,2,3,4,23.1,0,35,True
E00611,Engineering,2,39,Non-binary,Master,1.0,1.0,5544.0,5.8,True,4,3,4,3.9,2,14,False
E00612,Operations,3,42,Female,Bachelor,10.8,5.4,9068.0,24.1,False,1,3,5,7.0,3,35,False
E00613,HR,1,37,Male,Bachelor,5.7,0.8,3621.0,-8.0,False,5,4,4,9.6,0,10,False
E00614,Engineering,1,37,Female,Bachelor,3.5,2.6,4058.0,6.1,False,4,4,2,8.6,0,2,False
E00615,Finance,3,39,Male,Bachelor,2.6,0.3,6618.0,-7.2,False,3,4,3,26.9,4,33,False
E00616,Sales,5,33,Male,Bachelor,0.4,0.4,13120.0,0.6,True,5,3,3,7.0,4,31,False
E00617,Sales,1,31,Female,Master,9.8,1.0,3584.0,-7.5,False,2,4,3,26.3,2,18,False
E00618,Support,1,20,Female,Master,1.2,0.3,3959.0,0.2,False,4,3,3,39.1,4,27,False
E00619,Engineering,3,32,Male,High school,1.8,1.8,7157.0,5.3,False,4,3,3,35.2,0,52,False
E00620,Engineering,2,29,Male,Bachelor,4.2,1.7,5541.0,1.7,False,2,3,5,6.0,0,36,False
E00621,Support,1,36,Male,Bachelor,7.9,0.6,3872.0,4.3,True,3,3,4,6.4,0,57,False
E00622,Marketing,4,32,Male,High school,4.1,0.2,10325.0,4.2,False,3,4,4,8.5,2,22,False
E00623,Support,2,37,Male,Bachelor,2.6,1.2,5332.0,5.1,False,4,4,4,5.9,1,40,False
E00624,Sales,3,29,Female,Master,3.2,0.3,6642.0,-10.4,True,4,2,3,24.7,0,20,True
E00625,Sales,2,31,Female,Master,0.8,0.8,4503.0,-13.4,True,1,2,3,26.4,3,35,True
E00626,Operations,3,35,Male,Master,0.7,0.7,5779.0,-17.3,False,4,3,3,17.1,2,50,False
E00627,Operations,2,43,Male,Bachelor,3.9,0.5,4689.0,-10.2,False,4,3,4,17.1,0,19,False
E00628,Support,3,35,Female,Bachelor,0.4,0.4,5986.0,-13.1,False,4,4,2,38.7,0,20,False
E00629,Sales,4,40,Female,Bachelor,0.9,0.9,8914.0,-10.1,False,1,4,5,8.4,4,45,True
E00630,Engineering,2,34,Female,Master,6.2,2.3,4713.0,-6.8,False,3,4,3,19.1,5,15,True
E00631,Marketing,3,30,Female,Bachelor,6.9,2.2,5441.0,-20.1,False,4,4,3,30.8,0,59,False
E00632,Engineering,1,37,Male,Bachelor,0.9,0.9,3742.0,1.3,False,4,4,2,6.8,0,43,False
E00633,Support,2,26,Female,Bachelor,1.0,0.6,5050.0,-4.6,False,2,3,5,31.1,0,46,False
E00634,Finance,2,36,Male,Bachelor,3.0,1.6,4988.0,-5.2,False,3,3,2,10.9,1,47,False
E00635,HR,2,39,Male,Bachelor,1.4,0.9,5396.0,2.7,False,3,3,3,32.5,2,4,False
E00636,Sales,4,40,Female,Bachelor,4.9,2.3,10309.0,6.0,False,2,4,4,18.2,0,40,True
E00637,Engineering,1,23,Male,Bachelor,2.8,1.0,3487.0,-11.9,True,2,2,3,13.5,4,9,True
E00638,Support,5,30,Female,Master,2.4,1.0,12499.0,-4.6,True,1,2,2,17.7,3,1,False
E00639,Finance,3,50,Male,Master,8.0,0.4,7124.0,6.9,False,2,3,3,11.5,0,14,False
E00640,Engineering,1,33,Female,High school,2.2,1.3,4074.0,5.1,True,3,2,4,34.5,0,14,False
E00641,Marketing,2,35,Female,Master,5.3,5.3,5120.0,0.5,False,2,3,3,6.8,5,59,True
E00642,Sales,1,31,Female,High school,2.2,2.2,4118.0,4.7,False,3,3,3,14.2,2,18,False
E00643,Operations,4,37,Male,Bachelor,8.8,8.8,9272.0,-0.1,True,4,3,3,17.8,3,45,False
E00644,Finance,1,44,Male,Bachelor,0.7,0.7,3356.0,-13.8,True,5,3,3,6.3,0,4,False
E00645,Support,3,36,Female,Bachelor,3.3,1.0,7310.0,6.9,False,5,3,3,19.7,3,10,False
E00646,Engineering,3,32,Female,Master,3.3,1.0,6561.0,-8.3,True,3,2,4,2.8,4,4,False
E00647,Operations,1,48,Female,Bachelor,10.1,0.8,3856.0,0.3,True,1,2,3,7.6,1,1,True
E00648,Sales,2,38,Female,Bachelor,3.6,0.8,5379.0,4.7,False,4,4,5,21.8,2,47,False
E00649,Sales,4,41,Male,Bachelor,6.7,2.2,9562.0,2.3,True,1,2,3,22.7,0,34,False
E00650,Engineering,4,25,Male,High school,2.1,2.1,10990.0,5.5,False,4,4,4,18.4,3,58,False
E00651,Sales,1,31,Male,Bachelor,2.8,0.6,3502.0,-10.2,True,2,2,4,17.2,0,0,False
E00652,Finance,1,29,Female,Bachelor,1.8,1.4,3952.0,1.0,True,3,3,3,31.9,4,31,False
E00653,Marketing,1,49,Female,Master,7.0,0.7,4157.0,6.6,True,2,3,3,5.8,3,16,False
E00654,Support,3,40,Male,Master,3.7,0.0,6088.0,-13.3,False,3,4,3,22.5,1,5,False
E00655,Engineering,1,29,Male,Bachelor,3.2,3.1,4201.0,13.9,False,3,4,3,25.3,3,33,False
E00656,Engineering,4,34,Female,High school,2.2,0.9,8692.0,-9.3,False,2,3,3,33.1,2,5,True
E00657,Finance,1,39,Male,Master,5.4,5.4,4726.0,20.6,False,4,3,3,17.1,2,35,False
E00658,Operations,1,34,Male,PhD,10.0,8.3,4187.0,7.2,False,1,4,3,4.3,0,21,True
E00659,Engineering,2,42,Male,Master,6.0,1.1,5307.0,5.5,False,4,3,5,14.6,2,39,False
E00660,Marketing,2,29,Male,Master,1.2,1.2,5957.0,10.6,True,4,3,5,4.8,0,38,False
E00661,Engineering,1,34,Female,High school,2.1,2.1,3476.0,-5.7,True,4,3,3,4.0,3,11,False
E00662,Engineering,2,21,Female,High school,2.7,1.1,4886.0,-2.3,False,2,4,4,28.9,1,44,False
E00663,Operations,1,20,Female,Bachelor,2.0,0.7,3795.0,5.5,False,5,3,4,9.9,0,6,False
E00664,Marketing,2,37,Male,Bachelor,6.1,1.5,4842.0,-6.0,False,5,4,4,13.5,4,25,False
E00665,Sales,3,32,Male,Bachelor,4.0,1.6,6709.0,-1.5,False,3,3,3,22.2,1,11,False
E00666,Engineering,4,33,Female,Master,4.5,3.3,9558.0,1.6,False,5,3,2,18.8,4,23,False
E00667,Engineering,2,23,Male,Bachelor,4.8,3.5,4434.0,-13.9,False,2,4,4,8.1,0,3,False
E00668,Marketing,2,25,Female,Bachelor,1.4,1.4,5221.0,-1.2,False,2,4,3,9.7,2,16,False
E00669,Sales,3,42,Female,Bachelor,4.7,2.8,6452.0,-1.5,True,2,2,3,45.2,1,16,True
E00670,Engineering,1,33,Male,Bachelor,0.9,0.9,3970.0,5.0,False,4,3,3,34.1,3,56,False
E00671,Sales,2,30,Female,PhD,9.7,0.5,5293.0,0.2,False,3,3,3,25.6,0,31,False
E00672,Operations,2,37,Female,High school,2.1,0.9,6455.0,17.7,False,3,3,3,28.2,3,19,False
E00673,Support,3,25,Male,High school,4.4,0.9,8429.0,11.1,False,4,4,3,9.8,1,28,False
E00674,Sales,2,30,Female,Bachelor,1.5,1.5,5284.0,-1.5,True,5,3,3,22.8,2,38,False
E00675,Sales,2,44,Female,Master,11.6,0.6,4858.0,-6.8,True,4,3,4,11.8,0,40,False
E00676,Operations,2,35,Female,Bachelor,1.8,1.2,4311.0,-17.9,False,3,3,3,4.1,2,44,False
E00677,Sales,4,25,Non-binary,High school,2.0,1.3,8176.0,-11.9,False,3,3,5,24.6,3,14,False
E00678,Sales,3,36,Female,Bachelor,5.8,2.6,7658.0,10.8,False,3,3,3,28.0,1,59,False
E00679,Engineering,1,27,Female,High school,4.6,0.2,3346.0,-12.2,False,3,3,3,10.2,1,0,True
E00680,Sales,5,28,Male,PhD,5.1,0.8,12281.0,-7.4,False,3,4,3,7.0,2,57,False
E00681,Marketing,1,32,Female,Bachelor,2.2,2.2,3584.0,-8.8,False,5,4,3,17.0,0,37,False
E00682,Engineering,2,39,Male,Bachelor,2.4,2.4,5888.0,9.0,False,3,4,3,2.5,0,56,False
E00683,Support,1,27,Male,Master,5.9,1.6,3820.0,-4.2,False,4,3,4,33.8,2,15,False
E00684,Engineering,3,31,Female,Master,4.9,4.5,6642.0,2.9,False,3,3,3,28.8,0,18,False
E00685,Marketing,2,36,Male,Master,8.6,1.2,4665.0,-8.5,False,4,4,3,18.2,2,5,False
E00686,Sales,1,43,Male,Bachelor,3.0,3.0,3996.0,7.6,True,5,3,3,54.6,2,17,True
E00687,Sales,1,43,Female,Bachelor,1.2,1.2,4365.0,14.9,False,4,3,3,3.4,0,14,False
E00688,HR,1,40,Male,Master,4.2,3.9,3985.0,6.7,False,3,4,3,20.3,0,24,False
E00689,HR,3,26,Non-binary,High school,8.2,1.3,6592.0,-7.2,False,1,4,4,13.9,1,47,False
E00690,Engineering,2,34,Male,Master,1.7,0.7,4610.0,-8.6,True,2,3,3,2.9,3,49,False
E00691,Sales,1,48,Male,Bachelor,3.6,0.7,4128.0,11.9,False,4,3,4,8.5,1,36,False
E00692,Operations,3,41,Male,High school,1.4,1.4,7808.0,9.3,False,1,3,4,17.2,4,43,False
E00693,Operations,2,28,Female,Bachelor,2.1,2.1,4630.0,-12.0,False,4,3,3,26.0,0,9,False
E00694,Support,4,30,Female,Bachelor,3.8,0.3,10378.0,8.0,False,2,4,5,6.0,0,53,False
E00695,Finance,3,40,Male,Bachelor,5.5,0.3,7353.0,1.1,False,1,3,4,14.8,0,18,False
E00696,Marketing,1,42,Male,Bachelor,8.4,1.3,3504.0,-8.0,False,3,4,3,8.7,3,37,False
E00697,Support,4,34,Female,Bachelor,3.4,3.3,9972.0,12.0,False,2,4,3,12.1,3,13,True
E00698,Engineering,2,35,Male,Master,1.6,0.7,5479.0,4.9,False,4,3,2,21.9,1,1,False
E00699,Sales,4,34,Female,Master,4.5,1.7,9555.0,-0.1,True,3,3,3,5.4,0,25,False
E00700,Engineering,2,51,Female,High school,15.0,5.3,4875.0,-5.1,False,4,3,3,6.6,0,32,False
E00701,Sales,4,44,Male,Bachelor,10.2,2.1,10402.0,8.5,False,3,4,3,12.0,0,40,False
E00702,Engineering,2,44,Female,Bachelor,2.8,0.1,6619.0,26.1,False,5,4,3,24.4,0,18,False
E00703,Sales,4,37,Male,Bachelor,7.2,1.9,9770.0,-2.3,True,4,2,4,5.2,2,15,True
E00704,Support,3,39,Male,High school,1.4,1.4,6942.0,2.2,True,1,3,3,9.9,0,46,True
E00705,Engineering,3,39,Non-binary,Bachelor,2.3,0.6,6168.0,-9.6,False,4,3,3,28.8,1,35,False
E00706,Support,4,32,Non-binary,PhD,3.7,3.7,9499.0,-0.9,False,3,3,3,20.4,1,37,False
E00707,Marketing,2,48,Female,High school,4.2,2.0,5803.0,9.4,True,1,3,4,9.7,0,48,True
E00708,Engineering,1,29,Female,High school,1.9,1.9,3932.0,3.7,True,5,3,3,17.5,2,51,True
E00709,Finance,1,25,Male,Bachelor,3.4,0.3,4081.0,5.3,False,3,3,4,19.5,0,2,False
E00710,Support,1,30,Female,Bachelor,6.8,3.5,5141.0,34.9,False,3,3,3,5.9,3,44,False
E00711,Support,4,41,Female,Bachelor,6.5,6.1,9773.0,1.6,False,5,3,4,13.8,1,31,False
E00712,Engineering,2,26,Female,Bachelor,0.7,0.7,5518.0,2.3,False,4,3,4,10.6,1,20,False
E00713,Finance,3,33,Female,Master,3.5,1.0,7213.0,2.2,True,3,2,5,2.6,4,31,False
E00714,HR,1,42,Male,Bachelor,7.9,0.8,3819.0,-3.5,False,2,4,3,20.3,0,5,True
E00715,Support,3,27,Male,Bachelor,2.1,0.8,7086.0,5.2,False,5,3,3,23.2,1,5,True
E00716,Sales,2,37,Male,High school,5.4,2.3,5285.0,-1.8,False,5,3,3,1.0,5,44,False
E00717,Operations,1,48,Male,Bachelor,8.7,3.0,3287.0,-15.1,False,5,4,3,18.0,0,54,False
E00718,Operations,2,41,Male,High school,4.7,4.1,5295.0,3.9,False,2,3,3,8.1,2,0,False
E00719,Engineering,1,29,Male,Bachelor,0.5,0.5,4831.0,28.4,False,5,4,3,1.9,5,53,False
E00720,Support,3,27,Male,Bachelor,1.2,1.1,7824.0,15.7,True,5,2,4,16.3,1,57,False
E00721,Sales,3,47,Female,Master,6.7,4.1,7037.0,10.2,False,4,3,3,18.5,0,28,False
E00722,Engineering,1,42,Male,Bachelor,5.4,0.9,4727.0,20.9,False,1,4,4,10.6,5,20,False
E00723,Operations,3,48,Male,Bachelor,3.9,1.9,7167.0,0.9,False,1,4,4,19.1,0,3,False
E00724,Support,1,38,Male,Master,2.8,2.8,3809.0,-3.7,False,3,4,3,53.3,1,34,False
E00725,HR,2,34,Female,PhD,3.2,2.0,5113.0,-0.5,False,4,3,5,24.0,4,11,False
E00726,Finance,1,32,Female,Bachelor,3.1,3.1,3694.0,-6.2,False,4,3,4,25.6,0,46,False
E00727,Marketing,1,46,Male,High school,15.4,1.2,4098.0,5.4,True,4,3,3,17.7,5,17,False
E00728,Engineering,2,31,Male,Master,7.2,3.8,6254.0,18.4,False,5,4,3,3.8,1,27,False
E00729,Engineering,1,24,Female,Bachelor,5.2,0.5,3287.0,-14.5,False,4,4,3,5.1,0,39,False
E00730,Sales,2,36,Female,Bachelor,0.6,0.6,5659.0,8.5,False,4,3,4,9.0,0,20,False
E00731,Support,5,39,Female,Bachelor,5.7,2.0,14306.0,6.2,False,5,4,3,10.3,0,21,False
E00732,Engineering,4,20,Male,Bachelor,1.0,1.0,10712.0,12.8,False,3,4,3,38.8,2,26,False
E00733,Engineering,2,30,Female,Bachelor,1.6,1.6,6066.0,18.4,False,3,3,3,27.8,3,31,False
E00734,Support,5,37,Female,Master,4.7,2.0,12388.0,-10.7,False,2,4,2,8.5,0,47,False
E00735,Support,2,40,Female,Bachelor,1.9,1.9,5352.0,4.6,False,5,3,3,30.6,3,21,False
E00736,Operations,2,38,Female,PhD,8.3,0.3,4342.0,-11.0,False,5,3,3,20.7,2,44,False
E00737,Engineering,1,35,Male,Bachelor,2.0,1.2,4479.0,11.2,True,4,3,3,20.1,3,16,False
E00738,Engineering,2,39,Female,Bachelor,5.4,2.2,5544.0,8.2,True,4,2,5,11.1,3,49,True
E00739,Sales,3,34,Male,Master,4.4,1.3,7849.0,9.5,False,4,4,5,23.1,3,22,False
E00740,Support,1,26,Female,Master,1.3,1.3,3743.0,1.1,False,4,4,5,2.3,3,44,False
E00741,Engineering,3,42,Female,Bachelor,5.1,1.5,6275.0,-9.7,False,4,3,4,9.1,1,15,False
E00742,Finance,3,37,Female,Bachelor,1.8,1.8,6639.0,-1.5,False,2,3,3,6.0,1,27,False
E00743,Finance,1,25,Non-binary,Master,1.3,0.0,3588.0,-6.2,False,4,4,2,1.0,3,31,False
E00744,Operations,2,31,Male,Master,0.6,0.5,5151.0,-2.7,False,5,4,3,35.8,1,4,False
E00745,Marketing,3,31,Male,PhD,3.6,2.5,9096.0,31.6,False,4,4,4,11.8,0,36,False
E00746,Operations,1,47,Male,Master,5.9,0.6,4016.0,4.6,True,3,2,3,4.0,0,42,False
E00747,Sales,2,28,Male,Master,4.9,1.2,6515.0,20.6,True,5,3,3,16.8,2,0,False
E00748,Sales,5,30,Female,Bachelor,3.6,2.5,11612.0,-9.8,False,3,4,3,25.5,2,39,False
E00749,HR,3,32,Male,Bachelor,3.2,2.1,7829.0,9.9,True,5,2,4,7.4,3,2,False
E00750,Marketing,4,29,Male,Bachelor,12.3,2.9,8907.0,-4.8,True,3,3,3,3.8,2,40,False
E00751,Support,2,29,Male,Bachelor,6.4,1.7,4878.0,3.1,False,3,3,2,13.0,3,26,False
E00752,Marketing,1,25,Male,Master,0.9,0.9,3576.0,-8.0,False,2,3,3,17.5,2,43,False
E00753,Engineering,1,27,Male,Master,1.9,0.8,4172.0,12.4,True,3,2,3,41.3,0,22,False
E00754,Engineering,1,35,Male,Master,5.1,1.1,4203.0,11.9,True,3,3,3,51.9,2,31,False
E00755,Finance,4,36,Male,Master,3.7,2.0,9781.0,5.4,False,3,4,3,32.5,2,27,False
E00756,Support,1,20,Male,Bachelor,0.8,0.8,3225.0,-11.1,False,2,4,3,12.3,2,22,False
E00757,Sales,1,40,Female,Master,1.6,1.6,3445.0,-13.2,False,4,3,3,17.8,3,18,False
E00758,Sales,1,37,Female,Bachelor,7.2,0.7,3890.0,4.7,False,1,4,3,22.9,0,33,False
E00759,Engineering,3,36,Female,Bachelor,5.0,1.9,6361.0,-6.5,False,2,4,4,7.2,1,32,False
E00760,Finance,1,36,Non-binary,Bachelor,9.8,2.0,3941.0,1.6,False,5,3,3,9.9,3,33,False
E00761,Engineering,1,38,Female,Bachelor,8.1,2.4,4037.0,9.0,False,4,4,4,42.0,3,9,False
E00762,Operations,5,28,Female,Bachelor,3.7,2.4,13138.0,-0.7,False,3,4,3,15.5,4,0,False
E00763,Marketing,1,39,Male,Bachelor,11.3,0.3,4236.0,8.3,False,3,3,4,2.5,4,35,False
E00764,Operations,1,31,Male,Bachelor,3.5,2.4,3748.0,-0.5,False,4,3,4,10.5,2,38,False
E00765,Finance,2,41,Female,Master,5.8,4.6,4216.0,-16.8,True,4,2,5,33.6,3,31,True
E00766,Engineering,2,25,Female,Bachelor,2.4,1.5,5374.0,4.1,True,4,2,4,8.2,3,24,False
E00767,Sales,1,42,Male,High school,1.1,1.1,3954.0,5.1,False,2,4,4,1.0,1,29,True
E00768,Sales,1,25,Male,Master,2.0,2.0,3729.0,-3.1,False,3,3,2,19.9,1,45,False
E00769,Operations,2,40,Female,Bachelor,11.8,1.4,4435.0,-18.9,False,4,3,3,27.2,3,9,False
E00770,Finance,5,41,Male,Bachelor,1.2,1.2,12751.0,0.1,True,5,3,5,10.8,0,15,False
E00771,Finance,5,32,Female,High school,5.3,5.3,11460.0,-10.9,False,5,3,4,7.1,1,58,False
E00772,Sales,4,29,Female,Master,1.1,1.1,9884.0,3.1,False,3,4,3,24.4,4,13,False
E00773,Engineering,2,31,Male,Bachelor,2.0,2.0,4718.0,-9.6,False,5,3,4,10.6,4,55,False
E00774,Sales,4,31,Male,Bachelor,2.2,0.5,8626.0,-7.6,True,3,2,3,25.3,5,52,False
E00775,Support,5,33,Male,Bachelor,4.3,4.3,13365.0,-1.0,False,4,3,3,14.0,2,15,True
E00776,Sales,2,32,Female,Bachelor,1.9,1.9,6116.0,12.8,False,4,4,4,10.7,0,42,True
E00777,Sales,1,27,Female,Bachelor,1.4,1.4,4162.0,16.9,False,2,4,4,33.8,1,43,True
E00778,Sales,1,35,Female,Master,2.2,2.2,3975.0,4.8,False,2,3,3,10.9,0,33,False
E00779,Operations,2,31,Female,Master,2.3,1.1,5685.0,7.0,True,3,3,3,26.7,4,54,False
E00780,Sales,1,30,Male,High school,5.8,3.1,3458.0,-9.3,False,3,3,3,29.2,3,5,False
E00781,Operations,4,41,Male,Bachelor,2.6,0.9,9078.0,1.3,False,2,4,2,11.3,2,36,False
E00782,Operations,3,32,Female,Bachelor,5.5,1.3,6977.0,-2.0,True,2,3,5,55.4,1,12,False
E00783,Finance,1,32,Non-binary,Master,5.9,3.3,4487.0,13.8,False,4,4,3,26.3,0,53,False
E00784,Engineering,3,38,Female,Bachelor,4.4,2.0,7918.0,15.2,False,2,4,5,9.5,4,48,False
E00785,HR,3,20,Male,High school,4.6,1.5,6177.0,-15.4,False,3,3,3,23.2,3,9,True
E00786,Engineering,1,32,Male,High school,1.3,1.3,3749.0,-2.6,True,2,3,4,13.3,2,17,True
E00787,Marketing,3,35,Male,Bachelor,3.5,3.5,6207.0,-11.0,False,5,4,5,28.7,1,47,False
E00788,Finance,1,31,Female,Bachelor,1.0,0.9,4271.0,9.6,False,4,3,2,2.3,0,21,False
E00789,Engineering,4,33,Female,Master,2.6,2.6,10050.0,6.8,False,4,3,3,11.8,0,51,False
E00790,Support,5,34,Male,High school,2.8,0.5,13679.0,7.9,False,5,4,4,27.1,3,41,False
E00791,Support,3,38,Female,Master,5.5,1.9,7491.0,5.2,False,5,3,3,9.1,2,3,False
E00792,Sales,3,31,Female,Master,11.6,2.6,4407.0,-37.6,False,1,3,3,11.9,1,56,True
E00793,Support,3,37,Male,Bachelor,5.9,1.2,6253.0,-9.4,False,3,3,3,25.6,3,56,False
E00794,HR,2,33,Female,Bachelor,3.1,2.9,4907.0,1.9,False,4,4,5,62.4,3,20,False
E00795,Engineering,1,39,Female,High school,5.3,0.3,4013.0,1.7,True,3,3,4,21.1,2,41,False
E00796,Engineering,4,32,Male,Bachelor,6.1,2.0,8699.0,-8.5,True,3,2,3,32.2,3,47,True
E00797,Engineering,2,42,Male,Master,6.0,1.1,4846.0,-3.9,False,3,3,4,10.8,0,10,False
E00798,Sales,1,22,Male,High school,7.0,2.1,3841.0,0.9,False,4,4,3,7.3,3,34,False
E00799,Operations,4,32,Female,Bachelor,4.9,0.7,9324.0,-2.9,False,2,4,3,9.7,3,34,False
E00800,Engineering,2,40,Male,Master,4.7,3.5,4301.0,-20.0,False,3,3,3,10.1,4,17,False
E00801,Engineering,2,35,Male,Bachelor,5.1,1.3,5943.0,11.6,True,1,2,3,7.2,4,22,False
E00802,Engineering,2,26,Male,Bachelor,2.2,2.1,6001.0,12.8,False,5,3,4,15.6,0,46,False
E00803,Operations,2,38,Female,Bachelor,4.7,1.0,5161.0,-5.5,True,5,3,3,8.1,2,49,False
E00804,Marketing,3,35,Male,Bachelor,2.5,0.6,7074.0,-4.1,False,2,4,3,16.0,0,24,False
E00805,Engineering,2,32,Male,Bachelor,1.6,1.3,3864.0,-20.9,False,1,4,3,13.0,0,35,False
E00806,Sales,4,31,Male,High school,1.6,1.6,10483.0,6.1,False,3,4,4,18.8,2,8,False
E00807,Operations,2,32,Female,Master,1.0,1.0,5268.0,0.9,False,3,4,5,46.6,1,54,True
E00808,Operations,4,39,Female,Master,4.1,0.3,11312.0,18.5,False,1,3,3,25.1,4,58,True
E00809,Engineering,3,48,Female,Bachelor,4.4,4.4,6886.0,-0.5,False,4,3,3,21.2,0,49,False
E00810,Engineering,3,25,Male,Bachelor,2.4,0.9,6501.0,-6.8,False,4,3,4,12.9,3,36,False
E00811,Sales,2,34,Male,PhD,2.4,2.0,4973.0,-1.1,True,5,2,3,16.7,0,33,False
E00812,Engineering,2,52,Female,High school,12.7,2.3,5185.0,-0.8,False,3,4,3,1.2,1,42,False
E00813,Sales,1,32,Male,Bachelor,0.8,0.8,4501.0,15.2,False,3,3,3,12.0,0,40,False
E00814,Sales,3,36,Male,Bachelor,0.8,0.2,7447.0,5.6,False,2,4,3,47.6,0,10,True
E00815,Marketing,3,28,Female,High school,4.3,2.6,7515.0,7.2,False,4,4,3,17.0,0,19,False
E00816,Marketing,3,45,Male,High school,2.3,0.7,7535.0,7.9,False,3,3,4,22.5,0,43,False
E00817,Sales,5,44,Male,Bachelor,13.7,2.6,10046.0,-22.9,False,3,3,3,4.7,1,54,False
E00818,Sales,3,38,Male,High school,3.1,0.5,7204.0,7.8,True,4,2,4,17.8,2,50,False
E00819,Marketing,3,38,Female,Bachelor,2.2,2.2,6017.0,-13.9,True,3,3,5,20.5,5,19,False
E00820,Engineering,4,31,Male,Master,7.2,2.1,8970.0,-6.6,False,5,3,3,21.4,1,33,False
E00821,Engineering,2,39,Male,Master,1.5,1.1,5668.0,3.1,False,5,3,4,13.1,0,20,False
E00822,Finance,4,27,Male,High school,1.2,1.2,9509.0,-1.5,False,4,3,4,18.9,3,15,False
E00823,Operations,1,27,Male,Master,2.5,0.6,5018.0,29.6,False,2,4,3,2.5,0,57,False
E00824,Sales,2,31,Female,Master,2.7,0.9,5196.0,-0.3,False,2,3,4,6.7,0,28,False
E00825,Sales,4,34,Male,Bachelor,0.6,0.6,10705.0,10.6,False,5,4,4,30.3,0,42,False
E00826,Operations,3,41,Female,PhD,3.7,1.0,6843.0,-0.7,False,4,3,5,4.6,2,58,False
E00827,Engineering,2,40,Female,Bachelor,3.6,3.0,6201.0,20.9,False,1,3,3,22.1,0,26,True
E00828,HR,2,21,Female,Bachelor,0.4,0.4,5534.0,8.0,True,4,3,3,22.9,0,6,False
E00829,Engineering,3,43,Male,Bachelor,10.6,0.5,5464.0,-18.7,False,5,4,5,16.9,2,0,False
E00830,Engineering,1,42,Female,Master,4.1,4.1,4471.0,17.8,False,4,4,3,18.7,0,37,False
E00831,HR,1,25,Male,High school,5.5,1.6,4007.0,3.9,True,5,3,5,47.5,0,24,False
E00832,Sales,2,32,Male,Bachelor,6.8,2.1,5054.0,-2.8,False,4,3,4,10.6,0,41,False
E00833,Operations,4,29,Male,Bachelor,1.9,1.9,10324.0,13.5,True,4,2,3,19.7,1,9,False
E00834,Finance,4,49,Male,High school,3.2,0.5,8059.0,-11.1,True,3,3,3,12.0,2,55,True
E00835,Sales,4,47,Female,Master,8.2,0.4,10254.0,2.5,True,4,2,3,26.5,2,22,False
E00836,Operations,2,30,Male,Bachelor,2.6,0.5,5373.0,1.1,False,3,4,3,15.5,3,35,False
E00837,Finance,3,28,Male,Master,2.9,0.8,6091.0,-14.5,False,3,3,4,14.2,1,2,False
E00838,Finance,4,34,Female,Master,2.9,0.5,9751.0,1.6,True,1,3,3,8.6,1,5,False
E00839,Engineering,1,34,Male,Bachelor,8.8,2.6,3601.0,-1.4,False,5,3,4,23.1,4,34,False
E00840,Finance,5,26,Male,Bachelor,3.5,3.1,11909.0,-4.2,False,3,4,3,35.5,0,8,False
E00841,Operations,4,44,Female,Bachelor,14.8,0.5,10861.0,16.7,True,1,2,4,15.2,2,20,False
E00842,Engineering,2,33,Male,Bachelor,6.6,2.6,5403.0,3.6,True,3,3,2,19.5,2,47,False
E00843,Engineering,1,26,Male,Bachelor,1.2,1.2,4067.0,10.2,True,4,3,3,17.7,5,33,False
E00844,Finance,2,46,Male,High school,11.1,5.0,5425.0,5.5,False,4,4,3,9.4,3,29,False
E00845,Marketing,2,37,Female,Master,1.4,1.0,6361.0,20.5,False,4,4,3,55.1,4,5,False
E00846,Engineering,1,37,Male,High school,2.9,2.9,3698.0,-4.6,False,2,4,4,62.5,0,25,False
E00847,Sales,1,40,Female,Bachelor,8.4,2.4,4063.0,13.0,True,3,2,4,10.9,0,26,False
E00848,Engineering,3,40,Male,Bachelor,9.2,1.4,7776.0,13.2,False,5,3,2,26.8,2,8,False
E00849,Operations,2,36,Male,Bachelor,2.4,1.1,5885.0,11.7,False,3,3,2,8.8,2,52,False
E00850,Engineering,2,42,Male,High school,10.3,0.3,4611.0,-10.6,False,3,4,3,4.6,0,25,True
E00851,Sales,2,35,Male,Bachelor,1.2,1.2,5064.0,-1.0,True,3,3,3,4.4,0,8,False
E00852,Operations,4,30,Female,Bachelor,1.0,1.0,9908.0,4.3,False,3,4,4,9.4,4,12,False
E00853,Sales,2,41,Male,Bachelor,7.9,1.7,5296.0,0.8,True,4,3,4,4.3,1,3,True
E00854,Engineering,2,28,Female,Bachelor,3.4,0.1,4636.0,-11.6,False,3,4,5,15.2,2,59,False
E00855,Engineering,1,28,Male,Master,4.8,0.9,3583.0,-2.3,False,1,3,3,15.7,1,54,False
E00856,Support,4,35,Female,Master,13.4,1.2,11271.0,14.7,True,3,2,3,36.2,2,58,True
E00857,Sales,2,31,Female,Master,2.2,0.5,4652.0,-9.0,False,4,3,3,13.9,1,59,False
E00858,Sales,3,23,Male,High school,1.1,1.1,8241.0,18.4,False,3,3,3,21.9,1,5,False
E00859,Finance,3,29,Female,Master,4.7,0.6,5593.0,-14.6,False,2,3,3,23.1,3,19,True
E00860,Operations,1,35,Male,High school,7.7,1.9,3456.0,-6.6,False,3,4,5,29.9,0,32,False
E00861,Engineering,3,37,Female,Bachelor,4.5,1.4,7288.0,1.0,False,3,4,4,46.2,4,41,False
E00862,Engineering,2,23,Female,Bachelor,1.8,0.7,5556.0,9.5,False,5,4,3,7.2,0,42,False
E00863,HR,1,35,Male,Bachelor,7.6,1.5,3235.0,-14.4,True,4,3,4,12.7,5,4,False
E00864,Marketing,2,34,Female,Bachelor,5.6,1.8,4607.0,-12.7,True,3,2,4,10.6,2,51,False
E00865,Operations,3,34,Non-binary,Bachelor,6.0,2.4,6044.0,-12.6,False,3,4,3,19.8,1,42,False
E00866,Operations,2,32,Female,Master,3.6,0.5,5248.0,0.6,False,5,3,4,12.6,5,51,False
E00867,Support,3,33,Female,Bachelor,1.1,1.1,5467.0,-20.6,False,3,3,3,16.2,3,41,False
E00868,Sales,2,34,Male,Bachelor,2.5,2.5,4975.0,-6.4,False,5,3,3,7.8,3,16,False
E00869,Engineering,2,46,Male,Bachelor,6.3,0.4,5044.0,-0.8,False,5,3,3,2.6,1,51,False
E00870,Support,1,26,Male,Bachelor,7.3,2.1,4681.0,25.1,False,2,3,3,17.2,0,58,False
E00871,Sales,3,27,Female,Bachelor,3.7,3.0,5637.0,-18.7,True,3,3,3,17.7,0,45,False
E00872,Support,4,26,Male,Master,4.8,1.8,8683.0,-8.8,True,3,3,4,5.3,0,33,False
E00873,Operations,3,41,Female,PhD,8.8,2.6,6355.0,-4.5,False,4,3,4,28.2,3,3,False
E00874,Support,2,38,Male,Master,2.4,1.3,5371.0,-0.4,False,3,4,4,6.5,4,53,False
E00875,Engineering,2,33,Male,Bachelor,4.8,1.8,4287.0,-21.7,False,4,3,4,33.4,5,22,False
E00876,Sales,4,37,Male,Master,3.6,1.5,11778.0,19.6,True,1,3,4,7.4,4,45,False
E00877,Marketing,4,20,Male,Bachelor,2.3,1.0,9403.0,1.4,True,4,2,3,16.2,2,56,False
E00878,Support,1,50,Male,Bachelor,7.2,0.6,4560.0,17.6,False,5,3,5,14.1,1,29,False
E00879,Operations,2,25,Male,Bachelor,2.0,2.0,4575.0,-13.2,True,2,3,4,11.6,2,45,True
E00880,Engineering,1,27,Non-binary,Bachelor,2.3,2.3,3521.0,-10.0,False,5,4,3,20.4,3,1,False
E00881,Support,4,30,Male,Bachelor,4.6,0.7,9582.0,3.9,False,3,4,3,34.5,3,10,False
E00882,Marketing,1,26,Female,Bachelor,4.1,1.0,4254.0,11.5,False,3,4,4,19.1,3,32,False
E00883,Finance,4,39,Male,Master,5.0,0.7,8820.0,-10.8,False,4,3,5,4.4,2,14,False
E00884,Support,1,39,Female,Bachelor,6.0,1.2,3856.0,1.0,False,5,3,4,22.9,1,29,True
E00885,HR,2,35,Male,Bachelor,0.8,0.8,4719.0,-9.8,False,4,3,3,25.8,2,18,False
E00886,Sales,1,39,Male,High school,2.3,2.3,3311.0,-8.7,False,5,4,2,5.2,1,6,True
E00887,Operations,5,37,Female,Master,0.8,0.1,13317.0,6.6,False,5,4,5,27.2,3,41,False
E00888,HR,3,34,Male,Bachelor,1.1,1.1,7219.0,5.0,False,3,3,4,20.7,0,59,False
E00889,Sales,1,33,Male,Bachelor,2.8,0.3,3847.0,-2.8,True,1,2,4,49.4,0,43,True
E00890,Engineering,4,37,Female,Bachelor,4.2,1.3,7578.0,-19.1,False,1,4,3,24.8,2,20,False
E00891,Operations,1,38,Female,Bachelor,8.5,2.8,3109.0,-15.4,False,4,3,4,17.1,0,0,False
E00892,Sales,3,47,Female,Bachelor,6.1,4.2,7466.0,-0.9,True,2,2,3,16.5,1,22,False
E00893,Engineering,4,26,Female,High school,1.5,1.5,9928.0,3.1,True,3,2,3,7.6,0,28,True
E00894,Support,2,29,Male,Bachelor,2.9,1.5,6506.0,24.2,False,4,4,4,19.6,1,42,False
E00895,Operations,2,32,Female,PhD,0.8,0.8,4259.0,-18.7,False,4,4,3,8.2,3,23,False
E00896,Finance,3,37,Male,Bachelor,2.8,0.3,8232.0,17.3,False,3,4,4,18.2,2,41,False
E00897,Operations,1,30,Male,Bachelor,1.5,1.5,3946.0,6.8,True,5,2,2,7.1,2,3,False
E00898,Sales,1,33,Male,Bachelor,2.1,1.6,3344.0,-11.2,False,2,3,4,1.0,4,25,False
E00899,Engineering,4,49,Female,Bachelor,6.5,0.3,9059.0,-7.3,False,2,3,4,24.0,4,59,False
E00900,Sales,1,30,Male,PhD,1.9,1.4,4337.0,21.0,True,4,3,4,3.8,3,3,False
E00901,Engineering,4,44,Male,High school,8.5,0.5,9737.0,3.4,False,4,3,4,21.1,0,45,False
E00902,Engineering,1,39,Male,Bachelor,7.0,1.0,3656.0,-4.7,False,2,3,4,44.4,0,11,False
E00903,Engineering,4,37,Male,Master,1.6,1.1,9707.0,1.4,False,2,3,4,13.8,4,31,False
E00904,Finance,2,35,Non-binary,Master,4.0,4.0,5233.0,-2.6,True,3,3,2,20.1,3,6,False
E00905,Sales,1,31,Female,Master,3.9,2.0,3505.0,-5.8,False,4,3,4,2.7,0,24,False
E00906,HR,3,40,Male,Bachelor,1.1,0.8,6377.0,-9.0,False,4,4,2,19.4,3,35,False
E00907,Engineering,4,30,Female,Bachelor,5.6,1.1,9624.0,-2.6,False,5,4,4,10.1,1,44,False
E00908,Engineering,2,35,Male,High school,5.2,0.9,5914.0,14.0,False,3,4,2,1.9,2,9,False
E00909,Finance,1,41,Male,Master,9.7,2.9,3688.0,1.2,False,1,4,3,37.1,4,17,False
E00910,Operations,5,36,Male,Master,2.3,1.0,10700.0,-13.9,True,4,3,4,16.9,3,30,True
E00911,Operations,1,42,Female,Bachelor,7.8,1.3,3878.0,2.8,False,1,4,4,13.2,1,5,False
E00912,Operations,2,28,Male,Master,0.7,0.7,5148.0,-1.2,True,4,3,3,9.3,0,16,False
E00913,Engineering,2,29,Male,Bachelor,1.8,1.8,4390.0,-20.5,False,3,3,4,20.7,2,47,False
E00914,Engineering,3,35,Female,High school,1.7,0.6,7683.0,7.4,False,3,3,5,20.1,3,13,False
E00915,Engineering,2,31,Female,Bachelor,1.8,1.0,5132.0,-0.8,False,5,4,4,25.0,2,17,False
E00916,Support,4,37,Male,Bachelor,4.1,3.3,9627.0,4.1,True,1,3,4,8.7,3,4,False
E00917,HR,1,29,Male,High school,5.3,3.0,3520.0,-4.4,False,2,4,3,16.9,2,38,False
E00918,Sales,3,32,Female,Bachelor,5.8,4.0,6247.0,-13.8,True,3,3,4,8.8,3,38,False
E00919,Support,1,31,Male,Bachelor,1.9,1.9,4031.0,2.8,False,5,4,3,27.2,4,21,False
E00920,Sales,1,32,Male,Master,8.8,0.9,3759.0,-6.8,True,3,3,3,11.4,0,2,True
E00921,Operations,1,39,Female,Bachelor,10.8,4.3,4220.0,9.4,False,4,3,4,4.5,1,15,True
E00922,Engineering,4,43,Male,Bachelor,5.2,2.5,8877.0,-7.5,True,4,3,4,24.0,0,23,False
E00923,Support,2,33,Female,PhD,8.3,2.3,5962.0,16.1,False,3,3,3,12.9,1,5,False
E00924,Engineering,3,28,Male,High school,3.6,3.5,7052.0,-2.4,True,3,3,4,13.7,2,24,False
E00925,Sales,1,31,Male,Master,1.8,1.8,3809.0,8.1,False,3,4,5,27.5,2,24,True
E00926,Sales,1,42,Female,Bachelor,5.6,0.3,3918.0,3.5,True,3,2,4,17.7,0,4,False
E00927,Engineering,1,27,Male,Bachelor,1.9,0.5,3870.0,2.5,True,4,3,3,1.0,0,59,False
E00928,Finance,1,21,Female,Bachelor,1.6,1.0,3735.0,-0.9,False,1,4,4,10.4,3,33,False
E00929,Engineering,4,33,Male,Master,9.1,4.4,10006.0,7.6,False,3,3,3,13.8,0,53,False
E00930,Sales,1,35,Male,High school,4.8,3.4,3932.0,3.8,True,2,2,5,9.7,4,25,False
E00931,Finance,2,36,Male,Bachelor,3.8,1.5,5642.0,4.8,False,4,3,2,12.3,2,55,False
E00932,Engineering,2,40,Male,Bachelor,10.9,1.8,4589.0,-9.7,False,3,3,3,37.1,0,31,False
E00933,Engineering,4,41,Male,High school,9.7,0.8,9961.0,0.3,False,5,3,4,17.7,0,59,False
E00934,Engineering,2,38,Male,Bachelor,5.6,0.9,5290.0,1.7,False,3,4,2,10.0,4,40,False
E00935,Sales,3,21,Male,High school,2.2,1.4,8056.0,18.5,False,2,3,5,21.3,3,12,False
E00936,Sales,1,22,Female,Master,1.4,1.4,3816.0,-0.0,False,4,3,5,10.6,2,10,False
E00937,Sales,2,27,Female,Bachelor,0.8,0.6,4461.0,-10.3,False,4,3,3,38.4,2,1,False
E00938,Engineering,1,20,Male,Bachelor,1.4,1.1,4111.0,4.4,False,3,3,3,48.2,2,29,True
E00939,Support,2,34,Female,Master,3.8,2.8,4549.0,-8.9,False,1,4,2,38.2,4,57,True
E00940,Sales,2,43,Female,Master,4.6,1.7,5336.0,3.3,False,4,3,3,4.9,0,49,False
E00941,Engineering,1,42,Female,Bachelor,3.9,3.8,3813.0,-0.6,False,5,4,3,6.8,1,54,False
E00942,Operations,4,32,Male,Bachelor,7.5,0.1,9310.0,-6.7,False,3,4,2,8.5,2,20,False
E00943,Support,2,37,Female,Bachelor,0.4,0.4,5629.0,8.1,False,2,3,4,17.2,3,45,True
E00944,Sales,2,31,Male,Master,2.1,2.1,5089.0,-8.4,True,3,3,4,31.2,2,41,True
E00945,Engineering,2,34,Male,PhD,0.7,0.7,5721.0,14.2,True,1,3,4,6.9,1,32,True
E00946,Support,1,36,Male,Bachelor,1.2,1.2,3345.0,-11.1,False,4,3,4,18.0,2,43,False
E00947,Support,1,31,Male,PhD,3.4,1.3,3950.0,7.8,False,4,3,4,28.0,3,5,False
E00948,Engineering,3,39,Female,Bachelor,9.7,0.7,7007.0,4.4,False,2,4,3,24.9,3,22,False
E00949,Finance,1,36,Female,High school,6.6,4.6,3612.0,-3.3,False,3,4,3,39.5,0,16,False
E00950,Engineering,1,33,Female,Master,7.6,0.8,3752.0,-0.6,False,4,4,3,9.8,0,13,False
E00951,Engineering,1,34,Female,Bachelor,0.4,0.4,4060.0,10.4,False,4,4,4,10.9,2,17,False
E00952,Finance,2,34,Male,Bachelor,7.2,1.3,6028.0,12.0,False,1,3,5,23.2,1,42,True
E00953,Operations,4,32,Female,High school,1.2,0.8,9329.0,-4.8,False,3,4,4,14.5,3,12,False
E00954,Support,2,37,Female,Bachelor,1.2,1.2,5629.0,2.1,False,2,3,4,5.4,3,8,False
E00955,Operations,2,45,Male,Master,10.9,0.9,4826.0,-7.3,True,3,2,3,5.3,4,21,False
E00956,Engineering,2,35,Male,Master,3.8,1.6,6084.0,15.8,False,2,3,3,10.5,1,34,False
E00957,Sales,3,36,Male,Master,9.8,1.1,6678.0,-7.7,False,4,4,4,13.7,3,51,False
E00958,Support,3,36,Female,Bachelor,7.1,1.3,6523.0,-2.8,False,4,3,3,17.1,2,39,False
E00959,Operations,3,37,Male,Bachelor,7.1,1.7,7489.0,8.2,False,4,4,4,25.6,4,32,False
E00960,Support,1,29,Male,Master,3.4,3.4,3542.0,-9.0,False,3,3,4,25.3,5,32,False
E00961,Sales,2,39,Female,Bachelor,6.6,1.3,4477.0,-15.7,True,2,3,5,22.7,0,12,True
E00962,Engineering,2,33,Male,Bachelor,3.2,0.7,5501.0,4.2,False,3,3,3,14.8,2,24,False
E00963,Sales,3,28,Male,PhD,4.1,2.2,5845.0,-14.2,True,5,3,3,37.5,3,29,True
E00964,Marketing,1,36,Male,Bachelor,4.2,0.3,3537.0,-9.3,False,3,4,4,27.8,0,46,False
E00965,Sales,1,31,Male,High school,3.5,2.7,3559.0,-7.8,True,3,3,4,1.1,4,26,False
E00966,HR,2,38,Male,Bachelor,2.1,2.1,5417.0,0.6,False,1,4,4,12.0,0,43,False
E00967,Engineering,3,54,Male,Bachelor,11.3,0.9,7718.0,9.2,False,3,3,3,13.5,4,12,False
E00968,Marketing,1,37,Male,Bachelor,5.4,3.9,4400.0,10.8,True,1,2,3,21.5,4,13,True
E00969,Support,2,34,Male,Bachelor,8.2,5.6,6135.0,15.9,False,4,3,3,6.6,4,40,False
E00970,Sales,3,36,Male,PhD,5.0,2.0,5861.0,-14.1,True,2,2,3,15.2,2,37,False
E00971,Sales,3,21,Male,Bachelor,3.9,3.2,6982.0,-2.0,False,3,4,3,3.7,0,39,False
E00972,Sales,4,34,Male,Master,3.6,1.2,10003.0,-1.8,True,5,3,4,12.1,3,56,True
E00973,Operations,2,38,Male,Bachelor,14.4,1.8,5782.0,8.6,False,3,4,3,34.1,5,16,False
E00974,Support,2,29,Non-binary,PhD,3.2,2.3,4295.0,-15.7,False,2,3,3,21.0,4,58,True
E00975,Engineering,2,46,Male,Bachelor,6.6,2.4,5290.0,1.7,False,4,4,4,8.8,0,58,False
E00976,Finance,3,30,Female,Master,1.1,1.1,6217.0,-8.2,True,4,3,3,6.6,4,30,False
E00977,Support,2,28,Female,Bachelor,1.0,1.0,5517.0,3.2,False,4,3,2,7.9,2,56,False
E00978,Sales,2,37,Male,High school,0.7,0.7,5694.0,9.1,False,2,3,2,41.6,0,1,True
E00979,Marketing,3,30,Male,Master,5.3,0.7,7804.0,6.8,True,3,2,4,25.4,3,56,False
E00980,Sales,3,47,Male,Bachelor,8.9,0.7,5846.0,-10.5,False,2,3,5,8.0,3,11,False
E00981,HR,4,41,Male,Bachelor,0.2,0.2,9838.0,2.8,False,3,3,3,23.3,3,27,False
E00982,Sales,4,41,Female,Bachelor,2.5,0.5,8363.0,-11.8,True,3,3,2,9.2,1,28,False
E00983,Sales,3,25,Male,Bachelor,2.2,0.4,8222.0,12.2,False,4,4,3,14.4,1,45,False
E00984,Sales,3,32,Male,Bachelor,5.1,1.9,5862.0,-12.2,False,3,3,3,34.0,3,42,True
E00985,HR,4,27,Female,Master,7.7,0.9,8086.0,-16.7,True,5,3,4,47.5,2,39,False
E00986,Engineering,3,34,Male,Bachelor,3.0,1.8,7426.0,8.9,False,4,3,3,27.3,3,19,False
E00987,Engineering,2,39,Male,Bachelor,4.2,1.1,5311.0,-3.3,False,3,3,5,23.1,0,4,False
E00988,Operations,2,34,Male,Bachelor,0.4,0.4,4655.0,-11.1,False,3,3,3,32.3,0,16,True
E00989,Sales,2,35,Female,Bachelor,4.2,3.9,5154.0,-0.6,True,4,2,5,10.7,2,54,True
E00990,Sales,1,36,Female,PhD,2.9,1.7,3667.0,-1.7,False,5,3,4,14.3,0,39,False
E00991,Sales,1,42,Male,Bachelor,7.4,2.9,3364.0,-11.6,False,3,4,3,15.7,1,45,False
E00992,Finance,2,23,Non-binary,Master,5.1,0.4,4150.0,-17.7,True,2,2,4,25.8,1,25,False
E00993,Engineering,2,29,Male,Master,1.7,1.6,4906.0,-3.6,True,3,2,3,11.2,3,49,True
E00994,Operations,3,26,Female,Master,2.4,1.0,6249.0,-6.6,False,4,3,3,4.0,3,5,False
E00995,Support,1,41,Female,Bachelor,3.1,0.1,4459.0,17.3,False,2,3,4,14.7,1,14,False
E00996,Sales,4,32,Male,Master,3.2,1.3,8486.0,-12.4,True,2,2,2,8.5,4,43,False
E00997,Engineering,3,33,Male,Master,3.4,2.2,6620.0,-5.3,False,5,3,4,13.5,1,42,False
E00998,Sales,1,36,Female,Bachelor,3.1,0.3,3953.0,3.3,True,4,2,3,13.8,2,32,False
E00999,Marketing,2,46,Female,Master,4.6,1.8,5763.0,11.6,False,4,3,3,4.2,3,18,False
E01000,Sales,2,27,Male,Bachelor,4.8,1.4,4696.0,-11.3,False,4,3,3,19.3,5,33,False
E01001,Operations,5,43,Female,Bachelor,1.1,1.1,12277.0,-5.4,True,3,2,3,5.4,0,41,False
E01002,Sales,3,38,Female,Bachelor,0.7,0.7,8019.0,13.0,False,2,4,2,15.2,1,58,False
E01003,Engineering,2,27,Non-binary,Bachelor,3.2,2.0,5372.0,-2.7,False,1,3,3,9.7,3,59,False
E01004,Sales,1,36,Male,Bachelor,7.8,0.1,3124.0,-15.4,False,3,4,3,16.0,2,44,False
E01005,Engineering,5,36,Female,High school,2.5,1.5,9645.0,-22.2,False,4,3,4,35.5,3,41,False
E01006,Support,1,40,Male,Master,4.0,1.0,3329.0,-14.1,False,4,4,4,13.1,2,56,False
E01007,Sales,2,37,Male,Master,8.6,0.3,5935.0,9.2,False,5,4,2,56.3,0,4,False
E01008,Engineering,2,38,Female,Bachelor,4.6,1.9,5869.0,10.1,False,2,3,3,2.0,1,31,False
E01009,Sales,1,37,Female,Bachelor,7.4,2.0,3956.0,5.7,True,3,3,3,12.8,0,58,False
E01010,Operations,4,34,Female,Bachelor,0.6,0.6,8323.0,-11.0,False,3,3,3,27.4,3,37,False
E01011,Operations,2,32,Female,Bachelor,6.0,3.1,3961.0,-21.5,True,4,3,5,63.6,2,53,True
E01012,Sales,2,32,Male,Bachelor,3.6,1.1,5644.0,4.9,False,3,3,4,4.4,3,32,False
E01013,Finance,1,37,Female,Bachelor,1.7,0.3,4846.0,25.5,False,5,3,3,5.5,1,49,False
E01014,Marketing,4,30,Male,High school,5.0,3.8,6703.0,-29.5,True,3,3,4,4.5,0,25,False
E01015,HR,4,33,Female,Bachelor,6.0,0.7,9913.0,8.3,True,4,2,4,5.4,1,59,False
E01016,Sales,1,46,Male,Master,6.7,0.8,4119.0,7.3,False,5,4,3,3.5,2,14,False
E01017,Engineering,1,20,Male,Bachelor,4.0,0.9,4679.0,15.7,False,5,4,3,28.4,2,10,False
E01018,Marketing,5,41,Female,High school,8.2,2.5,15083.0,14.7,False,4,4,3,2.1,3,40,False
E01019,Operations,2,31,Female,Master,5.9,1.6,5208.0,1.6,False,1,4,5,8.5,0,44,False
E01020,Support,1,39,Female,Bachelor,2.0,1.1,3402.0,-10.4,False,4,3,3,9.4,0,34,False
E01021,Engineering,3,38,Male,Bachelor,5.1,5.1,7528.0,12.8,False,4,3,3,47.9,4,36,False
E01022,Sales,3,40,Female,Master,5.5,2.9,6498.0,-12.2,True,3,3,4,8.2,3,56,False
E01023,Support,3,33,Male,Master,1.7,1.7,7590.0,3.5,True,4,3,3,9.6,5,50,False
E01024,Operations,2,34,Female,Bachelor,2.6,0.8,4928.0,-0.7,False,4,4,4,8.4,1,35,False
E01025,Sales,3,38,Male,Bachelor,3.0,1.3,8870.0,27.5,False,3,3,4,25.6,2,14,False
E01026,Support,2,32,Male,Bachelor,4.5,2.4,5583.0,10.3,False,4,4,4,20.4,2,17,False
E01027,Operations,2,32,Male,Bachelor,6.2,1.9,4763.0,-6.9,False,5,3,2,8.1,2,27,False
E01028,Sales,2,25,Female,Bachelor,5.4,4.2,4313.0,-14.0,True,3,2,3,47.0,0,37,True
E01029,Sales,1,36,Female,Bachelor,3.7,0.9,4252.0,13.7,False,5,4,3,17.5,2,56,False
E01030,Operations,4,24,Female,Master,0.9,0.9,9343.0,0.8,False,3,3,2,4.3,0,26,False
E01031,Operations,2,31,Female,Bachelor,4.3,1.0,5565.0,3.8,True,5,2,4,11.5,2,46,False
E01032,Finance,3,37,Male,Bachelor,4.8,2.0,6625.0,-4.5,True,2,2,5,10.1,4,11,False
E01033,Sales,1,47,Male,Bachelor,2.7,1.0,5006.0,30.7,False,3,3,4,4.0,2,49,False
E01034,Operations,2,37,Male,Bachelor,6.8,0.6,5404.0,3.2,False,5,4,4,8.5,0,0,False
E01035,Engineering,3,36,Male,High school,5.4,0.6,8119.0,12.7,False,3,3,3,19.7,0,21,False
E01036,Engineering,3,29,Female,Bachelor,0.9,0.9,6798.0,-4.0,False,3,4,3,9.5,0,15,False
E01037,Operations,3,30,Male,Bachelor,0.9,0.2,7107.0,0.4,False,5,4,4,66.4,2,26,False
E01038,Finance,2,36,Female,Bachelor,4.5,1.2,5362.0,-1.7,False,4,4,5,18.2,5,2,False
E01039,Sales,1,33,Female,Master,1.4,1.4,4015.0,10.6,True,5,3,3,5.9,1,28,False
E01040,Sales,1,24,Male,Bachelor,1.8,0.6,3468.0,-7.2,False,4,4,3,13.0,1,57,False
E01041,Engineering,2,30,Female,High school,3.1,0.6,5349.0,1.5,False,2,4,3,6.7,0,58,False
E01042,HR,4,29,Female,Bachelor,4.0,2.2,10264.0,7.3,True,3,3,4,29.4,3,15,True
E01043,Support,1,33,Male,Bachelor,4.6,0.9,3309.0,-10.2,False,4,4,3,36.8,2,40,False
E01044,Engineering,1,31,Female,Bachelor,1.9,1.1,3461.0,-7.9,False,5,3,3,15.9,3,56,False
E01045,Operations,1,37,Female,Bachelor,11.5,1.1,2572.0,-30.1,False,3,3,3,8.9,2,12,False
E01046,Sales,2,27,Male,Bachelor,1.8,1.3,4923.0,0.8,False,5,4,3,15.2,3,25,False
E01047,Engineering,2,33,Female,High school,3.4,1.4,5803.0,11.1,False,4,4,3,17.0,2,31,False
E01048,Engineering,2,28,Male,Master,2.0,1.5,4628.0,-7.0,False,3,3,2,8.6,3,14,True
E01049,HR,3,29,Male,Bachelor,4.3,4.0,6576.0,-3.4,False,3,4,3,19.6,0,2,False
E01050,Operations,2,37,Male,High school,1.5,1.5,6129.0,16.0,False,2,3,4,37.5,0,58,False
E01051,Sales,5,42,Male,Bachelor,0.2,0.2,12812.0,0.2,False,3,4,3,13.6,2,5,False
E01052,Support,1,31,Male,Bachelor,1.8,1.0,4249.0,8.7,False,3,4,4,10.5,5,21,False
E01053,Support,3,38,Female,Master,4.7,2.8,7329.0,4.8,False,5,3,3,1.1,4,54,False
E01054,HR,2,26,Male,Master,2.0,2.0,5651.0,8.8,True,1,3,3,26.4,3,28,True
E01055,Engineering,1,35,Female,High school,5.5,0.2,4195.0,3.6,False,4,4,4,19.4,1,2,False
E01056,Marketing,4,33,Male,Bachelor,8.2,0.4,9559.0,-5.4,True,3,3,3,21.3,3,1,False
E01057,Sales,5,35,Male,Bachelor,4.4,2.6,15178.0,18.3,False,1,4,3,6.5,0,27,True
E01058,Sales,4,24,Male,Bachelor,3.8,3.8,10709.0,10.4,False,3,4,4,13.5,0,54,False
E01059,Finance,3,29,Male,Bachelor,2.9,2.7,7455.0,5.0,False,5,3,4,14.9,0,37,True
E01060,Operations,4,39,Female,Bachelor,5.6,3.8,11316.0,13.2,True,4,3,3,11.0,2,1,False
E01061,Sales,1,40,Male,High school,3.2,0.6,4976.0,27.7,True,5,3,3,10.3,3,32,False
E01062,Sales,2,35,Female,Bachelor,3.8,0.9,4884.0,-7.3,True,2,3,3,18.7,3,35,True
E01063,Engineering,5,42,Female,Bachelor,5.0,3.6,12442.0,-11.0,False,2,3,3,22.3,0,11,False
E01064,Support,1,28,Male,Master,4.7,2.1,3391.0,-9.4,False,3,3,3,18.6,0,5,False
E01065,Sales,5,45,Female,Bachelor,9.0,0.9,13289.0,4.2,True,4,3,4,9.2,2,11,False
E01066,Operations,3,36,Non-binary,Bachelor,1.4,1.2,7422.0,4.6,False,3,3,4,12.4,4,2,False
E01067,Engineering,4,35,Female,Bachelor,3.4,1.5,9070.0,-3.3,False,2,4,4,10.2,3,36,False
E01068,Support,2,27,Male,Master,4.8,3.3,4719.0,-6.3,False,2,4,4,17.9,2,29,False
E01069,Operations,1,34,Male,Bachelor,9.1,0.4,3782.0,0.0,False,3,3,2,13.1,5,46,False
E01070,Sales,3,27,Male,Bachelor,2.9,2.9,7113.0,4.1,True,2,2,3,20.1,1,3,True
E01071,Operations,3,28,Female,Master,4.7,0.9,7583.0,8.7,False,3,3,5,12.1,1,54,False
E01072,Operations,3,33,Male,High school,2.0,0.7,6734.0,-0.7,True,4,2,3,4.1,0,26,False
E01073,Sales,4,34,Male,Master,9.2,0.7,9222.0,-3.0,True,3,3,3,17.3,0,57,False
E01074,Sales,3,46,Male,Bachelor,11.3,2.2,6913.0,2.8,False,5,4,4,7.7,4,24,False
E01075,Operations,2,32,Female,Bachelor,1.0,1.0,5467.0,6.1,False,1,3,4,21.3,0,0,False
E01076,Sales,1,35,Female,Bachelor,7.7,0.5,3709.0,0.9,True,3,3,4,46.3,2,25,True
E01077,Engineering,1,32,Male,Bachelor,0.3,0.3,4801.0,18.0,False,5,3,3,25.4,0,23,False
E01078,Marketing,1,41,Male,Master,6.1,1.7,4261.0,15.3,False,3,4,3,15.2,0,1,False
E01079,Sales,3,25,Male,Bachelor,1.7,1.7,7749.0,10.4,True,4,2,3,61.0,0,48,False
E01080,Engineering,1,38,Male,High school,3.1,1.4,4404.0,14.8,False,5,3,4,31.3,1,16,False
E01081,Sales,1,23,Male,PhD,2.0,2.0,3578.0,-5.6,False,5,4,3,19.3,4,27,False
E01082,Engineering,3,41,Male,Bachelor,4.8,3.3,6549.0,-10.7,False,4,4,4,15.2,0,19,False
E01083,Support,4,28,Female,High school,4.3,2.3,10468.0,6.5,False,3,3,4,16.0,2,51,False
E01084,Engineering,4,52,Male,Bachelor,12.9,5.9,10125.0,4.0,True,3,3,3,6.0,4,44,False
E01085,Support,3,41,Non-binary,High school,7.8,2.5,7330.0,7.8,False,3,3,4,2.4,0,44,False
E01086,Engineering,1,23,Male,Master,1.2,1.2,3536.0,-9.3,True,3,2,3,8.8,2,43,False
E01087,Sales,1,30,Female,Master,8.9,6.3,3317.0,-11.6,True,4,2,3,24.8,2,7,False
E01088,Engineering,3,41,Non-binary,PhD,4.1,0.2,5930.0,-14.9,False,4,3,3,4.0,1,7,False
E01089,Support,1,47,Male,Bachelor,3.8,0.7,3616.0,-11.6,False,1,4,4,26.9,2,45,False
E01090,Finance,2,20,Female,Bachelor,4.3,4.0,5322.0,1.8,False,3,4,3,14.2,4,5,False
E01091,Engineering,1,30,Female,Master,1.4,1.4,2962.0,-20.8,False,4,3,3,2.4,4,18,False
E01092,Sales,1,21,Female,Master,2.4,2.4,2780.0,-28.4,True,4,2,3,1.0,0,9,False
E01093,Operations,2,32,Female,Bachelor,1.6,0.7,4867.0,-5.3,False,2,4,4,14.5,3,39,False
E01094,Sales,2,36,Male,Bachelor,3.8,3.4,5248.0,-1.2,False,5,4,4,7.2,0,59,False
E01095,Engineering,1,30,Female,High school,0.6,0.6,4044.0,13.8,False,2,3,3,16.9,4,17,False
E01096,Support,1,39,Male,Master,4.1,1.1,3307.0,-12.1,False,3,4,3,19.1,3,34,False
E01097,Sales,1,52,Female,Bachelor,9.0,0.9,4145.0,6.9,False,4,3,4,23.9,4,6,False
E01098,Sales,5,30,Male,Master,4.4,4.4,14987.0,15.4,True,3,3,3,19.5,0,17,True
E01099,Operations,3,29,Male,Master,7.1,5.6,7705.0,12.7,True,4,3,4,25.9,5,29,False
E01100,Support,2,30,Male,Bachelor,1.3,1.3,5514.0,8.1,False,4,4,3,11.2,5,23,False
E01101,Engineering,3,31,Female,Bachelor,1.7,1.7,6996.0,-1.3,False,4,3,3,70.9,3,14,False
E01102,Sales,1,21,Male,Bachelor,0.4,0.4,4311.0,11.4,False,1,4,3,22.0,1,58,False
E01103,Marketing,3,27,Female,Bachelor,2.1,1.2,7478.0,2.9,False,4,4,3,9.8,2,55,False
E01104,Marketing,3,20,Male,Bachelor,2.0,1.9,6148.0,-13.2,False,4,4,3,11.0,3,3,True
E01105,Sales,1,32,Female,Bachelor,1.5,1.5,3759.0,0.9,False,3,3,3,9.7,0,25,False
E01106,Operations,3,33,Female,Master,2.6,2.3,6002.0,-15.2,True,4,3,5,9.7,0,42,False
E01107,Sales,3,36,Male,Bachelor,5.0,0.9,6398.0,-7.1,True,2,3,2,5.4,0,8,False
E01108,Operations,1,24,Male,Master,3.2,1.1,2980.0,-19.5,False,5,4,2,11.4,0,50,False
E01109,Operations,5,43,Male,Master,5.2,5.2,12748.0,0.7,False,5,4,3,10.6,1,32,True
E01110,Operations,3,30,Male,High school,2.0,2.0,8158.0,14.1,False,4,3,3,3.4,2,56,False
E01111,Sales,1,21,Female,Master,0.7,0.0,3506.0,-4.8,True,3,3,4,23.1,2,59,False
E01112,Support,2,20,Non-binary,Bachelor,2.0,2.0,4915.0,-8.3,False,3,4,3,16.5,0,37,False
E01113,Support,3,37,Male,Master,2.5,2.5,7221.0,2.1,False,5,3,2,7.5,0,34,False
E01114,Sales,2,38,Male,Bachelor,3.2,3.2,5564.0,7.4,False,4,4,4,44.0,2,42,True
E01115,HR,2,33,Female,Bachelor,3.8,1.1,5747.0,8.7,True,5,3,4,12.1,5,59,False
E01116,Support,3,29,Female,High school,2.3,1.9,6782.0,-5.6,True,5,2,3,1.2,4,40,False
E01117,Sales,3,36,Male,Bachelor,3.3,0.2,6633.0,0.2,False,2,4,3,25.6,1,20,False
E01118,Operations,2,34,Female,Master,1.2,1.2,5340.0,5.5,False,5,3,2,11.1,1,10,False
E01119,Operations,3,44,Female,Bachelor,9.7,2.2,6817.0,-7.8,False,1,4,4,16.6,0,14,False
E01120,Finance,1,39,Female,PhD,5.6,5.1,4199.0,8.1,False,4,4,5,6.5,2,12,False
E01121,Finance,1,35,Female,Bachelor,1.7,1.7,3261.0,-14.8,False,5,4,3,2.4,0,25,False
E01122,Sales,2,45,Female,Bachelor,1.5,0.2,4562.0,-13.8,False,4,3,5,23.1,0,19,False
E01123,Operations,4,36,Male,Bachelor,3.7,0.6,8773.0,-11.5,True,4,3,4,8.8,5,10,True
E01124,Sales,1,33,Male,Bachelor,5.8,2.9,4373.0,15.3,False,4,4,3,24.8,2,16,False
E01125,Sales,1,26,Male,Bachelor,3.4,3.4,3707.0,-4.1,False,3,3,4,14.3,0,58,False
E01126,HR,2,31,Female,Bachelor,0.6,0.6,4909.0,-3.5,True,3,2,4,17.5,0,21,False
E01127,Engineering,5,24,Female,Bachelor,4.0,0.5,11375.0,-12.1,False,2,4,5,5.9,3,18,False
E01128,Finance,2,30,Female,Bachelor,4.9,3.8,4751.0,-8.1,False,4,4,3,43.4,4,36,False
E01129,Sales,1,33,Male,Master,1.9,1.3,4190.0,14.7,True,4,2,4,18.3,0,33,False
E01130,Operations,1,38,Male,Bachelor,4.6,2.5,3517.0,-5.5,True,1,3,3,61.9,0,35,False
E01131,Marketing,1,28,Female,Master,1.5,1.5,3597.0,-1.8,False,1,3,3,16.5,0,24,False
E01132,Support,1,27,Male,Bachelor,3.0,3.0,4452.0,17.5,True,4,2,3,18.9,0,11,True
E01133,Support,1,33,Female,Bachelor,2.7,2.7,3776.0,-0.5,False,2,4,2,28.2,0,51,False
E01134,Sales,1,40,Male,High school,0.3,0.3,3050.0,-18.6,True,4,3,3,12.3,3,39,False
E01135,Engineering,3,36,Female,Bachelor,6.2,2.1,6229.0,-10.7,False,3,4,4,14.7,2,56,False
E01136,HR,1,42,Female,Bachelor,9.2,0.9,4263.0,11.1,False,2,3,2,31.3,3,39,False
E01137,Sales,1,31,Female,Bachelor,1.6,1.6,3259.0,-14.8,True,3,3,3,20.5,2,51,False
E01138,Engineering,1,41,Male,Bachelor,4.0,2.6,3921.0,4.7,False,4,4,3,27.0,3,14,False
E01139,Engineering,2,33,Female,PhD,1.4,1.4,5782.0,7.1,False,4,3,3,13.6,1,43,False
E01140,Engineering,1,33,Male,PhD,1.0,1.0,4338.0,11.1,False,1,3,4,3.2,1,45,False
E01141,Engineering,2,30,Male,Bachelor,5.2,1.4,5320.0,1.5,True,4,2,3,4.8,4,22,False
E01142,Sales,3,36,Female,High school,4.7,4.7,8160.0,16.5,True,4,2,3,4.7,0,32,False
E01143,Finance,3,35,Female,Master,8.1,2.1,7575.0,10.9,True,3,3,4,31.2,1,15,False
E01144,Operations,3,34,Female,Master,3.7,3.5,8494.0,18.3,False,2,3,2,16.2,3,21,False
E01145,Operations,1,31,Female,Bachelor,0.5,0.5,4339.0,9.7,True,4,2,3,11.3,3,59,False
E01146,Engineering,1,42,Female,Bachelor,4.1,0.1,3423.0,-10.9,False,5,3,3,20.4,3,17,False
E01147,Sales,1,43,Female,Bachelor,7.5,4.4,4356.0,12.0,False,2,4,2,6.9,3,20,True
E01148,Sales,2,40,Female,Bachelor,6.8,1.0,4289.0,-13.2,False,3,4,3,24.7,1,38,False
E01149,Sales,3,31,Female,Bachelor,3.5,1.7,7029.0,7.3,False,3,4,3,13.2,2,10,False
E01150,Operations,2,22,Male,Bachelor,2.3,0.9,5786.0,11.8,False,4,4,3,23.1,1,0,False
E01151,Engineering,4,20,Male,PhD,2.2,2.2,8699.0,-8.4,False,3,4,4,20.2,1,42,False
E01152,Sales,3,28,Female,Bachelor,4.6,4.3,6264.0,-11.5,False,1,3,4,13.6,5,8,False
E01153,Operations,1,36,Male,Master,6.1,2.2,4474.0,18.3,False,3,3,3,15.5,4,31,False
E01154,Operations,3,45,Non-binary,Bachelor,8.3,0.4,6799.0,-4.5,False,2,4,3,17.8,0,12,True
E01155,HR,2,38,Male,Master,0.9,0.9,5245.0,3.2,False,3,4,2,13.2,2,7,False
E01156,HR,2,35,Female,PhD,6.1,0.4,4989.0,1.1,False,3,3,3,5.2,2,43,False
E01157,Support,3,38,Male,Master,4.2,1.9,5877.0,-14.1,False,4,4,2,7.0,2,30,False
E01158,Engineering,3,24,Male,Bachelor,1.1,1.1,6093.0,-9.0,False,3,4,3,11.2,0,39,False
E01159,Engineering,3,36,Female,Master,3.7,1.7,7779.0,9.5,True,3,3,4,55.6,2,2,False
E01160,Support,2,31,Male,Master,4.9,3.1,4101.0,-18.9,False,1,3,4,47.3,2,37,True
E01161,Finance,5,29,Male,Bachelor,1.9,1.0,12087.0,-8.1,False,4,3,3,13.7,3,24,False
E01162,Sales,1,33,Male,Master,4.2,3.5,4204.0,12.9,False,4,4,5,30.9,3,51,False
E01163,Engineering,4,31,Male,Bachelor,1.7,1.1,10674.0,7.3,False,3,4,2,19.1,0,33,False
E01164,Operations,3,34,Female,High school,1.9,1.0,6918.0,-2.6,False,1,4,3,30.3,2,37,False
E01165,Marketing,5,42,Male,Master,9.9,4.7,13566.0,3.2,False,3,4,3,23.2,0,22,False
E01166,Sales,3,49,Male,Bachelor,8.4,1.5,6697.0,-0.9,True,3,3,3,9.0,3,40,False
E01167,Sales,5,31,Female,Bachelor,2.1,0.9,13451.0,-4.9,True,3,3,2,15.3,0,31,False
E01168,Support,3,36,Female,Bachelor,9.0,0.2,7416.0,10.1,False,4,4,3,12.8,2,23,False
E01169,Marketing,1,27,Female,Master,2.2,1.5,3669.0,-0.8,False,5,3,3,23.3,5,48,False
E01170,Sales,2,45,Male,High school,3.3,1.4,5913.0,13.1,True,5,3,3,6.1,3,9,False
E01171,Support,3,33,Female,Bachelor,6.7,1.9,7748.0,11.2,False,2,4,3,19.9,1,41,False
E01172,Engineering,2,44,Male,Master,6.2,4.7,5518.0,5.9,False,4,3,4,36.8,2,19,False
E01173,Operations,1,28,Female,Master,3.5,3.5,3618.0,-5.1,False,4,3,3,14.7,0,21,False
E01174,Sales,2,42,Male,Master,6.0,3.9,5289.0,-2.6,True,1,3,3,15.2,0,36,True
E01175,Sales,1,37,Male,Bachelor,3.9,2.5,3913.0,7.0,False,5,4,4,5.0,0,8,False
E01176,Engineering,2,36,Female,Bachelor,3.0,2.2,5027.0,-2.1,False,3,3,2,2.4,4,44,False
E01177,Sales,3,24,Non-binary,Bachelor,0.9,0.5,7985.0,12.1,False,4,4,3,11.6,3,17,False
E01178,Sales,4,30,Female,Master,2.7,2.1,10013.0,1.5,True,3,3,3,15.1,0,18,False
E01179,Engineering,3,40,Non-binary,Bachelor,5.9,0.3,7309.0,5.9,False,1,3,2,7.8,5,26,False
E01180,Sales,1,42,Female,Bachelor,9.3,3.9,3550.0,-8.4,False,1,3,3,31.6,0,43,True
E01181,Sales,1,22,Female,Bachelor,0.4,0.4,4251.0,13.4,True,4,3,4,6.1,5,34,False
E01182,Operations,4,36,Non-binary,High school,2.2,2.0,11470.0,16.3,False,4,3,3,11.6,3,3,False
E01183,Engineering,1,35,Male,Bachelor,4.2,0.4,3373.0,-12.0,True,2,2,3,23.7,3,20,False
E01184,Marketing,2,27,Female,Bachelor,1.7,0.4,5279.0,-0.3,False,2,4,3,13.1,2,20,False
E01185,Support,2,33,Female,Bachelor,0.4,0.4,4894.0,-7.1,False,3,4,3,8.5,0,17,False
E01186,Sales,1,36,Female,High school,1.6,0.3,3377.0,-2.9,True,4,2,4,18.7,0,59,False
E01187,Support,3,39,Male,Bachelor,8.9,0.3,6576.0,-8.4,True,3,3,4,13.0,5,31,False
E01188,Engineering,1,29,Male,Master,1.4,1.4,4740.0,26.0,False,1,3,3,13.2,0,39,False
E01189,Engineering,3,36,Male,Bachelor,3.2,1.5,6611.0,-7.2,False,3,3,4,30.5,1,2,False
E01190,Sales,3,47,Male,Master,5.6,1.4,6552.0,-11.2,True,4,3,3,7.5,2,19,False
E01191,Finance,3,32,Female,Master,2.8,2.8,7812.0,12.8,False,3,4,3,10.5,5,7,False
E01192,Sales,4,31,Non-binary,Bachelor,2.4,0.6,8558.0,-9.2,True,5,2,3,20.7,4,50,False
E01193,Engineering,3,31,Male,Bachelor,4.6,4.0,7574.0,12.3,True,4,2,3,12.3,3,7,False
E01194,Support,2,26,Male,Bachelor,6.5,0.4,5246.0,4.6,False,5,4,4,13.0,2,22,False
E01195,Finance,4,40,Female,High school,2.9,2.9,9924.0,0.8,True,2,3,3,47.8,2,10,False
E01196,Engineering,1,42,Female,Bachelor,3.0,3.0,4301.0,9.6,False,4,3,4,16.0,0,26,False
E01197,Marketing,1,29,Male,Master,6.6,5.9,3866.0,2.1,False,3,4,4,12.9,4,28,False
E01198,Marketing,1,27,Female,Bachelor,9.1,4.0,3326.0,-14.5,True,3,3,4,12.8,0,4,False
E01199,Sales,1,27,Female,Master,0.2,0.2,3996.0,4.0,True,3,2,2,1.3,3,51,False
E01200,Operations,1,30,Female,High school,1.8,1.8,4169.0,7.1,False,4,4,5,22.9,2,55,False
E01201,Operations,1,33,Male,Bachelor,4.2,4.2,3753.0,-5.5,True,2,2,3,9.7,0,37,False
E01202,Operations,4,47,Male,Bachelor,6.7,1.0,8821.0,-2.8,False,2,4,3,28.8,3,44,False
E01203,Support,2,45,Male,Bachelor,12.2,0.5,5415.0,2.8,True,3,2,4,11.4,2,45,False
E01204,Sales,1,39,Male,Master,11.3,1.3,3546.0,-8.7,False,3,4,5,16.5,0,41,False
E01205,Finance,1,47,Female,Bachelor,8.8,3.2,4492.0,18.0,False,4,4,3,5.1,1,21,False
E01206,Engineering,2,52,Male,Bachelor,5.4,0.6,5757.0,10.3,True,5,2,3,3.1,3,2,False
E01207,Engineering,1,27,Male,Bachelor,0.6,0.6,3487.0,-5.1,False,4,3,3,5.4,3,23,False
E01208,Support,1,37,Male,Master,4.1,2.4,3889.0,3.2,True,2,2,2,37.2,0,17,False
E01209,Engineering,4,43,Male,Bachelor,5.2,1.1,7823.0,-17.6,False,3,3,3,35.7,2,1,False
E01210,Marketing,3,43,Male,Bachelor,6.2,1.5,7833.0,10.8,False,4,3,5,10.9,0,26,False
E01211,Sales,2,27,Male,Bachelor,4.4,2.7,5934.0,12.8,True,4,2,3,34.5,0,15,False
E01212,Operations,1,31,Female,Bachelor,5.5,2.4,3240.0,-17.6,False,3,4,2,19.2,0,33,False
E01213,Finance,2,28,Male,Bachelor,1.8,1.8,5827.0,7.4,False,3,3,3,25.2,0,50,False
E01214,Support,1,28,Male,Master,5.3,0.6,4333.0,17.9,False,3,4,4,25.5,0,40,False
E01215,Engineering,4,33,Female,Bachelor,3.2,3.2,9139.0,-4.8,True,4,2,4,17.6,0,20,False
E01216,Engineering,1,41,Female,Bachelor,5.1,1.0,5514.0,40.7,False,5,4,5,3.7,3,31,False
E01217,Engineering,2,43,Male,Bachelor,8.9,2.8,5372.0,0.8,False,5,4,3,14.3,3,24,False
E01218,Support,2,37,Female,Bachelor,3.5,1.4,5372.0,1.5,True,5,3,2,36.0,0,42,False
E01219,Support,1,38,Female,Master,2.1,0.4,3945.0,2.4,False,4,3,3,17.0,0,23,False
E01220,Support,1,27,Male,Bachelor,3.9,3.7,3598.0,1.1,False,5,3,4,9.0,1,42,False
E01221,Finance,3,26,Female,Master,2.6,2.6,7260.0,4.6,True,5,2,3,15.7,0,53,False
E01222,Operations,2,32,Non-binary,High school,2.2,0.5,5588.0,3.6,False,4,4,5,17.3,0,17,False
E01223,Sales,4,21,Female,Bachelor,1.3,1.2,9393.0,-0.1,True,1,2,4,10.9,0,47,False
E01224,Engineering,1,33,Female,Master,0.5,0.5,4021.0,10.3,False,4,4,4,12.9,0,51,False
E01225,Marketing,3,37,Male,High school,3.2,0.7,7110.0,5.0,False,3,3,3,7.0,2,2,False
E01226,Sales,3,33,Male,Master,3.4,1.2,7256.0,5.9,False,5,4,4,22.5,0,58,False
E01227,HR,1,31,Female,Bachelor,3.7,2.0,3138.0,-16.4,False,3,4,3,5.9,0,52,True
E01228,Support,1,34,Female,Master,3.0,3.0,4735.0,20.2,False,3,3,4,17.3,5,21,False
E01229,Sales,1,32,Male,Bachelor,4.4,0.8,3601.0,-10.1,False,1,3,4,15.1,3,20,False
E01230,Finance,2,31,Female,Bachelor,4.5,1.2,5058.0,-4.3,True,3,2,2,11.5,1,1,False
E01231,Support,4,36,Female,High school,3.3,1.4,9422.0,-2.9,False,3,4,3,22.5,5,0,False
E01232,HR,1,40,Female,Bachelor,4.4,0.3,4319.0,11.9,True,5,2,4,8.2,0,35,True
E01233,Operations,3,33,Male,PhD,3.3,1.3,6288.0,-13.8,False,4,4,4,5.7,3,44,False
E01234,Support,3,49,Male,Bachelor,9.2,2.5,7366.0,-0.8,False,3,4,5,6.8,2,32,False
E01235,Sales,1,31,Male,Bachelor,9.5,2.4,2954.0,-26.9,False,2,4,4,18.2,0,0,True
E01236,Sales,2,40,Male,Bachelor,4.8,4.3,4942.0,-3.8,True,4,3,4,2.4,1,25,True
E01237,Engineering,1,28,Male,Bachelor,2.1,2.1,3865.0,3.8,True,3,2,3,5.5,1,51,False
E01238,Sales,3,33,Female,Master,10.4,3.0,8368.0,18.7,True,4,2,4,1.7,4,1,True
E01239,Finance,3,38,Male,Bachelor,3.2,1.5,7536.0,7.6,False,1,4,3,34.7,4,26,False
E01240,Finance,1,41,Male,High school,1.9,0.5,4525.0,17.3,False,1,3,3,15.0,2,7,False
E01241,Support,4,27,Male,Bachelor,4.9,2.3,8328.0,-11.7,False,3,4,3,28.6,2,45,False
E01242,Finance,4,44,Male,Bachelor,2.1,2.1,11174.0,20.6,False,4,3,3,9.1,0,5,False
E01243,Support,1,31,Male,Bachelor,2.5,1.2,3436.0,-9.0,True,2,2,3,1.4,4,52,False
E01244,Engineering,5,38,Female,High school,4.7,4.7,13252.0,0.2,False,4,4,3,8.3,2,1,False
E01245,Engineering,3,39,Male,Bachelor,7.5,1.4,7178.0,1.6,False,5,4,3,7.4,0,2,False
E01246,Support,1,39,Non-binary,High school,3.6,3.6,3954.0,-0.6,True,4,2,4,27.1,2,10,True
E01247,Sales,3,39,Female,High school,2.2,0.1,6126.0,-12.9,False,4,3,4,26.6,0,54,False
E01248,Support,2,41,Female,High school,5.6,2.7,5519.0,2.0,False,3,3,4,23.6,1,23,False
E01249,Finance,1,31,Female,Master,0.5,0.4,4060.0,2.7,True,2,2,3,12.3,3,47,False
E01250,Sales,2,27,Female,Bachelor,6.7,1.1,5048.0,3.4,False,4,3,4,34.1,0,34,False
E01251,Engineering,1,31,Male,Master,1.9,1.9,3839.0,3.1,False,4,3,3,9.6,3,7,False
E01252,Engineering,1,24,Female,Bachelor,0.6,0.6,3819.0,-1.4,False,2,3,5,15.1,3,33,False
E01253,Operations,2,36,Female,Bachelor,2.0,0.9,6184.0,16.0,False,4,3,3,9.7,0,30,False
E01254,Operations,3,28,Female,Master,1.1,1.1,6049.0,-9.1,False,5,4,3,17.3,0,52,False
E01255,Support,2,34,Male,Bachelor,3.0,3.0,4585.0,-10.2,False,3,3,3,11.2,1,41,False
E01256,Engineering,3,49,Male,Master,19.6,1.6,6807.0,-2.7,False,4,3,5,53.1,4,12,False
E01257,Operations,3,27,Male,Master,1.9,1.9,7318.0,3.3,True,4,2,5,19.7,4,1,False
E01258,Sales,2,26,Female,Bachelor,1.7,1.7,5955.0,13.4,False,3,3,3,36.7,2,1,False
E01259,Marketing,4,36,Female,Bachelor,4.5,3.7,10969.0,16.4,False,4,3,4,11.5,3,50,False
E01260,Marketing,4,38,Male,Master,1.6,1.1,10003.0,6.5,True,1,3,3,2.1,0,51,False
E01261,Operations,2,34,Female,Bachelor,5.2,1.3,4423.0,-14.7,False,2,3,4,8.1,2,45,False
E01262,Finance,1,28,Male,Master,1.5,1.0,4170.0,7.0,False,2,4,3,24.7,4,20,False
E01263,Engineering,2,36,Male,High school,7.9,3.4,6512.0,16.8,False,5,4,4,33.8,0,1,False
E01264,Sales,3,44,Female,Bachelor,3.9,0.5,7499.0,10.1,False,3,3,3,38.1,4,27,False
E01265,Engineering,1,44,Male,Bachelor,11.1,2.6,4368.0,11.4,False,4,4,4,12.7,2,2,False
E01266,Sales,2,28,Male,High school,2.2,1.0,4366.0,-16.5,False,5,4,5,19.2,1,48,False
E01267,Operations,1,36,Female,Bachelor,7.6,1.3,3519.0,-0.5,False,1,3,3,14.2,2,33,True
E01268,Support,3,34,Male,PhD,3.2,1.2,7291.0,6.3,False,4,4,3,22.1,4,2,False
E01269,Engineering,1,23,Male,Bachelor,2.0,1.7,3900.0,7.1,False,3,3,5,19.8,3,16,False
E01270,Operations,1,24,Female,High school,1.8,1.8,4284.0,11.5,False,5,4,3,12.7,0,39,False
E01271,Operations,3,29,Male,High school,4.7,4.7,6415.0,-6.2,True,3,2,5,13.9,4,26,False
E01272,Engineering,2,43,Female,Bachelor,6.2,0.5,5230.0,-5.1,False,3,3,3,3.3,3,21,False
E01273,Operations,4,33,Female,High school,2.4,1.8,12140.0,27.4,False,5,4,4,14.6,0,38,False
E01274,HR,3,41,Male,Bachelor,5.2,2.8,7023.0,3.7,False,3,4,2,28.0,1,15,False
E01275,Sales,5,40,Female,Bachelor,6.4,3.9,12268.0,0.3,True,3,2,2,21.6,3,46,False
E01276,Support,1,24,Male,Bachelor,3.6,1.1,3235.0,-14.5,True,3,2,4,5.3,3,11,False
E01277,Engineering,1,33,Male,Bachelor,2.7,1.9,3029.0,-19.9,False,4,3,3,3.5,0,39,False
E01278,Engineering,1,39,Female,Bachelor,4.9,3.2,3671.0,-3.5,False,4,4,3,32.5,5,55,False
E01279,Marketing,2,38,Non-binary,Bachelor,3.4,0.8,4811.0,-4.0,False,5,3,4,12.6,1,7,False
E01280,Marketing,2,47,Female,Bachelor,4.1,2.0,4817.0,-11.0,False,3,4,3,41.6,1,14,False
E01281,Sales,3,56,Male,Master,16.6,3.0,5699.0,-16.8,True,2,2,5,6.6,2,49,False
E01282,Finance,3,39,Male,High school,14.7,5.0,6812.0,-2.3,True,2,3,2,17.5,0,58,True
E01283,Operations,2,40,Male,Bachelor,10.3,0.9,4871.0,-4.5,False,1,3,4,9.5,1,35,False
E01284,Sales,2,32,Male,Master,12.3,0.7,5487.0,6.2,True,5,2,4,18.0,2,26,False
E01285,Engineering,1,29,Female,Bachelor,7.7,7.7,3325.0,-11.4,False,3,3,3,3.1,1,28,True
E01286,Support,2,34,Female,PhD,1.2,1.2,5296.0,3.2,True,5,2,3,9.7,1,0,False
E01287,Operations,3,38,Female,Bachelor,7.3,1.0,7195.0,5.7,False,1,3,4,14.7,1,55,False
E01288,Engineering,3,24,Male,High school,1.4,1.4,6753.0,-5.8,False,4,3,4,6.1,0,17,False
E01289,Marketing,1,22,Male,Bachelor,2.2,0.6,3768.0,-3.4,False,3,3,3,36.0,2,12,False
E01290,Engineering,1,34,Male,Bachelor,0.3,0.3,3460.0,-12.2,False,4,4,3,18.6,0,4,False
E01291,Operations,1,42,Male,Bachelor,10.4,1.0,3728.0,-5.1,True,3,2,3,19.0,0,57,True
E01292,Operations,2,38,Male,Bachelor,0.2,0.2,5521.0,7.6,True,4,2,4,62.7,1,35,True
E01293,Operations,3,50,Female,Bachelor,7.7,0.3,6513.0,-0.3,True,2,2,3,7.5,0,14,True
E01294,Engineering,3,36,Female,Master,5.2,1.6,7991.0,13.9,False,4,3,2,13.8,2,14,False
E01295,Finance,2,27,Female,High school,5.4,1.0,5332.0,8.1,False,2,4,3,10.1,3,35,True
E01296,Sales,1,29,Male,Bachelor,3.5,2.0,3846.0,0.3,False,4,3,4,28.0,3,53,False
E01297,Engineering,1,34,Male,Bachelor,4.0,1.2,4486.0,16.4,True,5,3,3,13.2,0,15,False
E01298,Engineering,1,38,Female,Bachelor,3.5,0.4,3529.0,-6.3,False,2,3,3,5.2,2,7,False
E01299,Sales,2,29,Male,Master,3.2,0.6,5205.0,2.1,False,4,4,3,32.8,1,43,True
E01300,Engineering,2,34,Male,Bachelor,2.9,1.3,5835.0,12.9,False,4,3,3,8.1,0,12,False
E01301,Engineering,3,25,Male,Bachelor,6.2,0.7,7938.0,14.6,False,3,4,3,17.7,3,57,False
E01302,Sales,4,34,Male,Bachelor,0.3,0.3,8913.0,-0.5,True,4,2,3,56.7,2,27,False
E01303,Finance,1,30,Female,Bachelor,3.0,1.1,4309.0,10.9,False,4,3,5,80.3,5,41,False
E01304,Engineering,2,57,Female,High school,12.6,0.6,5268.0,-1.8,False,2,4,2,20.1,1,41,True
E01305,Sales,3,32,Female,Bachelor,6.5,3.0,5696.0,-18.2,False,3,3,4,33.8,0,41,True
E01306,Finance,1,36,Female,Master,1.9,1.9,3481.0,-5.4,False,3,4,5,14.3,3,37,False
E01307,Operations,1,22,Female,Master,4.0,0.4,3698.0,-3.3,False,2,4,5,10.0,0,55,True
E01308,Operations,1,37,Male,Bachelor,4.5,1.1,3232.0,-10.7,False,5,3,4,6.9,3,28,False
E01309,Sales,2,42,Female,High school,4.7,2.3,5718.0,14.3,False,3,3,4,14.7,1,7,False
E01310,Sales,4,32,Female,Master,2.0,2.0,8497.0,-9.1,True,4,3,3,36.2,0,52,False
E01311,Marketing,1,39,Female,Master,0.4,0.4,3857.0,2.0,True,1,2,3,45.2,0,58,True
E01312,Operations,1,37,Male,Master,6.1,3.4,4112.0,8.1,False,5,4,4,8.7,4,12,False
E01313,Marketing,1,40,Male,Master,5.6,3.8,3086.0,-18.4,True,4,2,4,6.2,0,56,False
E01314,Finance,2,38,Male,Bachelor,0.9,0.9,4797.0,-5.2,False,1,4,3,25.6,3,55,True
E01315,Sales,1,44,Female,Bachelor,1.7,0.8,4357.0,11.1,False,3,3,5,21.4,3,9,False
E01316,Engineering,3,37,Male,Bachelor,1.2,1.1,7726.0,9.9,False,4,4,3,3.4,4,19,False
E01317,Sales,3,32,Male,Master,4.7,4.7,7003.0,2.6,True,5,2,3,5.4,4,58,True
E01318,Marketing,1,36,Female,High school,8.1,3.6,3637.0,0.5,False,1,3,5,5.8,2,6,False
E01319,Sales,2,29,Male,Master,1.3,1.3,5139.0,-4.8,False,1,3,3,30.3,3,41,False
E01320,Finance,1,39,Female,High school,6.4,0.9,4002.0,11.4,True,4,2,4,48.9,1,58,True
E01321,Engineering,2,34,Female,Bachelor,7.2,1.1,4858.0,-3.6,True,3,3,4,17.9,2,8,True
E01322,Engineering,2,40,Female,Master,1.3,1.1,5331.0,-0.6,True,3,2,5,13.3,0,58,False
E01323,Marketing,1,38,Female,Bachelor,3.7,0.6,3967.0,0.4,False,4,4,4,10.8,4,10,False
E01324,Engineering,3,62,Non-binary,Bachelor,13.9,0.1,7770.0,15.8,True,3,3,4,12.1,2,33,False
E01325,Operations,1,33,Non-binary,Bachelor,1.4,0.5,3582.0,-4.5,True,2,3,3,13.7,3,47,True
E01326,Support,1,52,Female,Master,6.5,0.2,3676.0,2.2,False,2,3,2,2.2,4,24,False
E01327,Marketing,3,44,Female,Bachelor,3.8,1.1,7702.0,8.7,True,4,2,3,19.6,3,15,False
E01328,Support,4,30,Male,High school,4.6,0.5,10559.0,11.3,False,3,4,3,26.7,1,52,False
E01329,Sales,1,29,Male,Master,1.6,0.8,3186.0,-12.3,True,5,2,5,43.1,1,5,True
E01330,Marketing,4,46,Female,Bachelor,9.4,1.3,9172.0,-3.1,True,2,3,3,56.2,2,48,True
E01331,Sales,1,35,Male,Bachelor,3.8,0.4,3599.0,-10.6,False,3,4,4,2.9,1,22,True
E01332,Engineering,1,29,Male,Master,3.4,2.6,4145.0,7.9,False,4,3,3,11.1,4,13,False
E01333,Sales,1,35,Male,Master,3.3,1.0,3954.0,1.0,False,5,3,3,25.9,1,37,False
E01334,Sales,2,31,Female,Bachelor,2.6,2.6,3814.0,-24.6,False,2,4,3,2.3,1,50,False
E01335,Sales,3,44,Female,Bachelor,3.4,3.4,7631.0,12.6,False,1,4,3,34.9,2,25,True
E01336,Operations,2,28,Male,Bachelor,4.0,2.2,5783.0,12.4,False,3,3,3,37.8,2,50,False
E01337,Support,3,38,Male,Master,9.4,1.2,7178.0,-1.3,False,3,3,3,26.3,5,4,False
E01338,Support,4,26,Female,Bachelor,1.8,1.8,9828.0,0.8,False,5,4,3,47.1,2,44,False
E01339,Marketing,3,31,Female,High school,1.0,0.9,6290.0,-9.7,False,4,4,3,3.7,3,36,False
E01340,HR,2,33,Female,Bachelor,1.1,1.1,5577.0,6.4,False,4,3,3,1.0,0,7,True
E01341,HR,2,29,Female,Bachelor,5.3,1.2,5522.0,5.8,True,1,2,4,10.8,2,43,False
E01342,Support,1,40,Male,Bachelor,8.2,3.7,3723.0,2.2,False,3,4,4,3.9,0,16,False
E01343,Engineering,5,45,Female,Master,6.0,3.8,12939.0,-1.9,False,4,4,2,26.7,2,50,False
E01344,Engineering,4,34,Male,Bachelor,10.3,2.4,10279.0,16.1,True,2,3,3,8.8,0,15,False
E01345,Engineering,3,35,Female,Master,11.1,2.3,8334.0,20.4,False,2,4,3,29.5,3,32,True
E01346,Operations,2,35,Male,Master,5.5,0.1,5784.0,9.6,False,3,4,3,6.2,0,15,False
E01347,Sales,1,36,Male,Master,5.2,3.2,3904.0,2.2,True,3,2,3,27.4,4,19,False
E01348,Support,1,33,Non-binary,High school,4.8,4.4,3539.0,-3.0,False,3,4,3,22.2,1,45,False
E01349,Support,4,36,Male,Master,4.5,4.5,10463.0,8.3,False,3,3,3,7.3,2,10,False
E01350,Engineering,1,21,Female,Master,1.8,1.8,3994.0,2.0,False,3,3,3,31.3,3,37,False
E01351,Support,1,54,Non-binary,High school,18.1,2.7,4232.0,7.7,True,3,3,3,9.6,3,44,False
E01352,Finance,3,36,Female,Bachelor,3.7,1.7,6393.0,-9.2,False,5,3,4,17.0,0,8,False
E01353,Engineering,1,34,Female,High school,1.7,1.7,3679.0,-4.2,False,3,4,2,19.1,0,55,False
E01354,Marketing,2,32,Male,Bachelor,2.3,0.5,4699.0,-10.3,False,3,3,3,3.7,1,42,False
E01355,Finance,3,38,Non-binary,Bachelor,3.2,2.4,6930.0,0.1,False,3,4,4,26.5,0,42,True
E01356,Operations,2,41,Female,Master,1.8,0.8,6169.0,20.7,False,4,3,2,11.1,3,58,False
E01357,Engineering,1,29,Male,PhD,3.4,0.2,3953.0,5.0,False,3,4,3,9.7,0,37,False
E01358,Engineering,2,31,Male,Bachelor,5.8,1.7,5395.0,2.2,True,3,3,4,12.6,2,30,False
E01359,Sales,2,32,Female,Bachelor,1.4,1.4,5272.0,4.1,False,4,4,3,2.9,3,55,False
E01360,Engineering,2,43,Non-binary,High school,10.4,1.6,5174.0,-0.7,False,2,4,4,6.7,0,17,False
E01361,Sales,3,35,Male,Master,2.1,2.1,6824.0,3.0,True,2,2,4,34.3,3,59,True
E01362,Sales,1,35,Female,Bachelor,1.1,0.8,3050.0,-14.4,True,4,2,3,2.4,1,13,False
E01363,Operations,4,20,Female,Bachelor,2.3,1.4,7939.0,-11.0,False,2,3,4,57.2,3,41,False
E01364,Marketing,5,36,Female,Master,1.8,1.8,11630.0,-7.0,False,4,3,3,1.4,3,17,False
E01365,HR,3,31,Male,Bachelor,6.9,4.2,7676.0,9.2,False,3,3,3,21.0,1,44,True
E01366,Engineering,2,39,Female,Master,2.5,2.2,5706.0,11.6,False,2,4,5,12.7,0,0,False
E01367,Support,1,32,Female,Bachelor,2.8,1.0,4206.0,7.9,False,5,4,4,24.5,2,42,False
E01368,Sales,2,38,Male,High school,3.6,0.4,5024.0,-5.5,False,3,3,2,7.8,0,13,False
E01369,Marketing,3,36,Female,High school,6.1,1.1,7328.0,-0.7,False,5,3,5,64.2,4,8,False
E01370,Sales,3,43,Male,PhD,8.7,1.8,7596.0,7.8,True,2,2,3,43.5,0,17,True
E01371,Finance,3,41,Female,Bachelor,9.9,1.7,8135.0,13.6,False,4,4,3,4.3,0,14,False
E01372,Support,4,38,Female,Bachelor,3.0,3.0,8901.0,-4.5,True,4,3,3,9.9,0,8,False
E01373,HR,3,39,Female,Master,1.4,1.4,7322.0,3.8,False,2,3,4,18.3,0,12,False
E01374,Engineering,1,21,Male,Bachelor,2.2,2.2,3760.0,5.0,False,3,4,3,6.9,1,32,False
E01375,Sales,1,36,Non-binary,Bachelor,0.7,0.7,3386.0,-11.4,False,2,3,4,27.0,3,49,True
E01376,Operations,5,34,Male,Bachelor,3.1,0.8,13065.0,0.3,False,1,3,3,6.0,1,32,False
E01377,Finance,2,40,Female,Bachelor,5.5,5.5,5675.0,6.6,False,3,4,4,21.8,3,13,False
E01378,Operations,2,30,Male,High school,4.1,4.1,4776.0,-3.2,False,2,4,5,25.5,2,41,False
E01379,Operations,1,35,Male,High school,9.0,0.8,4148.0,5.4,False,3,4,2,19.9,4,47,False
E01380,Engineering,3,33,Male,Bachelor,4.5,1.1,7352.0,7.7,False,5,4,2,6.7,1,13,False
E01381,Support,4,37,Female,Master,11.7,1.8,7608.0,-20.6,True,4,3,3,24.6,0,57,False
E01382,Marketing,1,35,Male,Master,8.6,0.2,3761.0,-3.6,False,2,3,3,11.2,2,28,False
E01383,Engineering,1,24,Male,Bachelor,5.8,3.6,3941.0,2.9,True,4,3,4,29.4,0,54,False
E01384,Finance,1,40,Female,Master,7.1,2.9,4555.0,18.9,True,3,2,3,25.2,0,20,False
E01385,Marketing,2,25,Female,Master,2.9,0.6,6260.0,17.8,False,3,3,4,32.1,5,39,False
E01386,Support,1,36,Female,Master,6.1,0.4,3408.0,-10.0,False,2,4,5,11.5,1,22,False
E01387,Support,2,45,Male,Bachelor,8.2,2.8,5657.0,13.3,False,3,3,3,28.5,1,6,False
E01388,Operations,3,40,Male,Bachelor,6.3,3.5,7104.0,2.4,False,3,3,3,6.3,1,57,False
E01389,Engineering,2,40,Female,Bachelor,5.9,1.4,4520.0,-12.0,False,4,3,4,25.6,2,37,False
E01390,Operations,1,28,Female,Bachelor,2.5,0.4,3752.0,-3.0,True,3,2,3,12.6,4,1,False
E01391,Support,1,41,Male,Bachelor,3.0,1.8,3478.0,-8.8,True,2,2,3,7.9,5,39,False
E01392,Engineering,4,29,Male,Bachelor,2.2,2.2,8541.0,-6.7,False,3,3,5,14.0,3,11,False
E01393,Sales,1,33,Male,High school,4.1,0.2,3669.0,-1.6,False,2,3,4,8.2,3,10,False
E01394,Operations,4,29,Female,Bachelor,5.5,4.6,8560.0,-6.7,False,3,3,4,35.9,0,24,False
E01395,Sales,1,42,Female,High school,5.1,1.7,3916.0,2.6,False,2,4,5,16.3,3,7,False
E01396,Engineering,1,27,Female,Bachelor,1.4,0.3,3638.0,-5.6,False,4,3,4,6.8,1,21,False
E01397,Sales,1,35,Male,Bachelor,7.6,0.7,3281.0,-13.1,True,4,3,4,1.2,2,34,True
E01398,Support,5,21,Male,Bachelor,1.7,0.7,14417.0,17.1,False,4,4,4,10.5,5,35,False
E01399,Support,3,33,Female,Master,4.0,3.6,6850.0,-4.1,True,3,2,4,22.0,0,39,True
E01400,Engineering,1,30,Male,High school,5.1,3.1,3555.0,1.9,True,3,3,4,1.2,0,54,False
E01401,Finance,1,28,Male,Bachelor,3.5,0.3,3963.0,4.9,False,4,4,3,12.8,1,40,False
E01402,Finance,1,38,Female,High school,5.6,3.2,3812.0,-3.6,False,2,4,4,3.1,2,47,False
E01403,Support,4,45,Male,Master,1.2,0.7,10360.0,8.6,False,3,3,3,10.5,2,0,False
E01404,Engineering,1,32,Female,Bachelor,2.6,1.4,4172.0,6.9,False,3,4,2,2.5,2,50,False
E01405,Sales,5,38,Female,Bachelor,8.1,1.9,12919.0,-4.2,True,1,2,4,12.0,5,49,True
E01406,Support,3,23,Female,Bachelor,0.7,0.7,6392.0,-9.3,False,2,3,3,2.7,1,57,False
E01407,Engineering,2,34,Female,Master,1.1,1.1,4943.0,-2.1,False,3,4,3,13.3,2,45,True
E01408,Operations,3,33,Female,Master,8.3,0.9,7335.0,2.5,False,3,3,3,8.9,2,48,False
E01409,Engineering,5,55,Male,PhD,15.8,5.3,12576.0,-6.7,True,5,3,3,15.4,0,22,False
E01410,Marketing,2,34,Female,High school,3.5,1.2,5092.0,-1.9,False,3,3,3,5.8,2,16,False
E01411,Engineering,5,31,Female,Master,4.5,2.6,13180.0,1.3,False,4,4,4,15.9,3,10,False
E01412,Operations,1,51,Female,Master,7.3,2.3,3765.0,-2.3,False,2,4,3,45.4,2,6,False
E01413,Sales,4,38,Male,High school,3.1,2.1,8963.0,-4.6,False,2,4,5,8.8,5,30,False
E01414,Sales,3,28,Male,Bachelor,8.0,1.5,6403.0,-10.9,True,4,2,3,9.3,1,23,False
E01415,Engineering,3,43,Male,Master,7.5,1.9,8429.0,20.8,False,3,4,3,24.5,0,45,False
E01416,Operations,5,20,Female,Master,2.3,0.1,12356.0,-1.6,False,2,3,4,30.6,3,58,True
E01417,HR,1,35,Female,Bachelor,2.0,0.4,4091.0,8.6,False,5,4,4,18.2,4,5,False
E01418,Sales,3,25,Female,Master,1.8,1.8,6062.0,-13.4,False,1,4,3,23.7,2,49,True
E01419,Support,2,31,Male,Bachelor,2.2,2.2,5152.0,-6.2,True,4,3,4,3.2,2,2,True
E01420,Sales,3,32,Male,High school,0.5,0.5,6491.0,-7.1,False,4,3,3,4.6,3,52,False
E01421,Operations,2,42,Male,Master,6.6,0.9,4967.0,-5.3,False,5,4,4,17.8,0,58,True
E01422,Engineering,3,32,Female,Bachelor,3.9,0.3,6269.0,-4.8,True,4,2,2,7.9,3,1,False
E01423,Sales,4,47,Male,Bachelor,5.2,5.2,8881.0,-5.8,False,3,3,5,3.6,3,21,False
E01424,Operations,2,21,Male,High school,0.3,0.3,5739.0,10.1,False,2,3,3,7.6,0,8,False
E01425,Sales,2,36,Female,Master,2.4,1.4,5354.0,3.9,False,3,4,5,15.5,3,50,False
E01426,Sales,3,32,Male,PhD,1.0,1.0,7143.0,-0.5,False,5,4,4,18.1,2,41,False
E01427,Operations,3,21,Female,Bachelor,0.8,0.8,6223.0,-14.4,False,1,3,3,34.0,3,40,True
E01428,Sales,3,24,Female,Bachelor,3.5,0.4,6358.0,-11.7,False,5,3,5,23.1,1,21,False
E01429,Sales,4,40,Male,High school,1.6,0.5,9752.0,1.4,True,5,2,3,40.1,2,20,False
E01430,Engineering,2,26,Female,Master,4.8,1.1,6768.0,26.9,False,2,3,3,40.9,0,6,False
E01431,Sales,1,27,Female,PhD,3.6,3.0,4467.0,15.6,False,4,3,3,16.4,4,54,False
E01432,Support,1,31,Male,High school,5.4,0.9,3068.0,-20.4,False,5,3,2,16.5,1,58,False
E01433,Engineering,3,28,Female,High school,1.4,1.4,6522.0,-4.6,True,4,2,3,33.0,0,44,True
E01434,Finance,5,23,Female,Master,1.2,1.2,11991.0,-7.5,False,3,4,3,8.2,3,46,False
E01435,Engineering,4,39,Male,Bachelor,6.3,3.7,7595.0,-21.1,True,2,3,4,12.6,2,50,False
E01436,Support,1,30,Female,Bachelor,4.4,2.1,3649.0,-4.7,False,4,3,3,4.5,0,49,False
E01437,Engineering,3,33,Female,Bachelor,5.3,1.0,6242.0,-14.4,True,4,3,3,22.5,0,49,True
E01438,Support,2,32,Male,Master,7.6,2.0,4874.0,-9.2,False,5,4,5,16.3,3,24,False
E01439,Operations,2,28,Male,Master,2.4,2.4,5881.0,13.6,False,3,4,3,22.8,1,57,False
E01440,Sales,3,32,Female,PhD,4.2,1.0,6607.0,-2.7,True,4,3,5,10.0,2,48,False
E01441,Engineering,3,40,Female,Bachelor,6.1,2.1,6809.0,-6.7,False,4,4,3,81.1,4,8,False
E01442,HR,3,49,Male,Master,1.4,1.4,7020.0,-5.5,False,4,4,5,10.7,0,23,False
E01443,Operations,2,37,Female,High school,6.3,6.3,5219.0,-2.2,False,4,4,4,16.7,0,44,False
E01444,Finance,4,37,Female,Bachelor,5.0,0.1,9382.0,-4.7,False,5,4,3,25.6,0,1,False
E01445,Operations,5,38,Female,Bachelor,8.4,2.6,11763.0,-9.0,False,4,4,3,6.8,4,37,False
E01446,Marketing,2,29,Female,Master,4.8,0.6,5349.0,4.9,False,3,4,3,18.7,2,47,False
E01447,Sales,4,29,Female,Master,5.2,1.1,9295.0,-0.4,False,4,4,3,9.3,1,56,False
E01448,Finance,5,25,Male,PhD,0.5,0.5,15437.0,15.2,False,3,4,4,30.8,4,37,False
E01449,Operations,1,32,Male,Bachelor,2.2,2.2,3757.0,-0.9,False,4,3,3,7.6,4,51,False
E01450,Operations,1,31,Male,Bachelor,3.9,0.2,4174.0,5.1,False,3,4,3,46.4,0,35,False
E01451,Engineering,3,29,Male,Master,6.2,2.7,6999.0,0.8,False,3,4,3,61.7,3,12,False
E01452,Marketing,4,40,Male,Bachelor,3.9,2.7,9037.0,-2.0,False,4,3,3,11.9,0,34,False
E01453,Engineering,3,39,Male,Bachelor,3.0,0.5,6636.0,-6.1,False,1,4,5,29.5,2,14,False
E01454,Engineering,1,33,Female,High school,4.0,2.8,3181.0,-12.1,False,4,4,4,22.3,3,29,False
E01455,Finance,3,40,Female,Master,0.3,0.3,7148.0,3.4,True,3,2,4,8.6,0,23,False
E01456,Operations,1,31,Female,Bachelor,0.8,0.6,3645.0,-2.3,False,3,4,4,21.8,3,7,False
E01457,Marketing,5,39,Male,Bachelor,9.1,0.9,10976.0,-17.1,True,3,3,3,13.1,0,12,False
E01458,Operations,2,37,Female,Bachelor,4.2,1.4,5409.0,1.3,False,4,3,5,9.2,3,5,False
E01459,Sales,1,39,Female,Master,6.4,2.5,4248.0,10.2,False,5,3,3,44.3,3,0,False
E01460,Sales,2,34,Male,Bachelor,1.0,1.0,4857.0,-6.2,False,2,3,4,12.3,1,13,False
E01461,Sales,3,31,Female,Master,0.3,0.2,7345.0,8.4,False,2,4,4,1.7,1,10,False
E01462,Finance,1,29,Male,Master,0.2,0.2,3878.0,-0.8,False,1,4,3,29.0,3,2,False
E01463,Marketing,3,38,Female,Bachelor,2.5,2.5,6641.0,-3.1,False,4,3,4,24.2,2,56,False
E01464,Marketing,3,37,Female,Bachelor,4.3,4.2,6904.0,0.5,False,2,4,4,19.3,1,30,True
E01465,Sales,2,35,Male,Bachelor,3.8,3.5,5724.0,11.9,False,4,3,3,4.0,1,52,False
E01466,Engineering,2,39,Female,High school,7.5,4.8,5046.0,-1.9,True,4,3,3,63.4,1,29,True
E01467,Engineering,2,37,Male,Bachelor,0.8,0.8,4942.0,-7.2,False,3,3,2,17.8,2,13,False
E01468,Operations,2,25,Male,Master,3.6,1.0,5735.0,14.2,True,2,2,3,11.6,0,48,True
E01469,Operations,1,43,Female,Bachelor,4.9,1.6,3002.0,-17.1,False,2,3,3,18.7,0,34,True
E01470,Engineering,3,34,Male,Bachelor,1.9,1.4,7962.0,16.9,False,4,4,4,11.5,0,32,True
E01471,Support,4,50,Male,Bachelor,6.4,0.9,10212.0,7.3,False,4,3,3,7.9,3,50,True
E01472,Marketing,3,53,Female,Bachelor,8.1,4.1,7069.0,-3.6,False,3,3,3,7.9,5,12,False
E01473,Marketing,3,23,Male,High school,1.5,1.5,8191.0,16.9,False,4,3,3,31.9,5,13,True
E01474,Operations,1,36,Female,Bachelor,10.2,5.1,4538.0,18.5,False,2,4,2,30.9,0,50,True
E01475,HR,1,36,Male,High school,3.1,1.0,3964.0,-2.3,True,2,3,4,54.7,4,45,False
E01476,Engineering,5,38,Male,Master,4.1,3.4,12832.0,-2.0,True,5,3,5,15.0,3,40,True
E01477,Operations,2,39,Male,Bachelor,8.0,1.9,5600.0,4.0,False,2,4,3,20.3,4,44,False
E01478,Finance,3,34,Female,Bachelor,7.9,2.2,9025.0,28.2,True,2,2,4,13.1,1,27,False
E01479,Support,5,33,Female,Bachelor,3.5,2.2,12114.0,-4.0,False,2,3,2,6.9,3,36,False
E01480,Engineering,5,40,Female,Bachelor,6.2,2.7,13425.0,1.4,False,4,4,3,42.2,0,20,False
E01481,Engineering,4,41,Female,Bachelor,3.1,1.9,9120.0,-4.7,False,2,4,3,6.9,4,21,False
E01482,Sales,1,38,Male,Bachelor,6.2,3.3,3527.0,-5.6,False,3,4,3,6.9,0,49,False
E01483,Engineering,1,35,Male,Bachelor,10.1,1.0,3706.0,-6.4,True,4,3,4,36.3,4,44,True
E01484,Operations,3,39,Male,Master,2.7,0.4,7396.0,7.2,True,1,2,2,23.5,2,26,False
E01485,Engineering,2,36,Male,Bachelor,1.3,1.3,5042.0,0.5,True,5,3,5,16.3,3,43,True
E01486,Sales,3,43,Male,Bachelor,7.1,1.0,6848.0,-1.2,True,3,3,4,21.2,0,8,True
E01487,Sales,3,37,Female,Bachelor,2.0,2.0,6961.0,-0.1,True,1,2,4,4.3,4,33,True
E01488,Engineering,2,43,Male,Bachelor,2.7,2.4,5805.0,9.2,True,3,3,3,3.3,0,48,False
E01489,Support,5,45,Non-binary,Bachelor,1.5,0.6,12024.0,-5.7,True,1,3,3,43.5,3,19,True
E01490,Finance,4,40,Male,High school,2.7,0.7,9497.0,-0.5,False,4,4,3,19.5,2,2,False
E01491,Sales,3,41,Female,Master,1.7,0.3,7637.0,9.9,False,4,4,4,13.5,2,30,False
E01492,Operations,1,33,Male,Master,1.2,0.9,3429.0,-5.8,True,5,3,4,12.7,3,3,False
E01493,Marketing,2,34,Male,Master,0.6,0.6,5690.0,6.9,False,4,3,4,18.7,5,1,False
E01494,Sales,5,26,Male,Bachelor,1.0,0.4,13381.0,7.6,True,4,3,3,10.2,3,47,False
E01495,Engineering,4,45,Female,High school,7.1,2.1,8905.0,-8.0,False,4,4,5,65.9,3,0,False
E01496,Support,3,42,Female,Bachelor,8.2,1.4,5874.0,-8.9,False,1,3,4,7.4,2,53,False
E01497,Sales,2,34,Male,Bachelor,2.3,0.9,3972.0,-24.8,False,2,3,4,30.0,3,15,True
E01498,Engineering,4,29,Male,Master,4.9,0.9,11111.0,15.5,True,3,3,3,5.3,5,48,False
E01499,Finance,5,26,Male,Master,6.8,2.8,12812.0,-5.8,False,5,4,3,14.0,0,36,False
E01500,Marketing,3,27,Male,Master,4.2,0.8,7460.0,8.3,False,2,3,4,27.6,0,16,False
E01501,Operations,2,31,Female,Bachelor,0.3,0.3,4657.0,-2.9,True,4,2,3,5.5,0,7,False
E01502,Finance,3,48,Male,Bachelor,5.5,0.4,5686.0,-17.8,False,5,4,4,10.2,0,19,False
E01503,Engineering,3,37,Non-binary,High school,10.4,1.5,7719.0,4.1,False,4,4,4,2.3,0,58,False
E01504,Sales,3,46,Female,PhD,4.8,4.7,6490.0,-10.3,True,4,3,3,22.0,2,52,True
E01505,Support,1,29,Male,Master,1.0,0.3,3620.0,-9.4,False,3,4,4,49.8,1,38,False
E01506,Sales,1,35,Male,Bachelor,4.7,4.7,3892.0,0.4,False,2,4,4,12.8,3,28,False
E01507,Operations,2,34,Male,Master,5.0,4.9,5727.0,10.5,False,4,4,3,3.3,2,41,False
E01508,Engineering,5,35,Female,Master,7.1,1.2,13232.0,0.5,False,4,4,3,13.6,3,44,False
E01509,Support,2,35,Female,Bachelor,2.1,0.7,4839.0,-5.9,True,3,2,3,15.6,2,53,False
E01510,Sales,1,32,Female,Bachelor,1.5,1.5,3830.0,3.4,False,5,3,3,31.1,3,49,False
E01511,Sales,4,32,Male,Bachelor,4.9,1.1,9712.0,-5.8,True,3,2,3,17.5,2,6,False
E01512,Support,3,40,Female,Bachelor,1.4,1.2,5750.0,-17.2,False,3,4,2,13.7,0,44,True
E01513,Engineering,3,40,Male,Bachelor,4.9,2.8,6948.0,4.6,False,2,4,3,16.4,0,15,False
E01514,Sales,4,32,Female,High school,1.6,1.6,9959.0,2.6,True,1,2,4,5.2,0,30,False
E01515,Sales,1,36,Male,Bachelor,2.3,2.3,3301.0,-11.3,True,4,2,3,1.0,3,41,True
E01516,Sales,2,31,Male,High school,6.5,4.1,6037.0,19.1,False,4,3,3,18.5,3,36,False
E01517,Sales,3,40,Male,High school,1.5,1.1,8542.0,26.2,False,5,3,3,38.1,2,47,False
E01518,Sales,3,50,Male,Master,12.9,0.7,7933.0,12.6,True,4,3,4,36.6,5,31,True
E01519,Finance,3,29,Female,High school,1.6,1.6,5890.0,-13.1,False,4,4,5,64.2,3,0,False
E01520,Marketing,5,29,Female,Master,4.3,1.1,13110.0,3.6,False,3,4,3,8.1,4,18,False
E01521,Support,2,36,Male,Master,2.6,2.6,5035.0,-0.1,False,2,3,3,14.5,1,54,False
E01522,Sales,2,30,Female,Bachelor,11.4,3.0,5685.0,7.4,True,5,2,2,1.0,0,53,False
E01523,Support,3,35,Male,Master,1.7,1.7,7109.0,1.4,True,3,2,2,7.6,2,55,False
E01524,Support,1,33,Female,High school,3.7,3.7,3324.0,-15.0,False,3,3,4,28.0,0,12,False
E01525,Finance,1,31,Female,Master,2.9,1.2,3715.0,0.1,False,4,3,4,36.1,2,43,False
E01526,Engineering,4,31,Female,Bachelor,4.4,0.9,9855.0,1.3,True,2,3,4,61.4,1,59,True
E01527,Finance,3,33,Male,Master,4.5,4.5,6270.0,-14.9,False,4,3,3,8.1,0,15,True
E01528,Support,1,44,Male,Master,17.5,0.2,3863.0,-0.1,False,3,4,3,9.0,0,16,False
E01529,Sales,2,31,Male,Bachelor,4.0,2.9,4978.0,-6.2,True,1,2,3,18.0,2,40,True
E01530,Engineering,3,35,Female,Bachelor,6.6,1.8,9428.0,31.1,False,4,3,3,30.8,4,1,False
E01531,Finance,3,28,Male,High school,1.3,1.3,6662.0,-2.6,False,5,4,3,12.9,0,29,True
E01532,Sales,4,43,Female,Bachelor,5.3,2.3,9425.0,-2.1,False,4,3,3,27.5,2,6,False
E01533,Operations,3,26,Male,Master,1.9,0.6,5589.0,-19.2,False,5,3,4,7.1,1,4,False
E01534,Engineering,1,38,Non-binary,Master,7.1,0.9,3555.0,-1.8,True,4,2,2,30.4,0,26,False
E01535,Sales,1,28,Female,High school,2.2,2.1,3820.0,1.0,False,3,4,4,28.1,2,54,False
E01536,Engineering,1,36,Female,Master,2.8,2.8,3805.0,-3.1,False,4,3,4,13.4,0,17,False
E01537,Sales,4,50,Female,High school,10.2,7.9,9977.0,2.6,True,5,3,3,3.4,0,43,True
E01538,HR,1,38,Female,Bachelor,3.4,1.9,3382.0,-4.5,False,2,3,3,11.5,0,36,True
E01539,HR,1,35,Male,Bachelor,10.1,1.0,4891.0,32.1,False,2,3,3,33.3,0,5,False
E01540,Marketing,2,27,Female,Bachelor,0.7,0.7,3915.0,-23.1,True,3,2,3,22.0,5,52,True
E01541,Sales,2,27,Female,Bachelor,8.1,1.9,4373.0,-18.9,True,2,3,4,12.9,5,7,False
E01542,Engineering,1,20,Male,High school,1.9,0.8,3954.0,1.6,False,3,4,3,21.9,2,40,False
E01543,Engineering,2,47,Male,Bachelor,10.4,3.1,5508.0,0.5,False,3,4,5,26.2,2,18,False
E01544,Sales,3,32,Female,Master,1.8,1.3,6505.0,-3.8,False,3,4,5,12.0,5,2,True
E01545,Marketing,4,36,Male,Bachelor,7.7,1.4,11207.0,15.3,False,3,3,2,11.2,3,3,False
E01546,Marketing,3,37,Male,Bachelor,5.0,0.3,7737.0,11.9,False,4,3,3,28.0,0,46,False
E01547,Engineering,2,31,Male,Bachelor,2.7,2.1,5681.0,9.0,False,4,3,5,20.4,4,35,False
E01548,Engineering,2,38,Female,Bachelor,3.6,1.7,5215.0,-0.0,False,4,3,4,7.1,0,17,False
E01549,Finance,1,45,Female,High school,6.6,1.2,3931.0,1.3,False,4,3,3,17.0,1,40,False
E01550,Operations,3,31,Male,Bachelor,2.7,1.9,8139.0,12.5,True,3,2,4,17.4,3,34,False
E01551,Sales,4,25,Male,PhD,4.8,2.3,10310.0,8.4,True,2,3,4,14.9,3,42,False
E01552,Marketing,2,38,Female,Bachelor,11.5,0.4,5014.0,-1.5,True,3,3,3,18.9,1,50,False
E01553,Sales,1,47,Female,Bachelor,5.6,2.1,3704.0,-0.6,True,2,3,4,9.5,0,53,True
E01554,Engineering,1,33,Male,Bachelor,13.0,7.3,3787.0,0.0,True,3,3,4,31.0,1,23,False
E01555,Operations,2,25,Male,High school,0.6,0.6,5838.0,11.9,True,4,2,4,51.3,3,11,False
E01556,HR,4,36,Female,Master,6.5,3.6,9391.0,-0.9,False,4,3,3,28.3,3,25,False
E01557,Marketing,5,39,Male,Bachelor,2.5,2.5,11982.0,-6.4,False,2,4,4,24.4,3,12,False
E01558,Finance,1,40,Male,Bachelor,1.6,0.4,3871.0,5.1,False,4,3,2,9.3,3,37,False
E01559,Operations,1,44,Male,Master,4.0,0.2,3045.0,-17.6,False,3,4,3,26.3,5,25,True
E01560,Sales,3,23,Female,Master,1.5,0.1,6574.0,-7.7,False,4,4,4,16.7,3,38,True
E01561,Operations,1,37,Female,High school,3.5,0.7,4376.0,15.2,False,2,3,3,36.0,1,53,True
E01562,Operations,1,30,Female,Master,2.6,2.1,3702.0,-0.5,True,2,3,3,22.4,3,54,False
E01563,Sales,2,34,Male,Bachelor,1.5,1.5,6268.0,21.5,True,2,3,5,6.9,1,35,False
E01564,Engineering,2,25,Male,Master,0.7,0.7,4586.0,-12.4,True,1,2,5,15.2,1,51,True
E01565,Sales,4,38,Male,Bachelor,6.7,0.3,8589.0,-10.0,True,4,3,5,10.6,0,59,False
E01566,HR,1,31,Male,Bachelor,7.7,1.8,3786.0,0.4,False,2,4,4,16.8,3,10,False
E01567,Marketing,1,29,Male,Bachelor,4.6,0.2,4037.0,5.1,True,3,3,3,12.9,1,13,False
E01568,Marketing,3,28,Female,Bachelor,4.3,0.8,7123.0,-3.6,True,4,2,3,3.9,0,20,False
E01569,Engineering,3,47,Non-binary,Master,7.4,1.6,6718.0,-2.4,False,2,3,4,7.8,3,9,True
E01570,Operations,1,33,Female,High school,8.6,4.4,3466.0,-6.8,False,2,3,4,4.4,3,33,False
E01571,Engineering,1,36,Female,Bachelor,2.4,2.4,4917.0,28.7,False,5,4,3,21.6,0,56,False
E01572,Operations,3,35,Female,PhD,2.9,0.6,6829.0,-4.7,True,5,2,5,30.0,1,37,False
E01573,Finance,4,41,Female,Master,3.1,0.4,10343.0,10.2,True,1,2,4,16.9,2,37,False
E01574,Support,3,40,Male,High school,4.6,4.3,7894.0,11.8,True,4,2,3,28.6,0,29,False
E01575,Operations,2,40,Male,PhD,5.1,0.9,6001.0,13.0,True,4,2,3,11.1,4,40,False
E01576,Sales,3,35,Female,High school,4.5,4.5,5809.0,-14.4,False,4,4,4,19.4,0,20,True
E01577,Sales,3,40,Male,Bachelor,3.3,1.8,7806.0,16.6,False,4,4,3,9.8,2,49,False
E01578,HR,2,28,Male,Bachelor,1.3,1.3,5699.0,7.3,True,5,2,3,14.6,3,37,False
E01579,Operations,2,38,Female,PhD,6.0,0.6,3432.0,-31.9,False,3,3,3,11.3,2,30,False
E01580,Finance,1,42,Male,Bachelor,1.5,1.4,3477.0,-5.8,False,5,4,3,9.4,2,19,False
E01581,Engineering,1,40,Female,Bachelor,5.4,2.8,3816.0,2.7,False,4,4,3,15.7,4,34,False
E01582,Engineering,1,29,Female,Master,1.6,0.8,3474.0,-3.8,False,5,4,3,1.0,0,45,False
E01583,Marketing,4,41,Male,Master,7.0,0.4,9228.0,-5.5,False,3,3,3,12.7,3,24,False
E01584,Operations,2,34,Male,Bachelor,0.8,0.5,4915.0,0.8,True,5,3,3,7.7,2,13,False
E01585,Operations,4,36,Female,Bachelor,2.0,0.7,9404.0,4.8,False,4,4,4,11.9,4,15,True
E01586,Marketing,2,41,Female,Master,9.3,5.6,4990.0,-0.4,False,5,3,3,42.7,0,59,False
E01587,Support,3,40,Female,Bachelor,6.7,0.7,6240.0,-14.6,False,4,3,4,7.2,0,41,False
E01588,Support,3,28,Female,High school,7.6,2.9,7523.0,10.7,False,4,3,4,21.4,2,43,False
E01589,Finance,2,24,Female,Bachelor,0.8,0.8,6145.0,12.8,True,5,2,3,6.5,0,50,False
E01590,Engineering,3,48,Female,Bachelor,10.3,1.3,8633.0,27.1,True,4,3,3,11.0,5,43,True
E01591,Engineering,2,41,Male,Master,6.5,0.9,5184.0,-0.5,True,4,2,3,58.4,1,43,False
E01592,Sales,1,23,Female,Bachelor,1.8,1.8,4047.0,2.1,False,2,3,4,5.3,1,29,True
E01593,Support,3,32,Male,PhD,6.8,1.2,5395.0,-27.4,True,5,2,5,26.8,2,39,False
E01594,Support,2,39,Male,Bachelor,6.5,0.2,5353.0,4.5,True,4,2,5,11.2,2,46,False
E01595,Sales,4,43,Male,PhD,7.7,0.7,10428.0,11.3,False,5,4,3,6.3,1,56,False
E01596,Sales,3,36,Female,Bachelor,1.4,1.4,7412.0,5.3,False,3,3,4,12.7,1,29,False
E01597,HR,1,34,Female,Bachelor,2.0,2.0,3071.0,-17.6,False,2,4,2,23.2,1,43,True
E01598,Sales,3,39,Male,Bachelor,4.1,0.1,7055.0,-0.6,False,3,4,3,13.8,2,56,False
E01599,Sales,1,31,Female,Bachelor,3.9,2.0,3491.0,-7.7,False,2,3,5,40.9,0,38,True
E01600,Engineering,2,39,Female,High school,2.8,1.2,3754.0,-27.2,False,2,3,2,14.2,0,17,True
E01601,Engineering,5,24,Female,Bachelor,0.8,0.4,11259.0,-7.7,True,4,2,4,20.1,1,17,False
E01602,Marketing,2,37,Male,Bachelor,4.0,1.2,4706.0,-7.7,False,2,3,3,18.0,2,17,False
E01603,Sales,3,37,Male,Master,7.5,3.1,6389.0,-10.2,False,3,4,4,18.7,4,57,True
E01604,Engineering,3,30,Male,High school,0.8,0.8,6787.0,-1.8,True,3,3,4,34.9,1,3,False
E01605,Sales,1,32,Male,Bachelor,2.2,1.1,4450.0,11.8,False,3,3,4,9.8,1,14,False
E01606,Operations,4,31,Female,Bachelor,3.2,3.2,10513.0,10.9,False,4,3,3,40.6,4,17,True
E01607,Engineering,3,43,Female,Bachelor,10.1,2.4,7880.0,12.9,False,1,4,5,3.6,3,41,False
E01608,Finance,1,38,Male,Bachelor,2.3,0.3,3295.0,-13.7,False,3,3,3,13.7,2,1,False
E01609,Engineering,2,28,Male,Bachelor,7.4,3.5,4525.0,-14.0,False,4,4,2,21.3,0,31,False
E01610,Marketing,2,39,Female,Bachelor,2.3,1.6,4717.0,-7.3,False,5,3,4,22.9,4,3,False
E01611,Operations,1,31,Female,High school,2.5,1.1,3549.0,-5.5,True,4,2,4,16.8,2,0,False
E01612,Operations,3,26,Female,Bachelor,1.7,1.7,7501.0,8.7,False,2,3,5,11.3,4,17,False
E01613,Finance,1,31,Male,Bachelor,1.9,1.9,3876.0,2.3,True,3,3,3,10.1,1,1,True
E01614,Engineering,2,35,Female,Bachelor,3.7,2.3,5743.0,9.0,True,3,2,5,4.0,3,10,False
E01615,Engineering,1,43,Male,High school,10.9,3.3,3732.0,-5.7,False,5,4,5,24.8,1,54,False
E01616,Engineering,2,49,Female,Master,8.2,4.1,4198.0,-21.0,True,3,2,3,7.0,3,11,False
E01617,Engineering,2,34,Male,Bachelor,2.3,0.8,5184.0,4.2,True,1,2,4,29.0,1,9,False
E01618,Support,2,36,Male,Bachelor,3.1,0.8,4927.0,-5.9,True,4,2,3,8.6,2,10,False
E01619,Support,2,31,Male,Bachelor,2.3,1.7,5398.0,-0.1,True,5,2,4,9.5,2,46,False
E01620,Marketing,2,35,Male,Bachelor,4.2,2.2,4911.0,-9.4,False,1,3,4,6.6,0,9,False
E01621,Engineering,3,37,Male,Bachelor,4.4,0.3,6152.0,-14.0,True,3,2,3,23.3,0,52,False
E01622,Support,4,38,Female,Master,8.1,0.9,10527.0,5.1,False,4,4,5,10.6,2,7,True
E01623,Sales,1,37,Female,Master,1.5,0.2,4734.0,30.2,True,2,2,4,14.0,0,18,True
E01624,Support,1,41,Female,High school,4.3,3.3,3756.0,-2.8,False,1,4,3,45.6,0,50,False
E01625,Operations,1,33,Female,Master,5.0,1.9,4171.0,4.6,False,1,4,3,11.6,3,7,True
E01626,Operations,2,26,Male,Bachelor,3.1,0.7,5404.0,1.8,False,3,4,5,11.9,2,59,True
E01627,Support,4,38,Male,High school,5.5,3.3,8630.0,-10.7,False,5,4,4,38.4,0,27,False
E01628,Engineering,2,30,Male,Master,8.4,2.7,5333.0,2.1,False,2,3,5,5.5,3,23,False
E01629,Engineering,4,32,Female,Bachelor,3.0,2.2,9777.0,-5.8,False,4,4,3,35.0,0,4,False
E01630,Sales,1,42,Female,High school,5.4,0.0,4137.0,2.7,True,1,3,3,22.0,4,59,False
E01631,Engineering,4,28,Male,High school,1.9,1.9,6370.0,-31.5,True,5,3,3,6.8,5,50,False
E01632,Engineering,3,38,Male,Bachelor,4.0,4.0,9272.0,30.6,True,3,3,4,4.1,3,27,False
E01633,Finance,3,32,Male,Bachelor,0.2,0.2,6587.0,-5.9,False,2,4,3,24.4,3,33,False
E01634,Sales,4,32,Female,Master,4.0,1.0,9221.0,-3.5,False,3,4,4,35.0,1,29,False
E01635,Finance,2,34,Male,High school,4.5,0.7,5309.0,7.4,False,5,4,4,7.9,3,51,False
E01636,Sales,3,26,Male,High school,2.7,1.2,7467.0,7.9,True,3,3,3,5.6,5,12,False
E01637,Marketing,4,45,Female,Bachelor,8.1,2.0,9408.0,6.6,False,5,4,3,9.4,0,14,False
E01638,Support,3,48,Non-binary,Bachelor,1.6,0.3,6522.0,-10.1,False,1,3,3,54.7,3,13,True
E01639,Marketing,2,32,Male,Bachelor,3.5,2.2,5492.0,1.8,False,4,3,4,35.4,0,6,False
E01640,Operations,3,25,Male,Bachelor,2.9,1.1,7130.0,3.8,False,3,4,4,31.2,0,46,False
E01641,Engineering,4,33,Male,Master,2.5,0.5,8602.0,-8.6,False,3,4,3,32.2,3,27,False
E01642,Engineering,1,36,Male,Bachelor,2.6,0.6,4718.0,26.5,False,1,4,3,26.3,0,56,False
E01643,Sales,1,40,Male,High school,2.4,0.8,3886.0,-3.1,True,3,3,5,30.0,3,57,True
E01644,Sales,4,34,Male,Master,3.6,0.1,9555.0,4.0,False,2,4,5,15.1,3,54,False
E01645,Sales,1,37,Male,High school,2.1,2.1,3808.0,-3.8,False,2,3,4,14.9,5,45,False
E01646,Engineering,5,46,Male,Bachelor,17.8,0.4,13273.0,1.2,True,3,2,4,24.9,3,36,False
E01647,Sales,3,26,Female,Bachelor,3.0,2.6,6620.0,-3.3,False,3,4,3,13.0,5,35,False
E01648,Engineering,1,38,Male,Bachelor,3.1,3.1,3831.0,3.1,False,3,3,4,17.2,1,32,False
E01649,Finance,1,40,Female,Bachelor,0.8,0.8,3982.0,2.0,False,4,4,4,5.7,1,6,False
E01650,Operations,3,41,Male,Bachelor,1.6,0.4,5926.0,-15.5,False,3,4,3,20.0,0,10,False
E01651,Support,1,30,Female,Master,2.4,1.6,4263.0,15.1,False,3,3,5,4.8,3,11,False
E01652,HR,5,36,Female,Master,5.4,4.4,12347.0,-8.0,True,4,2,3,27.7,3,36,False
E01653,HR,3,50,Female,Bachelor,3.6,3.6,6886.0,-4.3,False,5,4,3,14.9,2,15,False
E01654,Marketing,2,43,Female,Bachelor,6.8,1.8,5154.0,2.8,True,4,3,5,21.2,0,22,False
E01655,Sales,1,35,Male,Bachelor,1.5,0.9,3702.0,-2.4,False,5,4,2,27.5,0,41,False
E01656,Operations,2,28,Male,Master,6.0,4.4,5292.0,2.3,True,3,2,3,11.2,1,45,True
E01657,Sales,2,31,Male,Bachelor,6.9,0.6,4700.0,-1.4,False,2,4,3,26.9,5,39,False
E01658,Engineering,1,31,Female,High school,6.1,0.4,3070.0,-21.1,False,4,4,3,27.5,0,46,False
E01659,Operations,2,44,Male,High school,1.8,0.4,5523.0,4.9,False,5,4,3,23.7,0,6,False
E01660,Engineering,1,43,Male,High school,8.6,2.6,3796.0,-0.0,False,4,4,4,55.8,5,17,False
E01661,Sales,3,31,Male,Bachelor,2.8,0.2,6419.0,-6.5,True,4,3,3,64.8,1,56,False
E01662,Engineering,1,33,Male,Bachelor,3.6,2.3,3112.0,-14.4,False,5,3,3,48.8,3,20,False
E01663,Support,1,42,Female,Bachelor,15.4,0.5,4082.0,1.1,True,3,2,4,10.9,0,54,True
E01664,Engineering,3,36,Female,Bachelor,2.0,1.3,6940.0,-3.2,False,2,4,3,7.6,4,28,False
E01665,Engineering,2,31,Male,Bachelor,9.7,1.8,4341.0,-12.7,True,3,2,3,30.2,1,53,False
E01666,Operations,1,33,Female,Master,1.7,1.7,4161.0,11.0,False,3,4,3,23.9,0,21,False
E01667,Sales,1,39,Female,High school,2.5,2.5,3999.0,1.7,False,3,3,3,10.9,0,46,False
E01668,Engineering,1,39,Female,Bachelor,5.2,2.2,3667.0,-0.7,False,1,4,5,14.8,0,4,False
E01669,Sales,2,29,Male,Bachelor,3.4,1.0,4848.0,-0.8,True,4,2,3,37.2,2,1,False
E01670,Sales,1,34,Female,Bachelor,1.4,1.4,4179.0,4.5,True,5,3,4,17.9,0,10,False
E01671,Marketing,1,38,Female,High school,5.5,0.8,4468.0,18.9,True,5,2,3,12.2,3,13,False
E01672,Sales,1,34,Male,High school,2.4,2.4,3993.0,4.3,True,2,3,3,16.1,0,8,True
E01673,Operations,1,32,Female,PhD,4.0,2.0,4191.0,8.1,False,3,3,4,6.3,0,39,True
E01674,Sales,2,25,Female,Bachelor,3.6,1.4,5244.0,3.3,False,3,4,4,10.7,0,38,False
E01675,Engineering,2,41,Male,High school,4.7,1.1,5575.0,13.0,True,4,2,5,52.0,3,55,False
E01676,Engineering,1,26,Male,Bachelor,2.4,2.4,3305.0,-13.6,True,3,2,3,6.6,2,49,False
E01677,Sales,1,34,Female,Bachelor,0.5,0.5,3433.0,-6.8,False,4,3,3,45.8,3,15,False
E01678,Engineering,1,40,Male,Bachelor,4.9,1.5,4084.0,3.8,False,5,3,4,6.5,5,46,False
E01679,Support,5,31,Female,Master,7.9,2.8,12552.0,-6.6,False,3,4,2,7.3,1,23,False
E01680,Engineering,2,27,Female,Bachelor,3.7,1.9,5330.0,4.2,False,4,4,5,51.0,0,59,False
E01681,HR,2,32,Male,Bachelor,9.3,2.9,4819.0,-7.1,True,4,3,3,18.5,0,8,False
E01682,Engineering,2,34,Non-binary,Master,1.0,1.0,5216.0,2.4,False,2,4,3,11.7,1,35,False
E01683,Sales,4,29,Male,Bachelor,1.0,1.0,8526.0,-12.0,True,4,2,3,7.7,0,18,True
E01684,Marketing,2,32,Female,Master,2.1,2.1,4520.0,-12.7,True,4,2,2,9.2,2,49,True
E01685,HR,1,33,Female,Bachelor,3.3,1.4,4175.0,11.1,False,4,4,3,10.5,1,46,False
E01686,Operations,3,24,Female,High school,2.4,1.5,7563.0,4.4,True,3,2,5,12.0,2,10,True
E01687,Engineering,2,33,Male,High school,1.2,1.2,4083.0,-20.6,False,4,4,3,25.1,2,15,False
E01688,Marketing,2,40,Female,High school,5.0,4.0,5011.0,-3.4,True,3,2,2,9.5,0,43,True
E01689,Engineering,1,37,Male,Master,2.7,2.7,3300.0,-13.4,False,3,3,3,2.5,5,43,False
E01690,Operations,2,20,Male,Bachelor,4.4,4.4,3948.0,-22.7,False,3,3,3,12.2,3,18,False
E01691,Sales,2,40,Female,High school,2.8,2.8,5485.0,4.7,True,3,3,3,11.4,2,49,True
E01692,Operations,4,38,Male,Bachelor,5.5,1.8,9340.0,-0.4,False,3,3,4,9.1,2,56,False
E01693,Support,3,28,Female,Master,1.5,0.2,7479.0,6.4,False,4,3,3,2.4,4,52,True
E01694,Support,1,33,Female,Bachelor,4.6,2.4,3999.0,7.0,False,3,3,4,20.3,2,0,False
E01695,Engineering,1,34,Male,Bachelor,3.3,0.9,4164.0,8.2,False,4,4,4,1.6,1,12,False
E01696,Sales,2,38,Male,High school,4.7,1.9,5405.0,4.1,False,5,4,3,19.9,0,25,True
E01697,Support,3,38,Male,Master,11.8,5.6,7562.0,3.4,False,1,3,3,7.1,0,21,True
E01698,HR,3,39,Female,High school,6.3,3.5,7070.0,1.1,False,4,4,4,25.8,3,38,False
E01699,Support,4,36,Male,Bachelor,4.1,3.6,8697.0,-8.1,False,1,3,4,15.8,0,44,True
E01700,Operations,1,24,Male,High school,1.9,0.2,4054.0,1.6,False,5,4,4,15.1,1,47,False
E01701,Engineering,5,45,Female,Bachelor,2.4,1.9,9986.0,-21.1,False,5,3,3,1.1,4,17,False
E01702,Engineering,4,37,Female,PhD,2.5,1.9,8390.0,-9.4,True,1,3,4,16.9,1,27,True
E01703,Operations,2,37,Male,Master,7.7,4.2,5244.0,1.6,True,5,2,3,31.0,2,17,False
E01704,Engineering,1,28,Female,Master,5.3,3.7,4131.0,11.8,False,4,4,4,8.5,0,33,False
E01705,Finance,3,29,Male,Master,3.0,2.0,7296.0,4.0,False,2,4,4,7.6,0,14,False
E01706,Operations,1,41,Male,Bachelor,0.9,0.9,2839.0,-23.4,False,1,4,4,26.6,0,36,False
E01707,Engineering,2,33,Male,Bachelor,7.7,2.4,4793.0,-6.6,False,4,3,3,1.3,5,0,False
E01708,Sales,4,37,Male,Bachelor,4.7,1.3,9847.0,0.3,False,5,4,4,6.6,0,25,False
E01709,Sales,2,27,Male,Master,2.2,2.0,4933.0,-7.9,False,3,4,3,16.4,0,23,False
E01710,Sales,1,25,Female,Master,3.4,2.1,3853.0,4.3,False,3,3,4,6.5,1,33,False
E01711,Sales,1,31,Male,Bachelor,2.7,0.7,4098.0,3.6,True,3,3,5,8.5,0,10,True
E01712,Marketing,1,24,Female,Bachelor,2.5,1.3,3852.0,7.1,False,1,4,4,22.8,2,5,False
E01713,Support,1,33,Male,Bachelor,3.7,0.9,4367.0,10.8,True,4,3,3,4.7,3,4,False
E01714,Marketing,3,37,Female,Bachelor,5.2,3.0,6543.0,-7.8,False,3,4,3,46.8,2,21,False
E01715,Support,1,21,Female,Bachelor,4.3,2.3,4023.0,4.1,True,3,3,3,9.6,3,34,False
E01716,Sales,1,44,Female,High school,7.1,1.0,3575.0,-8.8,False,1,4,3,19.2,4,33,False
E01717,Sales,1,31,Female,High school,1.5,1.5,3971.0,2.8,False,4,4,3,20.6,2,58,False
E01718,Marketing,3,37,Female,Master,1.0,1.0,6916.0,-1.6,False,4,4,3,21.1,0,11,False
E01719,Engineering,1,25,Female,Bachelor,2.9,2.9,3043.0,-16.3,False,3,3,4,2.0,3,18,False
E01720,Finance,2,29,Male,Master,0.9,0.4,5047.0,-1.8,False,3,3,3,10.8,4,7,False
E01721,HR,2,23,Male,Bachelor,0.6,0.6,4706.0,-8.0,True,1,2,3,25.1,2,28,False
E01722,Sales,1,35,Female,Bachelor,5.9,3.1,3374.0,-8.1,False,3,3,3,30.5,4,9,False
E01723,Sales,2,39,Female,High school,6.7,4.2,5333.0,3.4,False,3,4,4,48.3,1,26,True
E01724,Marketing,2,34,Female,Bachelor,6.0,1.2,4934.0,-5.1,False,2,3,3,16.1,0,28,False
E01725,Support,2,34,Female,Master,0.9,0.9,5126.0,0.8,True,3,2,3,15.3,2,30,False
E01726,HR,1,34,Female,Master,2.3,2.3,3892.0,4.0,False,1,4,3,49.3,4,19,False
E01727,Operations,3,32,Male,Bachelor,3.3,2.2,7983.0,9.3,True,4,3,3,9.7,2,43,False
E01728,Finance,2,40,Male,Bachelor,5.3,4.1,6290.0,19.3,False,4,3,4,12.3,3,11,False
E01729,Sales,2,29,Female,Bachelor,2.0,1.4,5236.0,-0.2,True,2,2,4,44.2,5,45,True
E01730,Engineering,1,32,Male,Master,1.8,1.8,2988.0,-22.9,True,4,2,2,15.7,1,43,False
E01731,Engineering,1,45,Female,Master,9.2,3.7,3037.0,-20.8,True,4,2,3,23.5,3,26,True
E01732,Support,1,26,Female,Bachelor,1.8,0.6,4317.0,11.4,False,2,4,4,20.3,0,24,False
E01733,Sales,2,42,Female,High school,4.2,2.0,4758.0,-11.8,False,2,3,2,9.2,5,1,False
E01734,Marketing,2,26,Female,Master,5.7,1.4,5332.0,0.3,True,2,2,2,12.9,4,12,False
E01735,Sales,1,32,Male,Bachelor,8.1,0.2,3572.0,-3.4,True,2,2,3,6.1,2,23,True
E01736,Support,2,48,Male,High school,5.2,3.8,4872.0,-5.0,False,5,3,3,1.6,3,35,False
E01737,Sales,3,38,Female,Bachelor,6.5,0.3,5497.0,-14.2,True,4,2,3,1.7,0,0,True
E01738,Finance,1,43,Female,Bachelor,7.6,1.2,2785.0,-28.8,False,3,4,3,14.5,0,40,False
E01739,Marketing,5,40,Female,Bachelor,8.7,1.7,13708.0,4.0,False,4,4,3,23.5,4,55,False
E01740,Engineering,3,47,Female,Master,6.9,0.7,6049.0,-11.5,False,4,3,3,11.5,3,6,False
E01741,Support,2,39,Female,Master,3.7,0.7,6253.0,14.3,False,1,3,5,19.1,1,50,False
E01742,Sales,1,29,Female,Bachelor,4.4,0.7,3640.0,-2.1,False,4,4,4,5.9,0,29,True
E01743,Engineering,2,41,Female,High school,2.2,1.2,5009.0,-2.7,False,2,3,3,7.6,3,52,False
E01744,HR,1,29,Male,Master,2.0,1.4,4155.0,9.2,False,3,4,3,27.8,3,38,False
E01745,HR,1,45,Male,Bachelor,1.0,1.0,4149.0,4.9,False,4,4,5,16.2,2,3,False
E01746,Support,1,21,Female,Bachelor,1.7,1.7,4319.0,14.0,False,5,4,2,12.8,3,29,False
E01747,Sales,2,52,Female,Master,13.8,2.1,5123.0,-2.2,False,2,3,3,22.7,3,3,False
E01748,Engineering,4,31,Male,Bachelor,3.0,0.8,8978.0,-1.9,False,4,3,4,17.0,0,16,False
E01749,Finance,3,36,Female,Bachelor,5.8,3.7,8947.0,22.2,True,4,3,3,27.2,0,11,False
E01750,Marketing,5,30,Female,Bachelor,1.6,0.9,14665.0,11.1,False,4,3,3,23.4,2,26,False
E01751,Operations,1,36,Female,High school,0.6,0.6,2950.0,-20.7,False,4,3,3,18.5,3,2,False
E01752,Operations,1,21,Female,Master,1.3,1.3,4112.0,8.0,True,4,3,2,20.4,1,21,False
E01753,Sales,5,27,Female,High school,0.9,0.9,13044.0,-0.2,True,5,2,5,4.6,0,15,True
E01754,Operations,2,45,Male,Master,11.9,0.7,4998.0,-4.0,False,3,4,4,29.8,0,40,False
E01755,Sales,1,28,Female,High school,3.7,2.1,2842.0,-27.3,True,3,2,3,15.5,0,9,False
E01756,Engineering,3,40,Female,Master,4.9,0.8,5601.0,-18.4,False,3,4,5,9.7,0,47,False
E01757,Support,2,32,Female,Master,2.6,1.8,5175.0,-0.5,False,2,4,4,24.5,0,34,False
E01758,Engineering,2,31,Female,Bachelor,3.6,3.6,6082.0,11.5,False,1,4,3,12.5,0,50,False
E01759,HR,3,20,Male,PhD,0.4,0.3,8037.0,17.9,False,5,4,3,8.0,4,38,False
E01760,Sales,1,30,Female,High school,1.6,1.6,3635.0,-0.7,False,3,4,3,60.8,0,19,False
E01761,Operations,1,34,Male,Bachelor,4.0,3.5,4245.0,9.2,False,4,3,3,19.6,2,48,False
E01762,Sales,5,35,Female,Master,1.9,0.2,13245.0,-0.3,True,4,3,3,2.6,3,10,False
E01763,Support,3,30,Male,Bachelor,1.3,0.1,6952.0,2.5,False,4,3,2,39.1,0,6,False
E01764,Sales,5,32,Male,Bachelor,2.5,1.0,11910.0,-11.2,False,4,3,5,36.1,2,50,False
E01765,Sales,4,36,Male,Bachelor,5.3,0.5,10106.0,5.7,False,5,4,3,24.4,3,23,False
E01766,Sales,4,21,Female,High school,2.7,1.2,9405.0,4.3,False,4,4,2,4.5,3,10,False
E01767,Engineering,1,23,Female,Bachelor,5.1,2.0,3963.0,1.2,False,4,4,5,17.4,3,41,False
E01768,Support,5,31,Female,Master,1.1,1.1,12228.0,-3.2,True,3,3,3,26.8,2,14,True
E01769,Finance,1,34,Female,Bachelor,1.0,1.0,3522.0,-7.4,False,5,4,3,59.2,3,50,False
E01770,Engineering,2,22,Male,Bachelor,2.0,2.0,4464.0,-9.9,True,3,3,3,7.7,4,27,False
E01771,Operations,1,40,Male,Master,2.8,1.5,3668.0,-2.0,False,4,3,2,6.9,0,19,False
E01772,Operations,1,33,Male,Master,4.3,1.0,3451.0,-7.4,False,5,4,3,31.5,2,29,False
E01773,Engineering,5,41,Non-binary,Master,10.1,2.7,14930.0,9.4,False,3,4,4,5.2,3,34,False
E01774,Engineering,2,37,Male,Bachelor,2.9,1.5,4390.0,-18.3,False,3,3,3,6.3,0,53,False
E01775,Engineering,2,33,Female,PhD,7.8,1.7,5219.0,1.4,False,4,4,5,20.4,0,26,False
E01776,Finance,1,37,Male,Bachelor,2.6,2.6,3735.0,0.7,True,5,2,3,7.9,3,15,True
E01777,Engineering,3,30,Female,Bachelor,1.2,1.2,7091.0,2.7,True,3,3,4,60.5,0,54,True
E01778,Sales,1,51,Female,Master,11.1,2.2,3350.0,-10.7,False,3,3,4,14.0,4,32,False
E01779,Engineering,3,32,Male,Bachelor,5.4,2.7,9233.0,31.0,False,2,4,4,15.6,3,18,False
E01780,Sales,4,43,Male,Bachelor,2.2,2.2,9589.0,-1.2,True,5,3,5,18.3,0,14,False
E01781,Finance,1,36,Female,High school,2.7,2.7,3707.0,-2.4,False,3,4,4,18.2,3,51,True
E01782,Support,2,34,Male,Bachelor,3.7,1.2,5220.0,-0.0,False,4,4,3,26.2,0,55,False
E01783,Operations,1,38,Male,Master,9.4,1.8,3834.0,2.0,True,3,2,4,21.7,2,40,False
E01784,Finance,2,43,Female,Bachelor,4.9,4.9,4921.0,1.0,True,4,2,5,15.7,3,57,False
E01785,Marketing,3,43,Female,Master,8.3,1.0,8234.0,18.7,False,2,3,3,16.9,2,54,False
E01786,Support,5,31,Male,Bachelor,1.5,1.5,11893.0,-7.7,False,2,3,3,30.7,4,0,False
E01787,Finance,1,25,Female,Master,4.9,4.9,4109.0,6.9,False,5,3,3,22.4,1,50,False
E01788,Support,2,24,Non-binary,High school,0.6,0.6,5627.0,7.9,False,2,4,2,19.7,4,17,False
E01789,Sales,3,30,Male,Bachelor,4.9,0.4,8009.0,18.9,True,2,3,3,7.4,3,42,False
E01790,Sales,1,42,Male,Bachelor,3.2,1.0,3935.0,3.7,True,2,3,3,15.2,1,36,False
E01791,Operations,1,20,Male,Bachelor,3.4,0.8,2894.0,-19.3,True,3,2,3,28.9,3,45,False
E01792,Support,1,37,Female,Bachelor,8.3,1.1,3567.0,-8.5,True,5,2,5,11.0,1,27,True
E01793,Marketing,5,33,Male,Bachelor,6.4,2.5,10984.0,-15.9,False,4,4,2,3.5,3,19,False
E01794,Finance,2,34,Male,Master,6.3,1.9,4641.0,-5.7,False,1,3,2,52.3,1,41,True
E01795,Finance,3,30,Male,Bachelor,2.6,1.4,7085.0,1.4,True,5,2,5,13.4,0,6,False
E01796,Engineering,1,42,Male,PhD,5.3,1.4,4354.0,13.8,False,4,4,4,37.7,3,42,False
E01797,HR,3,42,Male,Master,2.3,2.3,6179.0,-9.4,False,1,4,3,11.5,0,6,False
E01798,Engineering,2,46,Male,Bachelor,6.1,0.6,4402.0,-14.2,False,2,4,4,30.5,4,5,True
E01799,Support,1,36,Male,Bachelor,5.1,3.6,4064.0,14.3,False,1,3,4,9.1,5,17,False
E01800,Marketing,2,36,Female,High school,8.4,1.9,5915.0,18.4,False,3,4,3,14.3,2,30,False
E01801,Sales,2,35,Female,High school,4.7,2.0,4969.0,-6.2,True,5,2,4,38.6,3,29,False
E01802,Operations,3,32,Female,Master,5.4,2.1,7893.0,12.2,True,4,3,4,11.5,3,8,False
E01803,Finance,1,32,Female,Bachelor,0.7,0.4,3326.0,-13.3,False,4,3,3,16.1,4,16,False
E01804,HR,1,34,Non-binary,Bachelor,5.3,5.0,4209.0,5.0,False,5,3,4,15.2,3,45,False
E01805,Support,1,34,Female,Master,4.4,1.0,3075.0,-17.5,False,3,3,3,14.6,2,48,False
E01806,Engineering,3,41,Male,Bachelor,6.0,1.4,6452.0,-5.9,False,1,3,5,16.0,3,44,False
E01807,Engineering,1,38,Male,High school,4.4,0.4,4237.0,13.8,True,2,2,4,12.4,1,27,True
E01808,HR,4,29,Female,PhD,4.8,0.7,9747.0,3.3,False,4,4,3,15.7,2,46,False
E01809,HR,2,43,Male,Bachelor,12.8,0.9,5931.0,16.8,False,4,4,4,7.8,1,5,False
E01810,Support,2,45,Male,Bachelor,8.9,7.3,4328.0,-15.9,False,3,4,3,12.8,3,44,False
E01811,HR,1,31,Male,Master,0.4,0.4,4909.0,21.5,False,3,4,3,12.2,1,43,False
E01812,Operations,1,25,Male,High school,3.3,3.3,3573.0,-7.2,True,3,3,2,14.7,0,56,False
E01813,Marketing,1,34,Non-binary,High school,2.7,2.7,3063.0,-16.5,True,2,3,3,11.1,0,29,True
E01814,Support,3,37,Female,Bachelor,3.7,1.7,6038.0,-11.4,False,2,3,3,10.8,0,55,False
E01815,Operations,1,31,Male,Bachelor,2.0,2.0,4228.0,12.0,False,4,3,2,20.0,2,56,False
E01816,Support,1,39,Female,Master,8.3,4.6,3387.0,-6.8,True,3,2,3,65.2,1,23,False
E01817,Engineering,3,40,Female,Bachelor,6.5,2.6,7824.0,9.8,False,3,4,3,4.6,3,25,False
E01818,Engineering,5,24,Male,Bachelor,3.2,3.2,13512.0,4.3,True,4,3,3,9.1,0,49,False
E01819,Operations,3,46,Male,Bachelor,3.0,0.6,7293.0,5.1,False,4,4,4,42.3,0,19,False
E01820,Support,4,34,Non-binary,Bachelor,1.1,1.1,7677.0,-20.2,False,5,3,3,9.4,0,14,True
E01821,Support,3,33,Female,Bachelor,3.7,3.7,6945.0,1.9,False,3,3,3,22.5,0,12,False
E01822,Operations,1,20,Female,Master,1.4,1.4,3386.0,-14.0,False,3,4,3,1.0,2,22,False
E01823,Engineering,2,31,Female,Bachelor,7.1,3.6,4819.0,-5.2,False,2,3,4,11.3,3,23,False
E01824,Support,2,48,Female,Bachelor,0.9,0.9,4502.0,-13.7,False,5,3,3,7.3,1,8,False
E01825,Operations,1,30,Non-binary,Bachelor,6.3,2.1,3641.0,-8.0,False,5,3,2,5.9,4,59,False
E01826,Marketing,2,29,Female,Master,3.0,0.4,4168.0,-17.8,False,1,4,5,11.0,2,39,True
E01827,Engineering,2,32,Male,Master,5.9,1.2,4930.0,-1.5,False,2,4,4,35.7,0,16,False
E01828,Engineering,3,43,Male,Master,4.6,2.2,7233.0,4.3,True,2,3,4,27.3,0,59,True
E01829,Marketing,1,39,Male,High school,0.8,0.8,3401.0,-7.0,False,4,3,4,13.3,1,42,False
E01830,Marketing,4,25,Female,Bachelor,3.4,1.7,9320.0,-2.0,True,4,3,3,8.1,0,17,False
E01831,Marketing,4,32,Female,Bachelor,5.1,3.2,9278.0,-3.5,True,1,3,4,16.3,1,34,True
E01832,Engineering,1,33,Female,Bachelor,2.6,1.7,4869.0,28.9,False,1,4,5,8.5,0,7,False
E01833,Finance,1,48,Male,Bachelor,4.9,1.0,4106.0,5.2,True,5,2,4,7.0,4,45,False
E01834,Engineering,2,52,Non-binary,Bachelor,17.3,0.6,5598.0,5.5,False,4,4,3,13.0,2,24,False
E01835,Engineering,1,22,Female,Master,0.3,0.3,3691.0,2.6,False,2,4,5,8.6,0,54,False
E01836,Sales,3,46,Female,High school,3.9,2.2,7258.0,7.1,True,5,2,3,25.7,4,33,True
E01837,Engineering,1,34,Male,Master,6.0,0.6,4039.0,11.9,False,4,3,3,17.7,0,27,False
E01838,Sales,3,46,Female,Bachelor,3.1,1.4,7308.0,-0.4,False,3,4,3,40.6,0,27,False
E01839,Sales,2,30,Female,Bachelor,3.5,3.5,5074.0,-6.0,False,4,4,3,2.2,1,28,False
E01840,Sales,2,43,Male,Bachelor,5.3,4.2,5190.0,-4.8,False,4,3,4,33.0,5,45,False
E01841,Engineering,3,44,Female,Bachelor,8.1,1.2,7178.0,-1.1,False,3,4,3,32.7,0,54,False
E01842,HR,5,41,Male,Bachelor,5.6,1.4,14210.0,16.5,False,2,4,3,34.3,0,29,True
E01843,Finance,3,33,Female,Bachelor,6.6,2.9,6409.0,-9.0,True,2,3,2,8.6,5,31,True
E01844,HR,1,26,Female,Master,0.7,0.7,3272.0,-12.7,False,5,3,4,14.9,0,12,False
E01845,Engineering,2,31,Female,Bachelor,3.2,3.2,5797.0,8.6,False,2,3,4,9.9,3,36,False
E01846,Support,1,30,Male,High school,3.2,3.2,3824.0,4.6,False,5,4,3,5.0,0,39,False
E01847,Engineering,3,29,Female,Bachelor,5.3,3.4,7983.0,11.2,True,3,3,3,30.8,0,6,False
E01848,Engineering,3,35,Male,Bachelor,2.3,2.3,7709.0,9.3,True,3,3,4,13.2,2,47,False
E01849,Sales,4,36,Male,Master,6.3,1.6,9924.0,3.5,False,1,4,3,15.1,2,46,False
E01850,Sales,3,35,Female,Bachelor,2.7,1.1,7451.0,3.8,False,3,4,3,17.3,3,43,False
E01851,Engineering,1,39,Male,Master,0.6,0.6,4193.0,10.9,False,4,4,4,8.6,2,13,False
E01852,Sales,2,47,Non-binary,Bachelor,12.3,4.1,5341.0,0.9,False,4,3,4,3.4,0,38,True
E01853,Engineering,3,38,Male,Bachelor,7.3,2.5,7436.0,8.9,False,2,4,3,30.0,3,53,True
E01854,Operations,3,42,Male,PhD,2.3,2.3,6701.0,-4.3,False,3,4,3,8.2,4,27,False
E01855,Support,2,42,Female,Bachelor,4.8,4.8,5545.0,4.7,True,2,2,3,13.6,0,55,True
E01856,Marketing,1,37,Female,Bachelor,6.1,1.2,4108.0,7.1,False,2,4,4,28.6,3,46,False
E01857,Sales,3,35,Non-binary,Bachelor,4.9,3.2,6948.0,3.8,False,5,3,3,27.0,4,1,True
E01858,Engineering,2,35,Female,Master,4.1,1.0,5203.0,2.8,False,3,4,3,24.1,1,33,False
E01859,Sales,3,27,Male,Bachelor,7.8,2.7,8388.0,17.5,True,3,3,3,16.8,0,22,False
E01860,Sales,1,35,Male,Bachelor,1.4,1.4,2937.0,-21.6,True,2,2,4,20.3,0,5,True
E01861,Support,1,22,Male,Master,2.5,1.1,3545.0,-3.4,True,3,3,3,34.7,4,46,False
E01862,Marketing,1,42,Male,Bachelor,7.8,1.0,3730.0,1.9,False,3,4,4,4.5,0,28,False
E01863,Engineering,2,38,Female,PhD,1.3,1.3,3974.0,-22.2,False,1,4,4,15.7,3,50,False
E01864,Support,3,38,Female,Bachelor,3.3,0.8,7620.0,3.8,False,3,3,5,10.0,5,16,False
E01865,Engineering,4,36,Male,High school,6.8,3.6,8881.0,-9.0,False,3,3,4,29.4,0,14,False
E01866,Support,5,38,Non-binary,Bachelor,6.9,2.6,14867.0,9.5,False,4,3,4,13.0,3,23,False
E01867,HR,1,34,Female,Bachelor,8.0,0.5,4354.0,22.8,False,3,4,4,25.6,1,17,False
E01868,Finance,2,36,Non-binary,High school,0.8,0.8,6087.0,18.9,False,2,4,4,16.7,2,45,False
E01869,HR,4,40,Female,Bachelor,3.2,0.5,11692.0,21.6,True,4,2,4,21.6,5,37,False
E01870,Engineering,1,40,Non-binary,Bachelor,1.5,1.5,3777.0,3.1,False,3,3,3,8.2,0,49,False
E01871,Finance,3,31,Male,Bachelor,7.9,0.3,6457.0,-9.7,True,4,2,3,15.6,0,14,False
E01872,Operations,3,48,Female,Bachelor,14.0,0.1,7933.0,12.2,False,4,4,4,10.9,0,21,False
E01873,Operations,1,33,Female,PhD,1.6,1.6,4012.0,0.9,False,2,3,4,15.2,1,51,False
E01874,Engineering,1,28,Female,Master,1.5,1.5,4262.0,12.9,False,4,4,3,35.6,1,23,False
E01875,Engineering,3,52,Male,High school,5.4,2.8,6027.0,-9.0,False,2,3,3,1.9,3,15,False
E01876,Operations,4,30,Female,Master,2.3,2.3,10538.0,12.6,True,2,3,3,14.4,2,34,True
E01877,Sales,3,20,Male,Master,0.5,0.5,7048.0,1.6,False,2,3,3,45.3,0,18,False
E01878,Support,4,36,Male,PhD,1.8,0.6,7933.0,-15.9,False,1,3,3,11.6,0,21,False
E01879,Support,2,35,Female,PhD,1.6,1.6,5050.0,-4.4,False,2,4,3,2.1,1,2,False
E01880,Engineering,2,37,Male,Bachelor,1.2,1.2,4995.0,-3.7,False,3,3,3,21.8,2,21,False
E01881,Engineering,1,26,Female,Bachelor,3.1,1.3,3652.0,-3.8,False,4,4,3,10.1,2,23,False
E01882,Operations,2,20,Male,Bachelor,0.9,0.9,4617.0,-7.9,False,4,3,4,17.0,0,0,False
E01883,Support,2,28,Male,Bachelor,0.4,0.4,5000.0,2.2,False,4,4,2,13.3,2,34,False
E01884,Marketing,2,38,Female,Bachelor,8.2,0.4,4811.0,-10.1,False,1,3,3,6.5,4,33,True
E01885,Finance,1,44,Male,High school,8.4,1.3,3166.0,-19.3,False,4,4,2,7.3,2,21,False
E01886,Operations,2,42,Male,Bachelor,5.4,4.8,5935.0,8.1,True,4,2,4,16.0,3,21,False
E01887,Engineering,1,37,Male,Bachelor,8.9,1.6,4390.0,14.6,False,4,3,3,2.9,0,5,False
E01888,Engineering,2,27,Female,Bachelor,4.1,3.2,5447.0,5.9,False,3,3,4,10.3,4,4,True
E01889,Sales,2,20,Male,Bachelor,4.3,0.8,4686.0,-9.2,False,3,4,4,23.3,0,51,False
E01890,Engineering,5,36,Male,Master,2.0,2.0,12929.0,0.5,False,1,4,3,16.3,3,9,False
E01891,Engineering,2,35,Male,Bachelor,8.2,4.5,5231.0,2.0,False,3,4,2,14.1,3,47,False
E01892,Engineering,1,31,Male,Master,4.2,0.3,4150.0,11.7,False,3,3,3,5.7,5,58,False
E01893,Sales,1,22,Male,Bachelor,2.8,0.3,3576.0,-1.0,False,5,4,4,17.3,2,6,False
E01894,Sales,3,21,Female,Bachelor,4.0,1.5,6533.0,-4.4,False,3,3,4,16.9,2,47,False
E01895,Sales,1,30,Female,Bachelor,3.4,3.4,4060.0,1.3,False,4,4,3,24.0,3,15,False
E01896,Sales,5,40,Male,Master,0.5,0.5,12813.0,0.2,True,4,2,3,25.4,2,33,False
E01897,Engineering,1,49,Male,Master,12.0,1.3,4554.0,12.0,True,5,2,4,12.9,3,45,False
E01898,HR,2,21,Female,Bachelor,3.0,3.0,4797.0,-4.5,False,1,3,2,25.0,2,57,False
E01899,Engineering,5,34,Male,Bachelor,4.8,1.8,9286.0,-29.8,False,2,4,3,4.7,0,42,True
E01900,Engineering,3,32,Male,Bachelor,2.8,1.7,7367.0,7.9,False,3,3,3,6.8,3,32,False
E01901,Sales,3,34,Female,Bachelor,0.4,0.4,7232.0,-3.1,False,4,4,4,41.4,0,54,False
E01902,Support,1,35,Male,High school,1.5,1.5,3079.0,-18.1,False,2,4,3,22.2,4,5,True
E01903,Sales,1,36,Female,Bachelor,4.3,4.3,4279.0,6.5,True,4,3,3,16.6,0,14,False
E01904,Operations,1,30,Male,High school,0.8,0.8,3346.0,-10.3,False,1,4,4,35.9,5,55,True
E01905,Engineering,4,40,Female,Master,1.0,1.0,10586.0,12.0,False,4,4,4,19.3,5,30,False
E01906,Operations,2,30,Male,Bachelor,2.0,2.0,4741.0,-3.0,False,2,4,2,10.8,1,17,False
E01907,Sales,1,37,Female,High school,7.4,1.9,4253.0,10.3,False,1,4,3,4.0,0,46,False
E01908,Engineering,1,30,Male,Master,6.8,0.4,3762.0,-4.3,True,5,2,3,28.9,1,15,True
E01909,Engineering,1,24,Female,Master,3.4,0.2,3219.0,-12.9,True,3,3,3,32.2,4,47,False
E01910,Operations,1,35,Female,High school,4.4,1.9,4530.0,13.6,False,5,3,3,11.5,1,5,False
E01911,Engineering,2,33,Male,Master,6.8,1.5,6124.0,15.9,False,5,3,4,16.5,0,50,False
E01912,Operations,4,46,Male,Bachelor,8.2,3.6,9205.0,0.4,False,4,3,3,26.3,4,15,True
E01913,Sales,2,36,Female,Bachelor,5.8,2.2,5441.0,5.9,False,3,3,4,39.7,1,35,False
E01914,Sales,2,36,Female,Master,2.4,2.4,5785.0,13.1,False,4,3,4,10.3,0,35,False
E01915,Sales,1,35,Female,Master,2.0,0.8,4608.0,17.7,True,4,3,5,5.0,0,0,False
E01916,Sales,4,44,Male,High school,2.9,0.4,11631.0,23.1,True,4,2,4,8.0,2,9,False
E01917,Engineering,2,37,Male,Master,4.2,4.2,5124.0,-0.5,False,4,3,4,7.5,0,3,False
E01918,Sales,1,33,Non-binary,Master,3.1,1.7,3819.0,-1.7,True,2,3,3,25.7,2,22,False
E01919,Marketing,1,20,Male,Master,1.6,0.3,4051.0,7.9,False,3,4,3,9.1,2,31,False
E01920,Sales,3,41,Female,Bachelor,1.4,0.5,7707.0,10.5,True,1,2,4,10.9,2,21,False
E01921,Engineering,1,33,Male,Master,4.6,4.1,3555.0,-7.6,False,5,3,3,23.3,1,31,False
E01922,Engineering,2,32,Female,Master,0.3,0.3,5802.0,7.5,False,2,3,3,72.9,1,43,False
E01923,Support,1,41,Female,Master,13.7,1.9,3341.0,-5.2,False,4,3,4,8.7,3,24,False
E01924,Sales,2,33,Female,Master,3.5,1.3,4393.0,-12.4,False,3,3,4,6.9,1,13,True
E01925,Support,3,42,Female,High school,4.2,1.9,6525.0,-2.5,False,4,4,4,11.0,2,50,False
E01926,Engineering,3,34,Male,High school,1.3,1.3,7339.0,10.2,True,3,3,3,10.3,4,22,False
E01927,Marketing,3,34,Male,Bachelor,2.1,2.1,7585.0,6.6,True,5,3,4,36.9,4,27,False
E01928,Marketing,1,37,Male,Master,5.8,2.2,3594.0,-5.2,False,4,3,4,23.5,2,17,False
E01929,Engineering,3,40,Male,Bachelor,3.4,3.4,6824.0,-0.8,False,5,4,3,29.6,0,18,False
E01930,Engineering,2,38,Male,Master,1.4,1.4,5051.0,-8.1,True,4,3,3,57.7,2,51,False
E01931,Sales,1,23,Male,Bachelor,2.3,1.4,3438.0,-7.2,False,3,4,5,6.6,2,3,False
E01932,Operations,1,33,Female,Master,2.4,2.2,3658.0,0.4,False,4,3,3,9.6,2,29,False
E01933,Engineering,3,42,Male,PhD,10.9,1.8,6844.0,-3.9,False,4,3,3,2.5,0,11,False
E01934,Engineering,1,37,Male,High school,4.5,4.5,3337.0,-9.0,True,4,2,4,15.1,0,36,False
E01935,Operations,4,31,Male,Bachelor,7.7,2.3,11361.0,19.7,True,3,2,3,41.3,3,36,False
E01936,Engineering,1,34,Female,Bachelor,5.1,2.2,3152.0,-17.3,False,2,4,5,31.3,4,47,True
E01937,Sales,3,33,Male,Master,3.2,0.6,6861.0,-1.0,False,4,4,4,5.4,0,32,True
E01938,Sales,5,31,Female,High school,2.1,0.3,14068.0,10.0,False,3,4,5,17.1,2,38,False
E01939,Engineering,1,31,Female,High school,5.9,1.5,3513.0,-9.0,False,4,4,3,4.3,3,39,False
E01940,Operations,2,29,Female,Master,8.4,1.6,5746.0,11.7,False,5,3,3,4.9,3,46,True
E01941,Support,1,31,Female,Master,2.1,2.1,4447.0,11.5,False,4,4,3,13.8,2,40,False
E01942,Sales,3,26,Female,Bachelor,1.3,1.3,8140.0,17.4,True,4,3,3,1.3,3,17,False
E01943,Support,1,48,Female,Master,7.2,3.3,3676.0,-8.4,True,1,3,3,5.8,0,31,False
E01944,Support,2,28,Male,PhD,2.6,1.5,6408.0,22.2,False,1,4,3,10.7,1,51,False
E01945,Sales,3,38,Male,Bachelor,5.6,5.0,7220.0,4.4,False,2,4,4,5.7,2,28,True
E01946,Sales,1,36,Female,Bachelor,3.6,0.7,4176.0,10.2,True,3,2,4,11.6,2,18,False
E01947,Engineering,2,31,Female,PhD,6.5,3.3,5613.0,2.2,False,2,4,4,18.9,3,41,False
E01948,Engineering,3,31,Male,High school,3.8,3.7,6026.0,-16.4,False,3,3,3,1.1,4,51,False
E01949,Sales,2,29,Female,Master,1.7,1.5,4306.0,-18.9,True,5,3,3,11.4,2,35,False
E01950,Sales,3,35,Female,Bachelor,6.6,0.3,8367.0,17.0,False,4,3,3,15.5,0,26,False
E01951,Marketing,3,34,Male,Bachelor,2.3,0.3,7277.0,4.2,False,3,4,3,15.4,3,21,False
E01952,Finance,3,32,Non-binary,Bachelor,3.7,2.0,6820.0,0.5,True,4,3,4,6.8,1,17,False
E01953,Sales,1,43,Non-binary,Bachelor,7.0,1.4,4056.0,4.3,False,5,4,3,3.9,3,10,False
E01954,Finance,1,30,Female,Master,4.2,4.2,3307.0,-9.8,True,4,2,4,4.2,3,22,False
E01955,Operations,4,25,Female,High school,2.6,1.1,8902.0,-7.0,False,4,4,3,4.2,0,39,False
E01956,Operations,3,31,Female,Bachelor,1.9,1.2,5711.0,-16.6,True,5,2,2,17.3,0,15,True
E01957,Support,1,23,Female,Bachelor,1.3,1.3,3844.0,-3.2,False,3,3,3,11.0,1,18,False
E01958,Support,2,37,Female,Master,2.1,0.8,5869.0,11.7,False,4,3,5,36.6,3,41,False
E01959,Engineering,5,26,Female,Master,0.9,0.9,13160.0,0.4,False,2,3,3,9.2,2,48,False
E01960,Engineering,1,29,Female,Bachelor,3.3,2.0,4243.0,7.7,False,2,4,5,7.1,0,4,False
E01961,Operations,5,31,Female,Bachelor,2.6,1.1,12355.0,-9.0,True,3,3,4,7.4,3,59,False
E01962,Sales,2,53,Female,Master,4.3,0.4,5380.0,3.5,True,4,2,3,12.4,1,19,False
E01963,Sales,3,31,Female,Bachelor,5.7,2.7,6386.0,-11.3,True,3,2,3,14.3,1,41,True
E01964,Sales,2,40,Female,Master,2.5,2.5,4613.0,-10.5,False,4,4,4,40.2,3,0,False
E01965,Operations,2,28,Male,Bachelor,1.6,1.6,4952.0,-7.3,False,5,3,3,42.5,2,7,False
E01966,Operations,1,30,Male,Bachelor,2.6,2.6,4551.0,10.8,False,3,3,3,21.5,3,37,False
E01967,Support,2,32,Female,Bachelor,0.8,0.8,5113.0,2.9,False,3,4,4,2.7,3,35,False
E01968,Sales,2,47,Female,High school,8.5,4.6,5817.0,8.1,True,5,3,3,21.1,1,35,False
E01969,Marketing,1,39,Female,Master,3.1,3.1,3713.0,-8.1,True,2,2,4,8.3,0,55,True
E01970,Engineering,4,34,Female,Bachelor,7.5,0.8,9441.0,1.3,False,5,3,3,4.7,3,20,False
E01971,Sales,3,49,Female,Bachelor,6.9,3.3,8033.0,11.0,True,3,2,2,44.6,1,3,True
E01972,Support,3,36,Female,Master,1.8,1.4,6524.0,-10.7,False,4,3,4,21.4,1,12,False
E01973,Finance,1,47,Female,Bachelor,4.3,0.7,3486.0,-10.1,False,1,3,4,25.3,0,22,True
E01974,HR,1,20,Male,Bachelor,1.1,0.7,2919.0,-20.3,False,5,3,2,7.0,0,29,False
E01975,Operations,2,28,Female,Bachelor,1.3,1.1,5149.0,-4.3,False,1,3,2,1.5,0,49,False
E01976,Finance,4,33,Male,High school,1.8,0.5,9963.0,7.8,False,1,4,4,19.7,3,30,True
E01977,HR,2,36,Female,Bachelor,4.7,3.8,5067.0,-6.1,True,3,2,4,7.7,4,44,True
E01978,Engineering,1,21,Female,Bachelor,2.7,1.8,3408.0,-11.8,False,3,4,2,15.8,3,21,False
E01979,Engineering,1,27,Female,Master,0.9,0.9,3896.0,0.5,False,3,4,2,12.9,3,45,False
E01980,Support,4,41,Female,Bachelor,2.9,2.9,9034.0,-1.6,False,5,4,4,24.9,1,51,False
E01981,Finance,1,36,Non-binary,Bachelor,3.6,1.4,4117.0,12.7,False,3,3,3,12.1,2,33,False
E01982,HR,3,20,Female,High school,2.2,2.2,6428.0,-6.5,False,4,4,3,14.3,0,11,False
E01983,HR,2,36,Non-binary,Bachelor,9.8,0.6,5900.0,11.6,False,5,4,5,23.6,4,0,False
E01984,Marketing,3,33,Male,Bachelor,1.9,1.1,7161.0,1.2,False,1,3,4,2.5,2,28,False
E01985,Sales,1,39,Male,Bachelor,0.6,0.6,2397.0,-35.1,False,3,3,5,2.3,0,40,False
E01986,Support,2,36,Male,Master,1.6,1.3,5095.0,-4.5,False,5,4,3,19.7,3,48,False
E01987,Sales,2,35,Female,Bachelor,2.2,0.5,5612.0,9.6,True,1,2,5,17.6,2,0,False
E01988,Marketing,1,38,Female,High school,0.7,0.7,4626.0,18.6,True,3,2,4,11.4,3,22,False
E01989,Marketing,4,27,Male,Master,11.9,0.9,10505.0,6.4,False,5,3,4,15.6,3,46,False
E01990,Operations,3,33,Female,High school,5.1,2.4,5457.0,-24.3,True,4,3,3,16.7,3,48,True
E01991,Operations,5,42,Male,Bachelor,6.7,0.8,11464.0,-11.7,True,4,2,4,2.7,2,23,False
E01992,Marketing,3,33,Female,High school,4.0,0.4,5185.0,-27.4,False,2,4,3,13.8,3,50,False
E01993,HR,2,25,Male,Bachelor,9.2,1.1,4832.0,-9.3,True,5,2,5,23.8,1,27,False
E01994,Operations,1,35,Male,Master,2.0,1.6,3494.0,-8.4,True,2,3,5,32.9,4,22,True
E01995,Support,2,27,Male,Bachelor,0.4,0.4,5542.0,1.8,False,3,4,2,9.9,2,21,False
E01996,Engineering,4,28,Female,Bachelor,0.8,0.6,9194.0,-3.6,False,4,4,5,8.6,1,48,False
E01997,Engineering,4,31,Male,Bachelor,2.2,2.2,10673.0,16.4,True,4,3,4,2.8,2,54,False
E01998,Operations,1,37,Male,Bachelor,7.6,1.5,4137.0,6.3,True,2,3,4,39.1,3,47,True
E01999,Engineering,2,42,Male,Bachelor,2.0,1.3,5400.0,2.3,False,5,3,4,13.1,3,51,False
E02000,Support,3,43,Female,Bachelor,3.9,1.3,8411.0,10.9,False,1,4,4,4.2,4,30,False
