customer_id,signup_date,plan,billing_cycle,seats,monthly_revenue,industry,company_size,region,tenure_months,avg_weekly_logins,feature_adoption_pct,support_tickets_90d,avg_resolution_hours,nps_score,last_login_days_ago,onboarding_completed,discount_applied,has_account_manager,churned
ACC-00001,2023-01-01,Business,Monthly,16,784.0,Software,5-24,NA,19,4.8,55.9,2,3.3,5.0,1,True,False,False,False
ACC-00002,2023-01-01,Basic,Monthly,4,48.0,Education,1-4,APAC,32,3.5,25.5,4,3.6,,7,True,False,False,False
ACC-00003,2023-01-02,Enterprise,Annual,17,1255.79,Healthcare,5-24,EMEA,2,1.4,43.5,2,7.5,10.0,14,False,False,True,False
ACC-00004,2023-01-02,Enterprise,Annual,39,2880.93,Healthcare,25-99,EMEA,24,6.4,61.5,7,3.5,4.0,19,False,False,True,True
ACC-00005,2023-01-02,Basic,Annual,1,9.96,Education,1-4,EMEA,34,4.0,60.6,5,2.9,10.0,4,True,False,False,False
ACC-00006,2023-01-03,Basic,Monthly,1,12.0,Manufacturing,1-4,NA,10,3.8,24.4,2,24.4,8.0,6,True,False,False,True
ACC-00007,2023-01-03,Enterprise,Annual,57,4210.59,Retail,25-99,APAC,21,5.8,72.1,1,13.5,8.0,14,True,False,True,False
ACC-00008,2023-01-04,Pro,Monthly,4,116.0,Finance,1-4,EMEA,7,3.3,69.3,2,30.3,7.0,3,True,False,False,False
ACC-00009,2023-01-04,Basic,Annual,6,59.76,Manufacturing,5-24,APAC,4,7.5,47.5,2,16.7,,12,True,False,False,False
ACC-00010,2023-01-05,Basic,Monthly,2,24.0,Healthcare,1-4,APAC,2,0.7,40.3,4,7.9,8.0,15,True,False,False,True
ACC-00011,2023-01-05,Pro,Monthly,6,174.0,Retail,5-24,APAC,9,5.9,74.0,4,12.2,,4,True,False,False,True
ACC-00012,2023-01-05,Pro,Monthly,3,87.0,Finance,1-4,LATAM,9,2.9,44.1,2,27.2,4.0,15,True,False,False,False
ACC-00013,2023-01-06,Pro,Monthly,6,174.0,Healthcare,5-24,NA,25,9.6,90.0,2,62.1,,1,True,False,False,True
ACC-00014,2023-01-06,Pro,Annual,6,144.42,Healthcare,5-24,EMEA,25,6.6,66.4,3,4.2,6.0,4,True,False,False,False
ACC-00015,2023-01-07,Basic,Annual,2,19.92,Finance,1-4,NA,6,1.5,84.4,2,7.7,,32,True,False,False,False
ACC-00016,2023-01-08,Basic,Monthly,2,24.0,Education,1-4,NA,28,3.6,22.5,7,13.8,,0,False,False,False,True
ACC-00017,2023-01-08,Basic,Annual,2,19.92,Software,1-4,NA,4,5.8,66.8,2,8.9,5.0,16,False,False,False,False
ACC-00018,2023-01-08,Pro,Annual,5,120.35,Finance,5-24,APAC,21,2.2,64.8,2,11.2,7.0,21,True,False,False,False
ACC-00019,2023-01-08,Basic,Monthly,2,24.0,Manufacturing,1-4,NA,25,16.3,84.7,2,12.0,5.0,8,True,False,False,False
ACC-00020,2023-01-08,Basic,Annual,1,9.96,Manufacturing,1-4,APAC,8,1.4,64.9,2,13.2,8.0,25,False,False,False,False
ACC-00021,2023-01-08,Pro,Monthly,5,145.0,Finance,5-24,NA,31,0.5,59.6,3,11.7,7.0,18,True,False,False,False
ACC-00022,2023-01-09,Enterprise,Annual,33,2437.71,Manufacturing,25-99,NA,10,5.7,67.8,3,16.4,6.0,3,False,False,True,False
ACC-00023,2023-01-10,Basic,Annual,4,39.84,Retail,1-4,NA,19,7.6,56.3,0,29.3,6.0,31,True,False,False,False
ACC-00024,2023-01-11,Basic,Annual,2,19.92,Education,1-4,APAC,37,0.8,33.4,2,19.3,,14,False,False,False,False
ACC-00025,2023-01-11,Pro,Annual,10,240.7,Retail,5-24,NA,5,0.9,64.2,5,11.0,,13,False,True,False,False
ACC-00026,2023-01-11,Pro,Monthly,4,116.0,Education,1-4,NA,26,4.1,79.6,0,14.3,9.0,13,True,True,False,False
ACC-00027,2023-01-11,Pro,Monthly,4,116.0,Manufacturing,1-4,APAC,9,7.2,88.4,4,25.3,,0,False,False,False,False
ACC-00028,2023-01-12,Pro,Monthly,12,348.0,Healthcare,5-24,APAC,24,1.9,41.4,5,15.1,8.0,21,False,False,False,True
ACC-00029,2023-01-12,Basic,Monthly,2,24.0,Education,1-4,NA,5,0.7,35.4,3,6.5,,13,True,False,False,True
ACC-00030,2023-01-13,Business,Monthly,15,735.0,Finance,5-24,EMEA,16,1.1,53.7,3,15.5,9.0,15,False,False,False,True
ACC-00031,2023-01-13,Pro,Monthly,8,232.0,Software,5-24,NA,38,2.5,76.1,3,42.6,4.0,9,True,False,False,False
ACC-00032,2023-01-13,Basic,Monthly,1,12.0,Manufacturing,1-4,NA,23,3.4,47.8,3,4.5,,8,True,False,False,True
ACC-00033,2023-01-14,Basic,Monthly,2,24.0,Finance,1-4,LATAM,24,2.0,85.2,1,13.5,7.0,2,True,False,False,False
ACC-00034,2023-01-14,Enterprise,Annual,31,2289.97,Retail,25-99,NA,26,2.3,18.7,2,19.1,,13,False,False,True,False
ACC-00035,2023-01-14,Business,Monthly,7,343.0,Software,5-24,APAC,20,8.9,62.1,1,19.5,9.0,6,True,True,False,False
ACC-00036,2023-01-14,Basic,Monthly,3,36.0,Retail,1-4,EMEA,4,4.9,31.6,1,31.8,7.0,9,True,True,False,False
ACC-00037,2023-01-15,Business,Annual,17,691.39,Manufacturing,5-24,NA,41,3.8,59.5,3,7.0,6.0,9,False,False,False,False
ACC-00038,2023-01-16,Pro,Monthly,8,232.0,Finance,5-24,NA,35,1.9,62.6,4,14.2,7.0,15,True,False,False,True
ACC-00039,2023-01-17,Pro,Monthly,5,145.0,Manufacturing,5-24,NA,2,3.5,56.7,1,20.9,5.0,3,True,True,False,False
ACC-00040,2023-01-17,Pro,Monthly,22,638.0,Healthcare,5-24,NA,7,1.0,54.0,3,58.0,,13,True,False,False,True
ACC-00041,2023-01-17,Business,Annual,8,325.36,Manufacturing,5-24,NA,7,1.0,9.0,2,8.0,4.0,19,True,False,False,False
ACC-00042,2023-01-17,Basic,Annual,2,19.92,Manufacturing,1-4,NA,14,1.4,55.2,5,2.0,10.0,16,True,False,False,True
ACC-00043,2023-01-18,Basic,Monthly,1,12.0,Manufacturing,1-4,NA,12,0.8,61.6,3,27.3,10.0,14,True,False,False,False
ACC-00044,2023-01-18,Basic,Monthly,1,12.0,Manufacturing,1-4,LATAM,32,1.5,55.0,4,25.5,9.0,15,False,False,False,True
ACC-00045,2023-01-18,Business,Annual,35,1423.45,Retail,25-99,LATAM,14,4.5,56.8,3,10.0,6.0,2,True,False,False,False
ACC-00046,2023-01-18,Basic,Annual,2,19.92,Education,1-4,NA,2,4.8,53.1,4,19.1,8.0,10,True,False,False,False
ACC-00047,2023-01-19,Pro,Monthly,4,116.0,Healthcare,1-4,EMEA,28,2.4,54.9,6,7.6,4.0,3,False,False,False,False
ACC-00048,2023-01-19,Pro,Annual,3,72.21,Retail,1-4,NA,6,5.9,45.9,0,19.7,,1,True,False,False,False
ACC-00049,2023-01-19,Pro,Annual,3,72.21,Software,1-4,NA,11,6.3,53.8,4,4.2,4.0,8,False,False,False,True
ACC-00050,2023-01-19,Basic,Annual,5,49.8,Software,5-24,EMEA,19,3.9,49.5,4,14.0,,6,True,False,False,True
ACC-00051,2023-01-20,Basic,Monthly,2,24.0,Healthcare,1-4,APAC,3,4.8,46.4,2,10.4,,10,True,False,False,False
ACC-00052,2023-01-20,Basic,Annual,2,19.92,Education,1-4,NA,19,4.0,21.3,3,27.3,5.0,1,True,True,False,False
ACC-00053,2023-01-20,Business,Monthly,29,1421.0,Education,25-99,EMEA,43,1.1,47.9,1,15.8,,14,True,False,False,False
ACC-00054,2023-01-21,Enterprise,Annual,45,3324.15,Software,25-99,EMEA,26,8.1,68.4,3,22.8,10.0,8,True,True,True,False
ACC-00055,2023-01-21,Business,Monthly,7,343.0,Retail,5-24,NA,37,6.8,74.8,6,9.7,7.0,15,True,False,False,True
ACC-00056,2023-01-21,Pro,Annual,4,96.28,Finance,1-4,LATAM,27,3.0,45.2,1,10.9,8.0,4,False,False,False,False
ACC-00057,2023-01-21,Basic,Annual,3,29.88,Healthcare,1-4,EMEA,13,3.4,29.5,2,20.2,,3,True,False,False,False
ACC-00058,2023-01-22,Basic,Annual,4,39.84,Manufacturing,1-4,NA,24,1.1,84.1,3,23.8,,27,True,False,False,True
ACC-00059,2023-01-22,Business,Monthly,18,882.0,Finance,5-24,APAC,14,9.3,80.7,2,18.5,10.0,3,True,False,False,False
ACC-00060,2023-01-22,Basic,Annual,8,79.68,Healthcare,5-24,EMEA,2,2.3,34.5,3,24.6,3.0,2,True,False,False,False
ACC-00061,2023-01-23,Pro,Monthly,3,87.0,Education,1-4,NA,13,3.9,64.4,3,28.8,,2,True,False,False,False
ACC-00062,2023-01-23,Pro,Monthly,4,116.0,Software,1-4,EMEA,11,10.1,58.1,6,6.4,,7,True,False,False,False
ACC-00063,2023-01-24,Basic,Monthly,2,24.0,Software,1-4,APAC,6,3.5,43.1,4,5.2,8.0,19,True,True,False,False
ACC-00064,2023-01-24,Business,Annual,27,1098.09,Finance,25-99,EMEA,17,4.0,82.6,5,9.8,6.0,23,True,False,False,True
ACC-00065,2023-01-24,Basic,Monthly,2,24.0,Healthcare,1-4,NA,4,2.6,74.6,0,41.4,6.0,7,False,False,False,True
ACC-00066,2023-01-25,Pro,Monthly,14,406.0,Education,5-24,NA,8,4.6,51.4,3,13.5,8.0,5,True,True,False,False
ACC-00067,2023-01-25,Pro,Annual,3,72.21,Software,1-4,NA,15,14.0,100.0,3,14.4,,2,True,False,False,False
ACC-00068,2023-01-26,Basic,Annual,2,19.92,Software,1-4,NA,16,4.5,88.0,6,5.8,8.0,5,True,True,False,False
ACC-00069,2023-01-26,Basic,Annual,3,29.88,Finance,1-4,NA,18,3.3,29.5,5,30.2,4.0,8,True,False,False,False
ACC-00070,2023-01-27,Basic,Monthly,1,12.0,Finance,1-4,LATAM,15,4.0,58.9,1,26.5,10.0,2,True,True,False,False
ACC-00071,2023-01-28,Pro,Monthly,11,319.0,Software,5-24,EMEA,17,1.9,55.1,3,23.6,8.0,16,True,True,False,False
ACC-00072,2023-01-28,Business,Annual,13,528.71,Manufacturing,5-24,NA,3,10.0,100.0,1,4.1,,16,False,False,False,False
ACC-00073,2023-01-28,Pro,Monthly,7,203.0,Retail,5-24,EMEA,15,3.0,44.3,6,27.4,6.0,9,False,True,False,True
ACC-00074,2023-01-29,Basic,Monthly,2,24.0,Manufacturing,1-4,NA,14,11.5,75.7,2,32.7,,0,True,False,False,False
ACC-00075,2023-01-29,Pro,Annual,7,168.49,Software,5-24,EMEA,25,5.6,87.0,5,1.8,5.0,4,True,False,False,False
ACC-00076,2023-01-29,Enterprise,Monthly,37,3293.0,Software,25-99,EMEA,16,2.4,52.2,3,13.5,,11,False,True,True,False
ACC-00077,2023-01-30,Pro,Annual,3,72.21,Software,1-4,NA,8,3.9,39.7,3,22.2,,1,True,False,False,False
ACC-00078,2023-01-30,Business,Annual,21,854.07,Software,5-24,NA,43,6.3,56.8,3,0.4,9.0,1,True,False,False,False
ACC-00079,2023-01-31,Pro,Annual,6,144.42,Retail,5-24,EMEA,13,7.2,98.4,1,29.8,9.0,6,True,False,False,False
ACC-00080,2023-01-31,Enterprise,Monthly,70,6230.0,Retail,25-99,LATAM,27,8.8,61.2,0,16.7,,4,True,False,True,False
ACC-00081,2023-01-31,Basic,Monthly,2,24.0,Retail,1-4,NA,12,2.0,62.6,2,15.0,8.0,0,False,False,False,True
ACC-00082,2023-01-31,Basic,Annual,2,19.92,Software,1-4,NA,6,12.1,80.7,2,14.4,5.0,3,True,False,False,False
ACC-00083,2023-02-01,Pro,Monthly,3,87.0,Healthcare,1-4,EMEA,6,8.4,67.8,1,4.1,9.0,3,True,False,False,True
ACC-00084,2023-02-02,Enterprise,Monthly,51,4539.0,Healthcare,25-99,LATAM,29,2.5,54.9,3,9.8,8.0,1,True,True,True,False
ACC-00085,2023-02-02,Pro,Monthly,7,203.0,Education,5-24,APAC,3,4.5,47.3,2,8.1,,10,True,False,False,False
ACC-00086,2023-02-02,Pro,Monthly,12,348.0,Healthcare,5-24,NA,17,3.1,72.0,0,21.4,,12,True,True,False,False
ACC-00087,2023-02-02,Pro,Monthly,4,116.0,Finance,1-4,NA,34,9.5,57.2,2,7.4,,1,True,True,False,True
ACC-00088,2023-02-02,Basic,Annual,2,19.92,Healthcare,1-4,LATAM,13,5.9,32.8,1,22.8,,9,True,True,False,False
ACC-00089,2023-02-02,Pro,Annual,3,72.21,Software,1-4,EMEA,5,4.7,56.4,2,16.0,,9,True,True,False,False
ACC-00090,2023-02-03,Enterprise,Annual,33,2437.71,Retail,25-99,EMEA,28,9.2,66.1,1,26.1,5.0,6,True,False,True,False
ACC-00091,2023-02-03,Basic,Annual,2,19.92,Healthcare,1-4,APAC,6,4.5,35.7,3,3.8,7.0,2,False,False,False,False
ACC-00092,2023-02-04,Business,Annual,11,447.37,Software,5-24,NA,28,5.0,88.0,3,23.9,6.0,7,True,False,False,False
ACC-00093,2023-02-05,Basic,Monthly,4,48.0,Retail,1-4,EMEA,10,4.0,61.7,2,21.2,,1,False,False,False,False
ACC-00094,2023-02-05,Basic,Annual,3,29.88,Retail,1-4,APAC,5,0.9,52.2,4,8.3,,13,False,True,False,True
ACC-00095,2023-02-05,Basic,Annual,2,19.92,Retail,1-4,EMEA,45,1.7,48.2,4,27.9,7.0,12,True,False,False,False
ACC-00096,2023-02-05,Basic,Annual,2,19.92,Healthcare,1-4,APAC,16,2.2,47.9,2,12.1,,23,True,False,False,False
ACC-00097,2023-02-05,Basic,Monthly,1,12.0,Manufacturing,1-4,NA,3,6.9,28.3,1,14.0,6.0,24,True,False,False,True
ACC-00098,2023-02-06,Basic,Monthly,3,36.0,Finance,1-4,LATAM,7,12.2,79.1,3,26.9,9.0,9,False,False,False,False
ACC-00099,2023-02-06,Business,Annual,8,325.36,Retail,5-24,NA,21,3.0,59.7,5,17.0,,9,True,False,False,False
ACC-00100,2023-02-06,Enterprise,Annual,19,1403.53,Education,5-24,EMEA,6,6.4,72.5,2,49.1,,2,True,False,False,False
ACC-00101,2023-02-06,Pro,Monthly,5,145.0,Healthcare,5-24,NA,14,4.9,68.0,2,32.9,,2,False,False,False,False
ACC-00102,2023-02-07,Pro,Annual,4,96.28,Education,1-4,NA,7,3.4,49.9,3,15.8,9.0,2,False,False,False,False
ACC-00103,2023-02-07,Basic,Monthly,4,48.0,Retail,1-4,APAC,20,8.8,68.8,1,16.5,8.0,0,True,False,False,False
ACC-00104,2023-02-08,Basic,Monthly,3,36.0,Retail,1-4,NA,32,2.0,52.3,3,12.3,,2,True,True,False,True
ACC-00105,2023-02-08,Pro,Monthly,5,145.0,Software,5-24,APAC,19,2.4,46.1,0,14.8,,14,False,False,False,False
ACC-00106,2023-02-08,Basic,Monthly,1,12.0,Education,1-4,EMEA,24,1.2,51.0,1,82.7,9.0,13,False,False,False,True
ACC-00107,2023-02-08,Pro,Monthly,6,174.0,Retail,5-24,NA,19,3.0,40.0,1,27.8,9.0,9,True,False,False,True
ACC-00108,2023-02-08,Business,Annual,7,284.69,Healthcare,5-24,APAC,3,5.4,58.0,4,6.9,5.0,4,False,False,False,True
ACC-00109,2023-02-09,Business,Annual,11,447.37,Education,5-24,NA,4,6.8,61.5,1,4.7,,1,False,True,False,False
ACC-00110,2023-02-09,Business,Monthly,7,343.0,Retail,5-24,NA,12,3.2,41.1,2,5.6,,6,True,False,False,False
ACC-00111,2023-02-09,Basic,Monthly,1,12.0,Software,1-4,NA,8,8.6,68.7,1,45.3,10.0,14,True,False,False,True
ACC-00112,2023-02-10,Basic,Annual,2,19.92,Retail,1-4,APAC,8,4.4,49.1,0,16.0,8.0,2,False,False,False,False
ACC-00113,2023-02-11,Pro,Monthly,5,145.0,Healthcare,5-24,NA,9,7.2,69.2,2,3.4,5.0,7,True,False,False,False
ACC-00114,2023-02-11,Business,Monthly,17,833.0,Healthcare,5-24,LATAM,24,3.7,46.7,1,43.8,6.0,8,True,False,False,False
ACC-00115,2023-02-11,Basic,Monthly,3,36.0,Manufacturing,1-4,NA,10,9.5,88.5,3,61.6,,2,True,False,False,False
ACC-00116,2023-02-11,Basic,Annual,2,19.92,Finance,1-4,NA,21,6.1,72.1,6,12.6,,4,False,False,False,False
ACC-00117,2023-02-12,Pro,Annual,8,192.56,Education,5-24,EMEA,12,3.4,46.9,2,7.1,8.0,5,True,True,False,True
ACC-00118,2023-02-12,Business,Monthly,13,637.0,Manufacturing,5-24,EMEA,15,5.3,47.9,2,21.2,,1,True,False,False,False
ACC-00119,2023-02-12,Basic,Monthly,1,12.0,Education,1-4,NA,48,1.1,53.8,1,2.8,7.0,21,False,False,False,False
ACC-00120,2023-02-12,Pro,Monthly,8,232.0,Manufacturing,5-24,APAC,18,1.3,47.0,5,4.6,7.0,13,True,True,False,False
ACC-00121,2023-02-12,Basic,Annual,3,29.88,Retail,1-4,NA,19,5.3,68.6,3,9.6,8.0,6,True,True,False,False
ACC-00122,2023-02-13,Pro,Annual,9,216.63,Education,5-24,NA,26,3.3,54.3,4,11.2,5.0,8,True,False,False,False
ACC-00123,2023-02-13,Basic,Annual,5,49.8,Manufacturing,5-24,APAC,3,3.7,40.5,2,49.0,5.0,4,True,True,False,True
ACC-00124,2023-02-13,Basic,Annual,1,9.96,Finance,1-4,EMEA,6,1.1,60.6,3,22.8,8.0,25,False,False,False,True
ACC-00125,2023-02-13,Pro,Monthly,5,145.0,Education,5-24,NA,15,4.2,41.9,2,12.7,,5,True,True,False,False
ACC-00126,2023-02-14,Pro,Monthly,2,58.0,Retail,1-4,EMEA,10,10.3,75.4,4,35.0,10.0,3,True,False,False,False
ACC-00127,2023-02-14,Pro,Monthly,6,174.0,Finance,5-24,NA,3,7.3,50.7,1,24.9,9.0,1,True,False,False,False
ACC-00128,2023-02-15,Basic,Monthly,2,24.0,Healthcare,1-4,APAC,23,1.8,55.0,2,6.4,3.0,14,False,True,False,True
ACC-00129,2023-02-15,Pro,Annual,5,120.35,Retail,5-24,NA,29,7.4,57.4,3,12.9,10.0,4,False,True,False,True
ACC-00130,2023-02-15,Basic,Monthly,3,36.0,Software,1-4,EMEA,9,6.7,74.8,1,23.6,7.0,2,True,False,False,False
ACC-00131,2023-02-15,Basic,Annual,4,39.84,Software,1-4,EMEA,9,6.8,67.1,2,18.6,,25,True,False,False,False
ACC-00132,2023-02-15,Basic,Annual,6,59.76,Finance,5-24,NA,17,2.2,54.6,3,17.8,3.0,0,True,True,False,False
ACC-00133,2023-02-16,Enterprise,Monthly,24,2136.0,Finance,5-24,EMEA,7,0.6,17.7,2,24.4,,14,False,False,True,False
ACC-00134,2023-02-16,Basic,Annual,2,19.92,Finance,1-4,NA,9,1.6,43.2,2,25.3,,42,True,True,False,False
ACC-00135,2023-02-16,Basic,Annual,2,19.92,Manufacturing,1-4,EMEA,7,1.0,38.9,3,13.9,,17,False,False,False,True
ACC-00136,2023-02-16,Pro,Monthly,7,203.0,Manufacturing,5-24,NA,36,3.4,73.0,5,13.2,,0,True,False,False,False
ACC-00137,2023-02-18,Business,Monthly,13,637.0,Software,5-24,EMEA,11,5.7,78.1,4,13.8,6.0,4,False,False,False,True
ACC-00138,2023-02-19,Pro,Annual,8,192.56,Manufacturing,5-24,NA,3,6.3,48.7,2,30.8,,6,False,False,False,True
ACC-00139,2023-02-19,Basic,Annual,4,39.84,Education,1-4,APAC,14,1.9,39.3,5,37.8,6.0,14,False,True,False,False
ACC-00140,2023-02-19,Pro,Monthly,3,87.0,Software,1-4,NA,17,1.5,28.7,2,7.6,8.0,26,True,False,False,False
ACC-00141,2023-02-20,Pro,Annual,7,168.49,Manufacturing,5-24,EMEA,19,1.4,26.9,6,5.4,9.0,13,True,True,False,False
ACC-00142,2023-02-20,Pro,Monthly,4,116.0,Healthcare,1-4,APAC,5,2.9,35.6,3,11.2,5.0,0,True,False,False,False
ACC-00143,2023-02-20,Pro,Monthly,8,232.0,Software,5-24,APAC,9,2.8,51.6,1,23.6,,3,True,False,False,False
ACC-00144,2023-02-20,Business,Monthly,10,490.0,Manufacturing,5-24,EMEA,4,4.4,79.7,2,26.4,8.0,6,True,False,False,False
ACC-00145,2023-02-20,Enterprise,Monthly,112,9968.0,Software,100+,NA,7,17.1,64.2,3,7.5,,8,True,False,True,False
ACC-00146,2023-02-21,Pro,Annual,1,24.07,Finance,1-4,EMEA,6,2.9,29.2,1,26.4,7.0,1,True,False,False,False
ACC-00147,2023-02-21,Basic,Monthly,3,36.0,Retail,1-4,NA,7,3.5,44.4,1,6.8,9.0,1,True,False,False,False
ACC-00148,2023-02-22,Basic,Monthly,2,24.0,Manufacturing,1-4,NA,6,7.1,92.9,1,4.8,7.0,16,True,False,False,False
ACC-00149,2023-02-22,Business,Monthly,12,588.0,Healthcare,5-24,EMEA,23,18.1,75.0,3,9.7,,1,True,True,False,True
ACC-00150,2023-02-22,Pro,Monthly,4,116.0,Education,1-4,NA,16,3.6,56.8,3,1.2,5.0,11,True,False,False,False
ACC-00151,2023-02-22,Basic,Annual,2,19.92,Retail,1-4,APAC,13,19.4,96.1,3,15.5,8.0,13,False,False,False,False
ACC-00152,2023-02-22,Basic,Monthly,2,24.0,Healthcare,1-4,NA,20,7.6,89.4,2,58.6,5.0,11,True,True,False,True
ACC-00153,2023-02-22,Pro,Monthly,10,290.0,Finance,5-24,NA,16,4.1,47.5,2,4.6,,3,False,True,False,False
ACC-00154,2023-02-23,Pro,Monthly,9,261.0,Healthcare,5-24,NA,6,3.1,50.0,3,39.9,9.0,16,True,False,False,False
ACC-00155,2023-02-23,Basic,Monthly,2,24.0,Retail,1-4,LATAM,14,3.6,49.7,2,19.4,,9,True,False,False,False
ACC-00156,2023-02-23,Basic,Monthly,1,12.0,Manufacturing,1-4,APAC,10,2.9,48.3,3,13.3,6.0,7,True,False,False,False
ACC-00157,2023-02-23,Business,Monthly,46,2254.0,Finance,25-99,EMEA,40,2.0,69.4,3,20.2,,1,True,False,False,False
ACC-00158,2023-02-23,Basic,Monthly,6,72.0,Software,5-24,APAC,48,3.5,91.4,2,22.3,6.0,15,True,False,False,False
ACC-00159,2023-02-24,Pro,Monthly,7,203.0,Finance,5-24,NA,15,7.8,43.9,4,10.8,10.0,4,True,True,False,False
ACC-00160,2023-02-24,Basic,Monthly,4,48.0,Manufacturing,1-4,NA,11,4.3,66.9,0,1.0,,6,True,False,False,False
ACC-00161,2023-02-26,Pro,Monthly,7,203.0,Software,5-24,EMEA,34,6.8,53.9,2,15.5,9.0,0,True,False,False,False
ACC-00162,2023-02-26,Pro,Monthly,3,87.0,Manufacturing,1-4,NA,12,3.4,20.9,2,10.7,10.0,0,True,False,False,False
ACC-00163,2023-02-26,Pro,Monthly,5,145.0,Finance,5-24,NA,19,3.5,69.1,1,25.3,,10,True,False,False,False
ACC-00164,2023-02-26,Pro,Monthly,6,174.0,Software,5-24,NA,44,4.1,68.8,3,11.3,7.0,1,True,True,False,False
ACC-00165,2023-02-26,Basic,Annual,3,29.88,Retail,1-4,EMEA,13,2.8,60.2,1,23.5,9.0,16,True,False,False,False
ACC-00166,2023-02-27,Basic,Annual,2,19.92,Software,1-4,APAC,20,5.3,78.6,2,24.1,,1,False,False,False,False
ACC-00167,2023-02-27,Basic,Annual,1,9.96,Education,1-4,APAC,18,2.4,30.0,5,15.3,6.0,2,True,False,False,False
ACC-00168,2023-02-28,Pro,Annual,6,144.42,Finance,5-24,EMEA,14,1.5,53.9,0,2.3,10.0,14,True,False,False,False
ACC-00169,2023-03-01,Enterprise,Annual,55,4062.85,Education,25-99,APAC,1,5.7,67.6,2,29.8,,4,True,False,False,True
ACC-00170,2023-03-01,Basic,Monthly,4,48.0,Finance,1-4,APAC,6,1.5,47.1,0,19.3,7.0,15,True,False,False,False
ACC-00171,2023-03-01,Basic,Annual,1,9.96,Finance,1-4,EMEA,29,6.5,63.4,3,26.7,,11,True,False,False,False
ACC-00172,2023-03-01,Business,Monthly,8,392.0,Software,5-24,NA,6,0.9,58.9,2,41.5,,18,True,True,False,False
ACC-00173,2023-03-01,Basic,Monthly,1,12.0,Manufacturing,1-4,EMEA,3,9.4,72.8,5,5.3,,7,True,False,False,False
ACC-00174,2023-03-02,Business,Monthly,7,343.0,Retail,5-24,LATAM,9,2.6,89.2,5,31.0,6.0,2,True,False,False,False
ACC-00175,2023-03-02,Basic,Annual,2,19.92,Software,1-4,NA,43,1.4,19.1,3,19.4,5.0,20,True,False,False,False
ACC-00176,2023-03-02,Basic,Monthly,1,12.0,Software,1-4,NA,9,2.6,9.4,2,15.7,7.0,2,False,True,False,True
ACC-00177,2023-03-02,Basic,Annual,1,9.96,Software,1-4,NA,5,1.3,41.3,4,6.0,,12,True,True,False,False
ACC-00178,2023-03-03,Pro,Monthly,5,145.0,Manufacturing,5-24,NA,19,6.7,56.9,2,11.0,8.0,21,False,False,False,False
ACC-00179,2023-03-03,Business,Annual,9,366.03,Software,5-24,NA,4,10.2,57.5,5,4.6,6.0,3,True,False,False,False
ACC-00180,2023-03-04,Business,Annual,13,528.71,Manufacturing,5-24,NA,4,4.3,32.3,5,9.0,,6,False,False,False,False
ACC-00181,2023-03-04,Pro,Monthly,9,261.0,Software,5-24,EMEA,16,1.8,56.7,1,14.2,6.0,14,True,False,False,False
ACC-00182,2023-03-04,Business,Annual,19,772.73,Software,5-24,NA,5,1.9,37.2,3,22.6,9.0,26,True,True,False,False
ACC-00183,2023-03-04,Pro,Annual,4,96.28,Retail,1-4,NA,32,1.2,45.4,2,26.0,,20,True,False,False,False
ACC-00184,2023-03-04,Basic,Monthly,3,36.0,Finance,1-4,EMEA,18,4.5,34.4,2,19.9,3.0,3,True,True,False,False
ACC-00185,2023-03-05,Pro,Monthly,6,174.0,Manufacturing,5-24,APAC,14,2.6,46.3,2,10.8,3.0,6,True,True,False,True
ACC-00186,2023-03-05,Pro,Monthly,5,145.0,Education,5-24,LATAM,4,5.6,28.9,0,14.4,6.0,9,True,False,False,False
ACC-00187,2023-03-05,Basic,Monthly,1,12.0,Finance,1-4,EMEA,3,4.8,59.7,3,16.7,8.0,3,False,True,False,False
ACC-00188,2023-03-05,Basic,Annual,1,9.96,Finance,1-4,NA,10,4.5,62.6,0,16.7,6.0,7,True,True,False,False
ACC-00189,2023-03-05,Pro,Annual,6,144.42,Software,5-24,LATAM,10,2.7,87.0,3,10.3,5.0,12,True,True,False,False
ACC-00190,2023-03-06,Pro,Monthly,4,116.0,Finance,1-4,NA,23,6.3,54.6,2,14.2,,6,True,False,False,False
ACC-00191,2023-03-06,Basic,Annual,5,49.8,Healthcare,5-24,APAC,24,9.9,72.6,7,26.0,,1,True,True,False,False
ACC-00192,2023-03-06,Basic,Monthly,3,36.0,Education,1-4,NA,28,6.8,90.5,2,19.5,2.0,3,True,False,False,True
ACC-00193,2023-03-07,Business,Monthly,11,539.0,Healthcare,5-24,NA,5,7.6,81.4,4,15.9,,3,True,False,False,False
ACC-00194,2023-03-08,Pro,Annual,3,72.21,Education,1-4,NA,16,10.5,53.2,4,19.9,,10,False,False,False,True
ACC-00195,2023-03-08,Pro,Annual,5,120.35,Manufacturing,5-24,NA,28,1.3,32.2,6,9.3,8.0,13,True,False,False,False
ACC-00196,2023-03-08,Pro,Annual,8,192.56,Retail,5-24,NA,18,6.3,26.1,1,8.5,5.0,9,True,True,False,False
ACC-00197,2023-03-08,Basic,Monthly,3,36.0,Retail,1-4,EMEA,22,0.8,57.4,2,26.2,,13,True,False,False,True
ACC-00198,2023-03-09,Business,Monthly,18,882.0,Software,5-24,NA,23,1.0,72.4,0,8.3,6.0,13,True,False,False,False
ACC-00199,2023-03-09,Basic,Monthly,2,24.0,Education,1-4,NA,10,1.6,27.4,3,5.7,9.0,13,True,False,False,True
ACC-00200,2023-03-10,Basic,Monthly,1,12.0,Retail,1-4,EMEA,17,5.4,49.4,4,20.3,,6,False,False,False,False
ACC-00201,2023-03-11,Pro,Annual,8,192.56,Retail,5-24,EMEA,15,10.6,57.6,2,13.4,,2,False,False,False,False
ACC-00202,2023-03-11,Basic,Monthly,3,36.0,Education,1-4,EMEA,11,3.0,50.1,3,20.8,,14,False,False,False,False
ACC-00203,2023-03-11,Business,Annual,28,1138.76,Retail,25-99,APAC,18,1.4,54.7,3,7.5,,24,False,False,False,False
ACC-00204,2023-03-11,Pro,Annual,2,48.14,Retail,1-4,EMEA,21,0.9,35.9,8,39.7,6.0,13,False,False,False,True
ACC-00205,2023-03-12,Business,Monthly,10,490.0,Manufacturing,5-24,NA,9,3.7,25.1,2,22.8,3.0,10,False,False,False,True
ACC-00206,2023-03-12,Enterprise,Monthly,50,4450.0,Manufacturing,25-99,NA,11,5.0,84.1,7,17.7,10.0,2,False,False,True,False
ACC-00207,2023-03-12,Pro,Monthly,3,87.0,Software,1-4,NA,6,4.2,38.1,4,10.1,,0,True,False,False,False
ACC-00208,2023-03-13,Basic,Monthly,1,12.0,Finance,1-4,APAC,8,1.0,57.4,2,10.5,7.0,12,False,False,False,True
ACC-00209,2023-03-13,Basic,Monthly,4,48.0,Manufacturing,1-4,EMEA,25,2.6,62.8,3,24.5,8.0,6,True,True,False,False
ACC-00210,2023-03-13,Basic,Monthly,3,36.0,Finance,1-4,NA,4,3.4,70.6,1,32.3,,1,True,False,False,False
ACC-00211,2023-03-13,Pro,Monthly,6,174.0,Education,5-24,APAC,8,0.1,41.1,1,14.3,,18,True,False,False,True
ACC-00212,2023-03-14,Pro,Annual,2,48.14,Education,1-4,EMEA,19,2.8,48.1,3,7.7,8.0,4,False,False,False,False
ACC-00213,2023-03-14,Business,Monthly,16,784.0,Manufacturing,5-24,NA,24,1.0,47.4,0,52.2,,15,True,False,False,False
ACC-00214,2023-03-14,Business,Annual,6,244.02,Healthcare,5-24,EMEA,17,11.0,66.6,1,5.1,,11,True,True,False,False
ACC-00215,2023-03-15,Business,Monthly,13,637.0,Finance,5-24,NA,6,2.8,72.8,6,34.8,8.0,4,True,True,False,False
ACC-00216,2023-03-16,Basic,Monthly,2,24.0,Education,1-4,EMEA,12,15.7,43.4,3,13.0,10.0,2,False,False,False,False
ACC-00217,2023-03-17,Pro,Monthly,7,203.0,Education,5-24,NA,33,2.6,52.1,3,15.9,,1,False,False,False,True
ACC-00218,2023-03-17,Enterprise,Monthly,33,2937.0,Finance,25-99,EMEA,30,4.7,67.2,4,55.7,5.0,7,False,False,False,True
ACC-00219,2023-03-18,Pro,Monthly,4,116.0,Finance,1-4,NA,48,1.4,42.8,4,9.6,,13,True,False,False,True
ACC-00220,2023-03-18,Enterprise,Annual,32,2363.84,Healthcare,25-99,EMEA,13,1.6,47.8,7,13.4,5.0,16,True,False,True,False
ACC-00221,2023-03-19,Basic,Monthly,2,24.0,Finance,1-4,NA,36,2.6,46.0,3,36.6,4.0,2,False,False,False,True
ACC-00222,2023-03-19,Pro,Monthly,2,58.0,Manufacturing,1-4,NA,4,1.5,57.8,6,14.5,7.0,13,True,False,False,False
ACC-00223,2023-03-19,Basic,Annual,2,19.92,Software,1-4,NA,34,3.0,44.6,3,11.5,10.0,3,False,True,False,False
ACC-00224,2023-03-19,Pro,Annual,9,216.63,Finance,5-24,NA,7,5.2,57.0,4,21.0,,21,True,False,False,False
ACC-00225,2023-03-20,Basic,Annual,1,9.96,Retail,1-4,NA,23,5.1,69.5,1,8.3,9.0,1,True,False,False,False
ACC-00226,2023-03-20,Basic,Monthly,2,24.0,Retail,1-4,NA,8,5.3,71.1,0,19.3,,6,True,False,False,True
ACC-00227,2023-03-21,Business,Annual,7,284.69,Manufacturing,5-24,NA,24,11.5,62.9,2,6.3,,6,True,False,False,False
ACC-00228,2023-03-21,Basic,Annual,1,9.96,Finance,1-4,NA,19,6.2,62.5,0,5.6,10.0,2,True,False,False,False
ACC-00229,2023-03-21,Pro,Annual,9,216.63,Software,5-24,APAC,22,0.6,42.4,4,17.8,5.0,17,False,True,False,False
ACC-00230,2023-03-21,Basic,Monthly,3,36.0,Healthcare,1-4,NA,6,5.8,71.2,2,9.3,8.0,5,True,False,False,False
ACC-00231,2023-03-21,Business,Monthly,8,392.0,Healthcare,5-24,LATAM,44,6.6,52.2,2,11.2,8.0,12,False,False,False,False
ACC-00232,2023-03-22,Pro,Monthly,4,116.0,Manufacturing,1-4,LATAM,31,3.1,55.8,3,12.9,5.0,2,True,False,False,False
ACC-00233,2023-03-22,Pro,Monthly,10,290.0,Software,5-24,NA,2,2.8,57.9,3,11.0,,7,True,True,False,False
ACC-00234,2023-03-22,Basic,Annual,2,19.92,Healthcare,1-4,APAC,8,2.1,45.2,2,8.0,,1,True,False,False,False
ACC-00235,2023-03-22,Basic,Annual,4,39.84,Education,1-4,EMEA,20,4.8,84.4,0,40.4,8.0,5,True,False,False,False
ACC-00236,2023-03-22,Basic,Annual,2,19.92,Education,1-4,LATAM,27,6.8,67.8,5,46.2,,4,False,False,False,False
ACC-00237,2023-03-22,Basic,Monthly,2,24.0,Healthcare,1-4,LATAM,8,6.0,67.8,3,2.8,5.0,4,False,False,False,False
ACC-00238,2023-03-23,Basic,Annual,1,9.96,Finance,1-4,EMEA,22,7.8,86.6,3,17.1,,11,True,False,False,False
ACC-00239,2023-03-24,Business,Annual,23,935.41,Finance,5-24,NA,12,5.1,35.1,2,17.7,6.0,9,True,False,False,False
ACC-00240,2023-03-24,Basic,Annual,2,19.92,Retail,1-4,NA,48,5.1,54.3,3,22.3,,4,False,True,False,False
ACC-00241,2023-03-24,Pro,Monthly,9,261.0,Healthcare,5-24,NA,6,1.5,37.5,5,16.8,8.0,15,True,False,False,True
ACC-00242,2023-03-25,Business,Monthly,11,539.0,Retail,5-24,APAC,12,2.2,57.2,3,22.6,,7,True,False,False,False
ACC-00243,2023-03-25,Basic,Annual,2,19.92,Education,1-4,APAC,12,7.6,52.9,2,43.4,,2,True,False,False,False
ACC-00244,2023-03-25,Pro,Monthly,2,58.0,Healthcare,1-4,NA,13,3.5,43.5,7,22.2,-0.0,2,True,False,False,True
ACC-00245,2023-03-25,Pro,Annual,7,168.49,Retail,5-24,NA,15,2.2,39.3,1,13.2,,1,True,False,False,False
ACC-00246,2023-03-25,Business,Annual,25,1016.75,Manufacturing,25-99,EMEA,22,3.9,52.1,4,2.5,7.0,4,True,False,False,False
ACC-00247,2023-03-26,Basic,Monthly,2,24.0,Retail,1-4,APAC,10,2.7,50.6,2,17.7,,20,True,True,False,False
ACC-00248,2023-03-26,Pro,Monthly,4,116.0,Finance,1-4,NA,18,3.1,56.2,4,60.7,4.0,4,True,False,False,True
ACC-00249,2023-03-26,Enterprise,Annual,18,1329.66,Finance,5-24,NA,2,12.3,97.1,1,15.6,,24,True,True,True,True
ACC-00250,2023-03-26,Business,Monthly,14,686.0,Manufacturing,5-24,LATAM,25,2.5,59.3,4,36.1,5.0,3,True,False,False,False
ACC-00251,2023-03-26,Basic,Monthly,2,24.0,Software,1-4,NA,10,5.9,31.3,3,22.6,10.0,3,True,False,False,False
ACC-00252,2023-03-27,Pro,Monthly,5,145.0,Finance,5-24,NA,9,3.2,60.4,5,8.2,,4,False,False,False,False
ACC-00253,2023-03-27,Enterprise,Monthly,40,3560.0,Education,25-99,APAC,4,4.5,55.6,4,16.1,10.0,0,False,False,True,False
ACC-00254,2023-03-27,Pro,Annual,10,240.7,Finance,5-24,NA,6,4.3,35.7,3,20.2,9.0,23,False,False,False,False
ACC-00255,2023-03-28,Basic,Annual,5,49.8,Software,5-24,NA,12,0.5,60.0,2,22.3,7.0,22,False,False,False,True
ACC-00256,2023-03-29,Basic,Monthly,1,12.0,Manufacturing,1-4,EMEA,48,1.7,69.0,2,27.6,6.0,19,True,False,False,False
ACC-00257,2023-03-29,Pro,Annual,2,48.14,Education,1-4,EMEA,21,6.1,51.4,1,10.2,8.0,10,True,False,False,False
ACC-00258,2023-03-29,Pro,Annual,2,48.14,Education,1-4,NA,30,9.9,35.2,3,25.7,6.0,1,True,False,False,False
ACC-00259,2023-03-29,Pro,Monthly,5,145.0,Retail,5-24,LATAM,16,10.0,58.0,1,42.9,,10,True,False,False,True
ACC-00260,2023-03-29,Pro,Annual,9,216.63,Healthcare,5-24,APAC,5,2.4,45.9,2,4.0,6.0,4,True,False,False,False
ACC-00261,2023-03-30,Basic,Monthly,1,12.0,Software,1-4,EMEA,7,6.7,70.3,1,29.2,9.0,6,False,False,False,False
ACC-00262,2023-03-30,Basic,Annual,2,19.92,Finance,1-4,APAC,26,6.7,50.0,0,21.5,,5,False,False,False,False
ACC-00263,2023-03-30,Basic,Annual,1,9.96,Retail,1-4,EMEA,9,3.5,44.9,5,4.2,6.0,0,True,False,False,True
ACC-00264,2023-03-31,Business,Annual,11,447.37,Healthcare,5-24,EMEA,18,15.2,100.0,7,30.6,,3,False,False,False,False
ACC-00265,2023-03-31,Enterprise,Annual,36,2659.32,Education,25-99,NA,5,2.1,21.6,3,7.1,,15,False,True,True,False
ACC-00266,2023-03-31,Basic,Monthly,1,12.0,Software,1-4,APAC,11,4.3,46.5,1,3.0,,14,True,True,False,True
ACC-00267,2023-03-31,Business,Monthly,17,833.0,Manufacturing,5-24,NA,8,0.6,39.7,2,24.9,,16,False,False,False,True
ACC-00268,2023-04-01,Enterprise,Monthly,23,2047.0,Finance,5-24,NA,3,1.1,45.9,5,5.8,8.0,31,True,False,True,True
ACC-00269,2023-04-01,Basic,Annual,2,19.92,Retail,1-4,APAC,6,0.8,52.6,2,9.8,4.0,15,True,False,False,False
ACC-00270,2023-04-02,Pro,Annual,4,96.28,Finance,1-4,APAC,12,4.4,91.7,3,21.7,,2,True,False,False,False
ACC-00271,2023-04-03,Basic,Annual,2,19.92,Retail,1-4,NA,11,3.3,77.0,3,16.2,,0,True,False,False,False
ACC-00272,2023-04-03,Basic,Annual,2,19.92,Education,1-4,APAC,45,3.2,49.9,3,14.8,9.0,0,True,False,False,False
ACC-00273,2023-04-03,Pro,Annual,7,168.49,Healthcare,5-24,LATAM,26,2.2,23.4,3,33.3,9.0,8,False,False,False,True
ACC-00274,2023-04-03,Basic,Annual,4,39.84,Finance,1-4,EMEA,27,2.5,89.4,1,8.9,5.0,3,True,False,False,False
ACC-00275,2023-04-03,Basic,Annual,2,19.92,Manufacturing,1-4,EMEA,6,13.1,78.6,4,1.3,,7,True,True,False,False
ACC-00276,2023-04-03,Pro,Monthly,3,87.0,Manufacturing,1-4,NA,19,9.3,66.2,3,11.0,,8,False,False,False,False
ACC-00277,2023-04-04,Basic,Monthly,2,24.0,Manufacturing,1-4,NA,4,4.6,38.2,3,14.1,,6,False,False,False,False
ACC-00278,2023-04-04,Enterprise,Monthly,17,1513.0,Manufacturing,5-24,EMEA,9,4.1,24.9,3,11.7,7.0,4,False,False,True,False
ACC-00279,2023-04-04,Pro,Annual,2,48.14,Software,1-4,NA,16,1.7,51.3,3,5.9,,14,True,True,False,True
ACC-00280,2023-04-04,Basic,Annual,4,39.84,Healthcare,1-4,NA,29,12.2,56.9,3,16.7,,1,True,False,False,False
ACC-00281,2023-04-04,Basic,Monthly,5,60.0,Retail,5-24,EMEA,21,6.1,69.3,2,25.6,7.0,11,False,False,False,True
ACC-00282,2023-04-05,Basic,Monthly,1,12.0,Software,1-4,EMEA,27,11.4,68.3,2,18.0,6.0,21,False,False,False,False
ACC-00283,2023-04-05,Pro,Monthly,6,174.0,Software,5-24,NA,7,9.5,84.1,0,11.2,7.0,5,True,False,False,False
ACC-00284,2023-04-05,Basic,Annual,1,9.96,Software,1-4,NA,23,4.5,62.8,1,7.3,4.0,6,True,False,False,False
ACC-00285,2023-04-05,Business,Monthly,38,1862.0,Education,25-99,LATAM,25,1.4,64.9,2,19.4,,20,True,False,False,False
ACC-00286,2023-04-05,Basic,Monthly,2,24.0,Software,1-4,NA,15,4.3,66.2,1,14.0,5.0,4,True,True,False,False
ACC-00287,2023-04-06,Pro,Monthly,7,203.0,Retail,5-24,LATAM,8,6.3,29.1,2,1.6,5.0,4,False,False,False,True
ACC-00288,2023-04-06,Pro,Annual,2,48.14,Retail,1-4,EMEA,5,4.6,40.7,0,8.4,8.0,2,True,False,False,False
ACC-00289,2023-04-07,Business,Monthly,8,392.0,Healthcare,5-24,EMEA,7,0.4,57.0,4,17.6,8.0,17,True,True,False,False
ACC-00290,2023-04-08,Basic,Monthly,1,12.0,Education,1-4,NA,8,5.8,91.0,4,12.2,,5,False,True,False,False
ACC-00291,2023-04-09,Basic,Monthly,2,24.0,Education,1-4,NA,41,5.1,82.9,4,11.1,,5,False,True,False,False
ACC-00292,2023-04-09,Basic,Monthly,6,72.0,Software,5-24,APAC,18,12.8,52.7,3,2.3,,3,True,False,False,True
ACC-00293,2023-04-10,Basic,Annual,1,9.96,Finance,1-4,EMEA,22,15.0,66.9,1,6.6,,5,True,False,False,True
ACC-00294,2023-04-10,Basic,Annual,1,9.96,Education,1-4,NA,10,1.6,74.5,4,26.0,6.0,13,True,False,False,False
ACC-00295,2023-04-10,Basic,Monthly,2,24.0,Manufacturing,1-4,NA,14,8.5,77.0,5,22.3,8.0,1,False,False,False,False
ACC-00296,2023-04-11,Pro,Annual,6,144.42,Software,5-24,APAC,6,8.2,62.6,4,19.3,8.0,4,False,False,False,False
ACC-00297,2023-04-11,Basic,Annual,2,19.92,Education,1-4,EMEA,6,3.6,84.2,3,8.5,8.0,2,True,False,False,False
ACC-00298,2023-04-11,Basic,Monthly,2,24.0,Education,1-4,EMEA,16,4.9,45.9,1,6.4,8.0,0,True,False,False,True
ACC-00299,2023-04-12,Basic,Monthly,3,36.0,Healthcare,1-4,LATAM,11,4.4,26.4,1,3.8,10.0,9,False,False,False,True
ACC-00300,2023-04-12,Basic,Monthly,3,36.0,Retail,1-4,NA,6,4.2,64.7,3,15.6,,4,True,False,False,True
ACC-00301,2023-04-13,Business,Annual,9,366.03,Retail,5-24,NA,8,2.6,63.5,1,9.6,3.0,10,True,True,False,False
ACC-00302,2023-04-13,Business,Annual,10,406.7,Education,5-24,APAC,2,2.0,83.9,2,34.5,8.0,1,True,False,False,False
ACC-00303,2023-04-13,Enterprise,Monthly,17,1513.0,Healthcare,5-24,NA,19,5.6,77.2,0,45.4,,6,True,False,True,False
ACC-00304,2023-04-13,Basic,Annual,2,19.92,Manufacturing,1-4,NA,18,2.8,78.1,3,1.2,,7,True,True,False,False
ACC-00305,2023-04-13,Pro,Annual,3,72.21,Manufacturing,1-4,NA,22,8.2,55.5,2,19.1,10.0,7,True,False,False,False
ACC-00306,2023-04-13,Pro,Monthly,6,174.0,Education,5-24,LATAM,10,1.7,72.8,1,29.0,,45,False,False,False,True
ACC-00307,2023-04-14,Basic,Annual,3,29.88,Manufacturing,1-4,EMEA,17,4.2,54.7,1,20.9,7.0,13,False,False,False,False
ACC-00308,2023-04-15,Pro,Monthly,11,319.0,Retail,5-24,EMEA,33,4.8,92.5,3,22.0,8.0,5,False,False,False,False
ACC-00309,2023-04-15,Pro,Annual,9,216.63,Finance,5-24,EMEA,5,2.5,46.2,4,8.5,5.0,19,True,False,False,True
ACC-00310,2023-04-15,Business,Annual,17,691.39,Software,5-24,NA,22,1.4,73.9,2,26.1,,24,True,False,False,False
ACC-00311,2023-04-15,Pro,Monthly,6,174.0,Retail,5-24,EMEA,20,4.0,46.2,3,4.0,5.0,7,True,True,False,False
ACC-00312,2023-04-15,Business,Annual,18,732.06,Manufacturing,5-24,EMEA,8,12.4,83.7,1,23.6,,1,True,False,False,False
ACC-00313,2023-04-15,Pro,Annual,4,96.28,Software,1-4,NA,21,9.0,82.4,6,6.3,5.0,17,False,False,False,True
ACC-00314,2023-04-16,Pro,Monthly,6,174.0,Healthcare,5-24,NA,1,4.6,50.7,1,30.4,5.0,5,True,True,False,False
ACC-00315,2023-04-16,Pro,Monthly,3,87.0,Software,1-4,NA,24,2.5,48.4,1,1.3,5.0,3,True,False,False,False
ACC-00316,2023-04-16,Pro,Monthly,5,145.0,Software,5-24,LATAM,14,2.8,48.8,4,10.9,,2,True,False,False,True
ACC-00317,2023-04-16,Basic,Annual,3,29.88,Education,1-4,NA,6,2.5,46.4,2,7.4,7.0,2,True,False,False,False
ACC-00318,2023-04-16,Basic,Monthly,4,48.0,Manufacturing,1-4,EMEA,18,0.8,62.1,0,16.5,,12,True,False,False,True
ACC-00319,2023-04-16,Pro,Monthly,6,174.0,Education,5-24,EMEA,14,5.5,34.4,4,14.2,8.0,2,False,True,False,False
ACC-00320,2023-04-17,Business,Monthly,10,490.0,Manufacturing,5-24,EMEA,21,4.1,65.0,7,18.9,6.0,1,False,False,False,True
ACC-00321,2023-04-17,Pro,Annual,5,120.35,Finance,5-24,NA,22,2.0,87.3,4,17.0,7.0,6,False,True,False,False
ACC-00322,2023-04-18,Pro,Annual,10,240.7,Healthcare,5-24,NA,8,6.0,26.7,2,16.6,,20,True,True,False,False
ACC-00323,2023-04-19,Enterprise,Monthly,60,5340.0,Education,25-99,EMEA,32,1.1,49.8,1,1.9,,14,True,False,True,False
ACC-00324,2023-04-19,Basic,Monthly,2,24.0,Finance,1-4,NA,17,3.5,42.5,1,20.8,9.0,5,True,False,False,False
ACC-00325,2023-04-20,Pro,Annual,4,96.28,Manufacturing,1-4,APAC,36,7.5,63.1,2,9.0,10.0,2,False,False,False,False
ACC-00326,2023-04-20,Enterprise,Monthly,16,1424.0,Retail,5-24,NA,17,0.5,45.6,1,9.4,5.0,17,True,False,False,True
ACC-00327,2023-04-20,Basic,Monthly,2,24.0,Finance,1-4,NA,19,3.3,29.3,1,7.9,5.0,1,True,False,False,False
ACC-00328,2023-04-20,Pro,Annual,6,144.42,Finance,5-24,NA,5,3.0,15.3,6,27.4,5.0,6,False,True,False,True
ACC-00329,2023-04-20,Pro,Monthly,4,116.0,Manufacturing,1-4,EMEA,5,6.4,59.3,1,11.7,8.0,4,False,False,False,True
ACC-00330,2023-04-21,Pro,Monthly,3,87.0,Finance,1-4,APAC,4,4.0,70.0,3,15.8,7.0,12,True,False,False,True
ACC-00331,2023-04-21,Pro,Monthly,7,203.0,Finance,5-24,APAC,32,3.4,50.4,1,18.5,6.0,27,False,False,False,False
ACC-00332,2023-04-22,Basic,Monthly,1,12.0,Manufacturing,1-4,EMEA,7,5.4,64.8,1,24.8,5.0,1,True,False,False,False
ACC-00333,2023-04-22,Pro,Annual,7,168.49,Manufacturing,5-24,APAC,11,3.8,31.5,1,63.9,,10,True,False,False,False
ACC-00334,2023-04-23,Pro,Monthly,7,203.0,Healthcare,5-24,LATAM,5,4.8,47.2,2,11.2,,3,True,True,False,False
ACC-00335,2023-04-23,Basic,Monthly,3,36.0,Finance,1-4,APAC,30,3.1,25.0,3,31.9,,1,False,False,False,True
ACC-00336,2023-04-23,Pro,Monthly,6,174.0,Retail,5-24,EMEA,17,11.6,59.5,2,26.0,9.0,2,True,False,False,False
ACC-00337,2023-04-23,Pro,Monthly,2,58.0,Software,1-4,NA,18,10.8,75.1,4,0.6,8.0,26,False,False,False,False
ACC-00338,2023-04-23,Enterprise,Annual,61,4506.07,Education,25-99,NA,25,1.9,51.0,6,13.9,8.0,18,True,False,True,False
ACC-00339,2023-04-23,Basic,Monthly,1,12.0,Finance,1-4,EMEA,26,4.5,50.3,4,10.2,8.0,5,True,False,False,False
ACC-00340,2023-04-23,Basic,Monthly,1,12.0,Retail,1-4,EMEA,15,8.9,91.9,2,4.8,7.0,7,True,False,False,False
ACC-00341,2023-04-24,Pro,Monthly,3,87.0,Retail,1-4,NA,20,3.7,62.3,6,6.0,,4,False,False,False,True
ACC-00342,2023-04-24,Enterprise,Annual,31,2289.97,Manufacturing,25-99,EMEA,14,5.4,53.0,7,3.2,6.0,6,True,False,True,False
ACC-00343,2023-04-25,Pro,Monthly,25,725.0,Manufacturing,25-99,NA,19,4.7,35.7,2,13.8,5.0,5,True,False,False,True
ACC-00344,2023-04-26,Basic,Monthly,3,36.0,Retail,1-4,NA,13,2.2,55.1,2,27.2,7.0,2,False,False,False,False
ACC-00345,2023-04-26,Basic,Annual,2,19.92,Education,1-4,NA,7,1.7,43.6,0,9.5,10.0,25,False,True,False,True
ACC-00346,2023-04-26,Enterprise,Monthly,20,1780.0,Retail,5-24,NA,11,1.1,78.0,5,18.9,4.0,13,True,False,True,True
ACC-00347,2023-04-26,Pro,Monthly,4,116.0,Software,1-4,NA,5,0.3,91.5,2,13.6,,14,False,False,False,True
ACC-00348,2023-04-26,Basic,Annual,1,9.96,Finance,1-4,EMEA,14,0.7,35.9,6,15.0,,13,True,False,False,False
ACC-00349,2023-04-26,Business,Annual,13,528.71,Software,5-24,EMEA,11,1.6,52.7,3,4.6,,20,True,True,False,True
ACC-00350,2023-04-27,Business,Annual,12,488.04,Manufacturing,5-24,NA,2,6.3,79.7,6,18.0,8.0,4,True,False,False,True
ACC-00351,2023-04-27,Basic,Annual,3,29.88,Healthcare,1-4,LATAM,15,6.7,75.5,2,49.5,10.0,5,True,True,False,True
ACC-00352,2023-04-27,Basic,Monthly,2,24.0,Retail,1-4,EMEA,20,3.0,72.8,3,28.7,8.0,4,True,True,False,False
ACC-00353,2023-04-27,Business,Annual,21,854.07,Manufacturing,5-24,NA,9,1.7,53.6,0,8.5,8.0,25,False,True,False,False
ACC-00354,2023-04-28,Business,Monthly,8,392.0,Education,5-24,EMEA,32,5.0,59.7,1,25.5,5.0,1,True,False,False,False
ACC-00355,2023-04-28,Business,Monthly,17,833.0,Manufacturing,5-24,LATAM,7,6.1,36.5,5,7.1,4.0,5,False,False,False,False
ACC-00356,2023-04-28,Enterprise,Monthly,23,2047.0,Finance,5-24,NA,9,4.5,74.2,2,14.1,6.0,2,True,False,True,False
ACC-00357,2023-04-28,Pro,Annual,5,120.35,Manufacturing,5-24,NA,9,11.4,74.4,2,2.1,9.0,0,False,True,False,False
ACC-00358,2023-04-28,Business,Annual,13,528.71,Retail,5-24,LATAM,23,1.7,33.7,2,16.7,,24,False,False,False,False
ACC-00359,2023-04-28,Business,Monthly,10,490.0,Healthcare,5-24,NA,21,3.6,49.3,0,34.7,5.0,0,True,True,False,False
ACC-00360,2023-04-28,Enterprise,Monthly,69,6141.0,Manufacturing,25-99,NA,30,8.4,59.7,2,51.1,6.0,3,True,False,True,False
ACC-00361,2023-04-29,Basic,Monthly,4,48.0,Software,1-4,EMEA,12,2.0,51.9,2,13.5,4.0,4,True,False,False,False
ACC-00362,2023-04-29,Pro,Monthly,3,87.0,Finance,1-4,NA,15,1.6,40.8,1,5.9,10.0,15,True,False,False,True
ACC-00363,2023-04-29,Pro,Annual,10,240.7,Finance,5-24,NA,35,4.6,73.1,1,31.5,,5,True,True,False,False
ACC-00364,2023-04-29,Basic,Annual,1,9.96,Healthcare,1-4,NA,6,7.1,61.0,6,27.3,,25,False,False,False,True
ACC-00365,2023-04-29,Business,Monthly,5,245.0,Finance,5-24,APAC,25,3.1,75.9,2,26.9,,1,False,False,False,True
ACC-00366,2023-04-29,Basic,Monthly,1,12.0,Healthcare,1-4,NA,19,2.9,47.1,2,18.2,4.0,8,True,False,False,False
ACC-00367,2023-04-30,Pro,Annual,3,72.21,Education,1-4,NA,13,2.6,41.4,7,8.6,,3,True,False,False,False
ACC-00368,2023-05-01,Basic,Annual,4,39.84,Software,1-4,NA,7,7.5,70.8,1,13.5,,1,False,True,False,False
ACC-00369,2023-05-01,Basic,Monthly,1,12.0,Software,1-4,NA,12,3.2,52.0,6,27.6,6.0,2,False,False,False,True
ACC-00370,2023-05-01,Business,Annual,28,1138.76,Education,25-99,NA,34,11.1,59.8,3,14.1,,2,False,False,False,False
ACC-00371,2023-05-02,Business,Monthly,15,735.0,Finance,5-24,LATAM,21,12.0,77.2,1,11.0,,0,True,False,False,False
ACC-00372,2023-05-02,Basic,Monthly,3,36.0,Retail,1-4,NA,20,14.3,54.6,2,4.7,,1,True,False,False,False
ACC-00373,2023-05-02,Pro,Monthly,6,174.0,Retail,5-24,NA,33,3.3,38.3,2,22.8,8.0,10,True,True,False,False
ACC-00374,2023-05-02,Basic,Annual,3,29.88,Retail,1-4,EMEA,3,3.0,60.6,4,46.8,,3,True,True,False,False
ACC-00375,2023-05-02,Basic,Monthly,2,24.0,Manufacturing,1-4,EMEA,22,7.9,38.9,0,13.5,,1,False,False,False,True
ACC-00376,2023-05-02,Enterprise,Monthly,31,2759.0,Education,25-99,APAC,14,1.8,51.8,4,5.7,4.0,19,False,False,True,True
ACC-00377,2023-05-03,Basic,Monthly,2,24.0,Manufacturing,1-4,NA,8,2.4,27.8,0,35.4,3.0,22,True,False,False,True
ACC-00378,2023-05-03,Basic,Monthly,1,12.0,Healthcare,1-4,NA,32,4.7,72.8,1,35.2,4.0,18,True,False,False,False
ACC-00379,2023-05-03,Basic,Annual,3,29.88,Education,1-4,NA,32,1.9,76.9,2,9.4,5.0,14,True,True,False,True
ACC-00380,2023-05-03,Basic,Annual,2,19.92,Manufacturing,1-4,NA,11,4.7,40.8,1,0.7,6.0,5,True,False,False,False
ACC-00381,2023-05-04,Basic,Annual,1,9.96,Software,1-4,NA,23,9.1,66.5,1,20.9,,7,True,False,False,False
ACC-00382,2023-05-04,Business,Monthly,7,343.0,Retail,5-24,NA,22,2.3,71.1,5,53.0,8.0,2,False,False,False,False
ACC-00383,2023-05-04,Pro,Monthly,4,116.0,Healthcare,1-4,EMEA,16,1.4,25.4,2,35.5,4.0,18,False,False,False,True
ACC-00384,2023-05-05,Pro,Monthly,6,174.0,Software,5-24,NA,6,15.0,91.9,0,27.7,10.0,9,True,False,False,False
ACC-00385,2023-05-05,Pro,Annual,4,96.28,Software,1-4,NA,8,3.6,51.4,2,10.5,5.0,4,False,True,False,False
ACC-00386,2023-05-05,Enterprise,Annual,49,3619.63,Software,25-99,EMEA,2,3.9,76.3,3,6.5,10.0,7,False,True,False,False
ACC-00387,2023-05-05,Basic,Annual,1,9.96,Retail,1-4,APAC,30,7.2,56.8,2,2.1,4.0,14,False,False,False,False
ACC-00388,2023-05-06,Basic,Monthly,3,36.0,Software,1-4,NA,24,3.0,34.4,1,6.9,,3,False,True,False,False
ACC-00389,2023-05-06,Basic,Annual,1,9.96,Finance,1-4,NA,6,1.0,18.7,5,19.4,9.0,17,True,True,False,False
ACC-00390,2023-05-06,Basic,Annual,4,39.84,Finance,1-4,NA,7,6.6,68.2,6,34.3,8.0,3,True,False,False,False
ACC-00391,2023-05-06,Business,Monthly,11,539.0,Finance,5-24,EMEA,8,5.8,56.2,0,17.0,7.0,5,True,False,False,False
ACC-00392,2023-05-06,Pro,Annual,7,168.49,Finance,5-24,NA,11,1.6,21.1,1,43.8,7.0,16,True,True,False,False
ACC-00393,2023-05-07,Pro,Annual,9,216.63,Manufacturing,5-24,NA,7,11.0,50.1,4,13.9,5.0,12,True,False,False,False
ACC-00394,2023-05-07,Business,Annual,11,447.37,Software,5-24,LATAM,28,5.7,63.3,3,20.7,,1,True,False,False,False
ACC-00395,2023-05-07,Basic,Monthly,1,12.0,Retail,1-4,LATAM,15,3.5,30.8,1,5.5,8.0,0,True,False,False,False
ACC-00396,2023-05-08,Basic,Monthly,2,24.0,Retail,1-4,EMEA,13,7.3,57.8,1,6.3,,1,True,True,False,False
ACC-00397,2023-05-08,Pro,Monthly,3,87.0,Retail,1-4,EMEA,13,1.1,59.1,4,11.4,9.0,13,False,True,False,True
ACC-00398,2023-05-08,Pro,Annual,3,72.21,Software,1-4,NA,20,7.1,62.4,3,24.3,,0,True,False,False,True
ACC-00399,2023-05-09,Basic,Annual,3,29.88,Finance,1-4,EMEA,12,3.2,27.6,3,23.7,6.0,4,True,False,False,False
ACC-00400,2023-05-09,Pro,Annual,5,120.35,Finance,5-24,APAC,21,2.6,66.1,2,0.7,9.0,1,False,False,False,False
ACC-00401,2023-05-09,Business,Annual,8,325.36,Education,5-24,LATAM,12,2.1,65.0,3,34.8,,10,True,False,False,False
ACC-00402,2023-05-09,Enterprise,Monthly,17,1513.0,Manufacturing,5-24,NA,6,1.7,60.0,0,25.2,6.0,13,True,False,True,True
ACC-00403,2023-05-10,Basic,Annual,3,29.88,Finance,1-4,EMEA,12,1.4,41.6,4,9.1,,18,False,True,False,False
ACC-00404,2023-05-11,Pro,Monthly,9,261.0,Retail,5-24,APAC,30,2.9,80.4,3,3.9,,1,True,False,False,False
ACC-00405,2023-05-11,Enterprise,Monthly,31,2759.0,Retail,25-99,EMEA,5,7.2,48.7,3,15.0,9.0,11,True,False,True,False
ACC-00406,2023-05-11,Basic,Annual,1,9.96,Education,1-4,NA,10,3.6,73.4,2,14.4,3.0,4,False,False,False,False
ACC-00407,2023-05-11,Basic,Annual,1,9.96,Manufacturing,1-4,NA,16,1.1,56.3,1,80.5,,13,False,False,False,True
ACC-00408,2023-05-11,Enterprise,Annual,36,2659.32,Manufacturing,25-99,NA,14,0.9,31.1,0,5.0,,18,False,False,True,True
ACC-00409,2023-05-11,Pro,Annual,7,168.49,Retail,5-24,APAC,7,5.3,62.3,3,4.8,,3,False,False,False,False
ACC-00410,2023-05-12,Pro,Monthly,3,87.0,Retail,1-4,NA,19,3.1,64.3,2,4.5,2.0,2,True,True,False,True
ACC-00411,2023-05-12,Business,Monthly,12,588.0,Retail,5-24,EMEA,9,5.4,57.2,3,7.2,9.0,1,True,False,False,False
ACC-00412,2023-05-13,Business,Monthly,9,441.0,Education,5-24,NA,8,1.7,44.5,0,33.1,9.0,13,True,True,False,True
ACC-00413,2023-05-13,Basic,Monthly,1,12.0,Software,1-4,APAC,21,1.0,22.7,2,41.6,,16,True,True,False,False
ACC-00414,2023-05-14,Enterprise,Monthly,60,5340.0,Manufacturing,25-99,EMEA,21,1.9,63.0,4,14.5,,15,True,False,True,False
ACC-00415,2023-05-15,Basic,Monthly,2,24.0,Software,1-4,EMEA,8,2.8,50.1,1,13.9,,2,True,False,False,False
ACC-00416,2023-05-15,Pro,Monthly,2,58.0,Software,1-4,NA,16,4.0,80.4,1,20.9,9.0,1,False,True,False,False
ACC-00417,2023-05-15,Pro,Annual,4,96.28,Software,1-4,NA,20,2.7,36.3,2,12.6,10.0,6,True,False,False,False
ACC-00418,2023-05-15,Basic,Annual,2,19.92,Finance,1-4,EMEA,26,2.2,18.3,2,15.0,9.0,1,True,False,False,False
ACC-00419,2023-05-15,Basic,Monthly,3,36.0,Software,1-4,NA,11,2.4,42.9,4,15.6,10.0,5,True,True,False,True
ACC-00420,2023-05-16,Pro,Monthly,8,232.0,Finance,5-24,APAC,4,3.0,58.1,3,6.8,7.0,3,True,True,False,True
ACC-00421,2023-05-16,Pro,Annual,8,192.56,Finance,5-24,EMEA,23,7.8,63.4,5,9.5,6.0,1,True,False,False,False
ACC-00422,2023-05-16,Enterprise,Monthly,31,2759.0,Healthcare,25-99,NA,31,1.2,34.2,2,14.2,6.0,16,True,False,True,False
ACC-00423,2023-05-16,Basic,Monthly,5,60.0,Finance,5-24,EMEA,10,2.2,54.5,1,6.3,,12,True,False,False,False
ACC-00424,2023-05-17,Pro,Monthly,3,87.0,Healthcare,1-4,NA,26,4.2,41.7,2,30.3,10.0,6,True,False,False,False
ACC-00425,2023-05-17,Pro,Monthly,3,87.0,Software,1-4,APAC,28,1.5,30.8,0,31.3,,16,True,False,False,False
ACC-00426,2023-05-18,Basic,Annual,5,49.8,Manufacturing,5-24,EMEA,13,1.3,51.1,2,10.6,10.0,18,True,False,False,False
ACC-00427,2023-05-18,Pro,Annual,4,96.28,Finance,1-4,NA,14,3.0,34.0,2,12.6,6.0,1,True,False,False,False
ACC-00428,2023-05-18,Pro,Monthly,5,145.0,Healthcare,5-24,LATAM,20,5.8,53.9,4,4.7,9.0,2,True,True,False,False
ACC-00429,2023-05-19,Basic,Annual,3,29.88,Finance,1-4,EMEA,8,7.5,72.7,2,5.0,,0,True,False,False,False
ACC-00430,2023-05-19,Pro,Monthly,4,116.0,Software,1-4,EMEA,2,3.9,54.3,2,2.5,8.0,11,True,False,False,False
ACC-00431,2023-05-20,Enterprise,Monthly,57,5073.0,Manufacturing,25-99,EMEA,17,5.8,85.9,5,31.4,10.0,1,False,True,True,False
ACC-00432,2023-05-20,Basic,Monthly,1,12.0,Retail,1-4,APAC,32,6.7,57.4,3,9.8,,1,True,False,False,False
ACC-00433,2023-05-20,Basic,Annual,4,39.84,Manufacturing,1-4,APAC,20,1.5,56.8,2,20.5,,15,True,False,False,False
ACC-00434,2023-05-21,Business,Monthly,9,441.0,Healthcare,5-24,NA,8,2.8,32.5,3,24.6,9.0,2,True,False,False,False
ACC-00435,2023-05-21,Basic,Annual,3,29.88,Retail,1-4,NA,10,8.7,54.3,4,12.6,10.0,21,False,False,False,False
ACC-00436,2023-05-21,Pro,Annual,4,96.28,Software,1-4,EMEA,8,8.7,51.9,4,24.2,7.0,0,False,False,False,False
ACC-00437,2023-05-21,Basic,Monthly,2,24.0,Retail,1-4,NA,9,4.1,47.7,2,13.1,6.0,4,False,False,False,False
ACC-00438,2023-05-22,Pro,Annual,5,120.35,Manufacturing,5-24,NA,15,4.7,49.3,0,13.6,,2,True,False,False,False
ACC-00439,2023-05-22,Basic,Annual,3,29.88,Retail,1-4,EMEA,16,3.2,57.2,1,8.7,6.0,1,True,False,False,True
ACC-00440,2023-05-23,Business,Monthly,27,1323.0,Finance,25-99,NA,13,3.9,92.6,5,12.6,7.0,12,True,False,False,True
ACC-00441,2023-05-23,Basic,Annual,2,19.92,Education,1-4,NA,25,5.3,76.7,3,2.3,7.0,1,True,False,False,False
ACC-00442,2023-05-23,Basic,Monthly,2,24.0,Software,1-4,NA,11,4.3,32.9,2,35.7,,1,True,True,False,True
ACC-00443,2023-05-24,Basic,Monthly,3,36.0,Retail,1-4,EMEA,19,0.5,53.3,1,30.2,,14,True,False,False,True
ACC-00444,2023-05-25,Business,Monthly,12,588.0,Education,5-24,APAC,18,1.2,42.4,2,4.5,6.0,20,True,False,False,False
ACC-00445,2023-05-25,Basic,Monthly,1,12.0,Healthcare,1-4,NA,8,3.4,41.0,3,35.6,6.0,1,False,True,False,True
ACC-00446,2023-05-25,Business,Monthly,7,343.0,Healthcare,5-24,NA,20,3.4,41.8,4,15.5,6.0,17,False,False,False,True
ACC-00447,2023-05-26,Business,Annual,18,732.06,Software,5-24,EMEA,10,2.3,57.0,2,3.9,,14,True,False,False,False
ACC-00448,2023-05-26,Pro,Annual,22,529.54,Education,5-24,LATAM,2,2.5,56.8,2,29.1,7.0,1,True,False,False,False
ACC-00449,2023-05-26,Business,Annual,19,772.73,Manufacturing,5-24,LATAM,26,4.4,47.1,4,32.6,7.0,13,False,False,False,False
ACC-00450,2023-05-26,Enterprise,Monthly,53,4717.0,Finance,25-99,EMEA,36,1.4,75.4,2,24.7,,14,True,False,False,True
ACC-00451,2023-05-26,Pro,Annual,4,96.28,Software,1-4,LATAM,35,7.9,44.6,9,15.5,9.0,16,False,False,False,False
ACC-00452,2023-05-28,Basic,Annual,2,19.92,Healthcare,1-4,EMEA,13,7.7,83.1,1,17.2,,1,True,False,False,False
ACC-00453,2023-05-29,Pro,Monthly,7,203.0,Healthcare,5-24,EMEA,5,3.4,76.8,1,7.4,9.0,8,True,False,False,False
ACC-00454,2023-05-29,Pro,Monthly,6,174.0,Software,5-24,NA,8,5.4,59.1,5,12.7,8.0,3,True,False,False,False
ACC-00455,2023-05-29,Pro,Monthly,6,174.0,Healthcare,5-24,EMEA,22,5.6,29.0,1,32.7,,2,False,False,False,False
ACC-00456,2023-05-30,Pro,Monthly,3,87.0,Manufacturing,1-4,NA,30,5.4,37.8,4,23.1,4.0,2,False,True,False,False
ACC-00457,2023-05-30,Business,Monthly,21,1029.0,Education,5-24,NA,3,1.6,56.8,4,7.0,10.0,29,True,False,False,True
ACC-00458,2023-05-30,Business,Monthly,7,343.0,Healthcare,5-24,EMEA,31,3.7,68.3,4,6.3,10.0,7,True,False,False,False
ACC-00459,2023-05-30,Pro,Annual,7,168.49,Manufacturing,5-24,NA,7,6.9,69.6,3,12.6,6.0,1,True,False,False,False
ACC-00460,2023-05-30,Pro,Annual,6,144.42,Manufacturing,5-24,NA,44,1.6,46.8,2,28.5,,26,True,False,False,False
ACC-00461,2023-05-30,Pro,Annual,7,168.49,Software,5-24,NA,13,8.6,42.4,3,7.6,8.0,3,True,False,False,False
ACC-00462,2023-05-30,Enterprise,Annual,36,2659.32,Software,25-99,EMEA,19,2.5,57.5,1,15.0,6.0,16,False,False,True,False
ACC-00463,2023-05-31,Basic,Monthly,2,24.0,Healthcare,1-4,EMEA,33,6.4,30.9,2,12.4,,2,False,True,False,False
ACC-00464,2023-05-31,Pro,Annual,6,144.42,Healthcare,5-24,EMEA,8,7.0,100.0,3,16.8,,2,True,False,False,False
ACC-00465,2023-05-31,Pro,Monthly,1,29.0,Finance,1-4,NA,4,1.6,32.2,1,22.3,6.0,21,False,False,False,True
ACC-00466,2023-05-31,Pro,Monthly,8,232.0,Retail,5-24,NA,7,6.4,50.9,1,12.6,7.0,4,True,False,False,False
ACC-00467,2023-05-31,Basic,Monthly,2,24.0,Finance,1-4,NA,17,4.9,25.9,5,30.9,,2,False,False,False,False
ACC-00468,2023-05-31,Business,Monthly,9,441.0,Software,5-24,NA,16,12.0,58.0,2,9.7,7.0,9,False,False,False,False
ACC-00469,2023-06-01,Enterprise,Monthly,36,3204.0,Finance,25-99,APAC,6,6.6,21.7,6,35.6,,18,False,True,True,False
ACC-00470,2023-06-01,Pro,Annual,2,48.14,Education,1-4,EMEA,4,6.4,69.3,1,16.7,10.0,16,False,False,False,False
ACC-00471,2023-06-01,Business,Monthly,8,392.0,Manufacturing,5-24,EMEA,12,1.4,61.5,5,21.2,7.0,21,True,False,False,False
ACC-00472,2023-06-01,Pro,Monthly,4,116.0,Retail,1-4,EMEA,12,2.9,49.9,3,7.5,,1,True,False,False,True
ACC-00473,2023-06-02,Pro,Annual,4,96.28,Education,1-4,EMEA,6,6.2,58.5,3,2.0,4.0,0,False,False,False,False
ACC-00474,2023-06-02,Pro,Monthly,6,174.0,Retail,5-24,APAC,16,3.6,76.4,2,2.8,8.0,1,True,True,False,False
ACC-00475,2023-06-03,Basic,Annual,2,19.92,Finance,1-4,APAC,9,3.6,62.9,5,17.4,,5,False,False,False,True
ACC-00476,2023-06-03,Pro,Monthly,6,174.0,Software,5-24,NA,42,4.6,35.0,0,14.5,7.0,1,False,False,False,False
ACC-00477,2023-06-03,Basic,Annual,4,39.84,Healthcare,1-4,EMEA,9,1.3,55.2,5,23.0,,13,True,False,False,True
ACC-00478,2023-06-03,Basic,Annual,2,19.92,Finance,1-4,NA,18,9.0,79.7,3,5.8,,5,False,True,False,False
ACC-00479,2023-06-03,Pro,Annual,7,168.49,Healthcare,5-24,NA,2,3.3,64.4,2,13.5,6.0,2,True,True,False,False
ACC-00480,2023-06-03,Pro,Annual,5,120.35,Manufacturing,5-24,NA,31,2.8,61.8,1,6.5,,13,False,False,False,True
ACC-00481,2023-06-03,Pro,Monthly,6,174.0,Healthcare,5-24,NA,3,9.3,78.5,3,21.9,2.0,6,False,False,False,True
ACC-00482,2023-06-05,Basic,Annual,2,19.92,Education,1-4,NA,31,2.1,63.1,4,15.0,,9,True,False,False,False
ACC-00483,2023-06-05,Pro,Annual,6,144.42,Education,5-24,APAC,7,1.3,39.5,1,25.5,,12,True,False,False,False
ACC-00484,2023-06-05,Basic,Monthly,1,12.0,Manufacturing,1-4,NA,12,1.3,32.9,2,22.2,9.0,16,True,False,False,False
ACC-00485,2023-06-05,Business,Monthly,15,735.0,Manufacturing,5-24,NA,20,1.9,59.6,2,48.4,,31,True,False,False,True
ACC-00486,2023-06-05,Basic,Monthly,1,12.0,Retail,1-4,APAC,12,5.9,56.5,1,12.0,,5,True,False,False,False
ACC-00487,2023-06-05,Basic,Annual,4,39.84,Software,1-4,NA,12,2.4,40.5,2,3.0,,20,True,False,False,False
ACC-00488,2023-06-06,Enterprise,Annual,24,1772.88,Retail,5-24,NA,36,1.9,11.9,3,16.1,,48,False,False,True,False
ACC-00489,2023-06-06,Basic,Monthly,6,72.0,Retail,5-24,EMEA,7,12.4,53.2,4,20.5,,2,True,True,False,False
ACC-00490,2023-06-08,Business,Annual,6,244.02,Healthcare,5-24,EMEA,16,4.2,39.7,4,17.8,,5,True,False,False,False
ACC-00491,2023-06-08,Basic,Monthly,5,60.0,Finance,5-24,EMEA,8,6.7,67.6,3,24.3,7.0,3,True,False,False,False
ACC-00492,2023-06-08,Business,Monthly,24,1176.0,Manufacturing,5-24,NA,8,11.1,49.2,3,20.1,5.0,0,True,False,False,False
ACC-00493,2023-06-09,Pro,Monthly,5,145.0,Manufacturing,5-24,APAC,11,11.2,76.3,1,35.5,,1,False,False,False,False
ACC-00494,2023-06-09,Basic,Monthly,1,12.0,Healthcare,1-4,NA,25,6.0,54.9,4,17.6,6.0,1,True,False,False,False
ACC-00495,2023-06-09,Pro,Monthly,11,319.0,Manufacturing,5-24,NA,13,3.4,27.0,2,8.0,5.0,2,True,False,False,False
ACC-00496,2023-06-10,Enterprise,Monthly,79,7031.0,Manufacturing,25-99,EMEA,16,5.3,37.5,6,40.2,8.0,4,True,False,True,False
ACC-00497,2023-06-10,Enterprise,Annual,29,2142.23,Manufacturing,25-99,APAC,42,3.1,39.8,2,2.6,8.0,16,True,True,True,False
ACC-00498,2023-06-10,Basic,Monthly,2,24.0,Education,1-4,LATAM,11,3.7,26.9,3,7.6,,3,True,False,False,True
ACC-00499,2023-06-10,Pro,Monthly,3,87.0,Manufacturing,1-4,EMEA,1,1.8,38.3,2,11.5,9.0,14,True,False,False,False
ACC-00500,2023-06-10,Basic,Monthly,2,24.0,Education,1-4,LATAM,32,1.6,55.8,4,12.4,,14,True,False,False,False
ACC-00501,2023-06-10,Basic,Annual,2,19.92,Manufacturing,1-4,NA,11,8.1,64.4,0,15.9,6.0,12,True,True,False,False
ACC-00502,2023-06-11,Basic,Annual,2,19.92,Software,1-4,EMEA,37,1.6,42.2,0,18.9,4.0,19,False,False,False,False
ACC-00503,2023-06-11,Basic,Annual,1,9.96,Retail,1-4,EMEA,23,2.8,87.0,3,22.2,9.0,3,True,False,False,False
ACC-00504,2023-06-12,Basic,Annual,1,9.96,Software,1-4,NA,18,6.9,53.3,3,15.3,10.0,3,True,False,False,False
ACC-00505,2023-06-12,Pro,Annual,4,96.28,Software,1-4,NA,5,1.6,23.4,1,21.6,9.0,25,True,False,False,False
ACC-00506,2023-06-12,Pro,Monthly,6,174.0,Education,5-24,NA,16,2.1,26.9,3,52.7,10.0,1,True,False,False,True
ACC-00507,2023-06-12,Pro,Monthly,3,87.0,Healthcare,1-4,NA,13,5.4,49.4,4,10.1,10.0,3,False,False,False,False
ACC-00508,2023-06-12,Enterprise,Annual,31,2289.97,Finance,25-99,EMEA,6,1.0,60.7,2,26.4,4.0,16,True,False,True,False
ACC-00509,2023-06-12,Basic,Monthly,2,24.0,Software,1-4,APAC,14,6.5,59.8,0,32.1,6.0,7,True,False,False,False
ACC-00510,2023-06-12,Pro,Monthly,10,290.0,Education,5-24,NA,11,1.7,20.3,1,24.7,7.0,15,True,False,False,False
ACC-00511,2023-06-12,Pro,Annual,6,144.42,Software,5-24,NA,15,7.1,51.5,5,12.6,10.0,1,False,True,False,False
ACC-00512,2023-06-13,Basic,Monthly,1,12.0,Software,1-4,NA,13,6.8,15.7,1,55.1,,0,False,False,False,False
ACC-00513,2023-06-13,Business,Monthly,9,441.0,Software,5-24,NA,13,7.6,37.1,1,9.4,8.0,11,False,False,False,False
ACC-00514,2023-06-14,Pro,Monthly,6,174.0,Software,5-24,NA,8,2.0,52.4,2,17.6,5.0,1,True,True,False,False
ACC-00515,2023-06-14,Basic,Monthly,2,24.0,Manufacturing,1-4,NA,2,2.6,8.7,4,10.4,6.0,3,False,False,False,True
ACC-00516,2023-06-15,Pro,Monthly,4,116.0,Healthcare,1-4,EMEA,24,1.8,54.0,3,41.7,,14,True,False,False,False
ACC-00517,2023-06-15,Pro,Monthly,4,116.0,Education,1-4,NA,10,4.2,43.8,2,24.0,6.0,6,False,False,False,True
ACC-00518,2023-06-16,Basic,Monthly,3,36.0,Education,1-4,EMEA,15,2.3,46.1,2,1.5,6.0,1,False,False,False,False
ACC-00519,2023-06-17,Business,Monthly,11,539.0,Finance,5-24,NA,42,9.7,82.7,3,15.0,,2,True,True,False,False
ACC-00520,2023-06-17,Pro,Annual,6,144.42,Education,5-24,APAC,13,1.7,48.4,5,16.4,3.0,15,True,True,False,False
ACC-00521,2023-06-18,Pro,Monthly,3,87.0,Software,1-4,EMEA,8,1.8,40.6,1,13.5,,27,True,False,False,True
ACC-00522,2023-06-18,Pro,Monthly,4,116.0,Finance,1-4,EMEA,30,5.5,53.1,0,14.7,5.0,3,True,False,False,False
ACC-00523,2023-06-19,Basic,Annual,2,19.92,Healthcare,1-4,EMEA,5,2.2,89.6,2,28.3,,2,False,False,False,True
ACC-00524,2023-06-19,Enterprise,Annual,21,1551.27,Healthcare,5-24,NA,16,14.8,78.0,3,12.0,5.0,12,False,False,False,False
ACC-00525,2023-06-20,Business,Monthly,6,294.0,Education,5-24,NA,24,1.2,34.8,2,3.6,2.0,14,True,False,False,True
ACC-00526,2023-06-20,Business,Monthly,12,588.0,Manufacturing,5-24,NA,6,5.6,74.4,5,24.0,10.0,7,True,False,False,True
ACC-00527,2023-06-21,Basic,Monthly,2,24.0,Retail,1-4,NA,14,2.1,46.2,0,13.2,,6,False,True,False,True
ACC-00528,2023-06-21,Pro,Annual,4,96.28,Retail,1-4,LATAM,10,4.2,62.1,2,3.5,5.0,8,False,False,False,False
ACC-00529,2023-06-22,Enterprise,Annual,25,1846.75,Finance,25-99,NA,3,2.2,24.6,4,16.3,6.0,3,False,False,True,True
ACC-00530,2023-06-23,Basic,Monthly,3,36.0,Manufacturing,1-4,NA,8,3.8,16.6,5,17.8,,4,True,False,False,True
ACC-00531,2023-06-23,Pro,Monthly,6,174.0,Education,5-24,NA,16,5.9,98.3,3,17.2,7.0,10,True,False,False,False
ACC-00532,2023-06-23,Enterprise,Monthly,43,3827.0,Software,25-99,APAC,18,4.4,48.6,6,4.6,9.0,12,False,False,True,True
ACC-00533,2023-06-23,Basic,Annual,4,39.84,Retail,1-4,NA,28,3.3,51.9,2,13.8,10.0,3,True,False,False,False
ACC-00534,2023-06-23,Business,Monthly,23,1127.0,Retail,5-24,NA,11,4.4,21.3,6,12.8,7.0,1,False,False,False,False
ACC-00535,2023-06-24,Pro,Monthly,4,116.0,Finance,1-4,NA,34,3.4,56.9,2,14.7,6.0,1,True,False,False,False
ACC-00536,2023-06-24,Basic,Annual,2,19.92,Software,1-4,EMEA,20,4.5,56.9,1,18.3,8.0,14,True,False,False,False
ACC-00537,2023-06-24,Business,Monthly,14,686.0,Education,5-24,NA,23,1.7,40.0,4,24.9,7.0,16,False,True,False,False
ACC-00538,2023-06-24,Basic,Monthly,4,48.0,Retail,1-4,NA,17,4.3,76.5,3,23.4,6.0,1,True,True,False,False
ACC-00539,2023-06-24,Basic,Monthly,2,24.0,Software,1-4,EMEA,19,10.9,68.9,1,14.7,,1,False,False,False,True
ACC-00540,2023-06-25,Business,Monthly,13,637.0,Healthcare,5-24,NA,3,0.7,42.1,2,16.4,,15,True,False,False,False
ACC-00541,2023-06-25,Basic,Annual,2,19.92,Manufacturing,1-4,EMEA,13,6.0,53.3,2,14.9,9.0,5,True,False,False,False
ACC-00542,2023-06-25,Enterprise,Monthly,42,3738.0,Retail,25-99,NA,17,0.7,37.5,7,14.6,,25,False,True,True,False
ACC-00543,2023-06-25,Basic,Annual,3,29.88,Manufacturing,1-4,APAC,17,4.3,65.0,2,11.3,10.0,4,True,False,False,False
ACC-00544,2023-06-26,Enterprise,Monthly,25,2225.0,Finance,25-99,NA,17,11.7,84.2,0,4.7,,2,True,False,True,False
ACC-00545,2023-06-26,Basic,Monthly,2,24.0,Manufacturing,1-4,APAC,16,2.0,69.2,1,23.1,,8,False,True,False,True
ACC-00546,2023-06-27,Basic,Annual,2,19.92,Finance,1-4,APAC,36,4.5,74.5,5,13.6,5.0,2,True,False,False,False
ACC-00547,2023-06-27,Pro,Monthly,5,145.0,Manufacturing,5-24,LATAM,27,2.1,36.9,3,27.5,7.0,0,True,False,False,False
ACC-00548,2023-06-27,Pro,Monthly,3,87.0,Software,1-4,EMEA,19,5.1,58.3,2,4.1,,10,True,False,False,False
ACC-00549,2023-06-27,Basic,Monthly,1,12.0,Software,1-4,NA,17,1.5,82.2,3,25.0,4.0,15,False,False,False,True
ACC-00550,2023-06-27,Enterprise,Annual,36,2659.32,Software,25-99,APAC,14,4.3,25.7,0,7.3,7.0,3,True,False,False,True
ACC-00551,2023-06-27,Basic,Monthly,2,24.0,Retail,1-4,APAC,9,1.2,88.0,1,27.9,5.0,15,False,True,False,True
ACC-00552,2023-06-28,Enterprise,Annual,58,4284.46,Retail,25-99,NA,14,14.0,61.5,7,5.8,6.0,1,False,False,False,False
ACC-00553,2023-06-29,Enterprise,Monthly,19,1691.0,Finance,5-24,EMEA,8,3.7,69.5,2,5.1,6.0,2,False,False,False,False
ACC-00554,2023-06-30,Pro,Monthly,4,116.0,Retail,1-4,EMEA,18,5.8,69.3,5,12.0,8.0,1,True,False,False,False
ACC-00555,2023-06-30,Pro,Annual,4,96.28,Finance,1-4,LATAM,8,1.4,34.5,3,28.0,3.0,12,True,False,False,False
ACC-00556,2023-06-30,Pro,Monthly,7,203.0,Finance,5-24,NA,21,4.3,31.7,5,11.5,,5,True,False,False,False
ACC-00557,2023-06-30,Business,Monthly,19,931.0,Manufacturing,5-24,APAC,10,4.8,58.2,2,10.1,6.0,1,True,False,False,False
ACC-00558,2023-07-01,Business,Monthly,17,833.0,Education,5-24,EMEA,11,3.3,55.6,4,6.6,10.0,1,False,False,False,False
ACC-00559,2023-07-01,Basic,Monthly,2,24.0,Software,1-4,APAC,15,2.1,55.9,1,14.1,10.0,3,True,False,False,False
ACC-00560,2023-07-01,Enterprise,Monthly,10,890.0,Education,5-24,NA,7,1.0,66.7,3,11.9,,13,False,False,True,False
ACC-00561,2023-07-01,Enterprise,Monthly,75,6675.0,Education,25-99,NA,28,5.0,79.1,3,20.8,8.0,0,True,True,True,False
ACC-00562,2023-07-02,Pro,Annual,11,264.77,Healthcare,5-24,EMEA,11,15.4,98.5,1,4.3,,9,True,False,False,False
ACC-00563,2023-07-03,Basic,Monthly,5,60.0,Finance,5-24,EMEA,25,10.2,66.8,5,36.7,6.0,6,False,False,False,True
ACC-00564,2023-07-03,Basic,Monthly,1,12.0,Manufacturing,1-4,NA,23,6.8,66.1,3,5.8,8.0,5,True,True,False,False
ACC-00565,2023-07-04,Basic,Annual,3,29.88,Education,1-4,APAC,30,2.1,42.5,3,9.8,4.0,12,True,True,False,False
ACC-00566,2023-07-05,Basic,Monthly,2,24.0,Software,1-4,EMEA,8,5.0,54.3,0,32.9,4.0,3,False,False,False,True
ACC-00567,2023-07-05,Basic,Monthly,3,36.0,Manufacturing,1-4,NA,17,11.2,74.9,0,13.0,7.0,3,True,False,False,False
ACC-00568,2023-07-05,Business,Monthly,21,1029.0,Education,5-24,NA,19,3.9,60.6,2,9.0,6.0,11,True,False,False,False
ACC-00569,2023-07-05,Business,Monthly,18,882.0,Finance,5-24,EMEA,21,7.2,63.7,3,27.8,6.0,13,True,False,False,False
ACC-00570,2023-07-05,Basic,Annual,3,29.88,Software,1-4,LATAM,13,5.8,44.5,2,2.2,8.0,3,True,False,False,False
ACC-00571,2023-07-06,Basic,Annual,2,19.92,Manufacturing,1-4,EMEA,16,4.9,39.7,4,4.8,,6,True,False,False,False
ACC-00572,2023-07-06,Business,Monthly,17,833.0,Healthcare,5-24,EMEA,20,3.4,55.1,1,25.3,,18,True,False,False,False
ACC-00573,2023-07-06,Business,Monthly,15,735.0,Finance,5-24,EMEA,10,11.3,76.8,5,24.6,8.0,1,True,False,False,False
ACC-00574,2023-07-07,Basic,Annual,2,19.92,Education,1-4,NA,3,2.9,22.6,1,16.8,6.0,2,True,False,False,True
ACC-00575,2023-07-07,Business,Monthly,12,588.0,Software,5-24,EMEA,46,6.3,79.7,4,20.1,7.0,1,True,True,False,False
ACC-00576,2023-07-07,Business,Monthly,20,980.0,Healthcare,5-24,EMEA,16,6.1,62.6,3,30.2,6.0,1,True,False,False,False
ACC-00577,2023-07-07,Basic,Monthly,4,48.0,Finance,1-4,EMEA,9,7.1,38.8,1,4.0,5.0,4,True,True,False,True
ACC-00578,2023-07-07,Enterprise,Annual,49,3619.63,Finance,25-99,NA,21,2.3,72.8,3,5.4,5.0,3,True,False,True,False
ACC-00579,2023-07-07,Basic,Annual,3,29.88,Retail,1-4,NA,10,1.9,60.6,4,8.6,,26,True,False,False,False
ACC-00580,2023-07-07,Pro,Monthly,5,145.0,Retail,5-24,EMEA,47,1.9,62.2,6,8.1,10.0,33,True,False,False,False
ACC-00581,2023-07-08,Pro,Annual,3,72.21,Education,1-4,LATAM,8,3.4,57.2,3,11.4,7.0,5,True,False,False,False
ACC-00582,2023-07-08,Basic,Monthly,6,72.0,Education,5-24,NA,7,3.5,66.5,2,26.3,,21,True,True,False,True
ACC-00583,2023-07-11,Business,Monthly,10,490.0,Education,5-24,NA,21,11.7,66.2,4,31.9,8.0,4,True,False,False,False
ACC-00584,2023-07-11,Basic,Annual,1,9.96,Finance,1-4,LATAM,4,8.4,82.1,1,16.8,6.0,8,False,False,False,True
ACC-00585,2023-07-11,Pro,Monthly,6,174.0,Healthcare,5-24,NA,8,6.9,54.7,3,5.6,10.0,12,True,False,False,False
ACC-00586,2023-07-11,Basic,Monthly,3,36.0,Healthcare,1-4,EMEA,18,3.2,39.0,2,11.1,8.0,5,False,False,False,True
ACC-00587,2023-07-11,Pro,Monthly,11,319.0,Software,5-24,NA,5,3.3,23.6,3,12.2,,6,False,False,False,True
ACC-00588,2023-07-12,Business,Monthly,10,490.0,Finance,5-24,NA,4,1.7,34.4,3,18.2,5.0,12,True,False,False,False
ACC-00589,2023-07-12,Basic,Monthly,2,24.0,Finance,1-4,EMEA,16,9.1,25.9,2,10.5,10.0,18,False,False,False,False
ACC-00590,2023-07-12,Basic,Monthly,1,12.0,Finance,1-4,NA,13,16.0,86.1,4,39.7,,15,True,False,False,False
ACC-00591,2023-07-12,Basic,Monthly,4,48.0,Healthcare,1-4,EMEA,19,4.8,66.4,3,23.8,8.0,2,True,False,False,False
ACC-00592,2023-07-12,Basic,Annual,2,19.92,Healthcare,1-4,NA,20,6.3,57.3,2,2.7,10.0,7,False,False,False,False
ACC-00593,2023-07-12,Enterprise,Annual,33,2437.71,Finance,25-99,EMEA,8,5.4,65.3,2,16.5,8.0,1,True,False,False,False
ACC-00594,2023-07-13,Pro,Annual,6,144.42,Retail,5-24,NA,6,2.4,58.9,1,17.5,8.0,3,True,False,False,False
ACC-00595,2023-07-13,Basic,Monthly,3,36.0,Retail,1-4,NA,2,2.0,62.4,2,35.4,8.0,17,False,False,False,True
ACC-00596,2023-07-13,Business,Monthly,10,490.0,Software,5-24,EMEA,9,4.5,66.4,7,38.9,6.0,11,False,False,False,False
ACC-00597,2023-07-13,Basic,Monthly,2,24.0,Healthcare,1-4,NA,17,0.9,37.2,2,28.1,,15,True,False,False,False
ACC-00598,2023-07-13,Basic,Monthly,2,24.0,Education,1-4,EMEA,7,4.7,69.9,4,25.6,6.0,0,False,False,False,False
ACC-00599,2023-07-13,Enterprise,Annual,25,1846.75,Education,25-99,APAC,22,1.4,86.6,3,14.4,5.0,16,True,False,True,True
ACC-00600,2023-07-15,Basic,Annual,2,19.92,Manufacturing,1-4,NA,1,3.1,52.6,0,8.7,8.0,3,True,True,False,False
ACC-00601,2023-07-15,Basic,Monthly,1,12.0,Healthcare,1-4,EMEA,15,5.1,70.7,3,62.2,9.0,6,False,True,False,False
ACC-00602,2023-07-15,Basic,Annual,2,19.92,Manufacturing,1-4,NA,8,2.3,41.7,1,31.5,8.0,3,False,False,False,False
ACC-00603,2023-07-15,Pro,Monthly,7,203.0,Retail,5-24,EMEA,9,2.3,66.8,2,6.4,,5,True,True,False,False
ACC-00604,2023-07-15,Pro,Monthly,6,174.0,Finance,5-24,NA,42,4.6,57.5,1,11.9,4.0,1,True,False,False,False
ACC-00605,2023-07-16,Business,Annual,15,610.05,Education,5-24,EMEA,17,2.4,55.1,3,32.6,,10,False,False,False,True
ACC-00606,2023-07-16,Business,Monthly,14,686.0,Manufacturing,5-24,NA,13,2.2,55.4,7,9.3,9.0,0,True,False,False,False
ACC-00607,2023-07-16,Pro,Annual,4,96.28,Education,1-4,NA,12,10.4,64.9,4,19.1,,2,True,True,False,False
ACC-00608,2023-07-17,Pro,Monthly,4,116.0,Retail,1-4,NA,16,1.5,32.8,4,9.6,5.0,16,True,False,False,True
ACC-00609,2023-07-17,Enterprise,Monthly,52,4628.0,Healthcare,25-99,APAC,8,2.0,56.1,1,15.8,8.0,7,True,False,False,False
ACC-00610,2023-07-17,Pro,Annual,2,48.14,Finance,1-4,NA,6,3.0,53.0,2,10.2,,8,True,False,False,False
ACC-00611,2023-07-18,Basic,Monthly,2,24.0,Education,1-4,EMEA,13,2.5,31.3,5,5.8,8.0,5,False,False,False,False
ACC-00612,2023-07-18,Basic,Monthly,3,36.0,Finance,1-4,EMEA,14,1.3,27.2,3,14.0,10.0,14,False,True,False,True
ACC-00613,2023-07-19,Business,Monthly,7,343.0,Healthcare,5-24,NA,13,9.1,70.6,3,25.1,6.0,2,False,False,False,True
ACC-00614,2023-07-19,Basic,Monthly,2,24.0,Retail,1-4,EMEA,25,5.2,32.7,2,29.9,,0,True,False,False,False
ACC-00615,2023-07-19,Pro,Monthly,4,116.0,Retail,1-4,NA,23,4.2,85.3,6,28.1,8.0,3,True,False,False,True
ACC-00616,2023-07-19,Basic,Annual,6,59.76,Healthcare,5-24,EMEA,10,3.7,48.0,4,44.6,8.0,10,True,False,False,False
ACC-00617,2023-07-19,Basic,Annual,3,29.88,Retail,1-4,NA,1,8.3,31.6,2,23.3,6.0,3,True,False,False,False
ACC-00618,2023-07-20,Enterprise,Monthly,32,2848.0,Retail,25-99,NA,17,0.6,55.7,2,20.1,8.0,17,True,False,True,False
ACC-00619,2023-07-21,Enterprise,Annual,16,1181.92,Retail,5-24,EMEA,21,12.7,100.0,2,39.3,5.0,3,True,False,True,False
ACC-00620,2023-07-21,Basic,Monthly,2,24.0,Education,1-4,NA,14,2.7,56.5,3,21.0,,10,True,False,False,False
ACC-00621,2023-07-21,Pro,Annual,4,96.28,Education,1-4,NA,9,2.9,52.9,3,17.3,7.0,1,True,False,False,False
ACC-00622,2023-07-21,Pro,Monthly,4,116.0,Software,1-4,EMEA,7,1.7,44.9,3,12.8,8.0,21,False,False,False,True
ACC-00623,2023-07-22,Basic,Monthly,1,12.0,Software,1-4,NA,22,1.5,53.4,2,24.5,,17,False,True,False,True
ACC-00624,2023-07-22,Business,Monthly,50,2450.0,Finance,25-99,NA,42,8.3,69.6,3,11.5,9.0,1,True,False,False,False
ACC-00625,2023-07-22,Basic,Monthly,2,24.0,Healthcare,1-4,APAC,48,1.8,60.7,0,30.4,,17,True,False,False,True
ACC-00626,2023-07-23,Basic,Annual,3,29.88,Education,1-4,APAC,19,5.2,47.6,6,22.2,6.0,3,True,False,False,False
ACC-00627,2023-07-23,Basic,Annual,2,19.92,Manufacturing,1-4,LATAM,18,4.5,74.7,1,17.4,,4,True,False,False,False
ACC-00628,2023-07-23,Basic,Monthly,2,24.0,Manufacturing,1-4,APAC,19,2.3,57.4,2,25.6,6.0,2,False,False,False,False
ACC-00629,2023-07-24,Enterprise,Monthly,25,2225.0,Manufacturing,25-99,EMEA,11,1.8,23.3,3,5.6,5.0,13,True,False,True,False
ACC-00630,2023-07-24,Basic,Monthly,1,12.0,Retail,1-4,APAC,7,4.1,42.8,2,5.9,,26,True,False,False,True
ACC-00631,2023-07-24,Basic,Annual,5,49.8,Education,5-24,NA,14,4.8,63.3,2,18.8,9.0,5,True,False,False,False
ACC-00632,2023-07-24,Basic,Monthly,2,24.0,Retail,1-4,APAC,14,5.0,82.3,2,27.8,10.0,6,True,False,False,False
ACC-00633,2023-07-25,Basic,Annual,2,19.92,Software,1-4,NA,12,1.6,86.3,4,4.8,7.0,14,False,True,False,True
ACC-00634,2023-07-25,Basic,Monthly,2,24.0,Manufacturing,1-4,NA,14,5.5,54.0,1,28.6,,2,True,False,False,False
ACC-00635,2023-07-26,Basic,Annual,2,19.92,Healthcare,1-4,NA,10,4.1,59.4,6,1.3,6.0,0,True,False,False,False
ACC-00636,2023-07-28,Pro,Annual,5,120.35,Manufacturing,5-24,NA,18,2.1,51.0,3,31.7,,3,True,False,False,False
ACC-00637,2023-07-28,Basic,Monthly,1,12.0,Education,1-4,NA,21,5.2,39.2,2,3.3,10.0,8,True,False,False,False
ACC-00638,2023-07-29,Pro,Monthly,6,174.0,Manufacturing,5-24,EMEA,5,2.2,31.8,3,3.4,,4,True,False,False,False
ACC-00639,2023-07-29,Basic,Annual,3,29.88,Finance,1-4,LATAM,23,6.5,56.5,1,11.6,5.0,5,True,False,False,False
ACC-00640,2023-07-29,Business,Annual,18,732.06,Software,5-24,LATAM,26,3.4,55.6,5,38.1,7.0,0,True,False,False,False
ACC-00641,2023-07-29,Basic,Annual,2,19.92,Finance,1-4,APAC,6,5.0,55.0,2,23.0,8.0,2,False,False,False,False
ACC-00642,2023-07-30,Business,Monthly,12,588.0,Software,5-24,APAC,15,4.5,42.0,8,15.6,9.0,3,True,False,False,False
ACC-00643,2023-07-30,Enterprise,Monthly,16,1424.0,Education,5-24,NA,11,2.4,59.2,2,32.4,10.0,3,True,False,True,False
ACC-00644,2023-07-30,Pro,Monthly,7,203.0,Education,5-24,NA,35,5.3,12.9,2,8.0,7.0,1,False,False,False,False
ACC-00645,2023-07-30,Business,Annual,18,732.06,Healthcare,5-24,NA,8,9.3,85.1,1,29.1,9.0,5,True,False,False,False
ACC-00646,2023-07-30,Pro,Annual,6,144.42,Retail,5-24,EMEA,48,2.8,21.4,1,27.7,6.0,3,False,True,False,True
ACC-00647,2023-07-30,Pro,Monthly,7,203.0,Retail,5-24,EMEA,18,5.4,55.7,3,28.7,8.0,4,False,False,False,False
ACC-00648,2023-07-31,Basic,Monthly,2,24.0,Healthcare,1-4,EMEA,22,4.3,54.2,1,9.3,5.0,4,False,False,False,True
ACC-00649,2023-07-31,Pro,Annual,6,144.42,Manufacturing,5-24,EMEA,3,8.8,96.3,2,9.6,,12,False,False,False,False
ACC-00650,2023-07-31,Basic,Monthly,3,36.0,Manufacturing,1-4,NA,10,3.1,39.3,3,21.2,6.0,8,False,False,False,False
ACC-00651,2023-07-31,Business,Annual,10,406.7,Education,5-24,EMEA,41,6.6,58.4,2,34.7,10.0,4,True,False,False,False
ACC-00652,2023-08-01,Basic,Monthly,2,24.0,Finance,1-4,EMEA,11,3.5,45.6,5,3.2,,0,True,False,False,False
ACC-00653,2023-08-01,Pro,Monthly,4,116.0,Manufacturing,1-4,LATAM,32,2.2,59.8,4,15.9,9.0,4,False,False,False,False
ACC-00654,2023-08-01,Pro,Monthly,6,174.0,Manufacturing,5-24,EMEA,4,9.9,63.8,1,20.7,8.0,1,False,False,False,False
ACC-00655,2023-08-02,Basic,Monthly,3,36.0,Retail,1-4,NA,13,4.4,57.2,2,7.5,6.0,5,True,False,False,False
ACC-00656,2023-08-02,Pro,Monthly,5,145.0,Manufacturing,5-24,EMEA,11,7.2,65.2,6,27.6,,14,True,True,False,False
ACC-00657,2023-08-02,Pro,Monthly,4,116.0,Software,1-4,EMEA,31,2.4,40.6,2,3.0,,3,True,False,False,False
ACC-00658,2023-08-02,Enterprise,Monthly,54,4806.0,Manufacturing,25-99,APAC,18,5.8,55.0,6,34.0,5.0,6,True,False,True,True
ACC-00659,2023-08-02,Pro,Annual,4,96.28,Finance,1-4,EMEA,19,3.1,56.8,7,29.9,,0,False,False,False,False
ACC-00660,2023-08-02,Basic,Monthly,2,24.0,Finance,1-4,APAC,11,6.8,71.8,1,3.3,,0,False,False,False,False
ACC-00661,2023-08-03,Business,Annual,16,650.72,Education,5-24,EMEA,4,1.7,30.2,1,15.0,8.0,20,True,True,False,True
ACC-00662,2023-08-04,Pro,Annual,17,409.19,Manufacturing,5-24,NA,34,5.6,74.9,4,7.2,,18,True,False,False,False
ACC-00663,2023-08-04,Basic,Monthly,2,24.0,Healthcare,1-4,NA,14,1.6,20.1,1,8.3,9.0,20,False,False,False,True
ACC-00664,2023-08-04,Pro,Monthly,4,116.0,Retail,1-4,NA,28,8.3,53.7,5,68.8,,12,True,False,False,False
ACC-00665,2023-08-04,Pro,Monthly,4,116.0,Finance,1-4,NA,30,4.9,65.6,4,29.9,7.0,14,True,False,False,False
ACC-00666,2023-08-05,Basic,Annual,3,29.88,Education,1-4,LATAM,6,7.1,61.0,2,15.0,3.0,8,True,False,False,False
ACC-00667,2023-08-05,Pro,Monthly,5,145.0,Education,5-24,NA,17,5.1,0.0,1,4.9,8.0,0,True,False,False,False
ACC-00668,2023-08-05,Basic,Annual,3,29.88,Finance,1-4,APAC,32,14.8,65.1,4,17.2,,2,False,False,False,True
ACC-00669,2023-08-06,Basic,Monthly,2,24.0,Manufacturing,1-4,NA,21,5.7,52.3,3,10.6,7.0,18,True,True,False,False
ACC-00670,2023-08-06,Pro,Monthly,3,87.0,Healthcare,1-4,EMEA,31,3.8,27.3,3,22.2,9.0,8,False,False,False,False
ACC-00671,2023-08-06,Pro,Monthly,7,203.0,Software,5-24,EMEA,24,3.4,14.5,0,3.9,8.0,1,False,False,False,False
ACC-00672,2023-08-06,Basic,Monthly,5,60.0,Healthcare,5-24,NA,23,6.1,100.0,3,5.1,5.0,6,True,False,False,False
ACC-00673,2023-08-06,Business,Annual,13,528.71,Retail,5-24,EMEA,29,7.4,39.5,3,12.7,7.0,1,True,False,False,False
ACC-00674,2023-08-06,Pro,Monthly,2,58.0,Software,1-4,EMEA,10,11.3,75.9,4,9.6,,10,False,True,False,False
ACC-00675,2023-08-06,Business,Monthly,26,1274.0,Finance,25-99,NA,27,2.1,36.0,4,12.7,7.0,1,True,False,False,False
ACC-00676,2023-08-08,Basic,Annual,2,19.92,Software,1-4,EMEA,11,6.0,52.7,3,14.5,4.0,5,True,False,False,False
ACC-00677,2023-08-08,Basic,Monthly,3,36.0,Retail,1-4,EMEA,10,2.6,54.3,2,10.6,8.0,0,True,False,False,False
ACC-00678,2023-08-08,Business,Monthly,29,1421.0,Healthcare,25-99,NA,7,5.6,61.3,4,10.6,7.0,16,True,False,False,False
ACC-00679,2023-08-08,Pro,Annual,4,96.28,Manufacturing,1-4,NA,19,4.4,49.9,2,4.0,5.0,2,True,False,False,False
ACC-00680,2023-08-08,Basic,Annual,2,19.92,Retail,1-4,NA,14,0.8,75.7,3,10.8,4.0,20,True,False,False,True
ACC-00681,2023-08-08,Pro,Monthly,4,116.0,Manufacturing,1-4,NA,33,2.9,62.1,4,31.5,,4,False,False,False,False
ACC-00682,2023-08-08,Business,Monthly,13,637.0,Manufacturing,5-24,APAC,21,4.9,84.8,2,4.4,,0,True,False,False,False
ACC-00683,2023-08-09,Basic,Monthly,2,24.0,Manufacturing,1-4,NA,4,4.2,45.3,1,18.6,9.0,9,True,False,False,False
ACC-00684,2023-08-09,Pro,Annual,6,144.42,Finance,5-24,EMEA,11,3.0,31.9,8,38.6,7.0,9,False,False,False,False
ACC-00685,2023-08-10,Business,Monthly,11,539.0,Retail,5-24,EMEA,8,1.7,67.0,2,21.7,8.0,17,True,True,False,False
ACC-00686,2023-08-10,Enterprise,Annual,40,2954.8,Software,25-99,APAC,24,9.1,68.9,2,13.3,,0,True,True,True,False
ACC-00687,2023-08-10,Basic,Annual,3,29.88,Healthcare,1-4,NA,1,3.3,74.4,1,29.8,,4,True,True,False,False
ACC-00688,2023-08-11,Basic,Annual,1,9.96,Retail,1-4,EMEA,18,12.2,81.5,3,13.6,5.0,4,False,False,False,False
ACC-00689,2023-08-11,Basic,Annual,3,29.88,Finance,1-4,APAC,9,5.2,52.7,2,22.7,7.0,1,False,False,False,False
ACC-00690,2023-08-11,Pro,Annual,4,96.28,Software,1-4,EMEA,11,4.8,61.0,4,14.3,,5,True,False,False,False
ACC-00691,2023-08-11,Basic,Annual,1,9.96,Education,1-4,NA,15,4.9,65.1,2,14.1,,2,True,False,False,False
ACC-00692,2023-08-11,Basic,Monthly,2,24.0,Manufacturing,1-4,NA,6,5.7,64.6,2,38.3,8.0,0,True,False,False,False
ACC-00693,2023-08-11,Basic,Annual,6,59.76,Retail,5-24,EMEA,31,2.1,40.2,4,16.6,6.0,1,False,False,False,False
ACC-00694,2023-08-12,Basic,Annual,1,9.96,Finance,1-4,EMEA,6,5.3,72.6,2,3.6,7.0,4,True,False,False,False
ACC-00695,2023-08-12,Basic,Monthly,2,24.0,Finance,1-4,EMEA,28,3.2,71.4,1,32.0,,1,True,True,False,False
ACC-00696,2023-08-12,Pro,Annual,4,96.28,Manufacturing,1-4,EMEA,14,4.7,26.9,1,8.6,,1,True,False,False,False
ACC-00697,2023-08-13,Pro,Annual,4,96.28,Education,1-4,EMEA,11,3.0,57.4,4,23.3,6.0,2,False,False,False,False
ACC-00698,2023-08-13,Pro,Monthly,3,87.0,Retail,1-4,EMEA,9,7.9,51.7,3,7.4,5.0,0,True,False,False,False
ACC-00699,2023-08-13,Basic,Monthly,1,12.0,Retail,1-4,EMEA,21,1.0,51.3,2,13.0,7.0,29,True,True,False,False
ACC-00700,2023-08-13,Pro,Monthly,6,174.0,Software,5-24,APAC,12,1.3,47.8,1,17.8,9.0,18,False,True,False,False
ACC-00701,2023-08-13,Enterprise,Annual,42,3102.54,Retail,25-99,NA,10,7.6,63.1,2,0.4,,3,False,False,True,False
ACC-00702,2023-08-13,Business,Monthly,8,392.0,Healthcare,5-24,NA,41,2.4,38.6,1,20.1,6.0,0,True,False,False,True
ACC-00703,2023-08-13,Pro,Annual,8,192.56,Healthcare,5-24,NA,19,3.1,35.1,1,28.6,6.0,9,True,False,False,False
ACC-00704,2023-08-14,Pro,Monthly,6,174.0,Manufacturing,5-24,EMEA,12,13.3,66.7,5,13.4,4.0,1,True,False,False,True
ACC-00705,2023-08-14,Basic,Monthly,3,36.0,Finance,1-4,APAC,45,5.2,65.9,3,19.6,,12,True,False,False,False
ACC-00706,2023-08-14,Enterprise,Monthly,14,1246.0,Retail,5-24,APAC,1,1.1,68.7,1,28.9,8.0,16,True,False,True,False
ACC-00707,2023-08-14,Business,Monthly,21,1029.0,Education,5-24,APAC,18,5.1,48.5,2,5.7,,4,True,False,False,False
ACC-00708,2023-08-14,Basic,Annual,3,29.88,Healthcare,1-4,NA,16,0.4,15.7,1,28.8,,20,False,False,False,True
ACC-00709,2023-08-14,Pro,Monthly,7,203.0,Manufacturing,5-24,NA,4,8.7,43.9,1,24.5,10.0,1,True,False,False,False
ACC-00710,2023-08-15,Basic,Annual,2,19.92,Software,1-4,APAC,22,15.3,64.5,0,16.8,1.0,29,True,False,False,False
ACC-00711,2023-08-16,Pro,Annual,11,264.77,Healthcare,5-24,LATAM,17,4.1,24.9,2,7.6,,7,True,False,False,False
ACC-00712,2023-08-16,Business,Monthly,12,588.0,Manufacturing,5-24,EMEA,4,15.1,64.5,2,33.6,,7,True,False,False,False
ACC-00713,2023-08-16,Enterprise,Annual,42,3102.54,Healthcare,25-99,NA,11,3.1,47.5,3,16.3,6.0,2,False,False,True,False
ACC-00714,2023-08-16,Basic,Annual,3,29.88,Software,1-4,NA,8,16.3,84.0,2,35.0,9.0,2,True,True,False,False
ACC-00715,2023-08-16,Business,Monthly,8,392.0,Software,5-24,NA,12,10.0,55.0,1,10.9,2.0,8,True,False,False,False
ACC-00716,2023-08-16,Basic,Monthly,1,12.0,Finance,1-4,NA,1,2.0,65.7,2,64.1,10.0,2,False,False,False,False
ACC-00717,2023-08-16,Pro,Annual,9,216.63,Software,5-24,NA,19,6.9,79.0,4,11.5,,1,True,False,False,False
ACC-00718,2023-08-16,Basic,Monthly,2,24.0,Retail,1-4,EMEA,13,3.0,67.9,8,17.5,3.0,3,True,True,False,True
ACC-00719,2023-08-17,Business,Annual,11,447.37,Software,5-24,EMEA,11,0.8,37.0,1,2.1,6.0,26,False,False,False,False
ACC-00720,2023-08-17,Basic,Monthly,1,12.0,Retail,1-4,NA,3,2.8,59.7,1,27.2,,9,True,False,False,False
ACC-00721,2023-08-17,Business,Annual,5,203.35,Software,5-24,NA,11,1.7,59.3,1,10.2,4.0,24,True,False,False,True
ACC-00722,2023-08-17,Business,Monthly,20,980.0,Education,5-24,NA,3,0.8,34.9,2,15.2,,26,False,False,False,True
ACC-00723,2023-08-17,Pro,Monthly,5,145.0,Finance,5-24,EMEA,8,7.4,70.1,1,20.3,9.0,0,True,False,False,False
ACC-00724,2023-08-18,Business,Monthly,14,686.0,Manufacturing,5-24,NA,48,8.1,82.7,1,14.8,6.0,1,False,True,False,True
ACC-00725,2023-08-18,Basic,Monthly,1,12.0,Education,1-4,NA,15,2.3,66.6,2,10.3,9.0,9,True,False,False,False
ACC-00726,2023-08-18,Pro,Monthly,5,145.0,Retail,5-24,NA,23,6.2,9.0,6,7.3,7.0,5,True,False,False,True
ACC-00727,2023-08-19,Business,Monthly,13,637.0,Retail,5-24,NA,24,2.6,73.1,4,10.9,10.0,1,True,False,False,False
ACC-00728,2023-08-19,Business,Annual,18,732.06,Retail,5-24,NA,9,0.1,47.9,3,15.5,10.0,14,True,False,False,False
ACC-00729,2023-08-19,Basic,Monthly,4,48.0,Healthcare,1-4,NA,24,1.5,32.8,2,14.8,,14,True,False,False,False
ACC-00730,2023-08-19,Basic,Monthly,1,12.0,Healthcare,1-4,APAC,9,4.6,60.6,1,30.7,,1,True,False,False,True
ACC-00731,2023-08-19,Basic,Annual,1,9.96,Education,1-4,NA,9,6.2,34.7,1,35.2,9.0,7,False,True,False,False
ACC-00732,2023-08-19,Business,Monthly,7,343.0,Manufacturing,5-24,LATAM,4,3.4,59.4,1,27.7,,8,False,False,False,False
ACC-00733,2023-08-20,Basic,Annual,4,39.84,Education,1-4,NA,48,5.6,36.7,0,13.8,7.0,8,True,False,False,False
ACC-00734,2023-08-20,Basic,Annual,1,9.96,Finance,1-4,EMEA,30,2.5,32.9,1,8.4,,12,True,False,False,False
ACC-00735,2023-08-21,Basic,Monthly,2,24.0,Software,1-4,EMEA,12,0.5,24.8,1,4.7,,12,True,False,False,True
ACC-00736,2023-08-21,Basic,Annual,4,39.84,Retail,1-4,NA,15,7.7,72.1,1,5.2,,6,False,False,False,False
ACC-00737,2023-08-21,Pro,Annual,3,72.21,Finance,1-4,NA,4,0.6,39.2,4,9.3,,13,False,False,False,False
ACC-00738,2023-08-21,Enterprise,Monthly,54,4806.0,Retail,25-99,EMEA,8,6.7,42.5,2,39.0,,4,True,False,True,False
ACC-00739,2023-08-21,Enterprise,Monthly,21,1869.0,Healthcare,5-24,NA,12,5.8,51.6,4,10.7,10.0,1,False,False,True,False
ACC-00740,2023-08-22,Basic,Monthly,2,24.0,Retail,1-4,NA,8,4.0,88.0,0,8.7,,19,True,False,False,False
ACC-00741,2023-08-22,Basic,Annual,3,29.88,Retail,1-4,LATAM,14,3.3,58.9,4,24.5,6.0,0,True,True,False,False
ACC-00742,2023-08-22,Pro,Annual,6,144.42,Retail,5-24,NA,13,9.9,72.4,3,21.8,,0,True,False,False,False
ACC-00743,2023-08-23,Basic,Monthly,2,24.0,Retail,1-4,APAC,17,2.9,30.7,3,10.3,8.0,19,False,True,False,False
ACC-00744,2023-08-24,Business,Annual,11,447.37,Healthcare,5-24,APAC,10,5.0,61.2,2,5.4,,7,True,False,False,False
ACC-00745,2023-08-25,Business,Monthly,13,637.0,Healthcare,5-24,NA,22,1.3,46.9,1,8.9,8.0,12,True,False,False,False
ACC-00746,2023-08-25,Enterprise,Annual,31,2289.97,Finance,25-99,EMEA,3,8.7,66.7,2,29.4,6.0,2,True,False,False,True
ACC-00747,2023-08-26,Basic,Monthly,1,12.0,Education,1-4,NA,12,4.3,62.7,3,55.2,4.0,7,True,False,False,False
ACC-00748,2023-08-26,Pro,Annual,6,144.42,Manufacturing,5-24,NA,18,4.0,48.8,5,23.0,10.0,2,False,False,False,False
ACC-00749,2023-08-26,Business,Monthly,12,588.0,Finance,5-24,NA,27,1.0,62.9,2,19.2,9.0,16,True,False,False,False
ACC-00750,2023-08-26,Basic,Monthly,6,72.0,Finance,5-24,NA,22,2.8,69.2,2,29.2,8.0,7,True,False,False,False
ACC-00751,2023-08-27,Basic,Monthly,4,48.0,Education,1-4,LATAM,10,6.4,53.0,0,25.8,,4,True,False,False,False
ACC-00752,2023-08-27,Enterprise,Monthly,21,1869.0,Finance,5-24,EMEA,2,0.7,39.8,2,6.9,10.0,20,True,False,True,True
ACC-00753,2023-08-27,Pro,Annual,5,120.35,Healthcare,5-24,NA,11,7.5,96.9,1,9.1,5.0,10,False,False,False,False
ACC-00754,2023-08-27,Basic,Annual,4,39.84,Manufacturing,1-4,NA,13,2.7,69.2,6,11.1,,5,True,False,False,True
ACC-00755,2023-08-27,Business,Annual,5,203.35,Software,5-24,APAC,5,2.5,31.6,1,24.3,7.0,4,True,False,False,False
ACC-00756,2023-08-28,Business,Monthly,11,539.0,Manufacturing,5-24,NA,10,6.9,61.3,3,18.0,6.0,17,False,False,False,True
ACC-00757,2023-08-28,Basic,Annual,1,9.96,Retail,1-4,NA,6,6.6,65.6,0,8.7,9.0,2,True,True,False,False
ACC-00758,2023-08-28,Business,Monthly,13,637.0,Finance,5-24,EMEA,16,1.0,59.7,0,13.9,2.0,23,False,True,False,True
ACC-00759,2023-08-28,Basic,Monthly,4,48.0,Manufacturing,1-4,NA,29,5.1,52.5,3,12.9,,6,True,False,False,True
ACC-00760,2023-08-29,Basic,Annual,3,29.88,Retail,1-4,NA,9,5.8,20.3,0,16.0,8.0,6,False,False,False,False
ACC-00761,2023-08-29,Basic,Monthly,1,12.0,Software,1-4,NA,30,11.6,53.9,4,6.5,9.0,0,False,False,False,False
ACC-00762,2023-08-30,Enterprise,Annual,25,1846.75,Manufacturing,25-99,NA,32,13.0,52.0,3,10.8,8.0,22,True,False,True,False
ACC-00763,2023-08-30,Basic,Monthly,2,24.0,Manufacturing,1-4,APAC,10,1.3,12.6,2,23.5,6.0,15,False,False,False,True
ACC-00764,2023-08-30,Business,Annual,13,528.71,Healthcare,5-24,NA,23,2.6,65.3,4,3.9,7.0,3,False,True,False,False
ACC-00765,2023-08-31,Basic,Annual,2,19.92,Retail,1-4,APAC,4,1.6,58.6,2,0.8,7.0,13,False,False,False,True
ACC-00766,2023-08-31,Basic,Monthly,2,24.0,Manufacturing,1-4,NA,12,12.8,92.3,0,4.8,6.0,10,True,False,False,False
ACC-00767,2023-08-31,Business,Monthly,11,539.0,Retail,5-24,EMEA,34,2.9,26.9,3,27.8,,4,True,False,False,False
ACC-00768,2023-08-31,Basic,Monthly,2,24.0,Healthcare,1-4,EMEA,9,3.0,46.4,3,29.1,4.0,1,False,False,False,True
ACC-00769,2023-09-01,Basic,Monthly,6,72.0,Retail,5-24,EMEA,14,3.7,59.7,2,7.7,9.0,3,True,True,False,False
ACC-00770,2023-09-01,Pro,Monthly,5,145.0,Manufacturing,5-24,EMEA,19,2.2,42.4,4,25.4,,9,True,False,False,False
ACC-00771,2023-09-01,Pro,Monthly,6,174.0,Finance,5-24,LATAM,26,1.5,55.8,2,1.4,7.0,16,True,False,False,False
ACC-00772,2023-09-02,Business,Monthly,17,833.0,Retail,5-24,EMEA,24,1.6,38.3,1,7.8,,23,False,False,False,False
ACC-00773,2023-09-02,Pro,Annual,9,216.63,Finance,5-24,EMEA,40,1.8,30.8,1,40.5,,16,True,False,False,False
ACC-00774,2023-09-02,Pro,Monthly,4,116.0,Healthcare,1-4,NA,21,3.6,51.1,2,3.7,5.0,1,True,False,False,False
ACC-00775,2023-09-02,Business,Monthly,23,1127.0,Manufacturing,5-24,APAC,10,7.1,66.7,5,35.6,,14,True,True,False,False
ACC-00776,2023-09-03,Basic,Monthly,2,24.0,Finance,1-4,NA,16,2.1,54.5,3,4.2,7.0,2,True,False,False,False
ACC-00777,2023-09-03,Pro,Monthly,5,145.0,Healthcare,5-24,NA,5,13.3,80.7,4,15.1,7.0,2,False,False,False,True
ACC-00778,2023-09-03,Basic,Monthly,2,24.0,Education,1-4,EMEA,22,4.0,56.0,1,12.5,,8,True,False,False,False
ACC-00779,2023-09-03,Enterprise,Annual,34,2511.58,Manufacturing,25-99,EMEA,12,3.3,72.5,2,19.4,,1,True,False,False,False
ACC-00780,2023-09-03,Pro,Monthly,16,464.0,Retail,5-24,EMEA,5,10.5,59.1,4,29.8,10.0,11,True,False,False,True
ACC-00781,2023-09-04,Pro,Annual,4,96.28,Healthcare,1-4,EMEA,2,9.2,70.9,2,10.3,8.0,3,True,False,False,False
ACC-00782,2023-09-04,Enterprise,Monthly,27,2403.0,Retail,25-99,NA,10,1.7,54.1,3,16.6,,18,True,False,True,False
ACC-00783,2023-09-04,Pro,Monthly,7,203.0,Finance,5-24,NA,27,1.1,55.6,3,18.8,10.0,33,True,False,False,True
ACC-00784,2023-09-04,Pro,Annual,11,264.77,Finance,5-24,NA,14,18.6,94.5,4,17.7,9.0,7,False,False,False,False
ACC-00785,2023-09-04,Basic,Monthly,4,48.0,Retail,1-4,EMEA,33,3.7,61.4,0,19.2,6.0,4,True,False,False,False
ACC-00786,2023-09-04,Pro,Monthly,8,232.0,Software,5-24,EMEA,4,5.2,57.2,5,5.7,8.0,2,True,False,False,False
ACC-00787,2023-09-05,Pro,Monthly,2,58.0,Retail,1-4,EMEA,17,0.9,23.7,0,11.5,,31,True,False,False,False
ACC-00788,2023-09-05,Business,Monthly,16,784.0,Software,5-24,EMEA,23,2.0,39.5,3,20.9,,1,True,False,False,False
ACC-00789,2023-09-05,Pro,Annual,1,24.07,Manufacturing,1-4,NA,12,4.3,36.6,4,19.3,,6,True,False,False,False
ACC-00790,2023-09-06,Basic,Monthly,1,12.0,Software,1-4,NA,27,6.8,59.3,2,21.6,7.0,29,True,False,False,False
ACC-00791,2023-09-06,Enterprise,Monthly,13,1157.0,Finance,5-24,NA,41,1.3,49.1,5,1.7,7.0,26,True,False,True,False
ACC-00792,2023-09-07,Pro,Monthly,3,87.0,Software,1-4,LATAM,19,6.8,65.8,3,11.4,9.0,5,True,False,False,False
ACC-00793,2023-09-07,Pro,Annual,5,120.35,Software,5-24,NA,30,9.0,59.6,1,10.6,,4,True,False,False,False
ACC-00794,2023-09-08,Pro,Monthly,4,116.0,Healthcare,1-4,EMEA,17,2.9,45.5,3,14.5,9.0,10,False,False,False,False
ACC-00795,2023-09-08,Business,Monthly,10,490.0,Manufacturing,5-24,EMEA,9,3.1,47.9,5,30.9,6.0,11,False,True,False,False
ACC-00796,2023-09-08,Pro,Annual,5,120.35,Finance,5-24,EMEA,9,8.8,60.2,4,17.4,6.0,1,True,False,False,False
ACC-00797,2023-09-09,Basic,Monthly,4,48.0,Education,1-4,EMEA,10,8.8,54.0,2,6.4,6.0,4,True,True,False,False
ACC-00798,2023-09-09,Basic,Annual,3,29.88,Healthcare,1-4,EMEA,25,6.0,45.8,3,7.2,7.0,1,True,False,False,False
ACC-00799,2023-09-09,Pro,Annual,15,361.05,Education,5-24,NA,8,2.8,38.1,4,5.7,9.0,6,True,False,False,False
ACC-00800,2023-09-09,Basic,Annual,2,19.92,Manufacturing,1-4,EMEA,27,6.5,64.6,4,11.2,7.0,1,True,False,False,False
ACC-00801,2023-09-11,Basic,Monthly,1,12.0,Healthcare,1-4,NA,8,4.6,42.4,1,21.4,,2,False,True,False,True
ACC-00802,2023-09-11,Basic,Annual,1,9.96,Manufacturing,1-4,APAC,31,7.5,65.6,2,5.2,,6,False,False,False,False
ACC-00803,2023-09-12,Pro,Monthly,5,145.0,Manufacturing,5-24,NA,9,5.8,70.6,1,9.0,,11,True,False,False,False
ACC-00804,2023-09-12,Basic,Annual,1,9.96,Software,1-4,APAC,14,4.2,68.0,4,50.5,,8,False,False,False,False
ACC-00805,2023-09-12,Business,Monthly,10,490.0,Manufacturing,5-24,APAC,10,10.5,65.6,3,20.3,,6,True,False,False,False
ACC-00806,2023-09-13,Basic,Monthly,2,24.0,Software,1-4,NA,30,1.4,27.7,0,42.8,7.0,14,False,False,False,True
ACC-00807,2023-09-13,Business,Annual,31,1260.77,Retail,25-99,LATAM,6,3.8,75.1,1,6.2,6.0,1,True,True,False,False
ACC-00808,2023-09-13,Basic,Annual,3,29.88,Finance,1-4,EMEA,27,8.5,75.8,2,33.3,,9,True,True,False,False
ACC-00809,2023-09-13,Business,Annual,8,325.36,Software,5-24,NA,19,3.4,50.0,4,48.1,,4,True,True,False,False
ACC-00810,2023-09-14,Basic,Annual,3,29.88,Software,1-4,NA,18,6.8,13.4,2,54.7,10.0,8,False,False,False,False
ACC-00811,2023-09-14,Enterprise,Monthly,53,4717.0,Software,25-99,LATAM,48,1.9,46.4,3,4.1,6.0,17,True,True,True,True
ACC-00812,2023-09-14,Business,Annual,20,813.4,Finance,5-24,APAC,39,1.4,60.9,1,19.5,9.0,14,True,False,False,True
ACC-00813,2023-09-15,Basic,Annual,1,9.96,Manufacturing,1-4,NA,7,3.9,39.3,3,26.6,8.0,3,True,False,False,False
ACC-00814,2023-09-15,Enterprise,Annual,42,3102.54,Education,25-99,EMEA,6,9.1,38.9,4,16.9,7.0,3,True,False,False,False
ACC-00815,2023-09-15,Basic,Monthly,2,24.0,Retail,1-4,APAC,9,3.5,69.7,1,36.5,5.0,3,False,False,False,False
ACC-00816,2023-09-15,Pro,Annual,3,72.21,Manufacturing,1-4,APAC,37,0.8,26.0,4,16.8,10.0,14,True,True,False,False
ACC-00817,2023-09-15,Basic,Annual,3,29.88,Manufacturing,1-4,NA,48,11.8,76.4,1,13.1,6.0,2,False,True,False,False
ACC-00818,2023-09-16,Basic,Monthly,3,36.0,Finance,1-4,APAC,24,0.6,50.9,2,13.2,,12,True,False,False,False
ACC-00819,2023-09-16,Basic,Annual,1,9.96,Software,1-4,EMEA,27,3.8,59.6,3,6.5,8.0,1,True,False,False,False
ACC-00820,2023-09-16,Business,Annual,24,976.08,Finance,5-24,EMEA,45,1.5,50.9,2,19.6,9.0,17,False,False,False,False
ACC-00821,2023-09-16,Enterprise,Monthly,31,2759.0,Software,25-99,EMEA,15,2.3,43.0,0,2.6,,3,True,False,True,True
ACC-00822,2023-09-17,Basic,Monthly,3,36.0,Finance,1-4,NA,11,6.9,60.6,2,13.7,,3,True,False,False,False
ACC-00823,2023-09-17,Basic,Annual,1,9.96,Education,1-4,NA,20,6.0,39.9,2,11.6,,3,True,False,False,False
ACC-00824,2023-09-17,Business,Annual,14,569.38,Healthcare,5-24,LATAM,22,3.7,70.8,1,47.9,6.0,4,True,False,False,False
ACC-00825,2023-09-17,Pro,Annual,4,96.28,Manufacturing,1-4,APAC,25,3.4,73.9,3,21.6,7.0,2,False,False,False,False
ACC-00826,2023-09-17,Basic,Monthly,2,24.0,Software,1-4,NA,26,7.7,75.5,2,23.7,10.0,18,True,False,False,False
ACC-00827,2023-09-17,Basic,Monthly,1,12.0,Manufacturing,1-4,NA,19,6.4,38.4,0,19.8,3.0,3,False,True,False,True
ACC-00828,2023-09-18,Business,Monthly,6,294.0,Education,5-24,NA,9,5.8,42.7,2,18.2,9.0,13,True,False,False,False
ACC-00829,2023-09-18,Basic,Monthly,5,60.0,Education,5-24,LATAM,9,7.3,70.8,3,3.1,,5,True,False,False,True
ACC-00830,2023-09-18,Basic,Annual,2,19.92,Education,1-4,LATAM,5,1.0,37.2,3,3.4,6.0,17,True,True,False,True
ACC-00831,2023-09-18,Pro,Annual,7,168.49,Manufacturing,5-24,EMEA,23,5.7,50.6,0,8.5,,1,False,False,False,False
ACC-00832,2023-09-19,Enterprise,Monthly,23,2047.0,Retail,5-24,NA,8,3.3,72.5,3,11.9,,16,False,False,True,False
ACC-00833,2023-09-20,Basic,Monthly,2,24.0,Software,1-4,NA,15,7.8,52.8,5,12.0,,1,False,False,False,False
ACC-00834,2023-09-20,Pro,Annual,5,120.35,Healthcare,5-24,NA,16,9.9,79.6,0,10.5,9.0,6,False,False,False,False
ACC-00835,2023-09-20,Business,Annual,11,447.37,Finance,5-24,EMEA,3,4.6,61.0,2,10.5,10.0,0,True,False,False,False
ACC-00836,2023-09-20,Pro,Annual,7,168.49,Manufacturing,5-24,NA,21,5.4,74.2,4,16.9,7.0,3,True,False,False,False
ACC-00837,2023-09-21,Basic,Monthly,1,12.0,Manufacturing,1-4,NA,30,6.5,43.3,1,6.9,10.0,2,False,False,False,False
ACC-00838,2023-09-21,Pro,Monthly,3,87.0,Manufacturing,1-4,NA,10,0.8,35.0,2,25.5,,20,True,False,False,True
ACC-00839,2023-09-22,Business,Monthly,14,686.0,Education,5-24,EMEA,17,7.9,42.1,0,29.5,,1,True,False,False,False
ACC-00840,2023-09-22,Basic,Monthly,4,48.0,Retail,1-4,NA,18,0.9,34.0,3,41.5,7.0,15,True,False,False,False
ACC-00841,2023-09-22,Business,Annual,7,284.69,Education,5-24,EMEA,4,10.8,64.8,4,2.4,8.0,5,True,True,False,False
ACC-00842,2023-09-22,Pro,Annual,4,96.28,Finance,1-4,EMEA,28,4.7,52.4,3,11.7,7.0,17,False,False,False,False
ACC-00843,2023-09-22,Basic,Annual,2,19.92,Software,1-4,LATAM,11,5.9,29.3,1,16.9,,1,False,False,False,False
ACC-00844,2023-09-22,Enterprise,Monthly,26,2314.0,Manufacturing,25-99,NA,24,1.0,55.7,2,13.7,,16,False,False,True,True
ACC-00845,2023-09-23,Basic,Annual,1,9.96,Software,1-4,NA,12,4.9,49.1,7,20.9,9.0,5,False,False,False,False
ACC-00846,2023-09-23,Pro,Monthly,5,145.0,Finance,5-24,EMEA,42,13.9,100.0,3,10.5,3.0,7,True,False,False,False
ACC-00847,2023-09-24,Enterprise,Monthly,21,1869.0,Finance,5-24,NA,18,8.5,65.4,1,12.7,6.0,5,False,True,False,False
ACC-00848,2023-09-24,Pro,Annual,3,72.21,Retail,1-4,EMEA,25,1.5,41.6,4,1.9,7.0,20,True,False,False,False
ACC-00849,2023-09-25,Business,Monthly,8,392.0,Retail,5-24,NA,39,2.5,56.6,4,25.5,5.0,3,True,False,False,False
ACC-00850,2023-09-25,Business,Annual,21,854.07,Software,5-24,NA,48,4.7,61.6,0,17.5,,10,False,False,False,False
ACC-00851,2023-09-26,Basic,Monthly,2,24.0,Software,1-4,NA,34,6.3,36.2,2,21.9,,3,False,False,False,False
ACC-00852,2023-09-26,Basic,Monthly,3,36.0,Finance,1-4,NA,13,7.5,68.4,3,18.4,4.0,16,True,False,False,False
ACC-00853,2023-09-26,Business,Monthly,17,833.0,Retail,5-24,NA,23,9.4,76.7,3,12.1,,7,True,True,False,True
ACC-00854,2023-09-27,Basic,Annual,1,9.96,Finance,1-4,NA,11,3.7,50.8,0,0.3,3.0,1,True,True,False,False
ACC-00855,2023-09-27,Pro,Annual,7,168.49,Manufacturing,5-24,NA,11,13.5,100.0,1,25.2,7.0,4,True,False,False,False
ACC-00856,2023-09-27,Business,Monthly,6,294.0,Manufacturing,5-24,EMEA,48,6.7,91.1,4,8.5,10.0,2,True,False,False,False
ACC-00857,2023-09-28,Pro,Monthly,5,145.0,Manufacturing,5-24,NA,39,1.8,39.7,3,12.9,,14,True,False,False,False
ACC-00858,2023-09-28,Business,Monthly,10,490.0,Finance,5-24,LATAM,11,0.7,38.7,2,7.9,7.0,31,True,False,False,False
ACC-00859,2023-09-28,Basic,Annual,3,29.88,Software,1-4,LATAM,20,0.9,44.0,5,31.0,6.0,16,False,False,False,True
ACC-00860,2023-09-28,Pro,Monthly,14,406.0,Software,5-24,EMEA,40,1.6,100.0,2,40.9,10.0,22,True,False,False,False
ACC-00861,2023-09-28,Pro,Monthly,6,174.0,Manufacturing,5-24,NA,23,5.5,62.3,2,31.3,7.0,13,False,True,False,True
ACC-00862,2023-09-28,Basic,Monthly,1,12.0,Manufacturing,1-4,EMEA,3,3.8,37.9,1,34.6,,25,True,False,False,False
ACC-00863,2023-09-28,Enterprise,Monthly,79,7031.0,Retail,25-99,NA,24,11.3,39.9,2,13.1,,7,True,True,True,True
ACC-00864,2023-09-28,Enterprise,Annual,40,2954.8,Software,25-99,NA,32,6.1,61.1,3,22.3,6.0,0,True,False,True,False
ACC-00865,2023-09-29,Basic,Annual,1,9.96,Manufacturing,1-4,NA,2,4.0,57.4,0,10.9,6.0,2,True,False,False,True
ACC-00866,2023-09-29,Pro,Annual,14,336.98,Software,5-24,NA,30,3.7,33.2,0,15.8,8.0,3,True,False,False,False
ACC-00867,2023-09-29,Pro,Monthly,4,116.0,Manufacturing,1-4,EMEA,15,2.4,50.3,1,28.0,5.0,5,False,True,False,True
ACC-00868,2023-09-29,Business,Annual,21,854.07,Education,5-24,NA,24,4.5,81.4,5,6.7,,2,True,True,False,False
ACC-00869,2023-09-29,Basic,Annual,1,9.96,Finance,1-4,APAC,33,2.2,44.5,1,12.3,10.0,8,True,True,False,False
ACC-00870,2023-09-30,Basic,Monthly,3,36.0,Software,1-4,EMEA,3,4.5,51.1,1,3.2,,12,True,False,False,True
ACC-00871,2023-09-30,Business,Annual,17,691.39,Manufacturing,5-24,EMEA,9,6.4,51.8,0,34.3,10.0,2,True,True,False,False
ACC-00872,2023-09-30,Basic,Monthly,2,24.0,Education,1-4,NA,5,1.7,70.9,3,6.7,8.0,13,True,True,False,True
ACC-00873,2023-09-30,Enterprise,Annual,53,3915.11,Software,25-99,EMEA,21,2.8,33.5,2,6.2,7.0,7,True,True,False,False
ACC-00874,2023-10-01,Enterprise,Monthly,37,3293.0,Finance,25-99,NA,2,10.0,53.6,3,12.3,8.0,1,True,False,True,False
ACC-00875,2023-10-01,Enterprise,Monthly,18,1602.0,Education,5-24,NA,7,5.2,49.4,3,41.3,10.0,8,True,False,False,False
ACC-00876,2023-10-02,Pro,Monthly,6,174.0,Healthcare,5-24,EMEA,13,4.3,37.7,3,9.8,8.0,9,False,False,False,False
ACC-00877,2023-10-03,Pro,Annual,4,96.28,Manufacturing,1-4,NA,25,1.2,33.2,2,12.3,7.0,18,False,False,False,False
ACC-00878,2023-10-04,Enterprise,Monthly,29,2581.0,Software,25-99,APAC,38,11.3,84.9,4,10.3,7.0,2,False,False,False,False
ACC-00879,2023-10-04,Enterprise,Monthly,34,3026.0,Retail,25-99,EMEA,7,2.9,46.2,4,27.7,7.0,5,False,False,True,False
ACC-00880,2023-10-05,Basic,Annual,3,29.88,Healthcare,1-4,NA,1,1.1,36.6,1,23.0,,17,False,False,False,True
ACC-00881,2023-10-05,Pro,Annual,6,144.42,Education,5-24,NA,36,2.4,49.0,1,9.1,,7,True,False,False,False
ACC-00882,2023-10-05,Basic,Annual,2,19.92,Finance,1-4,NA,14,4.4,62.2,1,7.8,,8,True,True,False,False
ACC-00883,2023-10-05,Pro,Annual,5,120.35,Retail,5-24,NA,23,19.0,61.4,4,3.7,7.0,3,True,False,False,False
ACC-00884,2023-10-06,Business,Annual,12,488.04,Software,5-24,APAC,18,5.4,49.4,3,7.4,6.0,3,False,False,False,False
ACC-00885,2023-10-06,Basic,Monthly,1,12.0,Finance,1-4,APAC,23,9.4,62.5,0,40.7,9.0,2,False,True,False,False
ACC-00886,2023-10-06,Enterprise,Annual,25,1846.75,Finance,25-99,NA,31,1.5,48.7,5,26.6,,20,False,False,True,False
ACC-00887,2023-10-07,Business,Annual,12,488.04,Education,5-24,NA,14,6.6,48.0,4,14.1,,0,True,True,False,False
ACC-00888,2023-10-07,Business,Monthly,18,882.0,Finance,5-24,NA,15,4.0,82.3,3,18.9,,4,True,False,False,False
ACC-00889,2023-10-08,Basic,Monthly,1,12.0,Manufacturing,1-4,EMEA,14,1.9,68.6,2,20.8,8.0,18,False,False,False,True
ACC-00890,2023-10-08,Business,Monthly,12,588.0,Retail,5-24,EMEA,16,12.7,74.7,3,18.4,,7,True,True,False,False
ACC-00891,2023-10-08,Business,Monthly,24,1176.0,Education,5-24,EMEA,18,6.6,73.6,2,6.7,8.0,1,True,False,False,False
ACC-00892,2023-10-08,Basic,Monthly,3,36.0,Retail,1-4,NA,14,4.6,25.7,1,2.6,,12,True,False,False,True
ACC-00893,2023-10-09,Basic,Monthly,1,12.0,Retail,1-4,NA,13,4.2,62.0,0,2.6,7.0,2,True,False,False,False
ACC-00894,2023-10-09,Basic,Monthly,2,24.0,Finance,1-4,APAC,14,3.5,37.9,3,3.5,9.0,3,True,False,False,False
ACC-00895,2023-10-09,Basic,Annual,2,19.92,Manufacturing,1-4,NA,12,11.2,59.6,1,11.1,8.0,3,True,True,False,False
ACC-00896,2023-10-09,Pro,Annual,9,216.63,Manufacturing,5-24,NA,6,5.7,44.5,3,12.5,7.0,12,False,False,False,False
ACC-00897,2023-10-10,Business,Monthly,14,686.0,Retail,5-24,APAC,26,8.9,56.3,2,19.5,,2,True,False,False,False
ACC-00898,2023-10-10,Basic,Monthly,3,36.0,Finance,1-4,APAC,19,4.9,50.8,3,5.6,,1,True,False,False,True
ACC-00899,2023-10-10,Pro,Annual,6,144.42,Software,5-24,LATAM,36,1.6,60.4,9,9.1,,15,True,False,False,False
ACC-00900,2023-10-10,Basic,Monthly,3,36.0,Finance,1-4,NA,4,5.5,58.3,1,24.0,,2,True,True,False,True
ACC-00901,2023-10-10,Pro,Monthly,6,174.0,Finance,5-24,EMEA,7,10.0,62.0,3,9.9,9.0,2,True,False,False,False
ACC-00902,2023-10-10,Business,Monthly,8,392.0,Finance,5-24,NA,10,2.9,52.3,2,12.6,,3,False,True,False,False
ACC-00903,2023-10-11,Basic,Monthly,2,24.0,Manufacturing,1-4,LATAM,47,2.7,56.2,0,8.3,7.0,1,True,True,False,False
ACC-00904,2023-10-11,Business,Monthly,13,637.0,Retail,5-24,EMEA,30,2.0,51.6,3,11.8,4.0,1,True,False,False,False
ACC-00905,2023-10-11,Business,Monthly,12,588.0,Retail,5-24,NA,16,0.9,75.6,2,24.0,,15,False,True,False,True
ACC-00906,2023-10-11,Pro,Monthly,11,319.0,Education,5-24,NA,33,3.7,33.9,2,13.2,10.0,5,True,False,False,False
ACC-00907,2023-10-11,Business,Annual,7,284.69,Retail,5-24,EMEA,30,10.2,100.0,2,15.7,,0,True,False,False,False
ACC-00908,2023-10-11,Pro,Monthly,4,116.0,Software,1-4,APAC,16,10.6,85.6,4,32.7,,1,True,False,False,False
ACC-00909,2023-10-11,Business,Annual,14,569.38,Manufacturing,5-24,NA,34,0.7,33.2,2,10.0,,21,True,False,False,False
ACC-00910,2023-10-12,Basic,Monthly,3,36.0,Education,1-4,NA,4,4.2,42.5,0,11.7,9.0,4,False,True,False,False
ACC-00911,2023-10-12,Pro,Monthly,5,145.0,Manufacturing,5-24,EMEA,8,4.5,61.9,3,16.8,,0,True,False,False,True
ACC-00912,2023-10-12,Business,Annual,7,284.69,Manufacturing,5-24,EMEA,6,7.6,86.7,4,17.8,7.0,23,True,False,False,False
ACC-00913,2023-10-13,Basic,Monthly,4,48.0,Manufacturing,1-4,EMEA,14,0.7,39.3,4,8.5,7.0,21,True,False,False,True
ACC-00914,2023-10-14,Basic,Monthly,4,48.0,Software,1-4,APAC,19,3.2,62.8,3,8.7,8.0,8,False,True,False,False
ACC-00915,2023-10-14,Business,Annual,6,244.02,Education,5-24,NA,10,4.3,42.4,1,1.8,,14,True,False,False,False
ACC-00916,2023-10-14,Basic,Monthly,2,24.0,Healthcare,1-4,EMEA,15,6.5,53.5,2,6.6,,0,True,False,False,True
ACC-00917,2023-10-15,Business,Monthly,17,833.0,Finance,5-24,NA,2,16.4,88.0,1,5.6,8.0,19,True,False,False,False
ACC-00918,2023-10-16,Basic,Monthly,2,24.0,Software,1-4,APAC,32,1.1,52.4,0,6.8,4.0,21,True,False,False,False
ACC-00919,2023-10-16,Basic,Annual,1,9.96,Software,1-4,EMEA,10,1.8,37.6,3,13.0,9.0,13,False,False,False,False
ACC-00920,2023-10-16,Enterprise,Annual,34,2511.58,Software,25-99,APAC,1,2.6,58.6,1,9.8,9.0,27,True,False,True,False
ACC-00921,2023-10-17,Pro,Annual,3,72.21,Retail,1-4,EMEA,16,5.9,58.5,1,2.2,9.0,14,True,False,False,True
ACC-00922,2023-10-17,Basic,Monthly,3,36.0,Education,1-4,NA,7,1.5,67.3,4,7.6,,26,True,True,False,True
ACC-00923,2023-10-17,Pro,Monthly,4,116.0,Healthcare,1-4,NA,7,12.1,94.3,1,4.7,10.0,0,True,False,False,False
ACC-00924,2023-10-17,Pro,Annual,3,72.21,Finance,1-4,NA,19,8.3,39.5,2,22.0,9.0,8,False,False,False,False
ACC-00925,2023-10-18,Pro,Monthly,6,174.0,Healthcare,5-24,EMEA,22,8.8,35.4,1,20.0,,7,False,False,False,False
ACC-00926,2023-10-19,Pro,Monthly,3,87.0,Healthcare,1-4,LATAM,9,8.3,64.8,3,11.8,10.0,3,True,False,False,False
ACC-00927,2023-10-19,Pro,Annual,5,120.35,Manufacturing,5-24,NA,12,4.5,65.1,1,23.0,,8,False,False,False,False
ACC-00928,2023-10-19,Business,Annual,25,1016.75,Education,25-99,APAC,32,2.7,48.0,2,22.4,7.0,5,True,False,False,False
ACC-00929,2023-10-19,Basic,Monthly,1,12.0,Healthcare,1-4,NA,37,6.1,14.4,0,22.1,5.0,11,True,False,False,False
ACC-00930,2023-10-19,Business,Monthly,14,686.0,Healthcare,5-24,NA,45,3.0,65.3,4,11.8,5.0,2,False,False,False,False
ACC-00931,2023-10-19,Pro,Monthly,9,261.0,Retail,5-24,EMEA,23,10.2,71.3,3,28.6,6.0,1,True,False,False,False
ACC-00932,2023-10-20,Pro,Monthly,7,203.0,Software,5-24,EMEA,8,4.3,66.1,5,17.5,,2,True,True,False,True
ACC-00933,2023-10-20,Basic,Annual,2,19.92,Education,1-4,NA,22,11.1,63.0,3,17.8,5.0,1,False,False,False,True
ACC-00934,2023-10-21,Basic,Monthly,6,72.0,Retail,5-24,APAC,4,4.9,16.5,2,10.4,,8,True,False,False,False
ACC-00935,2023-10-21,Pro,Annual,3,72.21,Retail,1-4,NA,15,3.1,78.4,3,31.7,,2,True,False,False,False
ACC-00936,2023-10-21,Basic,Annual,2,19.92,Education,1-4,NA,23,0.7,38.9,3,9.1,6.0,15,False,False,False,False
ACC-00937,2023-10-22,Business,Annual,22,894.74,Education,5-24,NA,28,4.3,44.8,2,9.2,2.0,5,False,False,False,False
ACC-00938,2023-10-22,Business,Monthly,13,637.0,Retail,5-24,EMEA,20,6.2,54.8,1,4.9,7.0,9,False,False,False,True
ACC-00939,2023-10-22,Pro,Annual,6,144.42,Software,5-24,APAC,24,4.4,42.1,2,38.8,9.0,2,True,False,False,False
ACC-00940,2023-10-22,Basic,Monthly,3,36.0,Manufacturing,1-4,LATAM,9,14.9,59.7,3,8.6,5.0,2,False,False,False,False
ACC-00941,2023-10-23,Enterprise,Monthly,137,12193.0,Healthcare,100+,EMEA,18,6.1,40.8,2,10.8,5.0,5,True,True,False,False
ACC-00942,2023-10-23,Pro,Annual,4,96.28,Healthcare,1-4,EMEA,8,4.3,29.7,5,14.8,5.0,12,True,False,False,False
ACC-00943,2023-10-23,Basic,Monthly,1,12.0,Healthcare,1-4,NA,7,0.6,85.2,2,28.3,8.0,12,True,False,False,True
ACC-00944,2023-10-23,Basic,Annual,3,29.88,Education,1-4,EMEA,9,3.5,31.9,1,9.9,,0,True,False,False,False
ACC-00945,2023-10-23,Business,Monthly,22,1078.0,Healthcare,5-24,NA,17,3.0,57.1,3,3.1,10.0,14,False,True,False,False
ACC-00946,2023-10-23,Basic,Monthly,1,12.0,Education,1-4,NA,20,3.9,27.6,3,4.3,9.0,4,True,False,False,False
ACC-00947,2023-10-23,Basic,Monthly,2,24.0,Manufacturing,1-4,APAC,29,6.8,74.0,2,10.5,,14,True,False,False,False
ACC-00948,2023-10-23,Basic,Monthly,3,36.0,Healthcare,1-4,NA,8,7.2,45.6,1,19.0,8.0,0,True,True,False,False
ACC-00949,2023-10-23,Basic,Monthly,4,48.0,Education,1-4,NA,14,10.3,88.1,4,33.4,,1,True,False,False,False
ACC-00950,2023-10-24,Business,Annual,10,406.7,Manufacturing,5-24,LATAM,7,0.6,45.7,1,19.0,,17,True,True,False,True
ACC-00951,2023-10-24,Pro,Annual,4,96.28,Software,1-4,EMEA,23,4.2,36.1,4,23.9,7.0,8,True,False,False,False
ACC-00952,2023-10-24,Business,Monthly,8,392.0,Finance,5-24,EMEA,9,2.0,17.2,2,31.9,6.0,1,True,False,False,False
ACC-00953,2023-10-25,Pro,Monthly,9,261.0,Manufacturing,5-24,LATAM,5,5.0,53.2,3,49.4,10.0,5,False,False,False,False
ACC-00954,2023-10-25,Pro,Monthly,3,87.0,Software,1-4,APAC,28,3.5,72.7,2,12.2,6.0,6,True,False,False,False
ACC-00955,2023-10-26,Enterprise,Monthly,12,1068.0,Education,5-24,APAC,14,5.2,48.2,2,17.4,8.0,25,False,False,True,False
ACC-00956,2023-10-27,Basic,Annual,1,9.96,Retail,1-4,NA,14,1.6,17.2,1,29.0,,21,True,False,False,True
ACC-00957,2023-10-28,Business,Monthly,11,539.0,Software,5-24,LATAM,14,12.3,36.5,4,6.4,,3,True,False,False,False
ACC-00958,2023-10-28,Business,Annual,35,1423.45,Software,25-99,EMEA,17,8.9,93.3,3,30.6,7.0,3,True,False,False,False
ACC-00959,2023-10-28,Basic,Monthly,2,24.0,Manufacturing,1-4,NA,16,4.9,47.3,2,18.4,,3,False,False,False,True
ACC-00960,2023-10-28,Business,Monthly,9,441.0,Manufacturing,5-24,APAC,28,2.6,55.1,2,7.3,9.0,3,True,False,False,False
ACC-00961,2023-10-28,Basic,Annual,3,29.88,Finance,1-4,APAC,25,1.2,36.7,1,1.3,,13,True,False,False,False
ACC-00962,2023-10-28,Pro,Monthly,5,145.0,Software,5-24,EMEA,1,3.0,46.9,4,13.1,,0,True,False,False,False
ACC-00963,2023-10-29,Business,Annual,11,447.37,Healthcare,5-24,NA,6,4.4,65.4,2,16.9,8.0,5,False,False,False,False
ACC-00964,2023-10-29,Pro,Annual,7,168.49,Manufacturing,5-24,APAC,9,2.9,19.9,2,20.9,10.0,5,True,False,False,False
ACC-00965,2023-10-29,Enterprise,Monthly,14,1246.0,Software,5-24,EMEA,19,13.4,80.0,7,17.1,7.0,2,True,False,True,False
ACC-00966,2023-10-29,Basic,Monthly,3,36.0,Finance,1-4,EMEA,21,3.0,35.8,1,22.1,,8,False,True,False,False
ACC-00967,2023-10-29,Basic,Monthly,1,12.0,Software,1-4,EMEA,15,2.3,77.3,1,9.6,9.0,9,True,True,False,False
ACC-00968,2023-10-29,Pro,Monthly,8,232.0,Education,5-24,LATAM,8,2.2,36.6,4,4.6,,5,True,False,False,False
ACC-00969,2023-10-30,Business,Monthly,15,735.0,Manufacturing,5-24,NA,14,3.6,55.6,1,8.9,7.0,9,True,False,False,False
ACC-00970,2023-10-30,Basic,Monthly,3,36.0,Software,1-4,APAC,7,1.8,65.8,1,4.0,,23,True,False,False,False
ACC-00971,2023-10-31,Basic,Monthly,5,60.0,Healthcare,5-24,EMEA,7,5.4,87.4,5,34.9,,0,True,False,False,False
ACC-00972,2023-10-31,Basic,Annual,4,39.84,Healthcare,1-4,EMEA,28,2.7,27.9,5,27.8,,13,True,False,False,False
ACC-00973,2023-11-01,Pro,Monthly,11,319.0,Manufacturing,5-24,APAC,41,1.4,39.2,2,12.9,,12,True,False,False,False
ACC-00974,2023-11-01,Business,Monthly,9,441.0,Healthcare,5-24,NA,13,4.5,58.4,3,6.6,6.0,1,False,False,False,False
ACC-00975,2023-11-01,Pro,Monthly,3,87.0,Healthcare,1-4,NA,12,6.5,50.9,1,7.6,10.0,2,True,False,False,False
ACC-00976,2023-11-01,Basic,Annual,2,19.92,Healthcare,1-4,LATAM,22,5.7,63.9,4,8.4,10.0,13,False,False,False,False
ACC-00977,2023-11-01,Pro,Monthly,6,174.0,Manufacturing,5-24,EMEA,11,2.1,53.1,5,6.2,8.0,9,False,False,False,False
ACC-00978,2023-11-01,Pro,Annual,6,144.42,Finance,5-24,NA,10,0.9,61.7,2,12.4,,28,True,False,False,False
ACC-00979,2023-11-01,Pro,Annual,8,192.56,Education,5-24,NA,18,3.7,70.7,0,21.6,,2,True,False,False,False
ACC-00980,2023-11-03,Pro,Annual,9,216.63,Healthcare,5-24,NA,3,9.7,74.3,1,6.6,5.0,1,False,True,False,False
ACC-00981,2023-11-03,Business,Monthly,16,784.0,Healthcare,5-24,NA,6,2.5,39.8,2,8.5,5.0,3,False,False,False,False
ACC-00982,2023-11-03,Pro,Monthly,3,87.0,Manufacturing,1-4,APAC,46,3.7,58.1,3,7.3,8.0,13,True,False,False,False
ACC-00983,2023-11-03,Basic,Annual,2,19.92,Software,1-4,NA,30,4.6,31.4,0,5.6,,8,False,False,False,False
ACC-00984,2023-11-04,Enterprise,Monthly,67,5963.0,Manufacturing,25-99,NA,31,7.6,67.6,2,7.1,,1,True,True,True,False
ACC-00985,2023-11-04,Basic,Monthly,1,12.0,Healthcare,1-4,EMEA,23,3.1,50.0,2,16.0,7.0,5,True,False,False,False
ACC-00986,2023-11-05,Basic,Monthly,1,12.0,Healthcare,1-4,LATAM,15,3.8,56.1,1,15.6,,1,True,False,False,False
ACC-00987,2023-11-05,Business,Monthly,6,294.0,Education,5-24,LATAM,19,7.0,66.1,5,8.6,,2,False,False,False,False
ACC-00988,2023-11-05,Pro,Monthly,6,174.0,Healthcare,5-24,APAC,5,0.5,49.0,2,39.6,,12,True,False,False,False
ACC-00989,2023-11-05,Basic,Monthly,2,24.0,Finance,1-4,LATAM,6,4.7,68.2,3,9.8,6.0,3,True,True,False,True
ACC-00990,2023-11-06,Pro,Monthly,4,116.0,Manufacturing,1-4,APAC,10,2.7,50.9,2,28.9,7.0,22,True,False,False,False
ACC-00991,2023-11-07,Business,Annual,20,813.4,Retail,5-24,EMEA,5,4.2,14.6,1,8.3,,3,True,False,False,True
ACC-00992,2023-11-07,Pro,Monthly,3,87.0,Software,1-4,APAC,10,3.6,57.7,1,17.2,5.0,2,True,False,False,True
ACC-00993,2023-11-07,Enterprise,Monthly,16,1424.0,Healthcare,5-24,NA,17,7.4,63.2,4,3.9,8.0,4,False,False,True,True
ACC-00994,2023-11-07,Business,Monthly,16,784.0,Software,5-24,APAC,10,2.1,89.6,4,27.2,,3,True,False,False,False
ACC-00995,2023-11-07,Pro,Monthly,11,319.0,Software,5-24,LATAM,8,3.6,58.0,6,14.7,,7,True,False,False,False
ACC-00996,2023-11-07,Pro,Annual,4,96.28,Healthcare,1-4,EMEA,16,10.5,73.8,2,35.7,7.0,4,True,False,False,False
ACC-00997,2023-11-07,Pro,Annual,9,216.63,Retail,5-24,NA,16,11.7,36.4,2,12.9,6.0,3,False,False,False,False
ACC-00998,2023-11-08,Basic,Monthly,2,24.0,Healthcare,1-4,NA,13,9.8,35.5,3,5.9,,12,True,False,False,False
ACC-00999,2023-11-08,Pro,Annual,6,144.42,Manufacturing,5-24,NA,8,5.4,68.7,5,46.2,3.0,6,False,False,False,False
ACC-01000,2023-11-08,Basic,Monthly,2,24.0,Education,1-4,EMEA,8,4.8,87.7,2,7.8,9.0,10,True,False,False,False
ACC-01001,2023-11-09,Business,Monthly,9,441.0,Education,5-24,NA,8,1.9,44.9,7,27.2,6.0,15,False,False,False,False
ACC-01002,2023-11-09,Business,Monthly,14,686.0,Retail,5-24,NA,18,5.8,31.0,3,9.8,9.0,2,True,True,False,False
ACC-01003,2023-11-09,Basic,Annual,1,9.96,Retail,1-4,LATAM,21,5.1,63.0,0,16.5,6.0,9,True,True,False,False
ACC-01004,2023-11-09,Pro,Annual,4,96.28,Software,1-4,NA,15,3.8,67.3,1,29.2,,1,True,False,False,False
ACC-01005,2023-11-11,Pro,Annual,3,72.21,Retail,1-4,EMEA,44,2.8,38.5,4,12.1,,3,True,False,False,False
ACC-01006,2023-11-12,Basic,Monthly,2,24.0,Healthcare,1-4,NA,20,7.3,58.7,2,33.4,9.0,22,True,False,False,False
ACC-01007,2023-11-13,Pro,Monthly,6,174.0,Manufacturing,5-24,NA,4,4.4,68.7,4,7.6,10.0,8,False,True,False,True
ACC-01008,2023-11-13,Enterprise,Annual,53,3915.11,Education,25-99,NA,16,1.5,33.3,6,51.2,,23,True,True,True,True
ACC-01009,2023-11-13,Business,Annual,12,488.04,Retail,5-24,APAC,7,0.9,24.0,4,4.7,,14,True,False,False,False
ACC-01010,2023-11-14,Basic,Annual,2,19.92,Healthcare,1-4,EMEA,4,8.8,50.0,1,2.7,10.0,2,True,False,False,True
ACC-01011,2023-11-14,Basic,Monthly,2,24.0,Finance,1-4,EMEA,4,1.3,46.3,4,13.3,8.0,13,True,False,False,True
ACC-01012,2023-11-14,Basic,Monthly,1,12.0,Education,1-4,NA,15,2.0,59.3,0,16.0,10.0,5,True,False,False,False
ACC-01013,2023-11-14,Basic,Monthly,1,12.0,Healthcare,1-4,EMEA,6,1.3,48.8,2,10.9,7.0,22,False,False,False,True
ACC-01014,2023-11-15,Pro,Annual,4,96.28,Education,1-4,EMEA,9,3.1,60.6,2,27.5,5.0,4,False,False,False,False
ACC-01015,2023-11-15,Basic,Monthly,5,60.0,Education,5-24,NA,16,12.5,73.9,2,17.8,7.0,6,True,False,False,False
ACC-01016,2023-11-15,Basic,Monthly,2,24.0,Manufacturing,1-4,APAC,3,0.7,44.9,4,12.9,10.0,13,True,True,False,False
ACC-01017,2023-11-15,Basic,Annual,1,9.96,Manufacturing,1-4,EMEA,18,1.5,40.7,4,6.8,8.0,18,True,False,False,False
ACC-01018,2023-11-15,Pro,Monthly,9,261.0,Retail,5-24,NA,10,1.0,55.3,3,15.5,9.0,12,True,False,False,False
ACC-01019,2023-11-16,Pro,Annual,11,264.77,Manufacturing,5-24,NA,12,8.2,59.1,3,10.3,,3,True,True,False,False
ACC-01020,2023-11-16,Pro,Monthly,8,232.0,Healthcare,5-24,EMEA,27,6.6,56.7,2,15.5,6.0,4,True,False,False,False
ACC-01021,2023-11-17,Pro,Monthly,4,116.0,Retail,1-4,LATAM,21,2.8,25.7,3,25.7,,2,True,False,False,False
ACC-01022,2023-11-17,Pro,Monthly,3,87.0,Education,1-4,NA,13,3.3,58.4,2,15.7,,1,True,False,False,False
ACC-01023,2023-11-18,Business,Annual,18,732.06,Finance,5-24,APAC,15,1.0,65.4,1,43.8,8.0,14,True,True,False,True
ACC-01024,2023-11-18,Basic,Annual,2,19.92,Software,1-4,NA,41,1.2,34.0,2,15.0,6.0,25,True,False,False,True
ACC-01025,2023-11-19,Basic,Annual,2,19.92,Healthcare,1-4,NA,10,2.5,51.9,1,5.6,10.0,0,True,False,False,False
ACC-01026,2023-11-19,Basic,Annual,1,9.96,Software,1-4,EMEA,15,0.8,57.8,2,4.6,5.0,17,True,False,False,True
ACC-01027,2023-11-20,Pro,Monthly,8,232.0,Manufacturing,5-24,APAC,13,3.2,58.7,3,23.8,8.0,8,False,False,False,False
ACC-01028,2023-11-20,Enterprise,Annual,32,2363.84,Software,25-99,LATAM,17,6.4,91.5,5,29.7,6.0,4,False,False,True,False
ACC-01029,2023-11-20,Basic,Annual,3,29.88,Manufacturing,1-4,EMEA,9,1.7,45.1,1,31.8,,16,True,False,False,False
ACC-01030,2023-11-20,Basic,Monthly,1,12.0,Healthcare,1-4,NA,6,12.5,64.9,4,7.7,,7,False,False,False,False
ACC-01031,2023-11-20,Business,Monthly,18,882.0,Software,5-24,EMEA,3,4.4,39.8,2,17.5,8.0,5,False,False,False,True
ACC-01032,2023-11-20,Basic,Monthly,3,36.0,Healthcare,1-4,NA,20,10.2,57.0,1,3.7,,8,True,False,False,False
ACC-01033,2023-11-21,Basic,Monthly,1,12.0,Manufacturing,1-4,LATAM,20,2.8,63.4,2,25.1,10.0,1,True,False,False,False
ACC-01034,2023-11-21,Business,Monthly,14,686.0,Retail,5-24,NA,9,12.3,65.4,4,5.2,10.0,7,True,False,False,False
ACC-01035,2023-11-22,Enterprise,Monthly,53,4717.0,Education,25-99,APAC,17,3.2,90.7,7,6.1,6.0,8,False,False,True,False
ACC-01036,2023-11-22,Business,Monthly,13,637.0,Education,5-24,LATAM,40,6.6,53.7,4,32.2,6.0,7,True,False,False,False
ACC-01037,2023-11-22,Pro,Annual,9,216.63,Software,5-24,NA,11,2.0,78.9,2,15.0,,5,True,False,False,True
ACC-01038,2023-11-22,Business,Monthly,18,882.0,Manufacturing,5-24,EMEA,9,1.9,54.5,1,41.2,10.0,12,True,False,False,False
ACC-01039,2023-11-23,Pro,Annual,4,96.28,Education,1-4,NA,15,4.6,82.5,2,8.9,,10,True,False,False,False
ACC-01040,2023-11-24,Pro,Monthly,2,58.0,Manufacturing,1-4,NA,26,6.4,86.5,3,17.5,10.0,4,True,False,False,False
ACC-01041,2023-11-24,Pro,Annual,4,96.28,Finance,1-4,NA,2,0.8,48.1,7,19.2,,15,True,False,False,False
ACC-01042,2023-11-25,Basic,Monthly,5,60.0,Healthcare,5-24,EMEA,15,2.7,55.2,1,15.8,,6,False,True,False,True
ACC-01043,2023-11-25,Business,Annual,23,935.41,Healthcare,5-24,NA,17,2.8,41.3,3,24.2,10.0,3,False,False,False,False
ACC-01044,2023-11-25,Pro,Monthly,4,116.0,Retail,1-4,APAC,7,1.6,49.9,3,21.6,7.0,21,True,False,False,False
ACC-01045,2023-11-25,Enterprise,Annual,86,6352.82,Software,25-99,NA,14,8.1,52.3,1,22.0,10.0,6,True,False,True,False
ACC-01046,2023-11-25,Pro,Monthly,4,116.0,Finance,1-4,APAC,9,3.6,45.6,2,33.1,,2,False,False,False,False
ACC-01047,2023-11-26,Business,Monthly,23,1127.0,Finance,5-24,EMEA,20,3.7,61.9,4,18.7,2.0,1,False,False,False,False
ACC-01048,2023-11-26,Business,Monthly,13,637.0,Education,5-24,NA,48,4.2,40.0,1,11.0,7.0,2,True,False,False,False
ACC-01049,2023-11-26,Enterprise,Annual,52,3841.24,Education,25-99,EMEA,48,5.3,38.4,5,35.5,,8,True,False,True,False
ACC-01050,2023-11-26,Business,Annual,18,732.06,Healthcare,5-24,EMEA,27,1.6,12.4,6,48.6,8.0,23,True,False,False,False
ACC-01051,2023-11-26,Pro,Monthly,5,145.0,Software,5-24,NA,25,5.9,63.9,5,10.3,,1,True,False,False,False
ACC-01052,2023-11-26,Basic,Annual,2,19.92,Finance,1-4,APAC,15,5.0,56.4,1,12.2,,4,False,False,False,False
ACC-01053,2023-11-26,Enterprise,Monthly,25,2225.0,Education,25-99,LATAM,17,1.4,49.8,3,11.3,9.0,13,False,False,True,False
ACC-01054,2023-11-26,Pro,Monthly,7,203.0,Finance,5-24,NA,5,1.0,22.5,4,24.3,9.0,12,True,False,False,True
ACC-01055,2023-11-27,Basic,Annual,3,29.88,Retail,1-4,NA,6,4.2,60.0,0,10.7,,11,False,False,False,False
ACC-01056,2023-11-27,Business,Monthly,9,441.0,Healthcare,5-24,EMEA,4,11.6,53.3,2,7.7,8.0,4,True,False,False,True
ACC-01057,2023-11-28,Basic,Annual,2,19.92,Finance,1-4,APAC,15,1.4,48.7,3,7.9,7.0,15,True,True,False,False
ACC-01058,2023-11-28,Basic,Monthly,2,24.0,Manufacturing,1-4,EMEA,10,2.3,47.5,2,5.4,8.0,4,True,False,False,True
ACC-01059,2023-11-28,Basic,Monthly,2,24.0,Finance,1-4,NA,9,0.5,28.8,0,14.0,,29,False,False,False,True
ACC-01060,2023-11-29,Pro,Annual,11,264.77,Healthcare,5-24,EMEA,31,6.3,84.3,0,12.8,7.0,5,False,False,False,False
ACC-01061,2023-11-29,Pro,Annual,5,120.35,Manufacturing,5-24,NA,27,6.8,47.0,6,8.4,7.0,6,True,False,False,False
ACC-01062,2023-11-29,Basic,Annual,2,19.92,Finance,1-4,NA,12,1.2,58.7,2,20.6,8.0,12,True,False,False,True
ACC-01063,2023-11-29,Pro,Monthly,3,87.0,Manufacturing,1-4,APAC,19,3.2,29.7,3,13.4,,4,True,True,False,False
ACC-01064,2023-11-30,Basic,Annual,2,19.92,Manufacturing,1-4,NA,48,7.4,49.5,0,4.3,6.0,6,True,True,False,False
ACC-01065,2023-12-01,Enterprise,Annual,43,3176.41,Retail,25-99,APAC,13,6.8,52.6,5,19.8,7.0,8,False,True,True,False
ACC-01066,2023-12-01,Business,Monthly,14,686.0,Finance,5-24,EMEA,13,11.0,96.4,4,9.6,2.0,6,True,False,False,False
ACC-01067,2023-12-01,Basic,Monthly,3,36.0,Healthcare,1-4,NA,24,1.0,42.7,0,20.5,10.0,15,True,False,False,False
ACC-01068,2023-12-01,Pro,Annual,3,72.21,Retail,1-4,NA,21,4.8,37.4,3,21.2,7.0,4,True,False,False,False
ACC-01069,2023-12-01,Basic,Monthly,1,12.0,Software,1-4,APAC,12,8.2,48.5,1,25.0,4.0,6,True,False,False,False
ACC-01070,2023-12-01,Business,Annual,11,447.37,Education,5-24,NA,31,2.5,79.2,4,4.5,,12,True,False,False,False
ACC-01071,2023-12-01,Business,Annual,9,366.03,Software,5-24,NA,27,2.0,55.9,2,6.4,5.0,2,False,True,False,False
ACC-01072,2023-12-02,Business,Monthly,26,1274.0,Education,25-99,NA,3,2.2,31.0,3,28.9,,1,True,False,False,False
ACC-01073,2023-12-03,Pro,Monthly,3,87.0,Healthcare,1-4,LATAM,32,3.7,62.2,0,4.7,9.0,15,True,True,False,False
ACC-01074,2023-12-03,Pro,Monthly,4,116.0,Finance,1-4,EMEA,12,4.3,48.0,2,20.3,,7,False,False,False,True
ACC-01075,2023-12-03,Basic,Monthly,2,24.0,Software,1-4,EMEA,25,2.2,78.5,1,24.1,,7,True,False,False,False
ACC-01076,2023-12-03,Pro,Annual,3,72.21,Healthcare,1-4,NA,11,3.4,58.2,5,14.3,7.0,24,True,False,False,False
ACC-01077,2023-12-03,Business,Monthly,11,539.0,Manufacturing,5-24,NA,31,13.9,86.5,4,7.8,,4,True,True,False,False
ACC-01078,2023-12-04,Pro,Annual,3,72.21,Manufacturing,1-4,EMEA,28,6.0,17.3,2,16.2,,6,True,False,False,False
ACC-01079,2023-12-04,Business,Annual,17,691.39,Healthcare,5-24,EMEA,17,6.0,65.4,2,49.1,5.0,0,True,True,False,False
ACC-01080,2023-12-04,Pro,Monthly,5,145.0,Retail,5-24,NA,9,4.7,15.3,3,11.8,,4,True,True,False,False
ACC-01081,2023-12-04,Basic,Annual,3,29.88,Finance,1-4,NA,22,5.1,33.7,1,13.4,7.0,4,True,False,False,False
ACC-01082,2023-12-05,Pro,Annual,8,192.56,Manufacturing,5-24,EMEA,20,9.2,67.0,4,17.5,7.0,9,True,True,False,False
ACC-01083,2023-12-06,Enterprise,Monthly,55,4895.0,Education,25-99,EMEA,5,7.2,37.0,6,3.4,,15,True,False,True,True
ACC-01084,2023-12-06,Basic,Monthly,1,12.0,Education,1-4,NA,23,4.4,50.2,2,1.1,8.0,7,True,False,False,True
ACC-01085,2023-12-07,Basic,Monthly,1,12.0,Finance,1-4,APAC,15,6.0,45.4,3,9.6,7.0,6,True,False,False,False
ACC-01086,2023-12-07,Business,Monthly,8,392.0,Healthcare,5-24,EMEA,29,3.9,16.7,3,8.7,,2,False,False,False,True
ACC-01087,2023-12-07,Enterprise,Annual,14,1034.18,Finance,5-24,NA,34,3.7,52.4,4,14.6,,15,True,False,True,False
ACC-01088,2023-12-07,Basic,Monthly,1,12.0,Retail,1-4,NA,28,5.1,39.6,3,7.3,4.0,7,True,False,False,True
ACC-01089,2023-12-08,Basic,Annual,1,9.96,Software,1-4,NA,11,1.2,16.8,0,11.1,,13,False,False,False,True
ACC-01090,2023-12-08,Pro,Annual,8,192.56,Retail,5-24,EMEA,18,8.3,60.8,2,4.3,8.0,1,True,False,False,False
ACC-01091,2023-12-08,Basic,Monthly,3,36.0,Retail,1-4,EMEA,9,4.4,67.5,2,29.9,8.0,2,False,False,False,False
ACC-01092,2023-12-08,Pro,Monthly,3,87.0,Software,1-4,LATAM,2,5.7,50.2,1,61.8,,1,True,False,False,False
ACC-01093,2023-12-09,Pro,Annual,6,144.42,Manufacturing,5-24,APAC,9,5.0,55.5,3,13.9,,3,True,False,False,False
ACC-01094,2023-12-09,Basic,Annual,3,29.88,Finance,1-4,NA,9,0.9,39.8,1,6.9,10.0,16,True,False,False,False
ACC-01095,2023-12-09,Pro,Monthly,4,116.0,Healthcare,1-4,NA,17,13.5,100.0,0,10.3,6.0,4,True,False,False,True
ACC-01096,2023-12-09,Basic,Annual,1,9.96,Retail,1-4,NA,5,10.5,82.6,3,29.0,9.0,2,False,True,False,True
ACC-01097,2023-12-09,Basic,Annual,2,19.92,Finance,1-4,EMEA,8,15.1,66.9,3,39.4,,1,True,False,False,False
ACC-01098,2023-12-09,Basic,Annual,2,19.92,Retail,1-4,NA,19,2.8,66.9,2,8.3,8.0,2,False,False,False,False
ACC-01099,2023-12-09,Pro,Annual,5,120.35,Retail,5-24,EMEA,5,6.0,47.7,2,21.9,7.0,8,True,False,False,False
ACC-01100,2023-12-09,Pro,Monthly,5,145.0,Manufacturing,5-24,NA,11,4.8,40.3,7,12.6,9.0,0,True,False,False,False
ACC-01101,2023-12-11,Business,Monthly,28,1372.0,Retail,25-99,APAC,42,1.8,56.9,1,2.4,10.0,13,True,False,False,True
ACC-01102,2023-12-11,Basic,Monthly,1,12.0,Software,1-4,EMEA,7,4.5,37.1,2,10.0,8.0,6,False,False,False,False
ACC-01103,2023-12-11,Pro,Annual,9,216.63,Retail,5-24,NA,14,2.9,41.1,4,8.9,,11,True,True,False,False
ACC-01104,2023-12-11,Basic,Monthly,3,36.0,Education,1-4,NA,35,7.0,69.6,1,8.0,9.0,0,False,False,False,False
ACC-01105,2023-12-11,Business,Monthly,16,784.0,Healthcare,5-24,EMEA,31,7.4,52.0,2,2.8,10.0,6,True,True,False,False
ACC-01106,2023-12-11,Business,Annual,5,203.35,Finance,5-24,NA,11,2.0,86.8,3,4.0,6.0,1,True,False,False,False
ACC-01107,2023-12-12,Basic,Annual,3,29.88,Finance,1-4,EMEA,12,2.2,57.1,3,16.6,8.0,6,True,False,False,False
ACC-01108,2023-12-12,Enterprise,Annual,39,2880.93,Retail,25-99,EMEA,5,3.6,39.7,2,1.2,,3,True,True,False,False
ACC-01109,2023-12-12,Pro,Annual,6,144.42,Software,5-24,EMEA,30,9.7,61.9,4,19.0,5.0,3,True,False,False,False
ACC-01110,2023-12-12,Basic,Monthly,3,36.0,Manufacturing,1-4,NA,14,1.0,34.5,5,38.5,9.0,16,True,True,False,False
ACC-01111,2023-12-12,Basic,Monthly,1,12.0,Healthcare,1-4,LATAM,24,2.0,52.9,2,31.0,4.0,13,False,False,False,False
ACC-01112,2023-12-13,Business,Monthly,11,539.0,Retail,5-24,EMEA,9,9.8,56.0,2,22.0,,1,True,False,False,False
ACC-01113,2023-12-13,Pro,Monthly,5,145.0,Software,5-24,NA,2,3.7,56.5,2,11.6,10.0,1,True,False,False,True
ACC-01114,2023-12-13,Enterprise,Monthly,25,2225.0,Manufacturing,25-99,EMEA,8,2.2,46.5,3,6.0,,3,True,False,True,False
ACC-01115,2023-12-13,Business,Monthly,16,784.0,Healthcare,5-24,APAC,16,5.3,54.7,0,20.1,7.0,10,True,False,False,False
ACC-01116,2023-12-13,Pro,Monthly,4,116.0,Healthcare,1-4,NA,36,7.4,59.6,3,39.5,,2,True,True,False,True
ACC-01117,2023-12-14,Business,Monthly,13,637.0,Software,5-24,NA,26,2.1,8.9,4,27.9,,1,True,False,False,False
ACC-01118,2023-12-14,Basic,Monthly,2,24.0,Software,1-4,NA,4,4.5,43.8,4,5.9,,13,True,False,False,True
ACC-01119,2023-12-14,Pro,Annual,8,192.56,Retail,5-24,APAC,10,2.0,11.9,3,15.3,8.0,2,True,False,False,True
ACC-01120,2023-12-15,Pro,Monthly,10,290.0,Education,5-24,NA,17,5.2,23.5,2,8.6,3.0,2,True,False,False,False
ACC-01121,2023-12-15,Basic,Annual,2,19.92,Software,1-4,NA,5,6.8,79.2,1,17.6,6.0,6,True,False,False,False
ACC-01122,2023-12-16,Enterprise,Monthly,33,2937.0,Healthcare,25-99,NA,18,3.9,75.0,5,6.8,,2,False,False,True,True
ACC-01123,2023-12-16,Business,Annual,23,935.41,Education,5-24,NA,14,3.1,70.8,1,7.4,8.0,6,True,True,False,False
ACC-01124,2023-12-16,Pro,Annual,7,168.49,Software,5-24,NA,32,3.4,30.1,2,11.7,4.0,4,True,False,False,False
ACC-01125,2023-12-16,Pro,Annual,12,288.84,Finance,5-24,APAC,15,1.3,71.2,3,16.0,,20,True,False,False,False
ACC-01126,2023-12-16,Pro,Annual,4,96.28,Healthcare,1-4,APAC,48,2.4,45.7,2,3.4,,1,True,False,False,False
ACC-01127,2023-12-16,Business,Monthly,7,343.0,Healthcare,5-24,NA,36,8.5,95.1,4,27.8,7.0,20,True,False,False,False
ACC-01128,2023-12-16,Pro,Monthly,6,174.0,Finance,5-24,NA,22,6.5,87.4,3,2.7,8.0,3,True,True,False,False
ACC-01129,2023-12-17,Pro,Annual,5,120.35,Retail,5-24,NA,2,3.4,70.4,1,7.7,7.0,8,True,False,False,True
ACC-01130,2023-12-17,Pro,Monthly,8,232.0,Retail,5-24,EMEA,23,0.8,46.7,4,11.3,,19,True,True,False,True
ACC-01131,2023-12-17,Enterprise,Monthly,56,4984.0,Education,25-99,APAC,8,2.7,58.8,6,10.2,10.0,4,True,True,True,True
ACC-01132,2023-12-17,Business,Monthly,39,1911.0,Healthcare,25-99,NA,6,2.6,74.0,3,21.4,9.0,5,True,True,False,False
ACC-01133,2023-12-18,Business,Monthly,34,1666.0,Retail,25-99,EMEA,24,4.4,68.6,2,4.2,7.0,0,False,False,False,False
ACC-01134,2023-12-18,Basic,Monthly,2,24.0,Healthcare,1-4,EMEA,38,7.5,83.8,3,9.4,4.0,16,True,False,False,False
ACC-01135,2023-12-18,Basic,Annual,3,29.88,Healthcare,1-4,APAC,34,7.8,58.5,0,1.7,10.0,11,False,True,False,False
ACC-01136,2023-12-18,Basic,Monthly,2,24.0,Manufacturing,1-4,NA,18,2.3,62.1,4,6.3,,8,True,False,False,False
ACC-01137,2023-12-19,Basic,Annual,3,29.88,Retail,1-4,APAC,18,4.3,51.0,1,39.8,6.0,23,True,True,False,False
ACC-01138,2023-12-19,Pro,Monthly,6,174.0,Education,5-24,EMEA,5,2.3,76.8,4,34.3,10.0,3,True,True,False,False
ACC-01139,2023-12-20,Pro,Monthly,4,116.0,Software,1-4,EMEA,8,3.9,53.4,5,6.5,,1,True,False,False,False
ACC-01140,2023-12-20,Business,Monthly,8,392.0,Retail,5-24,APAC,8,8.9,50.4,1,21.7,4.0,8,True,False,False,False
ACC-01141,2023-12-20,Basic,Monthly,3,36.0,Manufacturing,1-4,NA,16,11.9,71.1,4,20.5,7.0,11,True,False,False,False
ACC-01142,2023-12-21,Pro,Monthly,5,145.0,Finance,5-24,NA,18,2.7,75.0,5,13.6,,5,True,True,False,False
ACC-01143,2023-12-21,Business,Monthly,13,637.0,Software,5-24,EMEA,8,1.4,52.1,1,21.3,5.0,22,True,False,False,False
ACC-01144,2023-12-21,Basic,Monthly,2,24.0,Software,1-4,NA,12,2.9,56.9,1,23.1,10.0,15,True,False,False,False
ACC-01145,2023-12-21,Pro,Annual,7,168.49,Software,5-24,NA,21,0.7,53.3,5,30.8,10.0,18,True,False,False,False
ACC-01146,2023-12-21,Pro,Annual,6,144.42,Retail,5-24,NA,13,15.9,69.8,4,65.9,,0,True,True,False,False
ACC-01147,2023-12-21,Pro,Monthly,2,58.0,Retail,1-4,LATAM,7,4.9,12.4,0,18.5,10.0,7,True,False,False,False
ACC-01148,2023-12-22,Basic,Annual,2,19.92,Software,1-4,APAC,10,7.0,69.0,2,20.6,9.0,2,True,False,False,False
ACC-01149,2023-12-22,Basic,Monthly,5,60.0,Healthcare,5-24,EMEA,22,5.5,59.1,1,19.3,10.0,0,True,False,False,False
ACC-01150,2023-12-22,Pro,Annual,4,96.28,Software,1-4,EMEA,18,5.4,81.6,4,34.4,8.0,2,False,False,False,False
ACC-01151,2023-12-23,Business,Monthly,37,1813.0,Finance,25-99,APAC,1,1.3,48.3,2,8.2,10.0,15,True,True,False,True
ACC-01152,2023-12-23,Pro,Annual,6,144.42,Software,5-24,APAC,15,3.9,68.2,1,9.4,6.0,4,True,False,False,False
ACC-01153,2023-12-24,Basic,Monthly,2,24.0,Education,1-4,NA,17,3.0,38.0,2,36.0,,2,True,False,False,True
ACC-01154,2023-12-24,Pro,Monthly,6,174.0,Education,5-24,LATAM,13,2.7,57.0,3,15.2,10.0,3,True,False,False,False
ACC-01155,2023-12-24,Pro,Monthly,6,174.0,Healthcare,5-24,APAC,18,1.9,23.0,5,19.9,,25,True,False,False,True
ACC-01156,2023-12-24,Business,Annual,7,284.69,Software,5-24,NA,3,1.9,99.1,1,16.5,,22,False,False,False,True
ACC-01157,2023-12-24,Pro,Annual,4,96.28,Retail,1-4,NA,20,1.2,45.6,3,24.7,4.0,12,True,False,False,False
ACC-01158,2023-12-25,Basic,Monthly,1,12.0,Retail,1-4,EMEA,16,4.1,49.5,1,27.7,10.0,8,True,False,False,False
ACC-01159,2023-12-25,Pro,Annual,6,144.42,Finance,5-24,EMEA,15,4.4,32.1,3,14.5,,4,True,False,False,False
ACC-01160,2023-12-25,Basic,Monthly,3,36.0,Retail,1-4,LATAM,10,4.3,63.9,2,14.9,7.0,6,False,False,False,True
ACC-01161,2023-12-25,Pro,Annual,9,216.63,Education,5-24,EMEA,17,3.2,58.1,1,15.3,,10,True,True,False,False
ACC-01162,2023-12-25,Business,Annual,22,894.74,Software,5-24,EMEA,34,5.9,49.4,1,35.6,6.0,3,False,False,False,True
ACC-01163,2023-12-25,Pro,Monthly,8,232.0,Education,5-24,EMEA,8,1.3,50.0,1,12.4,7.0,14,True,False,False,True
ACC-01164,2023-12-26,Pro,Monthly,7,203.0,Software,5-24,APAC,22,1.5,67.9,3,30.6,7.0,20,True,False,False,False
ACC-01165,2023-12-26,Pro,Monthly,7,203.0,Education,5-24,APAC,27,0.5,66.7,1,4.5,6.0,19,False,False,False,False
ACC-01166,2023-12-26,Pro,Annual,4,96.28,Software,1-4,EMEA,16,1.8,51.6,2,8.3,10.0,19,True,False,False,False
ACC-01167,2023-12-28,Business,Annual,9,366.03,Software,5-24,APAC,7,1.6,37.4,2,21.1,,13,False,False,False,False
ACC-01168,2023-12-28,Basic,Annual,1,9.96,Manufacturing,1-4,LATAM,4,12.6,81.4,0,0.2,4.0,9,True,False,False,False
ACC-01169,2023-12-28,Enterprise,Monthly,21,1869.0,Healthcare,5-24,APAC,3,4.3,55.8,4,19.2,9.0,6,True,False,True,False
ACC-01170,2023-12-29,Basic,Monthly,3,36.0,Education,1-4,EMEA,8,9.2,35.9,2,18.5,,2,True,False,False,False
ACC-01171,2023-12-29,Business,Monthly,24,1176.0,Manufacturing,5-24,NA,17,10.4,38.6,4,23.8,10.0,0,False,True,False,False
ACC-01172,2023-12-29,Pro,Annual,6,144.42,Retail,5-24,NA,10,0.6,47.2,6,40.7,5.0,34,True,False,False,False
ACC-01173,2023-12-30,Pro,Annual,6,144.42,Healthcare,5-24,NA,9,4.1,10.5,6,6.6,5.0,5,False,False,False,False
ACC-01174,2023-12-30,Basic,Monthly,1,12.0,Education,1-4,APAC,15,2.3,36.6,4,20.8,9.0,3,True,False,False,False
ACC-01175,2023-12-30,Business,Annual,22,894.74,Retail,5-24,EMEA,16,1.4,59.0,5,19.7,7.0,18,True,True,False,False
ACC-01176,2023-12-30,Business,Monthly,11,539.0,Healthcare,5-24,APAC,10,4.8,57.7,0,18.6,7.0,5,True,False,False,False
ACC-01177,2023-12-31,Basic,Monthly,1,12.0,Software,1-4,EMEA,7,8.1,73.2,0,17.6,3.0,4,True,False,False,False
ACC-01178,2024-01-01,Basic,Annual,4,39.84,Finance,1-4,EMEA,17,2.8,40.5,1,37.3,,26,False,True,False,True
ACC-01179,2024-01-01,Pro,Annual,2,48.14,Retail,1-4,NA,28,6.0,88.0,4,20.7,,2,True,False,False,False
ACC-01180,2024-01-01,Business,Annual,3,122.01,Healthcare,1-4,EMEA,30,1.5,44.3,3,7.7,7.0,17,True,False,False,False
ACC-01181,2024-01-01,Pro,Monthly,11,319.0,Software,5-24,NA,15,3.1,21.9,0,29.1,9.0,2,True,False,False,False
ACC-01182,2024-01-02,Pro,Monthly,5,145.0,Manufacturing,5-24,NA,39,2.3,55.8,2,9.9,,30,True,False,False,True
ACC-01183,2024-01-02,Pro,Monthly,4,116.0,Finance,1-4,NA,6,11.6,58.6,5,16.7,8.0,16,True,True,False,False
ACC-01184,2024-01-02,Basic,Monthly,3,36.0,Healthcare,1-4,NA,14,5.8,73.3,0,17.3,,0,True,False,False,False
ACC-01185,2024-01-03,Basic,Monthly,4,48.0,Retail,1-4,NA,19,1.6,88.7,1,15.1,10.0,13,True,False,False,False
ACC-01186,2024-01-03,Basic,Annual,6,59.76,Retail,5-24,APAC,10,2.7,40.2,1,6.0,,0,True,True,False,False
ACC-01187,2024-01-03,Basic,Annual,1,9.96,Finance,1-4,APAC,9,1.1,69.7,1,4.4,8.0,22,False,False,False,True
ACC-01188,2024-01-04,Basic,Monthly,1,12.0,Manufacturing,1-4,APAC,14,0.9,49.2,1,12.2,8.0,16,True,False,False,False
ACC-01189,2024-01-04,Pro,Monthly,10,290.0,Software,5-24,NA,7,7.8,59.6,1,7.7,4.0,10,True,False,False,False
ACC-01190,2024-01-04,Basic,Monthly,1,12.0,Software,1-4,APAC,6,10.6,70.4,1,6.9,6.0,10,True,False,False,False
ACC-01191,2024-01-04,Pro,Monthly,3,87.0,Finance,1-4,APAC,12,2.3,50.6,2,8.4,9.0,1,True,False,False,False
ACC-01192,2024-01-05,Pro,Annual,5,120.35,Software,5-24,LATAM,15,1.9,66.3,0,5.9,,16,True,False,False,True
ACC-01193,2024-01-06,Basic,Monthly,2,24.0,Education,1-4,NA,19,3.0,50.4,1,36.8,,0,True,True,False,False
ACC-01194,2024-01-06,Basic,Monthly,3,36.0,Manufacturing,1-4,EMEA,9,5.1,51.8,3,30.9,4.0,2,True,False,False,False
ACC-01195,2024-01-06,Basic,Monthly,3,36.0,Healthcare,1-4,EMEA,7,4.6,61.8,3,3.3,,3,True,True,False,True
ACC-01196,2024-01-06,Basic,Monthly,2,24.0,Healthcare,1-4,APAC,22,9.5,69.6,2,3.0,2.0,4,True,False,False,True
ACC-01197,2024-01-06,Pro,Monthly,6,174.0,Manufacturing,5-24,NA,31,5.9,63.6,2,30.3,6.0,5,True,False,False,False
ACC-01198,2024-01-06,Basic,Annual,2,19.92,Manufacturing,1-4,LATAM,13,2.1,57.9,1,10.9,6.0,7,True,True,False,False
ACC-01199,2024-01-06,Pro,Annual,7,168.49,Finance,5-24,NA,17,1.4,14.0,2,9.4,4.0,14,True,False,False,False
ACC-01200,2024-01-07,Pro,Monthly,11,319.0,Retail,5-24,NA,13,4.2,70.0,2,20.5,5.0,0,True,False,False,False
ACC-01201,2024-01-07,Pro,Monthly,8,232.0,Healthcare,5-24,APAC,5,10.4,50.3,3,20.3,7.0,0,True,False,False,False
ACC-01202,2024-01-07,Pro,Annual,10,240.7,Manufacturing,5-24,APAC,48,3.3,74.3,2,27.5,10.0,1,False,False,False,False
ACC-01203,2024-01-07,Business,Annual,7,284.69,Finance,5-24,EMEA,32,7.1,37.8,2,19.2,,20,True,False,False,False
ACC-01204,2024-01-07,Pro,Monthly,5,145.0,Finance,5-24,EMEA,2,6.5,50.8,3,20.4,5.0,2,True,True,False,False
ACC-01205,2024-01-08,Business,Monthly,10,490.0,Education,5-24,LATAM,26,1.0,12.5,1,13.1,4.0,15,True,False,False,False
ACC-01206,2024-01-08,Basic,Monthly,2,24.0,Education,1-4,NA,8,3.9,49.6,3,22.8,5.0,4,True,True,False,False
ACC-01207,2024-01-08,Business,Annual,17,691.39,Software,5-24,EMEA,27,2.2,60.2,2,5.7,9.0,2,True,False,False,False
ACC-01208,2024-01-08,Pro,Annual,1,24.07,Finance,1-4,NA,34,0.7,69.1,1,9.4,,27,False,False,False,True
ACC-01209,2024-01-08,Business,Monthly,38,1862.0,Software,25-99,NA,23,2.2,59.8,2,36.1,9.0,21,False,True,False,False
ACC-01210,2024-01-09,Enterprise,Monthly,30,2670.0,Retail,25-99,NA,38,6.6,42.5,2,21.5,,0,True,False,False,False
ACC-01211,2024-01-10,Enterprise,Monthly,30,2670.0,Education,25-99,NA,21,8.9,37.1,5,40.4,,1,False,True,True,False
ACC-01212,2024-01-12,Basic,Annual,2,19.92,Finance,1-4,APAC,5,4.5,14.1,1,26.5,4.0,10,False,True,False,True
ACC-01213,2024-01-13,Pro,Monthly,3,87.0,Finance,1-4,EMEA,7,1.2,53.2,2,2.3,9.0,18,False,True,False,True
ACC-01214,2024-01-13,Enterprise,Monthly,40,3560.0,Healthcare,25-99,APAC,4,5.6,73.5,0,13.7,4.0,0,True,False,True,True
ACC-01215,2024-01-14,Basic,Annual,1,9.96,Software,1-4,EMEA,10,3.0,22.4,2,6.1,,4,False,False,False,True
ACC-01216,2024-01-14,Enterprise,Monthly,16,1424.0,Healthcare,5-24,NA,10,4.3,57.0,5,10.9,9.0,35,False,False,True,False
ACC-01217,2024-01-14,Pro,Monthly,7,203.0,Retail,5-24,EMEA,13,5.8,80.0,4,8.5,8.0,35,False,False,False,False
ACC-01218,2024-01-14,Business,Monthly,11,539.0,Retail,5-24,NA,8,6.0,75.5,3,4.1,,1,False,False,False,False
ACC-01219,2024-01-14,Basic,Annual,1,9.96,Manufacturing,1-4,NA,22,5.0,75.0,2,42.1,,1,False,False,False,False
ACC-01220,2024-01-14,Pro,Monthly,5,145.0,Finance,5-24,EMEA,15,1.2,48.6,2,22.6,6.0,14,True,False,False,True
ACC-01221,2024-01-14,Business,Monthly,10,490.0,Finance,5-24,LATAM,18,8.5,52.9,3,13.0,,1,False,False,False,False
ACC-01222,2024-01-15,Business,Monthly,16,784.0,Healthcare,5-24,NA,24,0.5,39.1,1,12.9,4.0,24,True,False,False,False
ACC-01223,2024-01-15,Business,Monthly,25,1225.0,Finance,25-99,EMEA,14,2.7,49.3,1,16.1,,6,True,False,False,False
ACC-01224,2024-01-16,Basic,Monthly,1,12.0,Finance,1-4,NA,48,11.1,82.8,1,1.9,7.0,2,True,False,False,False
ACC-01225,2024-01-17,Business,Annual,20,813.4,Software,5-24,EMEA,13,2.2,45.7,3,28.0,,1,True,False,False,False
ACC-01226,2024-01-17,Business,Monthly,13,637.0,Finance,5-24,EMEA,20,5.9,88.4,4,28.4,5.0,7,True,False,False,False
ACC-01227,2024-01-17,Basic,Annual,2,19.92,Manufacturing,1-4,NA,25,5.2,85.4,2,3.9,7.0,19,True,False,False,False
ACC-01228,2024-01-17,Enterprise,Annual,22,1625.14,Retail,5-24,NA,7,12.2,78.8,5,14.8,10.0,2,False,True,True,True
ACC-01229,2024-01-17,Pro,Annual,5,120.35,Retail,5-24,LATAM,26,0.7,53.4,4,25.5,9.0,29,False,True,False,False
ACC-01230,2024-01-17,Pro,Monthly,5,145.0,Software,5-24,NA,29,6.1,35.8,3,7.0,,5,False,False,False,False
ACC-01231,2024-01-18,Pro,Monthly,3,87.0,Software,1-4,APAC,5,7.9,60.8,1,31.8,8.0,3,True,False,False,False
ACC-01232,2024-01-18,Basic,Monthly,1,12.0,Finance,1-4,EMEA,34,3.6,41.7,1,20.4,7.0,15,True,True,False,False
ACC-01233,2024-01-19,Business,Monthly,30,1470.0,Education,25-99,EMEA,2,7.9,65.7,2,20.3,3.0,1,True,True,False,True
ACC-01234,2024-01-19,Business,Monthly,17,833.0,Healthcare,5-24,NA,19,1.9,53.5,3,41.1,10.0,27,True,False,False,True
ACC-01235,2024-01-19,Pro,Annual,8,192.56,Healthcare,5-24,NA,4,1.7,16.8,6,29.4,9.0,16,True,True,False,False
ACC-01236,2024-01-19,Basic,Monthly,3,36.0,Manufacturing,1-4,APAC,11,0.5,31.6,5,2.8,6.0,16,True,True,False,False
ACC-01237,2024-01-19,Business,Monthly,7,343.0,Retail,5-24,APAC,6,1.2,46.4,4,13.0,5.0,13,True,False,False,True
ACC-01238,2024-01-19,Pro,Monthly,7,203.0,Education,5-24,NA,23,6.0,100.0,2,17.8,7.0,1,False,False,False,False
ACC-01239,2024-01-20,Enterprise,Annual,31,2289.97,Education,25-99,NA,10,6.2,61.4,4,8.5,,5,True,False,True,False
ACC-01240,2024-01-20,Basic,Annual,2,19.92,Retail,1-4,NA,31,1.1,39.1,3,25.4,,19,False,False,False,True
ACC-01241,2024-01-21,Pro,Monthly,6,174.0,Retail,5-24,NA,18,3.0,70.7,3,23.6,10.0,5,False,False,False,False
ACC-01242,2024-01-21,Pro,Monthly,3,87.0,Manufacturing,1-4,APAC,9,2.1,38.9,0,5.6,4.0,5,True,False,False,False
ACC-01243,2024-01-21,Pro,Monthly,7,203.0,Finance,5-24,EMEA,9,1.3,4.4,2,7.4,,15,False,False,False,True
ACC-01244,2024-01-21,Basic,Annual,1,9.96,Finance,1-4,APAC,4,0.7,53.1,1,11.8,5.0,20,True,False,False,False
ACC-01245,2024-01-22,Business,Monthly,20,980.0,Education,5-24,EMEA,11,9.2,34.0,0,10.8,8.0,7,True,False,False,False
ACC-01246,2024-01-22,Pro,Monthly,5,145.0,Education,5-24,NA,10,4.7,51.5,0,8.4,4.0,1,True,False,False,False
ACC-01247,2024-01-23,Enterprise,Annual,42,3102.54,Retail,25-99,APAC,20,6.7,67.1,3,11.8,10.0,4,True,False,False,False
ACC-01248,2024-01-23,Basic,Monthly,2,24.0,Education,1-4,EMEA,17,7.6,43.4,4,59.6,8.0,7,True,False,False,False
ACC-01249,2024-01-23,Business,Annual,13,528.71,Manufacturing,5-24,EMEA,18,7.8,62.1,4,43.2,9.0,3,True,False,False,False
ACC-01250,2024-01-23,Pro,Annual,7,168.49,Retail,5-24,NA,4,1.9,53.4,4,17.5,,13,True,False,False,True
ACC-01251,2024-01-24,Business,Annual,3,122.01,Healthcare,1-4,NA,19,5.1,68.0,3,17.3,6.0,9,False,False,False,False
ACC-01252,2024-01-24,Basic,Annual,3,29.88,Finance,1-4,APAC,28,5.2,39.6,5,6.0,,0,False,False,False,False
ACC-01253,2024-01-24,Basic,Monthly,1,12.0,Healthcare,1-4,EMEA,23,9.0,45.2,2,38.7,,16,True,False,False,False
ACC-01254,2024-01-25,Pro,Monthly,10,290.0,Manufacturing,5-24,NA,4,5.0,36.6,2,18.7,7.0,2,False,True,False,True
ACC-01255,2024-01-25,Pro,Monthly,4,116.0,Healthcare,1-4,APAC,48,2.7,68.5,3,15.4,10.0,1,True,False,False,False
ACC-01256,2024-01-25,Business,Monthly,12,588.0,Healthcare,5-24,NA,9,0.8,51.6,3,53.3,10.0,27,True,False,False,False
ACC-01257,2024-01-25,Basic,Monthly,2,24.0,Education,1-4,APAC,17,1.3,12.6,2,10.5,10.0,14,True,False,False,False
ACC-01258,2024-01-26,Business,Monthly,12,588.0,Education,5-24,APAC,48,5.3,47.9,2,3.0,5.0,1,True,False,False,False
ACC-01259,2024-01-26,Pro,Annual,2,48.14,Manufacturing,1-4,NA,18,6.8,56.0,7,24.7,7.0,30,True,False,False,False
ACC-01260,2024-01-26,Business,Annual,9,366.03,Manufacturing,5-24,NA,11,9.2,35.6,1,10.2,,9,True,False,False,False
ACC-01261,2024-01-26,Basic,Monthly,2,24.0,Software,1-4,NA,13,2.8,39.6,2,7.3,,3,False,False,False,True
ACC-01262,2024-01-27,Pro,Monthly,5,145.0,Manufacturing,5-24,NA,5,1.1,55.7,5,1.7,,13,True,False,False,False
ACC-01263,2024-01-27,Basic,Monthly,2,24.0,Software,1-4,EMEA,3,0.9,49.0,1,17.2,,24,True,False,False,False
ACC-01264,2024-01-27,Pro,Annual,6,144.42,Healthcare,5-24,NA,37,7.1,52.9,1,31.4,,1,False,True,False,False
ACC-01265,2024-01-27,Basic,Monthly,2,24.0,Education,1-4,NA,35,4.1,42.8,1,4.4,6.0,5,True,False,False,False
ACC-01266,2024-01-27,Pro,Monthly,3,87.0,Education,1-4,EMEA,8,7.7,66.4,1,9.9,10.0,1,True,True,False,True
ACC-01267,2024-01-27,Pro,Annual,5,120.35,Retail,5-24,NA,12,16.2,86.2,2,53.8,7.0,2,False,False,False,False
ACC-01268,2024-01-28,Basic,Annual,2,19.92,Finance,1-4,NA,23,3.6,17.6,2,10.9,,6,True,False,False,False
ACC-01269,2024-01-28,Pro,Annual,3,72.21,Healthcare,1-4,APAC,43,7.3,47.9,4,8.8,8.0,6,True,False,False,False
ACC-01270,2024-01-28,Pro,Monthly,8,232.0,Manufacturing,5-24,APAC,13,7.4,59.5,4,10.6,6.0,1,True,False,False,False
ACC-01271,2024-01-28,Pro,Annual,8,192.56,Retail,5-24,NA,11,1.1,44.1,5,14.5,8.0,17,True,False,False,False
ACC-01272,2024-01-29,Basic,Monthly,2,24.0,Finance,1-4,APAC,23,2.7,35.0,3,20.5,6.0,1,False,False,False,False
ACC-01273,2024-01-29,Basic,Annual,2,19.92,Education,1-4,NA,20,2.9,26.3,2,15.3,,11,True,False,False,False
ACC-01274,2024-01-29,Pro,Monthly,8,232.0,Manufacturing,5-24,EMEA,20,6.8,70.0,4,27.2,8.0,4,True,True,False,False
ACC-01275,2024-01-30,Pro,Monthly,6,174.0,Retail,5-24,EMEA,2,2.1,42.0,6,13.1,7.0,10,False,False,False,False
ACC-01276,2024-01-30,Pro,Monthly,3,87.0,Education,1-4,APAC,13,0.5,18.7,1,17.2,6.0,20,True,False,False,False
ACC-01277,2024-01-30,Basic,Annual,2,19.92,Retail,1-4,NA,12,2.8,37.3,8,14.1,10.0,35,False,False,False,True
ACC-01278,2024-01-31,Business,Monthly,4,196.0,Software,1-4,EMEA,15,3.4,79.5,2,32.9,5.0,13,False,False,False,False
ACC-01279,2024-01-31,Basic,Monthly,2,24.0,Finance,1-4,EMEA,9,4.2,68.5,3,47.5,8.0,1,True,False,False,False
ACC-01280,2024-01-31,Pro,Monthly,4,116.0,Retail,1-4,APAC,24,0.4,66.5,1,14.9,7.0,12,True,False,False,False
ACC-01281,2024-01-31,Pro,Monthly,5,145.0,Education,5-24,EMEA,38,0.5,72.8,4,18.2,,20,True,False,False,False
ACC-01282,2024-02-01,Pro,Annual,3,72.21,Software,1-4,NA,33,2.0,78.2,4,9.1,10.0,1,True,True,False,False
ACC-01283,2024-02-01,Business,Monthly,44,2156.0,Education,25-99,EMEA,19,8.5,78.9,2,13.4,5.0,2,True,False,False,False
ACC-01284,2024-02-01,Basic,Monthly,5,60.0,Manufacturing,5-24,LATAM,11,8.2,73.0,2,34.5,,4,True,False,False,False
ACC-01285,2024-02-02,Pro,Annual,6,144.42,Finance,5-24,EMEA,38,7.6,57.1,6,20.2,8.0,10,True,False,False,False
ACC-01286,2024-02-02,Enterprise,Annual,22,1625.14,Healthcare,5-24,NA,9,4.8,55.6,3,49.2,,0,False,False,True,False
ACC-01287,2024-02-02,Enterprise,Annual,28,2068.36,Finance,25-99,EMEA,9,3.1,57.9,3,8.7,6.0,1,True,False,True,False
ACC-01288,2024-02-02,Basic,Monthly,3,36.0,Education,1-4,NA,7,2.4,48.7,3,14.1,8.0,6,False,False,False,True
ACC-01289,2024-02-02,Enterprise,Annual,26,1920.62,Healthcare,25-99,LATAM,23,5.5,19.3,1,7.7,,1,False,False,True,False
ACC-01290,2024-02-03,Enterprise,Monthly,31,2759.0,Finance,25-99,EMEA,16,6.0,57.4,0,20.5,7.0,6,True,False,True,False
ACC-01291,2024-02-03,Pro,Monthly,2,58.0,Education,1-4,NA,5,1.8,29.1,1,10.6,6.0,16,False,True,False,True
ACC-01292,2024-02-03,Pro,Monthly,6,174.0,Healthcare,5-24,NA,13,7.3,77.6,1,18.9,6.0,9,True,True,False,False
ACC-01293,2024-02-03,Pro,Monthly,5,145.0,Manufacturing,5-24,NA,13,1.4,57.6,2,8.6,,14,True,False,False,True
ACC-01294,2024-02-03,Pro,Annual,5,120.35,Retail,5-24,NA,4,9.4,78.1,1,21.0,7.0,10,True,False,False,False
ACC-01295,2024-02-04,Pro,Annual,2,48.14,Healthcare,1-4,LATAM,7,2.6,63.7,5,18.5,,8,False,False,False,False
ACC-01296,2024-02-04,Basic,Annual,2,19.92,Healthcare,1-4,EMEA,3,3.9,45.3,4,14.8,,5,True,False,False,False
ACC-01297,2024-02-04,Business,Annual,20,813.4,Education,5-24,NA,18,7.0,80.9,2,3.8,8.0,11,True,False,False,False
ACC-01298,2024-02-05,Basic,Monthly,2,24.0,Education,1-4,EMEA,14,6.4,41.9,2,20.6,8.0,0,True,False,False,False
ACC-01299,2024-02-05,Enterprise,Monthly,29,2581.0,Software,25-99,NA,14,2.3,39.1,4,56.1,7.0,7,True,False,True,False
ACC-01300,2024-02-06,Pro,Annual,8,192.56,Retail,5-24,NA,27,5.3,77.7,4,18.9,,5,True,True,False,False
ACC-01301,2024-02-06,Basic,Monthly,6,72.0,Software,5-24,NA,9,8.8,83.3,1,7.8,6.0,1,True,False,False,False
ACC-01302,2024-02-06,Business,Monthly,10,490.0,Software,5-24,NA,3,5.9,45.5,4,19.3,7.0,9,False,True,False,False
ACC-01303,2024-02-06,Pro,Monthly,3,87.0,Education,1-4,EMEA,32,1.5,47.0,3,32.4,9.0,31,False,False,False,True
ACC-01304,2024-02-06,Pro,Monthly,19,551.0,Retail,5-24,NA,13,12.6,73.9,4,6.8,10.0,4,True,False,False,False
ACC-01305,2024-02-06,Basic,Monthly,2,24.0,Software,1-4,APAC,4,0.8,43.9,5,15.6,8.0,19,True,True,False,True
ACC-01306,2024-02-06,Pro,Monthly,4,116.0,Retail,1-4,NA,10,1.5,41.5,0,8.5,,15,True,True,False,False
ACC-01307,2024-02-07,Pro,Annual,2,48.14,Manufacturing,1-4,LATAM,1,0.8,78.3,6,12.9,1.0,16,False,False,False,False
ACC-01308,2024-02-07,Pro,Monthly,6,174.0,Finance,5-24,NA,13,2.7,49.9,1,15.5,2.0,21,False,True,False,False
ACC-01309,2024-02-07,Basic,Annual,3,29.88,Finance,1-4,NA,2,13.8,93.5,3,3.9,8.0,2,True,False,False,False
ACC-01310,2024-02-08,Enterprise,Monthly,80,7120.0,Software,25-99,EMEA,33,4.4,58.1,3,32.4,4.0,1,False,False,True,False
ACC-01311,2024-02-08,Business,Annual,15,610.05,Healthcare,5-24,EMEA,48,3.9,47.4,0,17.0,10.0,0,True,False,False,True
ACC-01312,2024-02-08,Basic,Monthly,2,24.0,Manufacturing,1-4,NA,6,5.1,57.6,2,13.3,,15,False,False,False,False
ACC-01313,2024-02-09,Pro,Monthly,3,87.0,Manufacturing,1-4,LATAM,43,3.7,100.0,2,8.7,,12,False,False,False,False
ACC-01314,2024-02-09,Basic,Monthly,1,12.0,Healthcare,1-4,APAC,18,4.2,70.7,3,13.9,7.0,6,False,True,False,False
ACC-01315,2024-02-09,Pro,Annual,4,96.28,Finance,1-4,EMEA,4,3.1,36.3,2,5.5,7.0,12,True,True,False,False
ACC-01316,2024-02-10,Pro,Monthly,6,174.0,Software,5-24,NA,18,10.2,82.7,2,13.6,6.0,6,True,False,False,False
ACC-01317,2024-02-10,Basic,Monthly,3,36.0,Manufacturing,1-4,NA,6,2.5,62.2,1,14.9,,2,False,False,False,False
ACC-01318,2024-02-10,Basic,Monthly,3,36.0,Healthcare,1-4,APAC,32,2.1,22.2,0,18.0,,1,True,True,False,False
ACC-01319,2024-02-10,Pro,Monthly,6,174.0,Healthcare,5-24,NA,6,2.3,23.5,3,2.5,6.0,10,True,False,False,False
ACC-01320,2024-02-10,Basic,Monthly,3,36.0,Retail,1-4,LATAM,15,2.3,43.7,3,7.8,7.0,9,True,False,False,True
ACC-01321,2024-02-11,Pro,Monthly,2,58.0,Finance,1-4,APAC,14,2.3,29.2,2,20.2,6.0,3,False,False,False,True
ACC-01322,2024-02-11,Business,Annual,6,244.02,Education,5-24,APAC,18,0.8,0.0,5,4.9,6.0,18,True,True,False,True
ACC-01323,2024-02-11,Enterprise,Monthly,50,4450.0,Manufacturing,25-99,LATAM,7,7.2,38.9,4,6.6,8.0,6,True,False,False,False
ACC-01324,2024-02-12,Business,Monthly,21,1029.0,Education,5-24,APAC,26,1.2,43.8,1,15.8,9.0,18,True,False,False,False
ACC-01325,2024-02-12,Pro,Monthly,6,174.0,Retail,5-24,NA,15,7.8,46.0,2,14.0,,8,False,False,False,False
ACC-01326,2024-02-12,Basic,Annual,1,9.96,Retail,1-4,LATAM,23,3.8,69.7,1,10.4,7.0,12,True,True,False,False
ACC-01327,2024-02-12,Pro,Monthly,2,58.0,Finance,1-4,EMEA,4,3.9,51.8,4,10.9,,5,True,False,False,False
ACC-01328,2024-02-12,Basic,Monthly,1,12.0,Education,1-4,NA,22,1.8,53.2,2,15.4,7.0,33,True,True,False,True
ACC-01329,2024-02-12,Basic,Monthly,2,24.0,Software,1-4,EMEA,14,9.4,31.9,3,22.4,6.0,8,False,False,False,False
ACC-01330,2024-02-14,Business,Annual,26,1057.42,Finance,25-99,EMEA,8,2.5,32.1,3,8.3,4.0,3,False,False,False,False
ACC-01331,2024-02-14,Enterprise,Annual,92,6796.04,Finance,25-99,NA,25,2.9,64.8,1,11.5,,4,True,False,True,False
ACC-01332,2024-02-14,Enterprise,Monthly,32,2848.0,Retail,25-99,EMEA,24,0.5,22.8,5,13.3,,13,True,False,True,False
ACC-01333,2024-02-14,Basic,Monthly,6,72.0,Retail,5-24,NA,6,3.1,39.3,3,4.7,6.0,4,True,True,False,False
ACC-01334,2024-02-14,Basic,Monthly,3,36.0,Education,1-4,LATAM,25,4.1,48.0,1,16.4,6.0,19,True,False,False,False
ACC-01335,2024-02-14,Enterprise,Monthly,43,3827.0,Education,25-99,NA,8,9.1,40.9,3,26.8,7.0,4,True,False,True,False
ACC-01336,2024-02-15,Basic,Annual,2,19.92,Healthcare,1-4,EMEA,25,3.0,85.0,2,21.6,9.0,2,True,False,False,False
ACC-01337,2024-02-15,Basic,Monthly,3,36.0,Software,1-4,NA,1,3.5,62.4,7,13.9,6.0,5,True,True,False,False
ACC-01338,2024-02-15,Enterprise,Monthly,40,3560.0,Finance,25-99,EMEA,4,0.6,67.9,3,11.1,6.0,21,True,False,True,False
ACC-01339,2024-02-15,Enterprise,Monthly,23,2047.0,Finance,5-24,APAC,4,5.4,49.2,2,1.5,,4,True,False,True,False
ACC-01340,2024-02-15,Business,Annual,8,325.36,Education,5-24,NA,12,6.1,49.0,4,19.0,6.0,17,False,True,False,False
ACC-01341,2024-02-15,Basic,Monthly,3,36.0,Software,1-4,NA,17,7.0,56.9,3,10.1,,1,False,False,False,False
ACC-01342,2024-02-16,Basic,Monthly,1,12.0,Finance,1-4,EMEA,18,9.2,62.2,1,8.5,5.0,1,False,False,False,True
ACC-01343,2024-02-17,Business,Monthly,19,931.0,Software,5-24,NA,25,3.6,57.4,1,16.0,,0,True,True,False,False
ACC-01344,2024-02-17,Business,Monthly,9,441.0,Healthcare,5-24,EMEA,39,7.1,82.8,3,5.2,7.0,1,True,False,False,False
ACC-01345,2024-02-17,Pro,Monthly,5,145.0,Finance,5-24,NA,14,1.8,56.1,0,36.5,2.0,13,False,False,False,False
ACC-01346,2024-02-18,Pro,Annual,7,168.49,Finance,5-24,EMEA,7,2.9,0.0,1,15.2,4.0,1,True,False,False,False
ACC-01347,2024-02-18,Business,Annual,13,528.71,Retail,5-24,NA,6,2.2,40.6,6,11.7,10.0,3,True,False,False,False
ACC-01348,2024-02-18,Pro,Monthly,4,116.0,Finance,1-4,NA,33,1.1,46.6,0,36.3,3.0,36,True,False,False,False
ACC-01349,2024-02-18,Basic,Annual,2,19.92,Finance,1-4,EMEA,23,5.9,59.8,4,21.6,7.0,6,False,False,False,False
ACC-01350,2024-02-19,Basic,Annual,2,19.92,Retail,1-4,NA,45,4.2,52.3,5,4.5,,0,True,False,False,False
ACC-01351,2024-02-19,Pro,Annual,4,96.28,Manufacturing,1-4,NA,26,0.4,55.4,5,25.2,8.0,12,False,False,False,False
ACC-01352,2024-02-19,Basic,Monthly,2,24.0,Retail,1-4,EMEA,33,6.3,34.9,3,7.8,,4,True,False,False,False
ACC-01353,2024-02-19,Enterprise,Annual,117,8642.79,Manufacturing,100+,NA,6,12.5,75.5,5,29.4,7.0,4,False,False,False,False
ACC-01354,2024-02-19,Basic,Monthly,2,24.0,Healthcare,1-4,EMEA,18,4.4,93.3,2,9.0,,21,True,True,False,True
ACC-01355,2024-02-19,Pro,Monthly,1,29.0,Manufacturing,1-4,NA,19,4.7,66.2,4,13.9,6.0,1,True,False,False,True
ACC-01356,2024-02-19,Basic,Monthly,2,24.0,Healthcare,1-4,NA,7,7.3,68.3,1,11.4,10.0,6,True,True,False,False
ACC-01357,2024-02-19,Enterprise,Monthly,23,2047.0,Finance,5-24,EMEA,3,2.6,40.3,3,33.8,,0,True,True,True,True
ACC-01358,2024-02-20,Business,Annual,15,610.05,Software,5-24,EMEA,19,1.2,51.1,2,40.4,8.0,12,True,False,False,False
ACC-01359,2024-02-20,Pro,Annual,3,72.21,Finance,1-4,APAC,9,7.4,81.3,2,36.7,7.0,4,False,False,False,False
ACC-01360,2024-02-20,Pro,Monthly,7,203.0,Healthcare,5-24,LATAM,16,4.8,35.0,3,14.1,5.0,2,True,False,False,False
ACC-01361,2024-02-20,Basic,Annual,2,19.92,Retail,1-4,NA,32,6.4,66.4,3,13.0,6.0,12,True,False,False,False
ACC-01362,2024-02-20,Basic,Annual,3,29.88,Manufacturing,1-4,APAC,7,12.3,74.0,1,21.7,6.0,8,True,False,False,False
ACC-01363,2024-02-20,Pro,Monthly,10,290.0,Healthcare,5-24,NA,26,2.3,53.4,7,31.8,,2,True,False,False,True
ACC-01364,2024-02-21,Pro,Annual,4,96.28,Healthcare,1-4,EMEA,17,1.6,22.0,3,12.1,,15,False,False,False,False
ACC-01365,2024-02-21,Business,Monthly,34,1666.0,Education,25-99,LATAM,4,1.6,36.5,1,29.8,,14,True,False,False,False
ACC-01366,2024-02-22,Basic,Annual,2,19.92,Manufacturing,1-4,EMEA,20,2.8,63.3,2,10.7,,0,True,False,False,True
ACC-01367,2024-02-22,Basic,Monthly,2,24.0,Manufacturing,1-4,EMEA,24,5.3,44.4,4,27.6,8.0,2,False,False,False,False
ACC-01368,2024-02-22,Business,Annual,4,162.68,Education,1-4,NA,36,8.7,68.7,2,14.4,,0,True,False,False,False
ACC-01369,2024-02-22,Business,Monthly,10,490.0,Healthcare,5-24,EMEA,3,4.3,46.3,0,60.8,,12,True,False,False,False
ACC-01370,2024-02-23,Business,Annual,16,650.72,Finance,5-24,APAC,8,1.7,34.2,8,11.1,,19,True,False,False,False
ACC-01371,2024-02-24,Basic,Monthly,2,24.0,Healthcare,1-4,APAC,35,0.7,35.4,3,16.5,10.0,14,True,False,False,False
ACC-01372,2024-02-24,Pro,Annual,5,120.35,Software,5-24,NA,16,9.3,92.1,2,14.4,5.0,10,True,True,False,False
ACC-01373,2024-02-24,Basic,Monthly,1,12.0,Finance,1-4,APAC,6,0.6,51.6,5,9.0,9.0,14,True,False,False,True
ACC-01374,2024-02-24,Pro,Annual,5,120.35,Software,5-24,NA,6,1.7,40.6,0,16.3,5.0,30,True,False,False,True
ACC-01375,2024-02-24,Pro,Monthly,4,116.0,Finance,1-4,APAC,31,1.5,58.5,3,20.9,5.0,13,True,False,False,False
ACC-01376,2024-02-24,Basic,Annual,7,69.72,Finance,5-24,EMEA,4,1.9,30.8,2,38.1,-0.0,14,False,False,False,True
ACC-01377,2024-02-24,Basic,Monthly,5,60.0,Education,5-24,EMEA,14,2.4,64.1,0,10.2,6.0,0,False,False,False,True
ACC-01378,2024-02-25,Pro,Monthly,8,232.0,Healthcare,5-24,APAC,15,8.7,44.4,2,17.9,,7,True,False,False,False
ACC-01379,2024-02-25,Enterprise,Monthly,33,2937.0,Education,25-99,EMEA,14,7.4,82.5,2,4.7,7.0,16,False,True,True,False
ACC-01380,2024-02-26,Pro,Annual,7,168.49,Software,5-24,EMEA,7,5.9,28.9,2,3.8,7.0,5,False,False,False,False
ACC-01381,2024-02-26,Pro,Monthly,3,87.0,Retail,1-4,EMEA,6,5.0,51.9,2,29.6,,0,True,False,False,False
ACC-01382,2024-02-26,Business,Monthly,26,1274.0,Education,25-99,NA,14,1.9,28.4,2,7.7,5.0,14,True,False,False,False
ACC-01383,2024-02-26,Enterprise,Monthly,48,4272.0,Finance,25-99,EMEA,27,9.3,57.5,3,26.6,8.0,5,False,False,True,False
ACC-01384,2024-02-26,Basic,Monthly,2,24.0,Education,1-4,EMEA,12,5.2,78.9,1,8.9,,5,True,False,False,True
ACC-01385,2024-02-26,Basic,Monthly,3,36.0,Retail,1-4,NA,12,7.4,95.0,2,6.3,,2,False,False,False,True
ACC-01386,2024-02-27,Pro,Monthly,8,232.0,Healthcare,5-24,LATAM,8,0.6,35.3,2,14.7,6.0,16,True,False,False,False
ACC-01387,2024-02-27,Business,Monthly,9,441.0,Healthcare,5-24,NA,7,3.6,43.2,0,23.5,7.0,2,True,False,False,False
ACC-01388,2024-02-27,Pro,Annual,8,192.56,Software,5-24,NA,8,2.9,96.2,5,4.8,9.0,14,True,False,False,False
ACC-01389,2024-02-29,Business,Annual,26,1057.42,Manufacturing,25-99,NA,22,2.5,63.0,3,30.7,10.0,14,True,False,False,False
ACC-01390,2024-02-29,Enterprise,Monthly,81,7209.0,Manufacturing,25-99,EMEA,9,8.8,92.3,5,22.9,6.0,5,False,False,True,True
ACC-01391,2024-02-29,Basic,Monthly,2,24.0,Healthcare,1-4,NA,7,8.4,46.3,1,21.6,,2,True,False,False,False
ACC-01392,2024-02-29,Pro,Monthly,2,58.0,Education,1-4,LATAM,35,11.6,59.8,6,13.9,9.0,8,True,False,False,False
ACC-01393,2024-02-29,Basic,Annual,3,29.88,Manufacturing,1-4,NA,10,5.0,32.8,2,8.2,,18,True,False,False,False
ACC-01394,2024-03-01,Pro,Monthly,4,116.0,Retail,1-4,EMEA,13,0.7,24.2,1,28.3,,25,True,False,False,False
ACC-01395,2024-03-01,Business,Monthly,10,490.0,Retail,5-24,APAC,13,12.9,59.6,5,19.8,,8,True,False,False,False
ACC-01396,2024-03-01,Basic,Annual,1,9.96,Education,1-4,EMEA,9,7.6,45.9,3,22.3,9.0,5,True,False,False,False
ACC-01397,2024-03-02,Pro,Annual,2,48.14,Retail,1-4,NA,25,0.9,68.9,3,10.9,8.0,14,False,False,False,False
ACC-01398,2024-03-03,Pro,Monthly,5,145.0,Software,5-24,EMEA,27,4.7,70.7,2,20.9,7.0,6,True,True,False,False
ACC-01399,2024-03-03,Basic,Monthly,3,36.0,Manufacturing,1-4,NA,19,1.0,26.2,2,3.9,8.0,15,False,False,False,True
ACC-01400,2024-03-03,Business,Annual,15,610.05,Healthcare,5-24,EMEA,9,2.9,61.1,2,10.2,,30,False,False,False,False
ACC-01401,2024-03-03,Pro,Annual,5,120.35,Education,5-24,NA,34,6.2,66.0,1,13.4,,2,False,False,False,False
ACC-01402,2024-03-05,Business,Annual,10,406.7,Finance,5-24,NA,27,13.9,50.8,1,9.2,10.0,3,False,False,False,False
ACC-01403,2024-03-05,Enterprise,Annual,36,2659.32,Software,25-99,EMEA,29,3.7,82.6,2,29.9,5.0,2,True,False,False,False
ACC-01404,2024-03-05,Business,Monthly,9,441.0,Healthcare,5-24,NA,33,2.2,28.1,1,3.0,,2,False,False,False,True
ACC-01405,2024-03-05,Business,Annual,31,1260.77,Education,25-99,EMEA,38,3.1,28.6,3,12.5,7.0,6,True,False,False,False
ACC-01406,2024-03-05,Pro,Monthly,4,116.0,Healthcare,1-4,APAC,12,1.7,71.2,3,12.6,4.0,14,False,True,False,True
ACC-01407,2024-03-06,Pro,Annual,3,72.21,Healthcare,1-4,APAC,4,1.3,55.3,5,10.4,6.0,18,False,True,False,True
ACC-01408,2024-03-06,Pro,Monthly,6,174.0,Software,5-24,NA,5,3.6,52.4,3,28.4,10.0,4,False,False,False,True
ACC-01409,2024-03-06,Basic,Monthly,2,24.0,Education,1-4,NA,7,14.7,93.6,5,20.9,,4,False,False,False,False
ACC-01410,2024-03-06,Basic,Annual,1,9.96,Software,1-4,NA,19,4.4,65.2,1,11.8,,1,False,False,False,False
ACC-01411,2024-03-06,Pro,Monthly,6,174.0,Software,5-24,APAC,25,4.4,70.3,3,27.3,9.0,0,True,False,False,False
ACC-01412,2024-03-06,Pro,Monthly,6,174.0,Manufacturing,5-24,EMEA,21,3.1,47.1,2,22.1,8.0,10,True,False,False,False
ACC-01413,2024-03-06,Basic,Annual,4,39.84,Education,1-4,NA,26,2.7,27.2,2,0.6,,2,True,False,False,False
ACC-01414,2024-03-07,Pro,Annual,4,96.28,Software,1-4,EMEA,12,0.7,41.5,3,9.5,,31,True,False,False,False
ACC-01415,2024-03-07,Basic,Monthly,1,12.0,Manufacturing,1-4,LATAM,24,2.3,31.9,2,6.1,6.0,1,False,False,False,False
ACC-01416,2024-03-07,Pro,Monthly,6,174.0,Healthcare,5-24,NA,43,7.2,52.5,4,9.5,,6,True,False,False,False
ACC-01417,2024-03-08,Pro,Monthly,6,174.0,Education,5-24,EMEA,6,3.1,40.1,4,14.8,6.0,1,True,True,False,False
ACC-01418,2024-03-08,Pro,Monthly,6,174.0,Manufacturing,5-24,EMEA,12,4.4,47.1,2,10.3,8.0,4,True,False,False,False
ACC-01419,2024-03-08,Enterprise,Annual,26,1920.62,Healthcare,25-99,LATAM,27,11.5,80.2,2,8.0,,3,True,False,True,False
ACC-01420,2024-03-09,Basic,Monthly,3,36.0,Retail,1-4,NA,26,2.6,34.0,4,16.0,9.0,4,False,False,False,True
ACC-01421,2024-03-10,Basic,Monthly,1,12.0,Education,1-4,LATAM,8,5.6,45.1,0,31.3,10.0,0,True,False,False,True
ACC-01422,2024-03-10,Basic,Annual,2,19.92,Retail,1-4,NA,5,8.9,28.5,0,35.0,8.0,12,False,True,False,False
ACC-01423,2024-03-11,Pro,Annual,6,144.42,Finance,5-24,EMEA,9,4.3,41.6,2,2.5,9.0,3,True,False,False,False
ACC-01424,2024-03-11,Basic,Monthly,3,36.0,Software,1-4,APAC,7,5.8,64.5,2,9.9,5.0,2,False,True,False,True
ACC-01425,2024-03-11,Business,Monthly,7,343.0,Education,5-24,LATAM,15,3.2,85.6,4,71.7,,0,False,False,False,False
ACC-01426,2024-03-11,Business,Monthly,10,490.0,Manufacturing,5-24,LATAM,9,1.1,67.6,5,46.1,10.0,12,False,False,False,False
ACC-01427,2024-03-11,Business,Annual,12,488.04,Retail,5-24,LATAM,12,1.9,56.9,1,13.3,8.0,16,True,True,False,False
ACC-01428,2024-03-11,Basic,Monthly,2,24.0,Education,1-4,LATAM,8,3.0,65.4,2,22.5,,1,True,False,False,True
ACC-01429,2024-03-12,Basic,Annual,3,29.88,Software,1-4,NA,14,2.5,90.1,3,37.2,7.0,12,True,True,False,False
ACC-01430,2024-03-12,Business,Monthly,15,735.0,Manufacturing,5-24,NA,7,2.6,80.6,4,5.3,10.0,5,True,False,False,False
ACC-01431,2024-03-12,Pro,Annual,12,288.84,Education,5-24,NA,13,5.5,76.1,4,25.3,,1,True,False,False,False
ACC-01432,2024-03-12,Basic,Monthly,1,12.0,Education,1-4,EMEA,32,7.1,12.0,4,3.4,8.0,9,True,False,False,False
ACC-01433,2024-03-12,Basic,Monthly,2,24.0,Software,1-4,NA,13,3.2,40.2,4,22.1,10.0,0,True,False,False,False
ACC-01434,2024-03-12,Business,Annual,22,894.74,Manufacturing,5-24,APAC,29,4.9,52.2,7,32.8,7.0,14,True,False,False,False
ACC-01435,2024-03-12,Pro,Annual,3,72.21,Retail,1-4,EMEA,7,4.4,51.9,4,16.6,6.0,1,False,False,False,False
ACC-01436,2024-03-13,Basic,Monthly,1,12.0,Software,1-4,NA,16,0.9,4.0,3,13.6,9.0,14,True,True,False,True
ACC-01437,2024-03-13,Basic,Annual,2,19.92,Software,1-4,NA,41,1.6,61.1,1,8.2,9.0,14,True,False,False,False
ACC-01438,2024-03-13,Business,Monthly,27,1323.0,Education,25-99,EMEA,15,4.4,54.2,1,11.3,8.0,16,True,False,False,False
ACC-01439,2024-03-13,Basic,Monthly,1,12.0,Healthcare,1-4,NA,16,17.3,61.8,2,9.4,7.0,3,False,False,False,False
ACC-01440,2024-03-14,Basic,Monthly,1,12.0,Software,1-4,EMEA,45,3.7,25.3,1,25.5,7.0,15,False,False,False,False
ACC-01441,2024-03-14,Pro,Monthly,3,87.0,Finance,1-4,LATAM,15,5.0,67.2,1,23.3,,2,True,False,False,False
ACC-01442,2024-03-14,Enterprise,Annual,27,1994.49,Retail,25-99,EMEA,20,7.1,67.7,3,25.2,5.0,1,True,False,False,False
ACC-01443,2024-03-14,Business,Annual,21,854.07,Retail,5-24,NA,7,6.7,66.8,4,5.9,2.0,26,True,False,False,False
ACC-01444,2024-03-15,Basic,Monthly,5,60.0,Finance,5-24,EMEA,17,1.0,41.4,2,24.9,,18,True,False,False,True
ACC-01445,2024-03-15,Basic,Annual,3,29.88,Education,1-4,NA,28,3.3,30.1,6,28.5,,1,True,False,False,False
ACC-01446,2024-03-15,Business,Monthly,14,686.0,Healthcare,5-24,NA,24,7.2,46.6,4,21.6,3.0,5,True,False,False,False
ACC-01447,2024-03-16,Pro,Monthly,4,116.0,Finance,1-4,NA,13,5.7,43.3,1,13.9,2.0,18,True,True,False,False
ACC-01448,2024-03-16,Business,Monthly,14,686.0,Software,5-24,NA,4,7.5,100.0,1,3.8,,3,False,False,False,True
ACC-01449,2024-03-16,Basic,Monthly,2,24.0,Retail,1-4,NA,5,1.4,57.3,5,25.9,,13,True,False,False,True
ACC-01450,2024-03-16,Basic,Annual,2,19.92,Finance,1-4,EMEA,17,2.3,37.1,2,23.1,5.0,1,True,False,False,False
ACC-01451,2024-03-17,Enterprise,Annual,22,1625.14,Manufacturing,5-24,NA,35,3.9,40.4,6,18.8,5.0,0,True,True,True,False
ACC-01452,2024-03-17,Basic,Monthly,2,24.0,Education,1-4,NA,4,3.6,14.9,1,29.9,7.0,2,True,False,False,False
ACC-01453,2024-03-18,Business,Monthly,15,735.0,Retail,5-24,NA,22,8.1,59.4,5,13.3,,5,False,False,False,False
ACC-01454,2024-03-18,Pro,Annual,7,168.49,Retail,5-24,NA,6,1.6,37.2,4,15.4,,20,False,False,False,False
ACC-01455,2024-03-19,Pro,Annual,3,72.21,Manufacturing,1-4,NA,1,1.0,79.7,0,1.8,5.0,13,False,False,False,True
ACC-01456,2024-03-19,Basic,Annual,2,19.92,Manufacturing,1-4,EMEA,14,6.9,55.3,2,8.5,8.0,6,True,False,False,False
ACC-01457,2024-03-19,Pro,Monthly,3,87.0,Healthcare,1-4,EMEA,15,4.4,15.8,2,28.2,,1,False,False,False,False
ACC-01458,2024-03-20,Basic,Monthly,5,60.0,Manufacturing,5-24,EMEA,17,4.3,72.6,1,16.4,5.0,13,True,False,False,True
ACC-01459,2024-03-20,Basic,Annual,2,19.92,Manufacturing,1-4,EMEA,25,5.5,60.2,2,3.5,,9,False,True,False,False
ACC-01460,2024-03-20,Pro,Annual,7,168.49,Retail,5-24,NA,23,3.7,19.3,2,12.5,10.0,7,True,False,False,False
ACC-01461,2024-03-20,Pro,Monthly,6,174.0,Education,5-24,NA,11,5.0,63.7,3,33.0,6.0,2,True,False,False,False
ACC-01462,2024-03-20,Pro,Annual,3,72.21,Manufacturing,1-4,NA,21,1.9,66.1,5,15.1,,14,True,False,False,False
ACC-01463,2024-03-20,Basic,Monthly,4,48.0,Healthcare,1-4,NA,13,2.0,20.0,3,9.4,6.0,5,True,False,False,False
ACC-01464,2024-03-20,Business,Annual,9,366.03,Education,5-24,NA,17,3.5,39.4,3,11.3,,14,False,False,False,False
ACC-01465,2024-03-21,Basic,Monthly,3,36.0,Education,1-4,NA,45,4.9,72.3,2,15.9,,14,False,True,False,False
ACC-01466,2024-03-21,Business,Monthly,12,588.0,Manufacturing,5-24,LATAM,18,7.3,81.4,2,0.9,,1,True,False,False,False
ACC-01467,2024-03-21,Basic,Monthly,2,24.0,Healthcare,1-4,NA,4,1.6,53.6,0,1.0,,19,True,False,False,True
ACC-01468,2024-03-21,Pro,Annual,5,120.35,Education,5-24,EMEA,18,2.2,68.6,4,14.5,,1,True,False,False,False
ACC-01469,2024-03-21,Business,Annual,21,854.07,Manufacturing,5-24,NA,14,5.2,59.7,2,29.6,8.0,7,True,False,False,False
ACC-01470,2024-03-21,Basic,Annual,1,9.96,Retail,1-4,EMEA,10,3.0,38.6,1,15.2,,2,False,False,False,False
ACC-01471,2024-03-22,Basic,Monthly,2,24.0,Education,1-4,LATAM,21,5.0,33.7,5,4.8,,8,True,True,False,True
ACC-01472,2024-03-22,Basic,Annual,2,19.92,Software,1-4,LATAM,8,9.2,70.5,2,3.9,6.0,4,True,True,False,False
ACC-01473,2024-03-23,Basic,Annual,2,19.92,Finance,1-4,EMEA,17,8.1,50.1,2,6.8,,6,True,True,False,False
ACC-01474,2024-03-23,Pro,Monthly,4,116.0,Finance,1-4,APAC,22,2.2,57.3,3,9.1,6.0,2,True,False,False,False
ACC-01475,2024-03-23,Pro,Annual,2,48.14,Retail,1-4,APAC,11,2.4,35.8,2,35.9,10.0,5,False,False,False,False
ACC-01476,2024-03-23,Enterprise,Monthly,24,2136.0,Finance,5-24,EMEA,7,4.8,32.9,4,19.6,7.0,11,False,False,True,True
ACC-01477,2024-03-23,Basic,Monthly,1,12.0,Software,1-4,EMEA,9,0.6,33.2,4,18.2,10.0,13,True,False,False,True
ACC-01478,2024-03-23,Basic,Annual,3,29.88,Manufacturing,1-4,NA,8,1.9,33.4,0,18.3,5.0,19,True,False,False,False
ACC-01479,2024-03-23,Basic,Monthly,1,12.0,Education,1-4,NA,15,7.0,51.6,1,14.3,5.0,2,False,False,False,True
ACC-01480,2024-03-23,Enterprise,Monthly,86,7654.0,Healthcare,25-99,NA,17,8.0,52.8,0,6.9,3.0,26,True,False,True,False
ACC-01481,2024-03-23,Basic,Annual,3,29.88,Manufacturing,1-4,EMEA,37,3.7,31.8,3,6.3,,1,True,False,False,True
ACC-01482,2024-03-24,Business,Monthly,34,1666.0,Finance,25-99,EMEA,9,4.2,64.5,4,26.0,10.0,12,False,False,False,False
ACC-01483,2024-03-24,Enterprise,Monthly,12,1068.0,Software,5-24,NA,26,4.3,83.3,2,7.5,4.0,1,True,False,True,False
ACC-01484,2024-03-24,Pro,Annual,4,96.28,Healthcare,1-4,EMEA,6,1.8,61.9,6,24.8,9.0,29,True,True,False,False
ACC-01485,2024-03-25,Pro,Annual,7,168.49,Education,5-24,EMEA,4,6.1,54.2,2,18.0,8.0,9,True,False,False,False
ACC-01486,2024-03-27,Enterprise,Monthly,22,1958.0,Software,5-24,NA,8,8.9,53.5,7,5.8,4.0,1,True,False,True,False
ACC-01487,2024-03-28,Enterprise,Monthly,22,1958.0,Finance,5-24,EMEA,15,6.6,54.4,2,7.7,10.0,5,False,False,True,True
ACC-01488,2024-03-28,Enterprise,Monthly,46,4094.0,Finance,25-99,NA,9,7.5,47.7,2,13.5,7.0,2,True,False,True,True
ACC-01489,2024-03-28,Business,Monthly,14,686.0,Finance,5-24,NA,17,9.4,100.0,5,18.4,9.0,6,False,True,False,True
ACC-01490,2024-03-29,Business,Annual,8,325.36,Finance,5-24,EMEA,25,2.2,68.7,1,6.1,,0,True,False,False,False
ACC-01491,2024-03-29,Basic,Monthly,2,24.0,Healthcare,1-4,NA,30,5.9,33.8,0,11.1,1.0,8,True,False,False,False
ACC-01492,2024-03-29,Basic,Monthly,2,24.0,Retail,1-4,EMEA,4,1.0,72.4,2,13.8,4.0,12,True,False,False,True
ACC-01493,2024-03-29,Basic,Monthly,4,48.0,Finance,1-4,EMEA,35,9.8,65.7,2,6.2,5.0,8,False,True,False,False
ACC-01494,2024-03-29,Pro,Monthly,3,87.0,Education,1-4,APAC,18,11.0,64.3,1,8.8,6.0,7,True,False,False,False
ACC-01495,2024-03-29,Pro,Monthly,5,145.0,Software,5-24,LATAM,48,4.2,90.6,3,15.8,,0,True,True,False,False
ACC-01496,2024-03-30,Business,Monthly,21,1029.0,Healthcare,5-24,NA,22,5.4,32.5,4,25.7,10.0,2,True,False,False,False
ACC-01497,2024-03-30,Pro,Annual,6,144.42,Education,5-24,NA,20,3.7,56.4,1,5.4,,12,True,False,False,False
ACC-01498,2024-03-30,Basic,Annual,3,29.88,Healthcare,1-4,NA,12,10.2,79.7,0,18.0,6.0,3,True,True,False,False
ACC-01499,2024-03-30,Business,Monthly,12,588.0,Retail,5-24,NA,29,0.2,49.7,3,54.3,3.0,14,False,True,False,True
ACC-01500,2024-03-31,Basic,Annual,1,9.96,Retail,1-4,EMEA,10,5.8,48.6,3,9.1,,5,True,True,False,False
ACC-01501,2024-03-31,Pro,Annual,4,96.28,Software,1-4,EMEA,12,4.5,56.8,6,9.6,10.0,0,False,False,False,False
ACC-01502,2024-03-31,Business,Monthly,8,392.0,Healthcare,5-24,APAC,35,2.9,48.5,3,14.2,10.0,5,True,False,False,False
ACC-01503,2024-03-31,Business,Monthly,11,539.0,Finance,5-24,NA,17,9.3,50.4,6,9.7,10.0,1,True,False,False,True
ACC-01504,2024-03-31,Enterprise,Annual,25,1846.75,Manufacturing,25-99,LATAM,27,7.6,50.7,2,3.4,3.0,2,True,True,True,False
ACC-01505,2024-03-31,Basic,Annual,5,49.8,Finance,5-24,LATAM,15,12.9,53.1,0,35.4,5.0,16,True,False,False,False
ACC-01506,2024-03-31,Pro,Monthly,5,145.0,Software,5-24,NA,33,6.6,82.5,1,24.9,,2,False,False,False,True
ACC-01507,2024-04-01,Business,Annual,14,569.38,Manufacturing,5-24,NA,1,9.4,52.4,3,19.2,,3,False,True,False,True
ACC-01508,2024-04-01,Basic,Annual,1,9.96,Software,1-4,NA,12,8.5,45.2,3,17.9,8.0,14,True,False,False,False
ACC-01509,2024-04-01,Basic,Monthly,3,36.0,Software,1-4,APAC,22,14.2,87.0,1,7.4,,10,True,False,False,False
ACC-01510,2024-04-01,Basic,Monthly,3,36.0,Finance,1-4,APAC,12,8.8,69.7,1,15.7,4.0,7,False,False,False,True
ACC-01511,2024-04-01,Basic,Monthly,2,24.0,Finance,1-4,APAC,6,1.6,62.0,2,2.0,,15,False,False,False,False
ACC-01512,2024-04-01,Basic,Monthly,7,84.0,Software,5-24,APAC,17,1.5,38.6,2,25.5,7.0,16,True,False,False,False
ACC-01513,2024-04-02,Basic,Monthly,4,48.0,Software,1-4,NA,14,3.6,67.7,2,9.8,9.0,2,True,True,False,True
ACC-01514,2024-04-02,Pro,Monthly,5,145.0,Education,5-24,NA,16,0.7,27.7,2,32.0,,18,False,False,False,False
ACC-01515,2024-04-02,Basic,Monthly,1,12.0,Healthcare,1-4,NA,22,3.3,27.6,2,17.4,,2,True,False,False,False
ACC-01516,2024-04-02,Pro,Annual,3,72.21,Software,1-4,NA,6,0.9,47.0,3,26.3,10.0,12,True,False,False,False
ACC-01517,2024-04-03,Basic,Monthly,3,36.0,Healthcare,1-4,EMEA,16,8.2,39.2,2,39.7,,6,False,False,False,True
ACC-01518,2024-04-03,Basic,Monthly,1,12.0,Retail,1-4,NA,48,1.6,43.7,7,31.7,10.0,12,False,False,False,True
ACC-01519,2024-04-03,Enterprise,Annual,48,3545.76,Retail,25-99,NA,20,1.7,39.4,5,25.5,6.0,17,True,False,True,False
ACC-01520,2024-04-04,Basic,Monthly,2,24.0,Finance,1-4,NA,13,0.3,51.5,0,38.2,5.0,26,True,True,False,False
ACC-01521,2024-04-04,Basic,Annual,3,29.88,Finance,1-4,EMEA,24,3.8,28.1,0,33.7,,9,True,False,False,False
ACC-01522,2024-04-05,Basic,Annual,1,9.96,Education,1-4,APAC,6,0.3,47.1,4,15.9,4.0,15,True,False,False,True
ACC-01523,2024-04-05,Business,Annual,21,854.07,Retail,5-24,NA,25,1.6,20.9,4,4.1,8.0,15,True,False,False,False
ACC-01524,2024-04-05,Pro,Monthly,6,174.0,Healthcare,5-24,APAC,6,3.9,42.6,3,5.2,4.0,3,True,False,False,False
ACC-01525,2024-04-05,Pro,Monthly,3,87.0,Manufacturing,1-4,EMEA,20,2.7,21.8,3,4.5,9.0,0,True,False,False,False
ACC-01526,2024-04-05,Basic,Annual,3,29.88,Finance,1-4,EMEA,4,6.8,38.8,1,15.9,10.0,5,True,False,False,False
ACC-01527,2024-04-05,Enterprise,Annual,23,1699.01,Software,5-24,EMEA,7,2.4,52.4,1,52.2,,6,True,False,True,False
ACC-01528,2024-04-05,Enterprise,Monthly,35,3115.0,Finance,25-99,EMEA,7,5.9,61.1,4,17.2,,12,True,True,True,False
ACC-01529,2024-04-06,Basic,Annual,2,19.92,Healthcare,1-4,EMEA,9,3.7,34.5,2,4.2,10.0,6,False,False,False,False
ACC-01530,2024-04-06,Enterprise,Annual,27,1994.49,Healthcare,25-99,EMEA,15,5.7,84.5,1,11.7,8.0,20,True,False,True,False
ACC-01531,2024-04-06,Basic,Monthly,2,24.0,Software,1-4,LATAM,15,3.4,45.5,2,19.2,7.0,1,False,True,False,False
ACC-01532,2024-04-06,Basic,Annual,4,39.84,Manufacturing,1-4,NA,10,2.8,92.3,2,12.1,,3,True,True,False,False
ACC-01533,2024-04-07,Pro,Annual,4,96.28,Retail,1-4,NA,6,1.4,47.7,3,26.8,4.0,13,True,False,False,True
ACC-01534,2024-04-07,Pro,Annual,5,120.35,Software,5-24,EMEA,14,4.3,80.2,4,6.9,,1,True,False,False,False
ACC-01535,2024-04-07,Pro,Annual,8,192.56,Finance,5-24,EMEA,18,2.2,59.2,1,17.7,,10,False,False,False,False
ACC-01536,2024-04-08,Basic,Annual,3,29.88,Education,1-4,NA,11,3.0,38.3,3,9.7,,9,False,False,False,True
ACC-01537,2024-04-08,Pro,Monthly,6,174.0,Retail,5-24,EMEA,9,21.2,77.6,4,19.2,4.0,5,True,True,False,False
ACC-01538,2024-04-09,Pro,Annual,5,120.35,Retail,5-24,EMEA,27,4.5,75.1,1,31.1,9.0,0,True,False,False,False
ACC-01539,2024-04-09,Enterprise,Monthly,33,2937.0,Software,25-99,NA,8,5.6,50.0,3,10.6,,6,True,False,True,True
ACC-01540,2024-04-09,Basic,Monthly,1,12.0,Finance,1-4,NA,8,2.1,60.2,1,27.3,8.0,2,False,False,False,False
ACC-01541,2024-04-09,Basic,Annual,3,29.88,Software,1-4,NA,10,4.0,49.7,3,17.3,9.0,1,False,False,False,False
ACC-01542,2024-04-10,Pro,Monthly,7,203.0,Education,5-24,NA,2,8.3,56.2,3,11.0,6.0,9,True,False,False,True
ACC-01543,2024-04-10,Basic,Monthly,4,48.0,Retail,1-4,APAC,20,5.9,66.0,3,10.8,7.0,3,True,False,False,False
ACC-01544,2024-04-10,Basic,Monthly,2,24.0,Finance,1-4,APAC,20,3.9,35.9,1,26.5,,11,True,False,False,False
ACC-01545,2024-04-10,Basic,Monthly,2,24.0,Retail,1-4,EMEA,10,4.5,47.4,2,12.9,,1,True,False,False,False
ACC-01546,2024-04-11,Basic,Annual,2,19.92,Manufacturing,1-4,NA,4,4.1,42.5,3,24.4,4.0,3,True,False,False,False
ACC-01547,2024-04-11,Basic,Annual,2,19.92,Finance,1-4,NA,9,1.9,21.2,0,8.9,,25,True,False,False,False
ACC-01548,2024-04-11,Enterprise,Annual,25,1846.75,Retail,25-99,NA,48,3.4,79.1,2,13.0,7.0,6,True,False,False,False
ACC-01549,2024-04-13,Basic,Monthly,2,24.0,Finance,1-4,NA,21,7.4,53.2,2,5.0,,2,True,False,False,False
ACC-01550,2024-04-13,Basic,Monthly,2,24.0,Education,1-4,NA,18,4.6,50.6,1,2.6,2.0,22,True,False,False,True
ACC-01551,2024-04-13,Basic,Monthly,5,60.0,Retail,5-24,LATAM,17,7.6,23.8,2,26.2,7.0,2,True,False,False,False
ACC-01552,2024-04-14,Pro,Monthly,9,261.0,Finance,5-24,APAC,18,7.2,100.0,4,6.4,7.0,22,True,False,False,False
ACC-01553,2024-04-14,Pro,Annual,5,120.35,Healthcare,5-24,APAC,17,6.6,39.2,0,21.9,,10,False,False,False,False
ACC-01554,2024-04-15,Pro,Monthly,5,145.0,Software,5-24,NA,11,2.4,49.0,5,5.3,7.0,0,True,False,False,False
ACC-01555,2024-04-15,Basic,Monthly,2,24.0,Retail,1-4,EMEA,45,3.5,42.5,4,15.0,6.0,29,True,False,False,False
ACC-01556,2024-04-15,Basic,Monthly,2,24.0,Healthcare,1-4,EMEA,33,10.3,63.4,4,16.0,,3,False,False,False,True
ACC-01557,2024-04-16,Pro,Monthly,4,116.0,Manufacturing,1-4,EMEA,6,6.9,75.2,2,24.0,5.0,4,True,False,False,False
ACC-01558,2024-04-16,Basic,Annual,1,9.96,Finance,1-4,APAC,26,1.2,53.8,1,26.6,10.0,37,True,False,False,False
ACC-01559,2024-04-16,Basic,Annual,3,29.88,Healthcare,1-4,EMEA,17,11.7,65.8,3,10.7,8.0,1,True,True,False,False
ACC-01560,2024-04-16,Pro,Monthly,7,203.0,Finance,5-24,NA,5,3.9,16.4,1,4.1,6.0,7,True,True,False,True
ACC-01561,2024-04-16,Basic,Annual,3,29.88,Finance,1-4,NA,13,3.3,71.2,3,21.5,,1,True,False,False,False
ACC-01562,2024-04-16,Pro,Monthly,5,145.0,Software,5-24,NA,36,12.7,100.0,3,17.8,10.0,4,True,False,False,False
ACC-01563,2024-04-16,Enterprise,Annual,29,2142.23,Retail,25-99,EMEA,7,3.6,27.0,2,7.1,,1,False,True,True,False
ACC-01564,2024-04-17,Basic,Annual,1,9.96,Finance,1-4,NA,8,1.9,63.0,1,33.9,4.0,24,True,False,False,True
ACC-01565,2024-04-17,Basic,Monthly,1,12.0,Finance,1-4,APAC,4,0.2,46.2,5,21.4,5.0,19,True,False,False,True
ACC-01566,2024-04-18,Basic,Monthly,1,12.0,Retail,1-4,NA,11,4.4,66.0,2,34.6,10.0,2,True,False,False,False
ACC-01567,2024-04-18,Basic,Monthly,1,12.0,Education,1-4,NA,17,0.6,94.6,0,17.4,8.0,15,True,False,False,True
ACC-01568,2024-04-18,Pro,Annual,5,120.35,Education,5-24,LATAM,14,4.1,61.6,9,7.3,,0,True,False,False,False
ACC-01569,2024-04-18,Pro,Annual,9,216.63,Retail,5-24,NA,28,11.6,84.0,4,29.2,,0,False,True,False,False
ACC-01570,2024-04-19,Pro,Annual,4,96.28,Manufacturing,1-4,APAC,12,1.4,47.8,0,4.2,5.0,19,False,False,False,True
ACC-01571,2024-04-19,Basic,Monthly,2,24.0,Education,1-4,NA,31,5.4,68.4,2,19.1,5.0,13,True,False,False,False
ACC-01572,2024-04-19,Pro,Monthly,5,145.0,Finance,5-24,LATAM,6,7.2,42.1,5,29.8,,6,True,True,False,False
ACC-01573,2024-04-19,Basic,Monthly,2,24.0,Education,1-4,EMEA,8,2.1,16.7,3,2.2,,5,True,False,False,True
ACC-01574,2024-04-19,Enterprise,Annual,46,3398.02,Finance,25-99,EMEA,7,4.1,23.0,2,18.6,3.0,1,False,True,True,False
ACC-01575,2024-04-19,Basic,Monthly,2,24.0,Retail,1-4,NA,5,13.2,71.1,2,20.0,6.0,4,True,False,False,False
ACC-01576,2024-04-20,Pro,Annual,4,96.28,Finance,1-4,NA,9,6.7,57.6,5,14.6,,4,False,False,False,False
ACC-01577,2024-04-20,Basic,Monthly,2,24.0,Software,1-4,NA,9,5.4,68.3,2,3.5,6.0,4,False,False,False,False
ACC-01578,2024-04-20,Basic,Monthly,2,24.0,Manufacturing,1-4,NA,35,12.1,87.6,0,2.7,5.0,2,True,False,False,False
ACC-01579,2024-04-21,Pro,Monthly,7,203.0,Healthcare,5-24,APAC,14,4.5,44.4,3,42.8,3.0,1,False,False,False,False
ACC-01580,2024-04-21,Business,Annual,8,325.36,Manufacturing,5-24,NA,12,2.1,42.4,3,2.7,10.0,4,False,False,False,False
ACC-01581,2024-04-22,Business,Monthly,26,1274.0,Finance,25-99,NA,2,2.2,35.6,4,2.5,5.0,1,False,False,False,False
ACC-01582,2024-04-22,Pro,Annual,2,48.14,Retail,1-4,APAC,9,8.3,76.6,4,17.3,10.0,7,False,False,False,False
ACC-01583,2024-04-22,Basic,Monthly,2,24.0,Healthcare,1-4,APAC,11,7.8,59.4,1,7.8,,5,False,False,False,False
ACC-01584,2024-04-22,Enterprise,Monthly,33,2937.0,Education,25-99,EMEA,40,6.0,21.3,3,17.9,,2,True,False,True,False
ACC-01585,2024-04-22,Pro,Annual,2,48.14,Retail,1-4,EMEA,16,2.0,43.1,5,47.8,9.0,1,False,True,False,False
ACC-01586,2024-04-23,Basic,Monthly,3,36.0,Manufacturing,1-4,EMEA,16,5.3,70.3,2,13.3,6.0,22,False,False,False,True
ACC-01587,2024-04-23,Enterprise,Monthly,40,3560.0,Finance,25-99,NA,4,6.8,52.1,2,11.7,7.0,5,False,False,False,True
ACC-01588,2024-04-23,Business,Monthly,22,1078.0,Software,5-24,NA,22,4.6,45.1,2,2.7,,2,True,False,False,True
ACC-01589,2024-04-23,Pro,Annual,2,48.14,Retail,1-4,EMEA,28,4.4,49.8,1,24.2,5.0,11,True,False,False,False
ACC-01590,2024-04-23,Business,Annual,21,854.07,Education,5-24,APAC,24,5.1,56.9,2,34.4,9.0,1,True,True,False,False
ACC-01591,2024-04-24,Basic,Annual,2,19.92,Manufacturing,1-4,EMEA,16,8.7,28.3,1,20.2,9.0,8,True,True,False,False
ACC-01592,2024-04-25,Pro,Monthly,10,290.0,Manufacturing,5-24,APAC,9,2.6,23.1,3,60.9,9.0,15,False,True,False,False
ACC-01593,2024-04-25,Pro,Annual,4,96.28,Healthcare,1-4,EMEA,20,4.5,59.0,2,14.2,10.0,13,True,False,False,False
ACC-01594,2024-04-25,Business,Monthly,13,637.0,Software,5-24,NA,22,6.4,47.6,0,16.0,,2,True,False,False,False
ACC-01595,2024-04-25,Basic,Monthly,1,12.0,Manufacturing,1-4,APAC,6,12.6,55.1,6,14.2,8.0,0,True,False,False,False
ACC-01596,2024-04-25,Basic,Monthly,2,24.0,Retail,1-4,NA,7,0.6,64.4,2,23.3,,15,True,False,False,False
ACC-01597,2024-04-26,Basic,Annual,1,9.96,Education,1-4,EMEA,12,4.1,65.4,2,11.2,10.0,4,True,False,False,False
ACC-01598,2024-04-26,Enterprise,Annual,45,3324.15,Software,25-99,APAC,8,6.5,61.0,4,11.4,,8,True,False,True,True
ACC-01599,2024-04-26,Basic,Annual,2,19.92,Software,1-4,NA,24,12.2,54.8,4,20.1,,10,True,False,False,False
ACC-01600,2024-04-27,Basic,Monthly,2,24.0,Manufacturing,1-4,NA,7,0.6,61.6,3,19.5,5.0,15,True,True,False,True
ACC-01601,2024-04-27,Pro,Annual,4,96.28,Education,1-4,APAC,11,6.0,82.6,3,4.5,5.0,5,True,False,False,False
ACC-01602,2024-04-27,Basic,Monthly,3,36.0,Healthcare,1-4,EMEA,15,5.3,39.5,1,49.3,,0,True,False,False,False
ACC-01603,2024-04-27,Basic,Annual,6,59.76,Finance,5-24,NA,11,1.0,28.3,1,10.8,6.0,14,True,False,False,False
ACC-01604,2024-04-28,Basic,Annual,2,19.92,Finance,1-4,EMEA,9,1.8,44.4,3,19.3,5.0,13,True,False,False,False
ACC-01605,2024-04-28,Business,Annual,9,366.03,Manufacturing,5-24,NA,11,4.3,64.5,3,31.1,,0,False,False,False,False
ACC-01606,2024-04-29,Basic,Annual,4,39.84,Healthcare,1-4,EMEA,6,6.2,62.3,2,9.6,,4,False,False,False,False
ACC-01607,2024-04-29,Basic,Monthly,1,12.0,Software,1-4,LATAM,5,8.0,41.3,1,5.5,7.0,12,True,False,False,False
ACC-01608,2024-04-30,Basic,Monthly,2,24.0,Healthcare,1-4,NA,21,2.1,88.0,2,29.5,8.0,0,False,True,False,False
ACC-01609,2024-04-30,Basic,Monthly,2,24.0,Retail,1-4,LATAM,18,5.2,62.8,1,19.3,6.0,2,False,False,False,False
ACC-01610,2024-04-30,Pro,Annual,2,48.14,Manufacturing,1-4,NA,9,4.7,31.8,6,32.1,,9,True,False,False,False
ACC-01611,2024-04-30,Pro,Monthly,6,174.0,Software,5-24,NA,2,8.3,44.3,2,20.2,7.0,2,True,False,False,False
ACC-01612,2024-05-01,Enterprise,Monthly,22,1958.0,Retail,5-24,NA,13,0.1,95.3,2,7.4,,22,False,False,False,False
ACC-01613,2024-05-01,Basic,Annual,2,19.92,Education,1-4,LATAM,26,3.5,58.8,0,27.9,,1,True,False,False,False
ACC-01614,2024-05-01,Business,Monthly,14,686.0,Manufacturing,5-24,NA,6,4.7,47.2,4,23.6,10.0,0,False,False,False,False
ACC-01615,2024-05-01,Basic,Annual,2,19.92,Education,1-4,EMEA,13,7.6,73.6,2,25.4,10.0,15,True,False,False,False
ACC-01616,2024-05-02,Pro,Annual,5,120.35,Software,5-24,NA,8,3.1,40.1,4,22.1,7.0,1,True,False,False,False
ACC-01617,2024-05-03,Enterprise,Annual,53,3915.11,Healthcare,25-99,NA,9,7.4,44.0,2,15.8,4.0,3,True,False,True,False
ACC-01618,2024-05-03,Pro,Monthly,5,145.0,Education,5-24,NA,3,3.7,23.3,6,19.9,,1,True,False,False,False
ACC-01619,2024-05-05,Enterprise,Monthly,57,5073.0,Education,25-99,EMEA,18,9.3,63.5,4,11.6,,1,False,False,True,False
ACC-01620,2024-05-06,Basic,Monthly,1,12.0,Healthcare,1-4,NA,7,11.4,63.4,3,8.6,8.0,0,True,False,False,False
ACC-01621,2024-05-06,Pro,Monthly,4,116.0,Education,1-4,LATAM,47,18.0,43.9,3,26.1,,21,True,False,False,False
ACC-01622,2024-05-06,Pro,Annual,8,192.56,Education,5-24,NA,24,5.2,57.5,4,7.5,,7,False,False,False,False
ACC-01623,2024-05-06,Basic,Annual,4,39.84,Finance,1-4,LATAM,26,2.2,80.4,4,4.3,7.0,5,True,True,False,False
ACC-01624,2024-05-06,Basic,Monthly,2,24.0,Retail,1-4,NA,17,8.9,49.5,1,14.2,,5,True,False,False,False
ACC-01625,2024-05-06,Basic,Annual,3,29.88,Manufacturing,1-4,EMEA,30,1.2,66.0,3,9.1,,26,True,False,False,False
ACC-01626,2024-05-07,Business,Monthly,12,588.0,Retail,5-24,APAC,37,2.4,60.7,3,8.1,5.0,16,True,True,False,False
ACC-01627,2024-05-07,Pro,Monthly,8,232.0,Manufacturing,5-24,LATAM,2,5.0,57.0,4,21.8,5.0,10,True,False,False,False
ACC-01628,2024-05-07,Business,Monthly,22,1078.0,Finance,5-24,APAC,15,4.4,55.7,3,6.0,8.0,1,True,False,False,False
ACC-01629,2024-05-08,Pro,Annual,16,385.12,Retail,5-24,NA,7,2.1,34.1,2,11.7,,0,True,False,False,False
ACC-01630,2024-05-08,Basic,Monthly,2,24.0,Finance,1-4,NA,38,1.8,47.7,0,35.5,9.0,24,False,False,False,False
ACC-01631,2024-05-08,Basic,Monthly,2,24.0,Retail,1-4,APAC,5,8.5,67.1,4,9.4,9.0,7,True,False,False,False
ACC-01632,2024-05-08,Pro,Annual,2,48.14,Healthcare,1-4,APAC,44,3.8,69.4,2,22.8,8.0,1,True,False,False,False
ACC-01633,2024-05-08,Business,Monthly,9,441.0,Manufacturing,5-24,LATAM,13,6.4,32.7,0,11.2,,12,True,False,False,False
ACC-01634,2024-05-09,Pro,Monthly,6,174.0,Manufacturing,5-24,EMEA,9,8.2,60.1,1,12.4,,1,True,False,False,False
ACC-01635,2024-05-09,Basic,Annual,2,19.92,Manufacturing,1-4,EMEA,4,2.6,48.1,4,17.8,9.0,1,False,False,False,False
ACC-01636,2024-05-09,Basic,Annual,2,19.92,Healthcare,1-4,NA,9,2.9,71.0,2,27.1,,5,True,True,False,False
ACC-01637,2024-05-09,Basic,Monthly,3,36.0,Finance,1-4,APAC,5,6.8,56.2,2,39.7,,10,True,False,False,True
ACC-01638,2024-05-09,Basic,Monthly,1,12.0,Manufacturing,1-4,LATAM,13,1.9,80.1,2,16.3,6.0,13,True,False,False,False
ACC-01639,2024-05-09,Enterprise,Monthly,36,3204.0,Retail,25-99,NA,21,3.2,35.7,1,19.5,10.0,5,True,True,False,False
ACC-01640,2024-05-09,Enterprise,Monthly,30,2670.0,Manufacturing,25-99,LATAM,12,0.6,42.9,2,17.7,6.0,14,False,False,True,False
ACC-01641,2024-05-09,Enterprise,Monthly,33,2937.0,Software,25-99,APAC,17,1.1,56.2,1,8.3,,19,False,True,True,False
ACC-01642,2024-05-10,Pro,Monthly,3,87.0,Retail,1-4,NA,48,3.9,60.9,2,30.3,9.0,13,True,False,False,False
ACC-01643,2024-05-10,Basic,Annual,3,29.88,Software,1-4,NA,12,1.8,65.1,3,4.0,6.0,15,True,False,False,True
ACC-01644,2024-05-10,Basic,Annual,2,19.92,Retail,1-4,APAC,28,2.9,47.1,3,14.6,,5,True,False,False,True
ACC-01645,2024-05-10,Basic,Annual,1,9.96,Software,1-4,NA,41,4.2,36.5,4,21.1,,4,True,False,False,False
ACC-01646,2024-05-10,Basic,Monthly,3,36.0,Manufacturing,1-4,NA,8,9.4,60.5,1,18.0,6.0,2,False,True,False,False
ACC-01647,2024-05-10,Business,Monthly,9,441.0,Education,5-24,APAC,20,2.8,38.3,3,24.1,,11,True,True,False,True
ACC-01648,2024-05-10,Basic,Annual,2,19.92,Healthcare,1-4,NA,13,2.3,25.5,0,11.7,10.0,2,True,False,False,False
ACC-01649,2024-05-10,Basic,Annual,5,49.8,Manufacturing,5-24,NA,18,3.2,70.4,3,25.4,,3,False,False,False,False
ACC-01650,2024-05-10,Basic,Annual,2,19.92,Software,1-4,EMEA,18,4.7,43.5,1,5.4,,2,True,False,False,False
ACC-01651,2024-05-10,Basic,Monthly,3,36.0,Education,1-4,EMEA,12,1.1,65.4,2,14.6,10.0,14,False,True,False,True
ACC-01652,2024-05-10,Pro,Monthly,5,145.0,Education,5-24,LATAM,3,7.8,77.1,2,4.6,,2,False,False,False,True
ACC-01653,2024-05-11,Basic,Monthly,3,36.0,Retail,1-4,LATAM,24,9.2,53.8,4,5.9,7.0,13,False,False,False,False
ACC-01654,2024-05-11,Basic,Monthly,1,12.0,Education,1-4,NA,39,8.8,43.2,4,12.4,10.0,2,True,False,False,False
ACC-01655,2024-05-11,Pro,Monthly,6,174.0,Healthcare,5-24,EMEA,11,7.1,55.0,3,5.0,,6,True,False,False,False
ACC-01656,2024-05-12,Basic,Annual,4,39.84,Manufacturing,1-4,LATAM,26,12.9,71.0,3,7.3,4.0,13,False,True,False,False
ACC-01657,2024-05-12,Business,Monthly,8,392.0,Education,5-24,EMEA,10,6.9,45.3,4,18.8,2.0,15,True,True,False,False
ACC-01658,2024-05-13,Business,Monthly,18,882.0,Education,5-24,NA,31,11.6,54.9,1,20.3,,2,True,False,False,False
ACC-01659,2024-05-13,Business,Monthly,8,392.0,Education,5-24,EMEA,11,6.1,44.1,2,17.7,10.0,1,False,True,False,False
ACC-01660,2024-05-13,Basic,Monthly,3,36.0,Education,1-4,NA,3,6.2,87.7,2,27.3,7.0,1,True,False,False,False
ACC-01661,2024-05-13,Enterprise,Annual,28,2068.36,Manufacturing,25-99,NA,11,3.6,51.9,4,12.5,9.0,12,True,False,True,False
ACC-01662,2024-05-14,Basic,Annual,1,9.96,Retail,1-4,APAC,12,5.2,63.3,2,12.2,,9,False,False,False,True
ACC-01663,2024-05-14,Enterprise,Annual,133,9824.71,Healthcare,100+,EMEA,13,8.1,79.6,2,16.1,,1,True,False,True,False
ACC-01664,2024-05-14,Enterprise,Monthly,17,1513.0,Healthcare,5-24,APAC,18,2.2,38.7,2,20.9,,1,True,False,True,False
ACC-01665,2024-05-14,Business,Annual,7,284.69,Retail,5-24,LATAM,15,4.4,65.6,4,14.1,4.0,5,True,False,False,False
ACC-01666,2024-05-15,Pro,Monthly,3,87.0,Finance,1-4,EMEA,22,2.0,65.7,1,3.8,9.0,3,True,True,False,False
ACC-01667,2024-05-15,Pro,Annual,3,72.21,Software,1-4,NA,3,4.5,38.5,2,3.8,9.0,11,True,False,False,False
ACC-01668,2024-05-15,Business,Monthly,4,196.0,Finance,1-4,NA,7,1.8,53.6,3,26.7,,14,False,False,False,True
ACC-01669,2024-05-15,Business,Annual,10,406.7,Manufacturing,5-24,APAC,3,3.8,57.8,1,12.3,8.0,1,False,True,False,False
ACC-01670,2024-05-16,Business,Monthly,8,392.0,Manufacturing,5-24,LATAM,16,11.4,69.0,2,8.8,,0,True,True,False,False
ACC-01671,2024-05-16,Basic,Annual,4,39.84,Finance,1-4,APAC,14,5.5,66.5,5,3.0,,3,True,False,False,False
ACC-01672,2024-05-16,Basic,Monthly,3,36.0,Finance,1-4,EMEA,7,6.1,42.8,1,17.3,8.0,14,True,False,False,False
ACC-01673,2024-05-16,Pro,Annual,7,168.49,Manufacturing,5-24,EMEA,6,9.7,90.6,3,5.4,,2,True,True,False,False
ACC-01674,2024-05-17,Business,Annual,7,284.69,Healthcare,5-24,EMEA,22,6.1,47.2,2,19.9,10.0,44,True,False,False,False
ACC-01675,2024-05-17,Pro,Monthly,4,116.0,Software,1-4,APAC,16,2.7,49.2,3,35.6,,9,False,False,False,False
ACC-01676,2024-05-17,Enterprise,Annual,40,2954.8,Retail,25-99,APAC,10,11.6,82.0,3,4.4,,1,True,False,True,False
ACC-01677,2024-05-18,Business,Monthly,10,490.0,Software,5-24,APAC,18,0.7,21.3,3,52.0,,16,False,False,False,True
ACC-01678,2024-05-18,Basic,Annual,1,9.96,Manufacturing,1-4,EMEA,8,4.5,58.9,4,16.3,,1,True,False,False,False
ACC-01679,2024-05-18,Pro,Monthly,5,145.0,Software,5-24,APAC,37,2.8,46.5,5,2.1,6.0,0,False,False,False,False
ACC-01680,2024-05-18,Business,Monthly,13,637.0,Manufacturing,5-24,NA,25,5.3,76.7,1,10.4,10.0,10,True,False,False,False
ACC-01681,2024-05-18,Business,Annual,4,162.68,Software,1-4,EMEA,9,2.3,67.2,4,1.3,,16,True,False,False,False
ACC-01682,2024-05-19,Enterprise,Annual,40,2954.8,Manufacturing,25-99,NA,10,2.4,48.7,1,5.5,8.0,21,False,True,False,False
ACC-01683,2024-05-19,Business,Annual,6,244.02,Retail,5-24,EMEA,27,2.7,42.1,3,9.8,,4,True,False,False,False
ACC-01684,2024-05-20,Enterprise,Annual,31,2289.97,Healthcare,25-99,EMEA,13,2.4,21.4,2,37.1,9.0,8,True,False,True,False
ACC-01685,2024-05-20,Business,Monthly,14,686.0,Retail,5-24,APAC,12,3.3,62.5,0,14.4,9.0,2,False,False,False,False
ACC-01686,2024-05-20,Pro,Annual,5,120.35,Software,5-24,APAC,6,2.3,43.9,2,20.4,4.0,5,True,True,False,False
ACC-01687,2024-05-20,Pro,Monthly,8,232.0,Finance,5-24,APAC,11,2.8,12.1,2,11.4,,28,True,False,False,False
ACC-01688,2024-05-21,Basic,Monthly,2,24.0,Manufacturing,1-4,APAC,6,1.6,51.4,5,37.8,,15,True,True,False,True
ACC-01689,2024-05-21,Pro,Monthly,5,145.0,Manufacturing,5-24,LATAM,30,2.8,60.3,5,5.7,,4,False,False,False,False
ACC-01690,2024-05-21,Business,Annual,14,569.38,Manufacturing,5-24,NA,32,3.9,51.5,3,8.5,,4,True,False,False,False
ACC-01691,2024-05-21,Pro,Monthly,9,261.0,Software,5-24,NA,17,2.4,65.0,4,42.0,9.0,3,True,False,False,False
ACC-01692,2024-05-21,Basic,Monthly,2,24.0,Finance,1-4,NA,26,2.8,10.8,5,38.3,,0,False,False,False,True
ACC-01693,2024-05-22,Business,Annual,10,406.7,Retail,5-24,NA,2,0.8,15.7,0,26.2,3.0,14,True,False,False,True
ACC-01694,2024-05-22,Business,Monthly,19,931.0,Finance,5-24,NA,11,1.6,28.3,3,37.4,7.0,18,True,False,False,False
ACC-01695,2024-05-23,Business,Monthly,5,245.0,Education,5-24,NA,25,5.6,47.2,2,16.5,,4,True,True,False,True
ACC-01696,2024-05-23,Business,Monthly,7,343.0,Finance,5-24,EMEA,3,5.5,48.9,4,36.5,8.0,1,True,False,False,True
ACC-01697,2024-05-24,Business,Monthly,10,490.0,Healthcare,5-24,EMEA,12,5.5,35.4,1,8.4,6.0,2,False,False,False,False
ACC-01698,2024-05-24,Enterprise,Monthly,20,1780.0,Retail,5-24,EMEA,10,3.5,27.7,5,15.3,5.0,2,True,True,True,False
ACC-01699,2024-05-25,Pro,Annual,11,264.77,Retail,5-24,NA,6,8.5,77.7,2,32.8,6.0,0,False,True,False,True
ACC-01700,2024-05-25,Pro,Monthly,7,203.0,Healthcare,5-24,NA,9,2.0,43.6,4,6.8,7.0,4,True,False,False,False
ACC-01701,2024-05-25,Pro,Monthly,4,116.0,Finance,1-4,APAC,27,0.8,71.6,6,11.6,6.0,30,True,True,False,True
ACC-01702,2024-05-25,Pro,Monthly,7,203.0,Software,5-24,NA,24,3.8,39.0,1,5.9,6.0,4,True,False,False,True
ACC-01703,2024-05-26,Pro,Monthly,1,29.0,Manufacturing,1-4,LATAM,10,0.2,88.6,1,16.0,6.0,22,True,True,False,True
ACC-01704,2024-05-26,Basic,Monthly,3,36.0,Retail,1-4,EMEA,13,3.5,32.5,1,20.2,,5,True,False,False,False
ACC-01705,2024-05-27,Pro,Annual,2,48.14,Education,1-4,NA,8,3.1,39.6,1,11.5,6.0,2,True,False,False,False
ACC-01706,2024-05-27,Pro,Monthly,3,87.0,Retail,1-4,EMEA,9,8.4,83.1,3,3.7,9.0,17,True,False,False,False
ACC-01707,2024-05-27,Basic,Monthly,2,24.0,Manufacturing,1-4,NA,30,14.2,74.8,0,33.6,7.0,3,True,False,False,False
ACC-01708,2024-05-27,Pro,Annual,7,168.49,Finance,5-24,EMEA,3,1.6,84.8,4,29.1,4.0,12,True,False,False,False
ACC-01709,2024-05-27,Basic,Monthly,1,12.0,Retail,1-4,EMEA,7,6.4,65.2,2,13.4,6.0,7,False,True,False,True
ACC-01710,2024-05-28,Enterprise,Annual,18,1329.66,Education,5-24,EMEA,13,3.7,70.2,3,5.2,6.0,25,True,False,False,False
ACC-01711,2024-05-28,Basic,Monthly,3,36.0,Manufacturing,1-4,EMEA,6,5.1,51.0,1,29.6,5.0,0,True,False,False,False
ACC-01712,2024-05-28,Pro,Monthly,4,116.0,Healthcare,1-4,NA,24,0.3,52.6,2,4.6,7.0,14,True,False,False,False
ACC-01713,2024-05-29,Business,Monthly,17,833.0,Healthcare,5-24,NA,7,3.1,48.2,1,7.9,,9,True,False,False,False
ACC-01714,2024-05-29,Pro,Monthly,5,145.0,Manufacturing,5-24,NA,14,3.6,53.5,3,25.2,,9,True,False,False,False
ACC-01715,2024-05-29,Pro,Monthly,9,261.0,Retail,5-24,NA,23,0.9,53.0,5,13.5,7.0,21,True,False,False,False
ACC-01716,2024-05-30,Business,Monthly,19,931.0,Finance,5-24,EMEA,16,3.8,31.6,2,6.9,10.0,1,True,False,False,False
ACC-01717,2024-05-30,Basic,Monthly,2,24.0,Finance,1-4,EMEA,17,2.0,35.2,3,39.2,8.0,5,True,False,False,False
ACC-01718,2024-05-30,Pro,Annual,4,96.28,Finance,1-4,NA,27,5.2,46.0,1,8.5,10.0,16,True,False,False,False
ACC-01719,2024-05-30,Business,Monthly,13,637.0,Software,5-24,EMEA,12,3.7,34.3,3,14.5,4.0,2,False,False,False,False
ACC-01720,2024-05-31,Pro,Monthly,9,261.0,Manufacturing,5-24,NA,27,3.7,66.9,4,31.9,,1,False,False,False,False
ACC-01721,2024-05-31,Business,Monthly,21,1029.0,Software,5-24,NA,42,1.2,23.7,3,2.1,,13,True,False,False,False
ACC-01722,2024-05-31,Pro,Annual,12,288.84,Software,5-24,APAC,43,1.6,55.5,1,24.7,9.0,34,False,True,False,False
ACC-01723,2024-06-01,Enterprise,Monthly,43,3827.0,Healthcare,25-99,EMEA,21,1.7,42.7,1,22.3,8.0,20,True,False,True,False
ACC-01724,2024-06-01,Basic,Monthly,5,60.0,Finance,5-24,NA,48,6.4,38.1,1,90.2,,5,True,False,False,False
ACC-01725,2024-06-01,Basic,Monthly,3,36.0,Software,1-4,EMEA,7,5.7,42.3,2,8.5,7.0,6,True,False,False,True
ACC-01726,2024-06-02,Basic,Monthly,3,36.0,Retail,1-4,LATAM,18,0.4,36.0,4,19.9,8.0,14,True,True,False,False
ACC-01727,2024-06-02,Basic,Monthly,2,24.0,Retail,1-4,EMEA,17,9.0,56.5,3,24.0,8.0,1,True,False,False,False
ACC-01728,2024-06-02,Pro,Annual,7,168.49,Finance,5-24,EMEA,7,4.2,21.2,4,22.5,9.0,9,True,False,False,False
ACC-01729,2024-06-03,Enterprise,Annual,29,2142.23,Manufacturing,25-99,APAC,14,0.7,54.9,1,14.0,,12,True,False,False,True
ACC-01730,2024-06-03,Pro,Monthly,8,232.0,Finance,5-24,NA,8,3.0,44.7,2,3.5,3.0,10,True,False,False,True
ACC-01731,2024-06-03,Basic,Annual,2,19.92,Education,1-4,LATAM,7,8.6,50.7,2,22.4,5.0,6,True,False,False,False
ACC-01732,2024-06-04,Enterprise,Annual,61,4506.07,Finance,25-99,EMEA,36,1.0,74.6,0,29.7,5.0,13,True,True,False,False
ACC-01733,2024-06-05,Enterprise,Monthly,12,1068.0,Education,5-24,NA,3,7.0,61.3,3,31.1,10.0,5,True,False,True,False
ACC-01734,2024-06-05,Pro,Monthly,6,174.0,Manufacturing,5-24,NA,28,1.3,3.0,3,4.5,,16,False,False,False,True
ACC-01735,2024-06-07,Basic,Monthly,2,24.0,Retail,1-4,NA,16,7.6,51.3,2,33.5,7.0,3,True,True,False,False
ACC-01736,2024-06-07,Enterprise,Monthly,17,1513.0,Healthcare,5-24,NA,23,3.7,54.3,3,9.3,6.0,5,True,False,True,False
ACC-01737,2024-06-07,Pro,Monthly,2,58.0,Manufacturing,1-4,APAC,8,7.2,79.1,0,5.8,,4,True,True,False,False
ACC-01738,2024-06-07,Pro,Monthly,4,116.0,Software,1-4,EMEA,8,2.1,51.3,2,6.2,,10,True,False,False,True
ACC-01739,2024-06-07,Basic,Monthly,3,36.0,Retail,1-4,EMEA,20,0.9,14.6,2,22.7,,22,True,False,False,False
ACC-01740,2024-06-07,Basic,Monthly,1,12.0,Manufacturing,1-4,NA,12,6.1,91.5,3,25.7,,6,True,False,False,False
ACC-01741,2024-06-07,Business,Annual,25,1016.75,Healthcare,25-99,APAC,7,3.1,60.1,4,11.6,,1,True,False,False,True
ACC-01742,2024-06-08,Pro,Annual,3,72.21,Retail,1-4,EMEA,4,1.1,46.8,2,30.0,8.0,21,True,False,False,True
ACC-01743,2024-06-08,Business,Annual,20,813.4,Healthcare,5-24,NA,12,6.2,50.0,5,7.0,,2,True,False,False,False
ACC-01744,2024-06-08,Basic,Annual,1,9.96,Manufacturing,1-4,EMEA,41,4.3,18.9,1,9.3,8.0,5,True,False,False,False
ACC-01745,2024-06-08,Business,Monthly,13,637.0,Education,5-24,NA,2,5.9,56.7,4,28.8,,9,True,False,False,False
ACC-01746,2024-06-09,Pro,Monthly,7,203.0,Education,5-24,EMEA,14,2.5,54.7,5,39.9,8.0,1,True,False,False,False
ACC-01747,2024-06-09,Business,Monthly,16,784.0,Finance,5-24,NA,18,0.8,67.7,5,13.9,9.0,13,False,False,False,False
ACC-01748,2024-06-09,Basic,Annual,1,9.96,Finance,1-4,EMEA,34,9.5,82.4,1,3.3,8.0,4,True,True,False,False
ACC-01749,2024-06-10,Basic,Monthly,1,12.0,Software,1-4,NA,4,4.9,70.9,3,8.0,5.0,1,True,False,False,False
ACC-01750,2024-06-10,Basic,Monthly,2,24.0,Education,1-4,NA,10,3.6,43.3,1,29.9,7.0,5,True,False,False,True
ACC-01751,2024-06-10,Pro,Monthly,3,87.0,Healthcare,1-4,NA,6,0.6,39.4,3,4.1,10.0,19,False,True,False,True
ACC-01752,2024-06-11,Pro,Annual,3,72.21,Healthcare,1-4,NA,16,1.1,21.3,3,6.7,,13,True,False,False,False
ACC-01753,2024-06-11,Business,Monthly,17,833.0,Finance,5-24,EMEA,16,8.9,48.7,0,9.8,9.0,8,True,False,False,False
ACC-01754,2024-06-11,Basic,Annual,2,19.92,Manufacturing,1-4,EMEA,10,13.0,54.2,4,9.3,,15,False,True,False,False
ACC-01755,2024-06-11,Basic,Monthly,3,36.0,Software,1-4,NA,27,2.4,45.9,2,34.6,,0,False,True,False,True
ACC-01756,2024-06-12,Pro,Monthly,2,58.0,Finance,1-4,APAC,25,12.7,73.5,5,14.2,,13,True,False,False,False
ACC-01757,2024-06-12,Basic,Annual,4,39.84,Manufacturing,1-4,LATAM,18,13.3,66.5,2,23.0,9.0,3,True,False,False,False
ACC-01758,2024-06-14,Enterprise,Annual,33,2437.71,Retail,25-99,NA,3,3.2,30.3,4,2.6,,15,False,False,True,False
ACC-01759,2024-06-14,Basic,Annual,4,39.84,Healthcare,1-4,EMEA,13,2.1,58.1,4,13.8,10.0,2,True,False,False,False
ACC-01760,2024-06-14,Business,Annual,15,610.05,Healthcare,5-24,NA,10,4.4,39.8,1,23.1,9.0,1,True,True,False,False
ACC-01761,2024-06-14,Enterprise,Monthly,50,4450.0,Retail,25-99,APAC,25,0.5,27.3,2,21.9,5.0,27,False,False,False,True
ACC-01762,2024-06-15,Basic,Annual,2,19.92,Manufacturing,1-4,APAC,24,8.9,92.0,3,7.4,10.0,3,True,False,False,False
ACC-01763,2024-06-15,Business,Annual,27,1098.09,Healthcare,25-99,LATAM,5,2.9,11.9,2,16.9,6.0,4,True,False,False,False
ACC-01764,2024-06-15,Enterprise,Monthly,52,4628.0,Manufacturing,25-99,EMEA,24,5.9,82.3,2,9.9,,7,False,True,True,False
ACC-01765,2024-06-15,Pro,Annual,8,192.56,Software,5-24,NA,10,0.9,40.8,4,4.9,9.0,19,False,True,False,False
ACC-01766,2024-06-15,Basic,Monthly,1,12.0,Software,1-4,NA,13,4.4,61.4,3,38.6,4.0,0,False,False,False,True
ACC-01767,2024-06-16,Pro,Monthly,6,174.0,Education,5-24,EMEA,16,1.9,58.0,4,10.2,,14,True,False,False,False
ACC-01768,2024-06-16,Basic,Monthly,3,36.0,Software,1-4,NA,15,6.3,66.0,2,14.9,,5,False,False,False,False
ACC-01769,2024-06-16,Basic,Monthly,3,36.0,Education,1-4,EMEA,4,4.0,77.0,0,27.5,10.0,2,True,False,False,True
ACC-01770,2024-06-17,Business,Monthly,9,441.0,Manufacturing,5-24,NA,12,2.0,25.6,1,26.4,,21,False,False,False,False
ACC-01771,2024-06-17,Basic,Annual,3,29.88,Retail,1-4,LATAM,22,17.5,100.0,1,38.1,,16,True,False,False,False
ACC-01772,2024-06-18,Basic,Monthly,3,36.0,Software,1-4,NA,17,3.9,78.3,1,8.2,10.0,4,True,False,False,False
ACC-01773,2024-06-18,Basic,Annual,3,29.88,Retail,1-4,LATAM,9,2.9,48.9,3,36.6,,2,True,True,False,False
ACC-01774,2024-06-18,Enterprise,Annual,37,2733.19,Retail,25-99,NA,7,5.3,77.9,0,12.3,8.0,24,True,False,False,False
ACC-01775,2024-06-18,Business,Monthly,24,1176.0,Retail,5-24,LATAM,8,1.5,48.6,4,58.4,6.0,14,True,True,False,False
ACC-01776,2024-06-18,Basic,Monthly,1,12.0,Retail,1-4,EMEA,8,3.1,47.0,1,8.7,10.0,2,True,False,False,False
ACC-01777,2024-06-19,Business,Monthly,11,539.0,Manufacturing,5-24,NA,48,8.2,78.6,7,14.2,10.0,16,True,False,False,False
ACC-01778,2024-06-19,Basic,Monthly,2,24.0,Education,1-4,APAC,9,2.5,43.2,6,48.6,5.0,4,False,False,False,True
ACC-01779,2024-06-19,Basic,Annual,3,29.88,Manufacturing,1-4,EMEA,23,3.4,49.4,1,31.2,7.0,15,False,False,False,True
ACC-01780,2024-06-20,Pro,Monthly,4,116.0,Manufacturing,1-4,EMEA,9,15.2,81.5,3,6.2,8.0,12,True,False,False,False
ACC-01781,2024-06-20,Business,Monthly,14,686.0,Software,5-24,EMEA,3,8.4,74.5,2,1.5,7.0,5,True,True,False,False
ACC-01782,2024-06-20,Business,Annual,19,772.73,Finance,5-24,NA,37,8.8,53.0,4,18.8,4.0,0,False,True,False,False
ACC-01783,2024-06-21,Pro,Monthly,6,174.0,Manufacturing,5-24,NA,14,2.5,62.8,1,34.3,,5,True,False,False,False
ACC-01784,2024-06-21,Basic,Annual,1,9.96,Healthcare,1-4,APAC,8,2.5,57.2,6,33.9,7.0,13,True,False,False,False
ACC-01785,2024-06-21,Basic,Annual,3,29.88,Healthcare,1-4,NA,31,0.8,68.7,1,28.6,8.0,22,True,False,False,False
ACC-01786,2024-06-21,Basic,Annual,3,29.88,Healthcare,1-4,EMEA,8,2.9,0.3,4,8.3,6.0,13,True,False,False,False
ACC-01787,2024-06-21,Pro,Annual,3,72.21,Finance,1-4,NA,31,9.6,70.6,2,10.2,7.0,15,True,False,False,False
ACC-01788,2024-06-22,Pro,Annual,4,96.28,Education,1-4,EMEA,15,5.7,51.5,3,45.5,8.0,8,True,False,False,False
ACC-01789,2024-06-22,Basic,Monthly,1,12.0,Software,1-4,NA,19,9.0,70.6,3,8.4,6.0,8,True,False,False,False
ACC-01790,2024-06-22,Pro,Annual,7,168.49,Manufacturing,5-24,EMEA,11,1.0,38.2,6,7.6,,23,True,True,False,True
ACC-01791,2024-06-22,Basic,Monthly,2,24.0,Manufacturing,1-4,APAC,9,8.1,60.2,3,29.8,10.0,5,True,False,False,False
ACC-01792,2024-06-22,Pro,Monthly,2,58.0,Healthcare,1-4,APAC,7,4.1,65.5,1,11.2,6.0,0,True,True,False,False
ACC-01793,2024-06-23,Basic,Annual,2,19.92,Retail,1-4,NA,14,1.4,24.1,1,18.9,8.0,22,True,False,False,False
ACC-01794,2024-06-24,Enterprise,Monthly,27,2403.0,Healthcare,25-99,LATAM,5,3.7,56.3,7,8.9,6.0,15,True,True,True,True
ACC-01795,2024-06-24,Enterprise,Monthly,45,4005.0,Finance,25-99,NA,19,4.6,40.2,3,35.3,,3,True,False,True,False
ACC-01796,2024-06-24,Enterprise,Monthly,46,4094.0,Retail,25-99,APAC,12,1.7,45.6,2,28.9,4.0,42,True,False,True,False
ACC-01797,2024-06-24,Pro,Annual,3,72.21,Manufacturing,1-4,EMEA,19,1.4,30.9,2,9.5,,12,False,False,False,False
ACC-01798,2024-06-25,Pro,Annual,3,72.21,Software,1-4,NA,8,1.6,54.9,3,29.5,7.0,12,True,False,False,False
ACC-01799,2024-06-25,Basic,Annual,3,29.88,Education,1-4,NA,24,2.9,31.8,0,8.5,,5,True,False,False,False
ACC-01800,2024-06-25,Basic,Annual,1,9.96,Education,1-4,NA,18,11.9,89.1,2,25.4,10.0,24,True,False,False,False
ACC-01801,2024-06-26,Pro,Monthly,4,116.0,Retail,1-4,NA,3,7.2,45.0,2,17.8,5.0,7,False,False,False,False
ACC-01802,2024-06-26,Basic,Monthly,4,48.0,Manufacturing,1-4,NA,30,1.6,63.8,0,9.5,,13,True,True,False,False
ACC-01803,2024-06-26,Basic,Monthly,17,204.0,Manufacturing,5-24,EMEA,11,4.4,56.4,2,17.9,,0,True,False,False,True
ACC-01804,2024-06-26,Basic,Annual,1,9.96,Education,1-4,APAC,17,2.8,55.4,5,16.1,,4,True,True,False,False
ACC-01805,2024-06-26,Enterprise,Annual,66,4875.42,Software,25-99,NA,20,1.4,66.0,6,20.0,6.0,15,False,False,True,True
ACC-01806,2024-06-28,Pro,Monthly,4,116.0,Manufacturing,1-4,NA,11,7.7,22.9,3,8.2,7.0,8,True,False,False,False
ACC-01807,2024-06-28,Pro,Annual,4,96.28,Education,1-4,LATAM,18,3.6,43.0,2,47.3,,1,True,False,False,False
ACC-01808,2024-06-28,Enterprise,Monthly,22,1958.0,Education,5-24,NA,48,2.6,47.4,3,25.1,8.0,16,False,False,True,False
ACC-01809,2024-06-28,Pro,Annual,3,72.21,Software,1-4,EMEA,24,2.4,33.0,3,13.4,,4,True,True,False,True
ACC-01810,2024-06-28,Business,Monthly,6,294.0,Finance,5-24,NA,9,1.0,45.8,1,30.8,6.0,23,True,False,False,False
ACC-01811,2024-06-28,Basic,Annual,8,79.68,Retail,5-24,APAC,12,4.2,77.1,1,26.2,,5,True,True,False,False
ACC-01812,2024-06-29,Business,Monthly,18,882.0,Retail,5-24,EMEA,4,3.6,21.9,3,12.8,8.0,17,True,True,False,False
ACC-01813,2024-06-29,Basic,Annual,1,9.96,Finance,1-4,EMEA,12,5.1,54.5,2,8.9,9.0,2,True,False,False,False
ACC-01814,2024-06-30,Pro,Monthly,4,116.0,Healthcare,1-4,NA,12,2.0,63.8,1,19.2,6.0,6,True,False,False,False
ACC-01815,2024-07-01,Business,Monthly,9,441.0,Software,5-24,EMEA,20,3.8,60.8,0,2.2,,9,False,False,False,False
ACC-01816,2024-07-01,Basic,Annual,1,9.96,Finance,1-4,APAC,22,5.7,38.9,3,9.3,10.0,10,True,False,False,False
ACC-01817,2024-07-01,Pro,Annual,4,96.28,Retail,1-4,EMEA,8,1.2,83.4,3,10.7,,13,True,False,False,False
ACC-01818,2024-07-02,Pro,Monthly,8,232.0,Education,5-24,EMEA,36,0.6,55.8,2,9.3,9.0,29,False,True,False,True
ACC-01819,2024-07-02,Pro,Monthly,5,145.0,Manufacturing,5-24,NA,18,7.6,71.7,1,7.0,,11,False,False,False,True
ACC-01820,2024-07-02,Basic,Annual,2,19.92,Finance,1-4,NA,19,5.0,52.5,6,38.3,6.0,5,True,True,False,False
ACC-01821,2024-07-02,Enterprise,Monthly,17,1513.0,Healthcare,5-24,EMEA,13,6.5,58.8,1,8.9,,3,True,True,True,False
ACC-01822,2024-07-02,Basic,Annual,2,19.92,Healthcare,1-4,NA,11,6.0,82.0,1,8.7,5.0,20,True,True,False,False
ACC-01823,2024-07-03,Business,Monthly,35,1715.0,Retail,25-99,EMEA,15,5.7,8.7,1,7.4,10.0,8,True,False,False,False
ACC-01824,2024-07-03,Pro,Annual,3,72.21,Education,1-4,NA,24,2.4,61.9,4,26.2,,3,True,True,False,False
ACC-01825,2024-07-03,Basic,Monthly,1,12.0,Software,1-4,EMEA,2,7.6,66.1,2,9.5,7.0,8,False,False,False,False
ACC-01826,2024-07-03,Pro,Annual,4,96.28,Manufacturing,1-4,APAC,17,5.4,61.4,5,9.5,8.0,3,True,False,False,False
ACC-01827,2024-07-03,Basic,Annual,4,39.84,Healthcare,1-4,APAC,28,1.7,82.3,2,39.9,,17,False,False,False,False
ACC-01828,2024-07-03,Enterprise,Monthly,29,2581.0,Finance,25-99,APAC,29,9.0,39.9,2,19.3,,3,True,False,True,False
ACC-01829,2024-07-04,Basic,Monthly,1,12.0,Software,1-4,NA,28,8.9,65.5,3,9.3,8.0,5,True,False,False,False
ACC-01830,2024-07-04,Business,Monthly,43,2107.0,Software,25-99,NA,7,9.0,75.4,3,31.9,2.0,8,True,False,False,False
ACC-01831,2024-07-05,Business,Monthly,28,1372.0,Retail,25-99,EMEA,20,2.6,3.9,4,4.7,5.0,7,True,False,False,False
ACC-01832,2024-07-05,Pro,Monthly,6,174.0,Healthcare,5-24,APAC,2,0.9,88.9,4,28.8,,15,True,False,False,False
ACC-01833,2024-07-05,Pro,Monthly,6,174.0,Healthcare,5-24,EMEA,17,5.4,69.2,0,35.5,8.0,0,False,False,False,False
ACC-01834,2024-07-05,Pro,Monthly,6,174.0,Software,5-24,APAC,15,4.4,83.1,4,14.5,7.0,9,True,False,False,False
ACC-01835,2024-07-05,Pro,Monthly,3,87.0,Education,1-4,NA,2,5.2,64.6,1,11.4,10.0,4,True,True,False,False
ACC-01836,2024-07-05,Basic,Annual,2,19.92,Retail,1-4,NA,10,3.8,63.9,4,11.4,5.0,1,False,False,False,False
ACC-01837,2024-07-06,Pro,Annual,14,336.98,Education,5-24,APAC,36,2.3,39.7,2,18.1,9.0,1,False,False,False,False
ACC-01838,2024-07-06,Basic,Annual,1,9.96,Education,1-4,NA,16,3.7,74.1,1,22.0,8.0,1,True,False,False,False
ACC-01839,2024-07-07,Pro,Monthly,6,174.0,Healthcare,5-24,NA,12,6.5,65.6,3,41.5,7.0,4,False,False,False,False
ACC-01840,2024-07-07,Business,Monthly,14,686.0,Software,5-24,NA,17,8.4,35.8,1,3.4,,2,True,False,False,False
ACC-01841,2024-07-07,Pro,Monthly,6,174.0,Education,5-24,EMEA,15,21.6,79.2,2,9.3,5.0,6,False,False,False,False
ACC-01842,2024-07-08,Basic,Monthly,1,12.0,Finance,1-4,NA,27,6.2,29.5,1,34.2,,3,True,False,False,True
ACC-01843,2024-07-08,Basic,Monthly,2,24.0,Software,1-4,EMEA,18,3.5,54.7,3,6.0,6.0,7,True,True,False,False
ACC-01844,2024-07-08,Pro,Monthly,5,145.0,Finance,5-24,LATAM,18,0.3,72.3,2,0.1,,16,True,False,False,False
ACC-01845,2024-07-08,Pro,Monthly,7,203.0,Finance,5-24,EMEA,10,4.2,31.0,4,4.5,8.0,8,False,False,False,False
ACC-01846,2024-07-08,Enterprise,Annual,96,7091.52,Retail,25-99,LATAM,21,5.1,59.1,4,14.8,7.0,10,True,False,True,False
ACC-01847,2024-07-08,Business,Annual,17,691.39,Manufacturing,5-24,NA,1,3.2,56.1,2,11.7,6.0,7,False,False,False,True
ACC-01848,2024-07-09,Basic,Monthly,1,12.0,Education,1-4,APAC,10,6.3,29.2,4,7.4,3.0,4,True,False,False,True
ACC-01849,2024-07-10,Business,Monthly,11,539.0,Finance,5-24,EMEA,5,4.9,42.7,3,17.0,,0,False,True,False,False
ACC-01850,2024-07-10,Business,Monthly,17,833.0,Retail,5-24,NA,2,6.3,67.7,4,5.3,8.0,4,False,False,False,False
ACC-01851,2024-07-10,Basic,Monthly,2,24.0,Education,1-4,LATAM,2,5.2,82.4,0,19.6,,13,True,False,False,False
ACC-01852,2024-07-10,Pro,Annual,3,72.21,Software,1-4,EMEA,15,5.9,21.5,4,28.1,,4,True,True,False,False
ACC-01853,2024-07-12,Basic,Annual,5,49.8,Finance,5-24,EMEA,13,2.5,47.8,0,22.8,6.0,14,True,False,False,True
ACC-01854,2024-07-12,Pro,Annual,2,48.14,Software,1-4,APAC,25,6.9,69.7,2,32.9,7.0,6,True,False,False,False
ACC-01855,2024-07-12,Enterprise,Monthly,29,2581.0,Finance,25-99,NA,18,7.2,74.8,2,29.2,10.0,4,True,False,False,False
ACC-01856,2024-07-13,Basic,Monthly,2,24.0,Manufacturing,1-4,LATAM,10,1.1,26.6,1,19.3,5.0,13,True,False,False,True
ACC-01857,2024-07-13,Basic,Monthly,1,12.0,Healthcare,1-4,APAC,19,1.1,51.0,1,7.4,,13,True,False,False,True
ACC-01858,2024-07-13,Basic,Monthly,1,12.0,Software,1-4,EMEA,8,5.1,37.5,2,21.9,7.0,10,True,False,False,False
ACC-01859,2024-07-14,Enterprise,Monthly,35,3115.0,Software,25-99,NA,3,5.4,77.7,2,4.9,,3,True,True,False,False
ACC-01860,2024-07-14,Pro,Annual,4,96.28,Finance,1-4,EMEA,18,5.0,62.5,3,2.4,,1,True,False,False,False
ACC-01861,2024-07-14,Business,Annual,11,447.37,Retail,5-24,EMEA,8,2.4,36.8,5,22.0,10.0,3,True,False,False,False
ACC-01862,2024-07-14,Basic,Annual,3,29.88,Education,1-4,EMEA,39,1.6,33.8,3,13.0,3.0,14,False,False,False,True
ACC-01863,2024-07-14,Basic,Monthly,1,12.0,Retail,1-4,NA,7,4.2,75.5,1,26.0,,10,True,True,False,False
ACC-01864,2024-07-14,Basic,Monthly,5,60.0,Finance,5-24,NA,5,3.7,45.0,4,14.7,3.0,1,True,False,False,False
ACC-01865,2024-07-15,Enterprise,Monthly,32,2848.0,Retail,25-99,APAC,15,11.1,79.1,2,23.4,,21,True,True,True,False
ACC-01866,2024-07-15,Business,Annual,16,650.72,Manufacturing,5-24,NA,34,3.9,58.0,3,36.3,,0,True,False,False,False
ACC-01867,2024-07-15,Basic,Monthly,3,36.0,Retail,1-4,APAC,32,6.3,53.4,3,4.2,5.0,2,True,False,False,False
ACC-01868,2024-07-15,Basic,Monthly,2,24.0,Software,1-4,NA,32,3.5,47.9,3,7.7,,10,False,False,False,False
ACC-01869,2024-07-16,Basic,Annual,2,19.92,Software,1-4,EMEA,3,2.0,45.5,1,4.5,,16,False,False,False,False
ACC-01870,2024-07-17,Pro,Monthly,6,174.0,Software,5-24,NA,15,5.7,63.8,3,6.6,10.0,3,True,True,False,False
ACC-01871,2024-07-18,Business,Annual,14,569.38,Finance,5-24,NA,9,16.0,59.6,3,27.4,7.0,3,False,False,False,False
ACC-01872,2024-07-18,Pro,Annual,4,96.28,Manufacturing,1-4,NA,11,8.3,73.0,1,14.5,,3,True,True,False,False
ACC-01873,2024-07-18,Enterprise,Monthly,54,4806.0,Finance,25-99,LATAM,41,1.5,55.4,1,19.8,7.0,17,False,False,False,False
ACC-01874,2024-07-18,Basic,Monthly,3,36.0,Manufacturing,1-4,NA,4,0.9,51.0,4,8.0,9.0,23,True,False,False,True
ACC-01875,2024-07-19,Basic,Monthly,1,12.0,Manufacturing,1-4,APAC,9,13.5,89.0,2,2.1,,2,True,True,False,False
ACC-01876,2024-07-20,Business,Monthly,22,1078.0,Finance,5-24,LATAM,18,3.9,72.8,5,36.8,,16,True,True,False,True
ACC-01877,2024-07-20,Business,Monthly,8,392.0,Healthcare,5-24,NA,22,0.4,49.2,2,10.7,5.0,16,True,False,False,True
ACC-01878,2024-07-20,Basic,Monthly,5,60.0,Retail,5-24,NA,17,6.4,74.1,3,35.6,6.0,1,True,False,False,True
ACC-01879,2024-07-20,Enterprise,Monthly,32,2848.0,Retail,25-99,NA,12,13.0,82.6,3,16.4,8.0,6,False,False,True,False
ACC-01880,2024-07-20,Enterprise,Annual,93,6869.91,Manufacturing,25-99,EMEA,13,5.0,43.8,4,15.0,,1,True,True,True,False
ACC-01881,2024-07-22,Business,Annual,13,528.71,Education,5-24,NA,27,2.2,45.7,1,9.2,,9,False,False,False,False
ACC-01882,2024-07-22,Enterprise,Monthly,50,4450.0,Manufacturing,25-99,NA,11,4.3,79.1,3,3.8,7.0,5,True,False,False,False
ACC-01883,2024-07-22,Basic,Annual,3,29.88,Healthcare,1-4,EMEA,7,4.1,32.6,1,13.4,,4,False,False,False,False
ACC-01884,2024-07-23,Enterprise,Monthly,31,2759.0,Retail,25-99,LATAM,16,7.9,52.1,0,24.6,5.0,1,False,False,True,True
ACC-01885,2024-07-23,Pro,Annual,4,96.28,Healthcare,1-4,LATAM,4,1.3,56.3,4,21.7,,12,False,False,False,False
ACC-01886,2024-07-23,Pro,Monthly,8,232.0,Software,5-24,NA,19,13.0,79.0,3,46.1,,9,False,True,False,False
ACC-01887,2024-07-24,Business,Monthly,9,441.0,Education,5-24,NA,13,3.8,25.8,3,4.3,,6,True,False,False,False
ACC-01888,2024-07-24,Pro,Annual,5,120.35,Manufacturing,5-24,APAC,11,7.2,59.2,3,7.9,9.0,6,True,False,False,True
ACC-01889,2024-07-24,Pro,Monthly,3,87.0,Manufacturing,1-4,EMEA,13,1.7,66.6,1,12.1,9.0,16,True,False,False,True
ACC-01890,2024-07-24,Basic,Monthly,3,36.0,Manufacturing,1-4,EMEA,6,1.9,71.9,2,8.2,7.0,15,True,False,False,True
ACC-01891,2024-07-24,Pro,Annual,9,216.63,Finance,5-24,EMEA,27,1.2,47.3,5,20.4,,29,False,False,False,False
ACC-01892,2024-07-24,Business,Monthly,12,588.0,Retail,5-24,APAC,27,0.8,17.3,5,14.6,5.0,24,False,False,False,False
ACC-01893,2024-07-25,Basic,Annual,1,9.96,Retail,1-4,NA,14,4.7,53.9,3,0.8,,5,True,True,False,False
ACC-01894,2024-07-25,Pro,Monthly,6,174.0,Manufacturing,5-24,NA,12,11.8,56.7,3,15.6,,2,True,False,False,False
ACC-01895,2024-07-25,Basic,Annual,1,9.96,Finance,1-4,NA,21,5.3,68.0,4,8.5,6.0,3,True,False,False,False
ACC-01896,2024-07-26,Basic,Monthly,1,12.0,Manufacturing,1-4,NA,19,3.7,40.6,4,5.9,9.0,47,False,False,False,False
ACC-01897,2024-07-26,Basic,Monthly,4,48.0,Education,1-4,EMEA,16,2.8,41.0,2,38.2,10.0,3,True,False,False,True
ACC-01898,2024-07-26,Business,Monthly,18,882.0,Retail,5-24,NA,13,4.0,71.1,2,3.6,7.0,10,False,True,False,True
ACC-01899,2024-07-26,Business,Annual,19,772.73,Software,5-24,NA,16,2.7,45.0,2,28.1,,6,True,False,False,False
ACC-01900,2024-07-27,Business,Annual,10,406.7,Education,5-24,APAC,21,6.3,72.6,1,33.6,9.0,4,False,False,False,False
ACC-01901,2024-07-27,Pro,Monthly,8,232.0,Finance,5-24,APAC,10,5.5,49.1,4,10.1,,10,True,False,False,False
ACC-01902,2024-07-27,Pro,Annual,3,72.21,Healthcare,1-4,APAC,14,3.2,39.5,2,13.6,5.0,1,True,False,False,False
ACC-01903,2024-07-28,Enterprise,Monthly,63,5607.0,Finance,25-99,NA,4,5.2,69.2,5,13.2,9.0,4,False,False,True,True
ACC-01904,2024-07-29,Basic,Annual,1,9.96,Finance,1-4,NA,13,4.3,65.8,1,13.7,7.0,2,True,True,False,False
ACC-01905,2024-07-29,Basic,Annual,2,19.92,Manufacturing,1-4,EMEA,9,0.2,48.3,0,27.8,10.0,13,True,True,False,False
ACC-01906,2024-07-29,Business,Monthly,8,392.0,Finance,5-24,NA,2,4.0,99.8,4,8.1,10.0,4,False,False,False,False
ACC-01907,2024-07-29,Basic,Monthly,1,12.0,Retail,1-4,APAC,17,7.5,36.4,2,4.7,,6,False,False,False,False
ACC-01908,2024-07-30,Basic,Monthly,1,12.0,Education,1-4,NA,17,2.3,16.1,4,54.3,,13,True,False,False,True
ACC-01909,2024-07-30,Basic,Monthly,2,24.0,Finance,1-4,NA,29,3.2,62.7,4,23.2,7.0,4,True,True,False,False
ACC-01910,2024-07-30,Business,Annual,8,325.36,Manufacturing,5-24,EMEA,4,13.2,64.7,3,8.0,6.0,3,False,False,False,False
ACC-01911,2024-07-30,Business,Annual,11,447.37,Software,5-24,NA,7,4.4,71.5,4,39.7,,4,False,False,False,False
ACC-01912,2024-07-30,Pro,Annual,7,168.49,Finance,5-24,EMEA,9,3.8,77.2,4,3.2,,8,True,True,False,False
ACC-01913,2024-07-30,Basic,Monthly,1,12.0,Education,1-4,EMEA,14,3.7,68.1,4,32.4,,5,True,True,False,False
ACC-01914,2024-07-31,Business,Annual,17,691.39,Retail,5-24,APAC,13,4.4,51.7,2,14.2,,0,True,True,False,False
ACC-01915,2024-07-31,Enterprise,Monthly,33,2937.0,Manufacturing,25-99,EMEA,15,7.7,59.1,4,13.4,,2,False,False,False,False
ACC-01916,2024-07-31,Pro,Annual,3,72.21,Manufacturing,1-4,APAC,28,2.8,58.0,3,4.2,,14,True,True,False,False
ACC-01917,2024-07-31,Basic,Annual,2,19.92,Software,1-4,NA,11,6.1,67.0,4,43.7,6.0,7,False,False,False,False
ACC-01918,2024-07-31,Basic,Monthly,1,12.0,Finance,1-4,NA,15,4.7,38.5,2,32.5,6.0,18,True,True,False,False
ACC-01919,2024-08-01,Basic,Monthly,2,24.0,Education,1-4,APAC,18,3.1,32.8,1,17.1,6.0,2,False,False,False,False
ACC-01920,2024-08-01,Business,Monthly,12,588.0,Healthcare,5-24,LATAM,8,5.3,63.4,4,13.2,9.0,2,True,True,False,False
ACC-01921,2024-08-01,Basic,Monthly,1,12.0,Finance,1-4,EMEA,8,7.5,87.6,1,2.0,9.0,1,True,False,False,False
ACC-01922,2024-08-01,Business,Monthly,4,196.0,Manufacturing,1-4,EMEA,7,7.2,68.0,4,24.4,4.0,4,True,False,False,False
ACC-01923,2024-08-01,Pro,Annual,5,120.35,Software,5-24,NA,28,7.3,65.8,4,22.6,7.0,4,True,False,False,False
ACC-01924,2024-08-02,Basic,Annual,2,19.92,Retail,1-4,NA,10,5.8,46.7,2,29.2,,7,False,False,False,False
ACC-01925,2024-08-03,Pro,Monthly,4,116.0,Education,1-4,APAC,12,8.2,51.8,0,19.2,6.0,5,True,False,False,False
ACC-01926,2024-08-04,Basic,Annual,2,19.92,Manufacturing,1-4,NA,31,4.1,54.0,2,5.4,8.0,16,True,False,False,False
ACC-01927,2024-08-04,Pro,Annual,3,72.21,Healthcare,1-4,APAC,3,3.1,26.3,2,8.7,,6,True,True,False,False
ACC-01928,2024-08-04,Basic,Monthly,1,12.0,Retail,1-4,NA,25,1.4,71.7,2,41.9,7.0,24,True,False,False,False
ACC-01929,2024-08-04,Basic,Monthly,4,48.0,Software,1-4,NA,15,1.7,53.9,0,33.4,,14,False,True,False,True
ACC-01930,2024-08-04,Basic,Annual,2,19.92,Education,1-4,NA,18,5.5,38.6,3,24.0,8.0,2,True,True,False,False
ACC-01931,2024-08-05,Enterprise,Annual,51,3767.37,Software,25-99,NA,12,2.7,82.9,4,10.2,,12,False,False,False,False
ACC-01932,2024-08-05,Pro,Annual,5,120.35,Education,5-24,APAC,30,1.5,44.9,1,6.5,,20,False,False,False,False
ACC-01933,2024-08-05,Business,Annual,17,691.39,Software,5-24,EMEA,42,1.6,44.1,2,10.9,4.0,13,True,False,False,False
ACC-01934,2024-08-06,Enterprise,Monthly,14,1246.0,Finance,5-24,NA,13,3.0,42.7,5,1.8,9.0,7,True,False,True,False
ACC-01935,2024-08-06,Pro,Annual,13,312.91,Manufacturing,5-24,EMEA,13,0.9,49.4,3,15.7,2.0,19,False,False,False,True
ACC-01936,2024-08-06,Basic,Monthly,2,24.0,Education,1-4,NA,30,6.1,65.8,1,20.2,8.0,2,True,False,False,False
ACC-01937,2024-08-07,Pro,Annual,5,120.35,Finance,5-24,NA,25,2.2,44.7,2,16.8,,5,True,False,False,False
ACC-01938,2024-08-07,Enterprise,Monthly,106,9434.0,Software,100+,NA,20,2.2,54.9,4,16.5,7.0,9,True,False,True,False
ACC-01939,2024-08-07,Pro,Annual,4,96.28,Software,1-4,EMEA,12,2.2,37.6,5,9.6,9.0,1,True,False,False,False
ACC-01940,2024-08-08,Pro,Monthly,7,203.0,Retail,5-24,LATAM,23,2.9,24.6,5,16.0,,10,False,False,False,False
ACC-01941,2024-08-08,Basic,Annual,3,29.88,Healthcare,1-4,EMEA,37,6.9,47.6,1,11.9,,4,True,False,False,False
ACC-01942,2024-08-08,Pro,Annual,5,120.35,Manufacturing,5-24,NA,13,1.0,51.6,2,29.6,6.0,13,True,False,False,False
ACC-01943,2024-08-09,Pro,Annual,7,168.49,Software,5-24,NA,27,2.8,39.5,2,26.9,6.0,11,True,False,False,False
ACC-01944,2024-08-09,Business,Annual,28,1138.76,Retail,25-99,NA,8,6.4,15.8,0,2.9,,7,True,True,False,False
ACC-01945,2024-08-09,Business,Monthly,36,1764.0,Retail,25-99,NA,36,1.7,71.7,1,8.1,,18,True,False,False,True
ACC-01946,2024-08-09,Pro,Monthly,4,116.0,Manufacturing,1-4,NA,17,2.2,0.0,4,16.6,,8,True,False,False,False
ACC-01947,2024-08-09,Business,Annual,12,488.04,Retail,5-24,EMEA,12,3.1,67.0,6,20.9,10.0,1,True,False,False,False
ACC-01948,2024-08-10,Pro,Monthly,2,58.0,Finance,1-4,EMEA,29,4.1,91.5,4,6.5,9.0,1,False,False,False,False
ACC-01949,2024-08-10,Enterprise,Monthly,24,2136.0,Software,5-24,NA,35,4.1,65.6,4,22.5,9.0,1,True,False,True,False
ACC-01950,2024-08-10,Pro,Monthly,4,116.0,Education,1-4,NA,5,0.8,54.9,5,29.3,8.0,12,True,False,False,False
ACC-01951,2024-08-11,Basic,Annual,2,19.92,Software,1-4,APAC,22,0.4,62.4,2,20.5,,13,False,False,False,True
ACC-01952,2024-08-11,Business,Monthly,11,539.0,Retail,5-24,NA,14,15.8,74.9,6,5.2,5.0,0,False,False,False,True
ACC-01953,2024-08-11,Pro,Monthly,9,261.0,Healthcare,5-24,NA,21,1.9,61.8,3,26.1,6.0,13,True,False,False,True
ACC-01954,2024-08-11,Basic,Annual,3,29.88,Retail,1-4,NA,8,5.4,36.7,3,31.8,,9,True,True,False,False
ACC-01955,2024-08-12,Pro,Annual,3,72.21,Healthcare,1-4,NA,2,5.9,56.6,5,37.8,10.0,2,True,False,False,False
ACC-01956,2024-08-13,Basic,Monthly,5,60.0,Finance,5-24,NA,17,2.8,81.1,1,1.5,,4,True,False,False,False
ACC-01957,2024-08-13,Basic,Monthly,1,12.0,Software,1-4,NA,10,3.5,3.8,1,12.7,8.0,33,True,False,False,False
ACC-01958,2024-08-13,Business,Annual,24,976.08,Education,5-24,NA,27,5.3,71.2,5,8.6,6.0,12,False,False,False,False
ACC-01959,2024-08-13,Basic,Annual,1,9.96,Manufacturing,1-4,NA,12,1.7,45.9,2,43.5,,12,True,False,False,False
ACC-01960,2024-08-13,Basic,Annual,2,19.92,Manufacturing,1-4,APAC,5,1.0,42.2,1,4.1,,20,False,False,False,True
ACC-01961,2024-08-14,Basic,Annual,4,39.84,Manufacturing,1-4,EMEA,12,1.0,66.2,1,10.7,,14,True,False,False,False
ACC-01962,2024-08-14,Enterprise,Annual,41,3028.67,Software,25-99,LATAM,25,0.8,25.2,0,18.5,,19,True,False,True,False
ACC-01963,2024-08-14,Pro,Annual,5,120.35,Healthcare,5-24,EMEA,14,1.9,61.2,2,24.4,6.0,23,False,False,False,True
ACC-01964,2024-08-14,Pro,Annual,3,72.21,Education,1-4,LATAM,16,5.4,81.7,7,13.5,7.0,0,True,False,False,False
ACC-01965,2024-08-15,Basic,Annual,4,39.84,Software,1-4,LATAM,3,8.4,63.3,5,19.4,10.0,0,True,False,False,True
ACC-01966,2024-08-15,Basic,Annual,5,49.8,Finance,5-24,APAC,9,1.6,22.1,3,18.6,,16,False,False,False,False
ACC-01967,2024-08-15,Business,Annual,13,528.71,Education,5-24,APAC,4,6.0,49.7,3,49.0,7.0,3,True,False,False,False
ACC-01968,2024-08-15,Basic,Annual,1,9.96,Manufacturing,1-4,APAC,9,2.1,50.4,0,9.1,4.0,2,True,False,False,False
ACC-01969,2024-08-15,Pro,Monthly,5,145.0,Manufacturing,5-24,NA,12,2.1,25.5,5,3.1,7.0,15,False,True,False,False
ACC-01970,2024-08-15,Business,Annual,13,528.71,Manufacturing,5-24,APAC,18,5.3,32.4,1,7.3,,8,True,False,False,False
ACC-01971,2024-08-17,Enterprise,Monthly,41,3649.0,Software,25-99,APAC,9,5.1,98.4,3,16.0,9.0,1,True,True,True,False
ACC-01972,2024-08-17,Pro,Monthly,9,261.0,Healthcare,5-24,EMEA,4,2.6,25.5,7,24.2,10.0,2,False,False,False,True
ACC-01973,2024-08-18,Pro,Annual,7,168.49,Finance,5-24,NA,21,7.4,99.4,7,6.5,6.0,6,True,False,False,False
ACC-01974,2024-08-18,Pro,Annual,3,72.21,Healthcare,1-4,APAC,10,5.9,80.2,3,14.0,,14,False,False,False,False
ACC-01975,2024-08-18,Basic,Annual,3,29.88,Software,1-4,NA,25,9.5,46.3,1,11.2,7.0,9,True,True,False,False
ACC-01976,2024-08-18,Basic,Annual,1,9.96,Healthcare,1-4,LATAM,6,4.5,76.6,3,61.8,10.0,13,True,False,False,False
ACC-01977,2024-08-19,Pro,Monthly,3,87.0,Software,1-4,APAC,16,14.7,78.6,5,31.3,4.0,2,False,True,False,True
ACC-01978,2024-08-19,Business,Annual,11,447.37,Retail,5-24,EMEA,13,6.3,67.1,3,9.8,5.0,9,True,False,False,False
ACC-01979,2024-08-19,Basic,Annual,7,69.72,Education,5-24,EMEA,23,6.8,61.1,0,7.8,,44,False,False,False,True
ACC-01980,2024-08-19,Pro,Monthly,7,203.0,Healthcare,5-24,APAC,10,6.4,62.4,3,6.0,5.0,13,True,False,False,False
ACC-01981,2024-08-20,Pro,Monthly,2,58.0,Retail,1-4,APAC,14,4.9,79.2,2,30.1,,5,True,False,False,False
ACC-01982,2024-08-20,Basic,Annual,1,9.96,Education,1-4,NA,7,2.5,56.6,0,9.7,5.0,17,True,False,False,False
ACC-01983,2024-08-20,Pro,Monthly,4,116.0,Software,1-4,NA,22,3.7,52.7,3,4.0,7.0,2,True,False,False,False
ACC-01984,2024-08-21,Basic,Annual,2,19.92,Healthcare,1-4,EMEA,17,9.3,58.9,3,18.8,,3,False,True,False,False
ACC-01985,2024-08-22,Pro,Annual,3,72.21,Retail,1-4,EMEA,17,2.6,48.6,4,40.8,,5,True,False,False,False
ACC-01986,2024-08-22,Pro,Monthly,4,116.0,Software,1-4,EMEA,20,7.7,36.9,3,15.2,6.0,5,True,False,False,False
ACC-01987,2024-08-22,Pro,Monthly,5,145.0,Education,5-24,EMEA,25,4.1,37.0,5,28.8,,2,False,False,False,False
ACC-01988,2024-08-22,Pro,Annual,4,96.28,Education,1-4,NA,13,4.2,69.4,5,10.1,9.0,11,True,True,False,False
ACC-01989,2024-08-23,Basic,Monthly,2,24.0,Healthcare,1-4,APAC,16,1.2,44.8,1,1.6,9.0,32,True,False,False,True
ACC-01990,2024-08-23,Pro,Monthly,4,116.0,Manufacturing,1-4,NA,21,1.4,44.6,0,69.3,6.0,29,True,True,False,False
ACC-01991,2024-08-23,Basic,Monthly,2,24.0,Healthcare,1-4,NA,18,4.5,44.3,2,8.5,7.0,4,True,False,False,False
ACC-01992,2024-08-23,Basic,Annual,4,39.84,Education,1-4,NA,23,1.4,38.1,3,16.4,4.0,15,True,False,False,False
ACC-01993,2024-08-23,Pro,Annual,5,120.35,Software,5-24,EMEA,6,2.9,33.0,3,11.4,8.0,0,False,False,False,True
ACC-01994,2024-08-24,Pro,Monthly,3,87.0,Finance,1-4,APAC,2,6.4,86.2,4,41.3,,4,False,True,False,False
ACC-01995,2024-08-24,Basic,Annual,1,9.96,Healthcare,1-4,NA,23,1.2,26.1,3,2.3,9.0,13,True,False,False,False
ACC-01996,2024-08-24,Basic,Annual,2,19.92,Retail,1-4,APAC,23,11.6,57.7,3,19.0,8.0,1,True,False,False,False
ACC-01997,2024-08-25,Basic,Monthly,1,12.0,Finance,1-4,LATAM,12,3.8,57.3,3,34.2,,2,True,True,False,True
ACC-01998,2024-08-25,Pro,Monthly,13,377.0,Software,5-24,EMEA,8,3.5,66.9,1,17.8,,13,True,True,False,False
ACC-01999,2024-08-26,Pro,Monthly,4,116.0,Software,1-4,NA,7,2.2,24.1,4,6.2,,0,True,False,False,False
ACC-02000,2024-08-26,Basic,Annual,3,29.88,Education,1-4,NA,2,2.2,44.9,3,11.0,8.0,5,False,True,False,False
ACC-02001,2024-08-26,Basic,Annual,2,19.92,Retail,1-4,NA,25,12.9,98.0,3,12.4,7.0,5,True,False,False,False
ACC-02002,2024-08-26,Pro,Annual,19,457.33,Retail,5-24,NA,21,3.9,65.1,3,26.4,7.0,2,True,False,False,False
ACC-02003,2024-08-26,Pro,Monthly,3,87.0,Retail,1-4,EMEA,48,9.4,66.9,4,11.5,7.0,4,False,False,False,True
ACC-02004,2024-08-26,Business,Monthly,8,392.0,Retail,5-24,EMEA,5,1.7,45.0,2,1.4,10.0,15,True,False,False,True
ACC-02005,2024-08-27,Pro,Annual,5,120.35,Manufacturing,5-24,NA,25,0.2,41.8,3,27.4,,13,True,False,False,False
ACC-02006,2024-08-27,Pro,Monthly,4,116.0,Software,1-4,NA,12,3.1,34.8,1,22.6,3.0,17,False,False,False,True
ACC-02007,2024-08-27,Basic,Annual,2,19.92,Healthcare,1-4,EMEA,18,0.9,37.7,1,23.9,2.0,16,False,False,False,False
ACC-02008,2024-08-27,Enterprise,Annual,10,738.7,Software,5-24,LATAM,14,1.2,29.4,3,6.1,7.0,22,True,False,False,False
ACC-02009,2024-08-27,Pro,Annual,6,144.42,Software,5-24,NA,13,4.6,76.9,1,5.4,6.0,1,True,False,False,True
ACC-02010,2024-08-28,Enterprise,Monthly,20,1780.0,Finance,5-24,APAC,29,6.7,54.3,2,9.7,5.0,5,True,False,True,True
ACC-02011,2024-08-28,Pro,Monthly,10,290.0,Education,5-24,NA,19,8.5,72.0,3,1.5,,11,False,False,False,False
ACC-02012,2024-08-29,Pro,Monthly,3,87.0,Finance,1-4,EMEA,25,6.9,56.7,2,37.8,9.0,1,False,False,False,True
ACC-02013,2024-08-29,Basic,Annual,2,19.92,Finance,1-4,NA,17,2.1,47.9,3,8.4,,1,True,False,False,False
ACC-02014,2024-08-30,Basic,Monthly,3,36.0,Software,1-4,NA,17,2.6,95.0,2,22.3,,18,True,False,False,False
ACC-02015,2024-08-30,Pro,Monthly,13,377.0,Finance,5-24,NA,16,1.5,29.2,3,12.7,,21,True,False,False,True
ACC-02016,2024-08-30,Pro,Monthly,5,145.0,Healthcare,5-24,EMEA,6,2.2,44.3,3,14.8,,2,False,False,False,False
ACC-02017,2024-08-31,Pro,Monthly,5,145.0,Manufacturing,5-24,NA,12,10.4,56.6,1,23.0,7.0,9,True,False,False,False
ACC-02018,2024-08-31,Basic,Annual,2,19.92,Finance,1-4,EMEA,16,1.6,59.9,3,15.2,,13,False,False,False,True
ACC-02019,2024-09-01,Business,Monthly,15,735.0,Finance,5-24,NA,15,7.3,99.4,2,19.8,10.0,10,False,False,False,False
ACC-02020,2024-09-01,Business,Annual,7,284.69,Manufacturing,5-24,NA,13,8.8,51.3,0,12.5,,9,True,False,False,False
ACC-02021,2024-09-01,Basic,Monthly,9,108.0,Manufacturing,5-24,NA,8,1.6,53.0,1,5.4,10.0,20,False,False,False,False
ACC-02022,2024-09-01,Basic,Annual,2,19.92,Retail,1-4,NA,18,3.8,37.6,3,26.5,9.0,1,True,False,False,False
ACC-02023,2024-09-02,Business,Annual,10,406.7,Education,5-24,NA,10,2.2,52.7,4,28.1,6.0,11,True,False,False,False
ACC-02024,2024-09-03,Basic,Annual,2,19.92,Finance,1-4,EMEA,17,5.7,100.0,2,42.3,2.0,2,False,True,False,False
ACC-02025,2024-09-03,Basic,Monthly,3,36.0,Education,1-4,NA,4,4.5,66.3,0,29.0,,3,False,False,False,False
ACC-02026,2024-09-03,Basic,Monthly,2,24.0,Software,1-4,EMEA,4,3.5,64.5,2,16.5,8.0,2,True,False,False,False
ACC-02027,2024-09-04,Business,Annual,43,1748.81,Software,25-99,EMEA,10,0.8,48.3,3,22.4,,14,True,False,False,False
ACC-02028,2024-09-04,Basic,Monthly,1,12.0,Healthcare,1-4,NA,43,1.5,53.8,3,14.8,7.0,14,False,True,False,True
ACC-02029,2024-09-05,Enterprise,Monthly,58,5162.0,Education,25-99,NA,14,2.5,67.7,1,2.8,7.0,2,True,True,True,False
ACC-02030,2024-09-05,Pro,Monthly,8,232.0,Healthcare,5-24,APAC,48,3.7,41.9,4,17.8,,1,False,False,False,False
ACC-02031,2024-09-05,Business,Monthly,48,2352.0,Manufacturing,25-99,APAC,16,7.9,67.1,1,13.5,9.0,1,True,False,False,False
ACC-02032,2024-09-05,Enterprise,Annual,44,3250.28,Finance,25-99,NA,18,2.2,27.3,6,11.1,9.0,1,False,False,True,False
ACC-02033,2024-09-06,Basic,Monthly,2,24.0,Manufacturing,1-4,APAC,10,3.5,39.5,2,13.7,8.0,14,True,True,False,False
ACC-02034,2024-09-06,Business,Annual,14,569.38,Software,5-24,EMEA,25,7.4,60.8,4,5.2,4.0,2,False,False,False,True
ACC-02035,2024-09-06,Pro,Annual,3,72.21,Manufacturing,1-4,EMEA,8,12.8,54.1,3,15.4,7.0,2,True,False,False,False
ACC-02036,2024-09-07,Basic,Annual,2,19.92,Healthcare,1-4,APAC,13,0.8,33.4,0,30.4,10.0,15,True,False,False,False
ACC-02037,2024-09-07,Pro,Monthly,4,116.0,Finance,1-4,LATAM,18,2.7,60.3,3,27.2,6.0,6,True,False,False,False
ACC-02038,2024-09-07,Basic,Monthly,2,24.0,Software,1-4,EMEA,20,17.3,81.5,1,26.8,,3,True,False,False,False
ACC-02039,2024-09-08,Pro,Monthly,5,145.0,Software,5-24,NA,36,1.9,31.7,8,7.0,7.0,12,True,False,False,True
ACC-02040,2024-09-08,Business,Annual,14,569.38,Manufacturing,5-24,NA,21,1.8,54.3,1,37.4,8.0,16,True,False,False,False
ACC-02041,2024-09-09,Basic,Annual,4,39.84,Manufacturing,1-4,APAC,25,3.2,45.7,4,16.5,,3,True,False,False,False
ACC-02042,2024-09-09,Basic,Annual,4,39.84,Manufacturing,1-4,APAC,11,6.6,42.7,3,22.2,,3,True,False,False,False
ACC-02043,2024-09-10,Pro,Monthly,14,406.0,Healthcare,5-24,NA,11,6.5,55.5,3,12.1,,9,False,False,False,False
ACC-02044,2024-09-10,Pro,Annual,7,168.49,Retail,5-24,EMEA,48,2.5,64.3,1,14.8,,19,True,False,False,False
ACC-02045,2024-09-11,Business,Monthly,29,1421.0,Education,25-99,NA,11,1.5,23.0,0,26.5,,13,False,False,False,False
ACC-02046,2024-09-11,Basic,Monthly,2,24.0,Manufacturing,1-4,NA,12,6.2,44.1,3,4.9,,4,True,False,False,False
ACC-02047,2024-09-12,Business,Annual,16,650.72,Finance,5-24,NA,48,3.0,56.5,1,13.5,8.0,0,False,False,False,False
ACC-02048,2024-09-12,Basic,Monthly,8,96.0,Manufacturing,5-24,NA,17,12.8,67.7,1,27.1,,2,True,False,False,False
ACC-02049,2024-09-13,Pro,Monthly,6,174.0,Retail,5-24,EMEA,22,1.3,36.9,4,38.1,,23,True,False,False,False
ACC-02050,2024-09-13,Pro,Monthly,1,29.0,Finance,1-4,EMEA,10,3.1,58.5,6,18.1,4.0,4,True,True,False,False
ACC-02051,2024-09-13,Pro,Monthly,2,58.0,Finance,1-4,NA,26,1.3,87.5,3,6.0,,12,True,False,False,True
ACC-02052,2024-09-13,Basic,Monthly,1,12.0,Finance,1-4,NA,37,5.4,39.2,0,8.0,8.0,4,True,False,False,False
ACC-02053,2024-09-13,Basic,Annual,1,9.96,Software,1-4,EMEA,32,6.4,28.5,3,27.1,,5,True,False,False,False
ACC-02054,2024-09-13,Pro,Monthly,5,145.0,Manufacturing,5-24,NA,14,4.6,42.4,1,17.3,7.0,5,False,False,False,False
ACC-02055,2024-09-14,Pro,Annual,9,216.63,Retail,5-24,EMEA,21,6.5,57.1,3,17.5,8.0,1,True,False,False,False
ACC-02056,2024-09-14,Business,Monthly,17,833.0,Finance,5-24,EMEA,17,5.4,77.3,3,12.7,9.0,13,True,False,False,False
ACC-02057,2024-09-15,Enterprise,Annual,65,4801.55,Healthcare,25-99,NA,4,3.1,59.0,3,17.7,,4,False,False,True,True
ACC-02058,2024-09-15,Pro,Monthly,3,87.0,Manufacturing,1-4,LATAM,8,7.2,59.7,3,5.0,,0,False,True,False,False
ACC-02059,2024-09-15,Business,Monthly,5,245.0,Education,5-24,EMEA,25,3.3,63.5,4,81.2,4.0,10,False,False,False,False
ACC-02060,2024-09-15,Business,Monthly,20,980.0,Software,5-24,NA,35,2.0,68.7,1,13.8,6.0,7,False,False,False,False
ACC-02061,2024-09-15,Basic,Annual,1,9.96,Software,1-4,NA,4,7.2,45.6,2,4.2,7.0,1,True,False,False,False
ACC-02062,2024-09-15,Business,Monthly,18,882.0,Retail,5-24,LATAM,4,7.4,68.2,3,13.6,,3,True,False,False,False
ACC-02063,2024-09-15,Pro,Monthly,3,87.0,Finance,1-4,EMEA,26,5.5,100.0,4,34.4,7.0,3,False,False,False,False
ACC-02064,2024-09-16,Pro,Annual,8,192.56,Education,5-24,EMEA,18,2.0,62.0,1,20.4,8.0,1,True,False,False,False
ACC-02065,2024-09-16,Business,Annual,9,366.03,Retail,5-24,EMEA,17,6.1,30.9,1,26.4,,2,True,True,False,False
ACC-02066,2024-09-17,Basic,Annual,2,19.92,Finance,1-4,EMEA,18,4.3,54.8,2,17.7,6.0,9,True,False,False,False
ACC-02067,2024-09-17,Basic,Monthly,2,24.0,Software,1-4,APAC,13,0.4,8.1,4,12.3,3.0,15,True,True,False,True
ACC-02068,2024-09-17,Basic,Monthly,1,12.0,Finance,1-4,NA,18,4.6,72.8,2,1.5,,8,False,True,False,False
ACC-02069,2024-09-18,Basic,Annual,1,9.96,Education,1-4,NA,17,2.9,38.4,1,14.9,3.0,3,True,False,False,False
ACC-02070,2024-09-18,Enterprise,Monthly,37,3293.0,Healthcare,25-99,APAC,13,4.1,45.9,0,18.0,6.0,1,True,False,True,False
ACC-02071,2024-09-19,Business,Annual,32,1301.44,Software,25-99,EMEA,13,19.1,64.5,3,46.5,6.0,0,False,True,False,True
ACC-02072,2024-09-19,Business,Monthly,6,294.0,Retail,5-24,APAC,3,5.5,67.5,1,17.0,,3,True,False,False,False
ACC-02073,2024-09-19,Basic,Annual,2,19.92,Retail,1-4,EMEA,9,0.7,60.5,2,10.5,,15,True,False,False,False
ACC-02074,2024-09-19,Basic,Monthly,2,24.0,Software,1-4,NA,9,6.1,59.5,4,7.3,,1,True,False,False,False
ACC-02075,2024-09-20,Basic,Monthly,2,24.0,Education,1-4,NA,32,26.3,100.0,1,24.1,9.0,2,True,False,False,False
ACC-02076,2024-09-20,Basic,Annual,2,19.92,Finance,1-4,LATAM,27,5.7,75.7,2,55.2,9.0,9,True,True,False,False
ACC-02077,2024-09-21,Basic,Annual,2,19.92,Healthcare,1-4,EMEA,9,3.2,66.4,6,12.7,5.0,1,True,False,False,False
ACC-02078,2024-09-21,Basic,Monthly,2,24.0,Software,1-4,NA,8,13.5,92.7,4,4.5,5.0,6,False,False,False,True
ACC-02079,2024-09-21,Basic,Monthly,4,48.0,Finance,1-4,NA,14,4.4,77.0,2,10.8,6.0,14,False,False,False,False
ACC-02080,2024-09-22,Pro,Annual,7,168.49,Healthcare,5-24,NA,15,3.4,28.8,3,29.0,,5,True,False,False,True
ACC-02081,2024-09-22,Pro,Monthly,6,174.0,Finance,5-24,EMEA,16,0.7,32.6,0,22.1,,16,False,False,False,False
ACC-02082,2024-09-22,Business,Monthly,10,490.0,Education,5-24,NA,11,5.0,39.5,0,6.8,10.0,4,False,True,False,True
ACC-02083,2024-09-22,Basic,Annual,2,19.92,Education,1-4,NA,11,4.7,45.5,2,12.4,,4,True,True,False,False
ACC-02084,2024-09-22,Pro,Monthly,4,116.0,Retail,1-4,EMEA,7,1.7,42.6,4,42.9,7.0,13,True,False,False,False
ACC-02085,2024-09-22,Basic,Annual,3,29.88,Software,1-4,NA,14,5.8,67.9,2,28.2,6.0,11,False,False,False,False
ACC-02086,2024-09-22,Pro,Monthly,3,87.0,Healthcare,1-4,NA,5,12.9,95.2,2,10.9,4.0,11,True,False,False,False
ACC-02087,2024-09-23,Business,Monthly,19,931.0,Finance,5-24,EMEA,8,4.7,86.9,3,13.5,6.0,2,True,False,False,False
ACC-02088,2024-09-23,Pro,Annual,3,72.21,Education,1-4,APAC,14,0.7,78.6,1,25.6,8.0,21,False,False,False,False
ACC-02089,2024-09-23,Enterprise,Monthly,51,4539.0,Retail,25-99,NA,13,6.9,74.2,3,24.7,,8,True,True,False,False
ACC-02090,2024-09-24,Enterprise,Monthly,30,2670.0,Finance,25-99,NA,10,4.3,74.5,2,17.0,10.0,0,True,False,True,False
ACC-02091,2024-09-25,Basic,Monthly,1,12.0,Software,1-4,NA,5,6.9,35.0,0,15.9,10.0,3,True,False,False,True
ACC-02092,2024-09-25,Basic,Annual,2,19.92,Software,1-4,APAC,15,2.2,76.2,2,3.7,7.0,20,True,False,False,False
ACC-02093,2024-09-26,Enterprise,Monthly,34,3026.0,Software,25-99,APAC,3,1.1,56.8,4,8.0,,13,True,True,True,True
ACC-02094,2024-09-26,Basic,Annual,2,19.92,Finance,1-4,NA,14,3.3,45.6,6,5.4,7.0,5,True,True,False,False
ACC-02095,2024-09-26,Business,Monthly,21,1029.0,Retail,5-24,NA,17,5.4,44.3,5,21.5,10.0,0,False,False,False,False
ACC-02096,2024-09-26,Basic,Monthly,1,12.0,Education,1-4,APAC,4,1.6,49.2,4,14.7,,17,True,False,False,False
ACC-02097,2024-09-26,Pro,Annual,2,48.14,Retail,1-4,EMEA,21,17.5,96.5,4,36.9,,1,True,False,False,False
ACC-02098,2024-09-26,Enterprise,Monthly,34,3026.0,Education,25-99,EMEA,15,3.3,13.2,0,10.0,6.0,1,True,False,True,False
ACC-02099,2024-09-26,Basic,Annual,2,19.92,Software,1-4,EMEA,21,2.7,43.7,0,6.1,6.0,2,True,False,False,False
ACC-02100,2024-09-27,Basic,Monthly,1,12.0,Healthcare,1-4,EMEA,13,1.1,50.6,1,56.7,8.0,14,True,False,False,True
ACC-02101,2024-09-27,Business,Monthly,13,637.0,Retail,5-24,NA,7,2.4,60.5,2,10.6,9.0,16,True,True,False,False
ACC-02102,2024-09-27,Basic,Monthly,1,12.0,Finance,1-4,EMEA,14,12.3,75.4,3,9.2,7.0,16,True,False,False,False
ACC-02103,2024-09-28,Enterprise,Monthly,55,4895.0,Retail,25-99,EMEA,2,14.3,60.8,4,15.5,8.0,1,True,True,False,False
ACC-02104,2024-09-29,Basic,Monthly,1,12.0,Retail,1-4,NA,8,3.1,29.6,2,8.0,9.0,1,True,True,False,False
ACC-02105,2024-09-29,Enterprise,Annual,24,1772.88,Software,5-24,EMEA,30,6.3,46.8,2,3.8,6.0,8,True,True,True,False
ACC-02106,2024-10-01,Basic,Annual,2,19.92,Education,1-4,EMEA,11,3.2,69.9,2,48.9,,1,True,False,False,False
ACC-02107,2024-10-01,Business,Monthly,16,784.0,Finance,5-24,APAC,32,1.7,57.6,1,6.5,5.0,17,True,False,False,False
ACC-02108,2024-10-01,Basic,Annual,2,19.92,Education,1-4,NA,33,6.7,53.5,0,8.0,7.0,7,False,False,False,False
ACC-02109,2024-10-01,Pro,Annual,7,168.49,Education,5-24,EMEA,38,4.9,64.5,1,4.1,7.0,5,True,False,False,False
ACC-02110,2024-10-02,Enterprise,Annual,43,3176.41,Education,25-99,APAC,19,1.1,48.8,2,3.7,10.0,21,False,True,True,True
ACC-02111,2024-10-03,Business,Monthly,9,441.0,Finance,5-24,APAC,15,1.2,74.9,2,13.0,8.0,12,True,False,False,False
ACC-02112,2024-10-03,Enterprise,Annual,31,2289.97,Software,25-99,EMEA,8,3.0,62.0,4,20.8,,29,True,True,False,False
ACC-02113,2024-10-04,Pro,Annual,5,120.35,Finance,5-24,EMEA,7,0.3,54.3,3,20.8,,13,True,False,False,False
ACC-02114,2024-10-04,Business,Annual,22,894.74,Education,5-24,NA,11,3.1,58.8,1,7.3,,7,False,False,False,False
ACC-02115,2024-10-04,Basic,Monthly,5,60.0,Manufacturing,5-24,EMEA,7,2.7,45.4,4,61.7,10.0,11,True,False,False,False
ACC-02116,2024-10-04,Basic,Annual,2,19.92,Finance,1-4,NA,7,4.6,75.9,4,14.5,,7,True,False,False,False
ACC-02117,2024-10-05,Pro,Annual,5,120.35,Software,5-24,NA,18,5.8,44.4,7,10.1,2.0,4,True,False,False,False
ACC-02118,2024-10-05,Pro,Annual,5,120.35,Software,5-24,APAC,21,8.0,62.8,3,9.3,,3,True,False,False,True
ACC-02119,2024-10-05,Basic,Monthly,2,24.0,Retail,1-4,EMEA,32,3.7,43.5,3,28.7,,5,True,False,False,False
ACC-02120,2024-10-05,Pro,Annual,4,96.28,Healthcare,1-4,EMEA,10,8.8,63.1,3,60.4,,0,False,False,False,False
ACC-02121,2024-10-05,Enterprise,Monthly,112,9968.0,Manufacturing,100+,NA,33,3.7,56.5,4,10.6,10.0,11,True,False,True,False
ACC-02122,2024-10-06,Business,Monthly,17,833.0,Manufacturing,5-24,NA,29,3.9,33.3,1,21.7,10.0,2,False,False,False,False
ACC-02123,2024-10-06,Basic,Monthly,3,36.0,Education,1-4,NA,7,7.8,35.6,3,26.7,,8,True,True,False,False
ACC-02124,2024-10-06,Business,Monthly,13,637.0,Software,5-24,NA,10,13.2,96.3,2,36.6,9.0,15,True,False,False,False
ACC-02125,2024-10-06,Basic,Monthly,3,36.0,Healthcare,1-4,NA,24,2.5,28.7,2,15.8,,6,False,False,False,False
ACC-02126,2024-10-06,Business,Monthly,16,784.0,Healthcare,5-24,APAC,14,5.6,82.3,1,9.6,10.0,5,True,False,False,False
ACC-02127,2024-10-06,Pro,Annual,4,96.28,Education,1-4,EMEA,14,6.8,42.6,4,4.8,6.0,5,False,False,False,False
ACC-02128,2024-10-06,Business,Annual,15,610.05,Education,5-24,LATAM,15,2.1,57.6,2,15.8,5.0,1,True,False,False,False
ACC-02129,2024-10-06,Basic,Annual,4,39.84,Software,1-4,NA,45,4.8,61.3,0,8.8,,1,True,False,False,False
ACC-02130,2024-10-07,Pro,Monthly,5,145.0,Software,5-24,LATAM,10,7.9,55.2,1,20.7,7.0,1,True,False,False,False
ACC-02131,2024-10-07,Pro,Monthly,9,261.0,Software,5-24,NA,37,0.8,73.2,7,26.1,5.0,13,True,False,False,True
ACC-02132,2024-10-08,Pro,Annual,5,120.35,Education,5-24,EMEA,19,2.7,58.6,4,10.9,,2,False,False,False,False
ACC-02133,2024-10-08,Basic,Monthly,1,12.0,Education,1-4,NA,21,1.2,16.0,1,18.8,,20,False,False,False,True
ACC-02134,2024-10-08,Basic,Monthly,2,24.0,Manufacturing,1-4,NA,22,6.7,62.5,5,2.6,9.0,0,False,True,False,False
ACC-02135,2024-10-10,Business,Annual,12,488.04,Education,5-24,EMEA,36,9.4,55.3,5,52.5,8.0,1,False,False,False,False
ACC-02136,2024-10-10,Pro,Monthly,3,87.0,Education,1-4,NA,24,7.0,59.8,2,5.9,10.0,1,True,False,False,False
ACC-02137,2024-10-10,Basic,Annual,1,9.96,Education,1-4,NA,3,0.8,47.5,0,1.4,5.0,14,True,False,False,True
ACC-02138,2024-10-10,Enterprise,Monthly,28,2492.0,Manufacturing,25-99,NA,14,1.4,37.9,2,19.5,0.0,25,False,True,True,True
ACC-02139,2024-10-11,Pro,Annual,3,72.21,Education,1-4,EMEA,21,0.2,35.8,7,9.4,6.0,13,True,False,False,False
ACC-02140,2024-10-12,Business,Annual,18,732.06,Retail,5-24,LATAM,22,2.5,55.6,1,27.7,8.0,2,True,False,False,False
ACC-02141,2024-10-12,Business,Monthly,10,490.0,Healthcare,5-24,EMEA,4,5.6,46.7,3,18.2,9.0,0,False,True,False,False
ACC-02142,2024-10-12,Business,Annual,9,366.03,Healthcare,5-24,APAC,9,11.8,46.4,2,34.2,,4,False,False,False,False
ACC-02143,2024-10-12,Basic,Monthly,1,12.0,Healthcare,1-4,EMEA,7,2.5,65.1,1,20.9,10.0,3,True,False,False,False
ACC-02144,2024-10-13,Basic,Monthly,3,36.0,Finance,1-4,NA,11,2.9,24.6,2,5.0,8.0,16,True,False,False,False
ACC-02145,2024-10-13,Basic,Annual,2,19.92,Healthcare,1-4,APAC,21,1.3,39.6,0,23.3,10.0,19,True,False,False,True
ACC-02146,2024-10-14,Basic,Monthly,2,24.0,Software,1-4,EMEA,9,1.4,48.5,2,11.8,,24,True,False,False,True
ACC-02147,2024-10-14,Enterprise,Annual,23,1699.01,Finance,5-24,LATAM,11,3.3,81.0,2,45.4,,8,True,False,True,True
ACC-02148,2024-10-14,Basic,Monthly,4,48.0,Healthcare,1-4,EMEA,12,13.0,37.2,1,3.5,,9,True,True,False,False
ACC-02149,2024-10-15,Basic,Annual,3,29.88,Software,1-4,EMEA,6,0.9,48.3,2,24.0,7.0,13,False,False,False,False
ACC-02150,2024-10-15,Basic,Monthly,1,12.0,Education,1-4,EMEA,14,6.0,38.5,3,8.3,7.0,4,True,False,False,True
ACC-02151,2024-10-15,Basic,Annual,2,19.92,Education,1-4,EMEA,7,7.9,53.6,1,14.1,6.0,1,True,False,False,True
ACC-02152,2024-10-16,Pro,Annual,4,96.28,Manufacturing,1-4,NA,8,7.6,56.9,3,9.4,10.0,0,False,False,False,False
ACC-02153,2024-10-16,Basic,Monthly,4,48.0,Education,1-4,EMEA,32,2.6,43.6,2,8.5,4.0,0,True,False,False,False
ACC-02154,2024-10-16,Basic,Monthly,2,24.0,Education,1-4,EMEA,40,5.2,47.9,1,5.5,10.0,2,True,False,False,False
ACC-02155,2024-10-17,Basic,Monthly,2,24.0,Healthcare,1-4,LATAM,24,10.5,99.6,2,26.0,,2,True,False,False,False
ACC-02156,2024-10-17,Basic,Monthly,2,24.0,Software,1-4,NA,8,0.7,64.0,2,5.9,,21,True,False,False,False
ACC-02157,2024-10-17,Enterprise,Monthly,53,4717.0,Retail,25-99,EMEA,14,0.3,67.2,0,18.0,3.0,25,True,False,True,False
ACC-02158,2024-10-17,Basic,Monthly,2,24.0,Finance,1-4,LATAM,11,0.6,68.7,2,16.4,,21,True,False,False,False
ACC-02159,2024-10-18,Enterprise,Monthly,20,1780.0,Finance,5-24,NA,8,1.7,38.8,2,17.3,5.0,13,True,False,False,True
ACC-02160,2024-10-18,Basic,Annual,2,19.92,Retail,1-4,APAC,22,1.3,56.9,1,16.6,7.0,15,True,False,False,False
ACC-02161,2024-10-19,Pro,Annual,4,96.28,Finance,1-4,EMEA,5,7.7,40.8,5,18.8,4.0,1,True,False,False,True
ACC-02162,2024-10-19,Basic,Monthly,5,60.0,Finance,5-24,NA,1,9.9,74.0,2,16.5,10.0,15,True,False,False,False
ACC-02163,2024-10-20,Pro,Monthly,13,377.0,Healthcare,5-24,EMEA,12,5.8,64.2,2,9.5,6.0,1,True,False,False,False
ACC-02164,2024-10-20,Basic,Annual,1,9.96,Education,1-4,APAC,17,7.0,40.7,2,44.4,9.0,3,False,False,False,False
ACC-02165,2024-10-20,Pro,Annual,4,96.28,Healthcare,1-4,APAC,10,3.1,47.3,1,2.8,,0,True,True,False,False
ACC-02166,2024-10-20,Pro,Annual,9,216.63,Manufacturing,5-24,NA,10,4.8,41.5,1,3.0,5.0,1,True,False,False,False
ACC-02167,2024-10-21,Basic,Annual,2,19.92,Manufacturing,1-4,EMEA,19,1.4,35.9,0,18.7,7.0,13,False,True,False,False
ACC-02168,2024-10-21,Pro,Monthly,8,232.0,Healthcare,5-24,APAC,38,2.4,61.0,2,27.5,8.0,8,False,False,False,False
ACC-02169,2024-10-21,Pro,Monthly,4,116.0,Software,1-4,NA,23,4.5,54.2,2,19.6,,1,True,True,False,False
ACC-02170,2024-10-21,Basic,Monthly,1,12.0,Manufacturing,1-4,NA,19,2.6,51.8,2,14.4,7.0,14,True,True,False,False
ACC-02171,2024-10-21,Business,Annual,9,366.03,Retail,5-24,APAC,23,6.5,54.7,3,17.7,9.0,4,True,False,False,False
ACC-02172,2024-10-21,Business,Annual,6,244.02,Finance,5-24,EMEA,24,2.1,50.1,3,29.6,5.0,6,True,False,False,False
ACC-02173,2024-10-21,Pro,Annual,7,168.49,Education,5-24,EMEA,13,7.8,33.2,3,38.0,7.0,4,True,False,False,False
ACC-02174,2024-10-21,Business,Monthly,23,1127.0,Finance,5-24,LATAM,35,1.8,68.6,2,6.4,8.0,31,False,False,False,True
ACC-02175,2024-10-21,Pro,Monthly,5,145.0,Software,5-24,LATAM,44,8.9,52.7,6,42.1,10.0,8,True,True,False,False
ACC-02176,2024-10-21,Pro,Monthly,5,145.0,Healthcare,5-24,EMEA,10,2.1,39.5,3,1.6,10.0,1,True,False,False,False
ACC-02177,2024-10-22,Pro,Annual,5,120.35,Software,5-24,NA,7,15.6,45.7,2,5.9,7.0,1,True,False,False,False
ACC-02178,2024-10-22,Pro,Annual,7,168.49,Finance,5-24,NA,11,2.6,68.4,3,13.5,,2,True,True,False,False
ACC-02179,2024-10-22,Pro,Monthly,3,87.0,Finance,1-4,APAC,34,7.0,33.3,1,6.4,,1,False,False,False,False
ACC-02180,2024-10-23,Pro,Monthly,3,87.0,Software,1-4,EMEA,13,2.4,29.3,3,6.1,,12,False,False,False,True
ACC-02181,2024-10-23,Enterprise,Monthly,39,3471.0,Retail,25-99,NA,17,0.8,38.1,1,14.8,,14,True,True,True,False
ACC-02182,2024-10-23,Basic,Monthly,2,24.0,Education,1-4,APAC,16,0.8,53.8,2,13.3,,14,False,False,False,True
ACC-02183,2024-10-23,Business,Monthly,19,931.0,Education,5-24,EMEA,11,1.4,51.3,1,1.7,9.0,12,True,False,False,False
ACC-02184,2024-10-23,Pro,Monthly,4,116.0,Education,1-4,NA,41,0.5,15.7,0,3.6,1.0,23,True,False,False,False
ACC-02185,2024-10-24,Pro,Monthly,5,145.0,Education,5-24,EMEA,8,2.3,56.1,4,3.9,10.0,0,False,False,False,False
ACC-02186,2024-10-25,Basic,Annual,2,19.92,Education,1-4,NA,46,4.7,58.1,0,13.7,5.0,19,True,False,False,False
ACC-02187,2024-10-25,Business,Monthly,42,2058.0,Manufacturing,25-99,EMEA,16,3.7,79.3,0,9.9,,2,True,False,False,False
ACC-02188,2024-10-25,Basic,Annual,1,9.96,Software,1-4,NA,22,4.1,38.6,1,47.1,6.0,1,True,False,False,False
ACC-02189,2024-10-25,Basic,Annual,4,39.84,Retail,1-4,NA,11,2.4,47.8,3,69.5,,8,True,False,False,False
ACC-02190,2024-10-25,Business,Monthly,7,343.0,Education,5-24,APAC,16,10.5,69.2,4,23.7,,0,True,False,False,False
ACC-02191,2024-10-25,Business,Annual,5,203.35,Healthcare,5-24,EMEA,48,11.7,56.5,3,11.8,7.0,7,True,True,False,False
ACC-02192,2024-10-26,Basic,Annual,3,29.88,Retail,1-4,EMEA,26,3.3,60.7,2,25.1,,12,True,False,False,False
ACC-02193,2024-10-26,Pro,Monthly,3,87.0,Retail,1-4,NA,14,4.5,90.9,1,14.3,7.0,22,True,False,False,False
ACC-02194,2024-10-26,Basic,Annual,4,39.84,Retail,1-4,APAC,11,0.9,14.0,2,8.5,,16,True,False,False,True
ACC-02195,2024-10-26,Enterprise,Annual,75,5540.25,Healthcare,25-99,NA,24,4.0,37.1,6,19.3,7.0,1,False,False,True,False
ACC-02196,2024-10-27,Business,Annual,36,1464.12,Manufacturing,25-99,EMEA,16,3.2,10.1,1,15.2,,4,True,False,False,False
ACC-02197,2024-10-27,Basic,Annual,2,19.92,Education,1-4,NA,12,4.8,71.5,4,27.7,8.0,2,True,False,False,False
ACC-02198,2024-10-27,Basic,Monthly,3,36.0,Finance,1-4,NA,23,1.8,42.3,6,6.2,,22,True,False,False,True
ACC-02199,2024-10-27,Basic,Monthly,1,12.0,Manufacturing,1-4,EMEA,3,5.5,48.7,0,12.0,,8,True,False,False,False
ACC-02200,2024-10-28,Pro,Annual,4,96.28,Retail,1-4,NA,6,2.4,48.5,2,11.9,7.0,1,True,False,False,False
ACC-02201,2024-10-28,Basic,Monthly,2,24.0,Manufacturing,1-4,EMEA,35,12.1,63.3,5,21.3,,1,False,False,False,False
ACC-02202,2024-10-28,Basic,Annual,2,19.92,Retail,1-4,NA,17,12.6,79.5,5,31.5,5.0,3,True,False,False,False
ACC-02203,2024-10-28,Business,Monthly,5,245.0,Healthcare,5-24,APAC,2,2.1,57.5,6,16.8,,32,False,False,False,True
ACC-02204,2024-10-28,Business,Monthly,11,539.0,Manufacturing,5-24,EMEA,1,6.9,59.2,2,32.8,9.0,1,True,True,False,False
ACC-02205,2024-10-29,Pro,Annual,11,264.77,Education,5-24,EMEA,19,1.2,65.8,1,11.2,8.0,12,False,False,False,False
ACC-02206,2024-10-30,Pro,Annual,13,312.91,Finance,5-24,EMEA,6,3.7,29.7,5,17.1,,0,False,True,False,True
ACC-02207,2024-10-30,Business,Monthly,5,245.0,Retail,5-24,NA,13,4.5,86.5,1,39.3,,12,True,False,False,False
ACC-02208,2024-10-30,Pro,Monthly,3,87.0,Healthcare,1-4,EMEA,19,2.8,54.7,2,38.0,,7,False,False,False,False
ACC-02209,2024-10-31,Pro,Monthly,5,145.0,Healthcare,5-24,NA,48,2.1,54.9,3,5.0,8.0,12,True,False,False,True
ACC-02210,2024-11-01,Basic,Monthly,2,24.0,Healthcare,1-4,EMEA,15,3.8,58.8,1,28.8,6.0,15,True,True,False,False
ACC-02211,2024-11-01,Basic,Monthly,3,36.0,Software,1-4,NA,43,11.0,68.5,6,4.0,8.0,3,True,False,False,True
ACC-02212,2024-11-01,Pro,Monthly,12,348.0,Finance,5-24,NA,26,2.4,74.1,3,2.9,5.0,4,True,False,False,False
ACC-02213,2024-11-01,Business,Monthly,11,539.0,Finance,5-24,EMEA,9,3.3,43.8,2,48.7,,1,True,True,False,True
ACC-02214,2024-11-01,Pro,Annual,7,168.49,Retail,5-24,APAC,18,1.0,69.4,1,7.9,9.0,23,True,True,False,True
ACC-02215,2024-11-01,Pro,Monthly,7,203.0,Education,5-24,EMEA,4,7.4,59.6,7,5.2,8.0,12,False,False,False,False
ACC-02216,2024-11-01,Pro,Annual,6,144.42,Software,5-24,NA,13,5.8,61.4,1,42.7,6.0,6,True,False,False,False
ACC-02217,2024-11-02,Basic,Monthly,2,24.0,Retail,1-4,NA,20,3.5,51.6,1,25.6,9.0,2,True,False,False,False
ACC-02218,2024-11-02,Basic,Monthly,1,12.0,Retail,1-4,NA,11,0.7,70.7,0,3.3,,15,True,False,False,True
ACC-02219,2024-11-03,Enterprise,Monthly,53,4717.0,Healthcare,25-99,NA,14,3.1,27.0,4,31.1,7.0,5,True,False,True,False
ACC-02220,2024-11-03,Pro,Monthly,6,174.0,Retail,5-24,NA,29,9.1,77.5,2,61.9,8.0,14,False,True,False,False
ACC-02221,2024-11-03,Business,Annual,19,772.73,Manufacturing,5-24,EMEA,8,6.2,59.6,3,7.5,5.0,5,True,False,False,False
ACC-02222,2024-11-04,Enterprise,Monthly,40,3560.0,Manufacturing,25-99,APAC,16,10.1,100.0,6,1.8,6.0,7,True,True,True,True
ACC-02223,2024-11-04,Basic,Monthly,2,24.0,Retail,1-4,NA,15,10.5,89.0,0,6.5,,6,False,False,False,False
ACC-02224,2024-11-04,Basic,Annual,2,19.92,Healthcare,1-4,NA,25,4.5,32.2,3,41.6,6.0,3,True,True,False,False
ACC-02225,2024-11-04,Basic,Monthly,2,24.0,Education,1-4,LATAM,18,0.9,68.4,2,9.5,10.0,23,True,False,False,True
ACC-02226,2024-11-04,Basic,Monthly,3,36.0,Healthcare,1-4,NA,21,3.6,53.0,4,9.9,5.0,4,True,False,False,True
ACC-02227,2024-11-05,Enterprise,Monthly,70,6230.0,Manufacturing,25-99,EMEA,7,3.3,58.4,5,5.9,8.0,4,True,True,True,False
ACC-02228,2024-11-06,Pro,Annual,4,96.28,Manufacturing,1-4,EMEA,22,3.0,49.1,2,17.6,,1,True,False,False,False
ACC-02229,2024-11-06,Basic,Monthly,2,24.0,Finance,1-4,EMEA,19,2.3,77.5,4,14.3,8.0,1,False,False,False,True
ACC-02230,2024-11-06,Pro,Monthly,2,58.0,Retail,1-4,LATAM,6,6.2,56.0,2,14.8,,5,True,False,False,False
ACC-02231,2024-11-06,Pro,Monthly,6,174.0,Healthcare,5-24,NA,30,2.8,22.5,1,4.2,10.0,8,True,False,False,False
ACC-02232,2024-11-06,Basic,Monthly,1,12.0,Retail,1-4,APAC,11,5.7,60.9,0,27.3,6.0,0,True,True,False,False
ACC-02233,2024-11-06,Pro,Monthly,5,145.0,Healthcare,5-24,EMEA,27,6.7,84.3,1,10.6,,1,False,False,False,True
ACC-02234,2024-11-07,Basic,Annual,3,29.88,Manufacturing,1-4,APAC,22,4.5,60.8,4,8.4,6.0,4,True,False,False,True
ACC-02235,2024-11-07,Basic,Monthly,2,24.0,Manufacturing,1-4,EMEA,10,5.2,49.8,2,40.4,8.0,7,True,True,False,False
ACC-02236,2024-11-08,Basic,Monthly,2,24.0,Manufacturing,1-4,EMEA,16,7.9,74.3,1,20.7,8.0,4,False,True,False,False
ACC-02237,2024-11-08,Basic,Annual,2,19.92,Manufacturing,1-4,NA,15,1.7,53.1,3,21.5,7.0,14,False,False,False,False
ACC-02238,2024-11-08,Basic,Annual,2,19.92,Education,1-4,EMEA,15,3.6,40.4,3,19.0,9.0,1,True,False,False,False
ACC-02239,2024-11-10,Basic,Monthly,2,24.0,Finance,1-4,LATAM,9,8.8,50.9,3,4.6,,1,True,False,False,False
ACC-02240,2024-11-11,Business,Annual,13,528.71,Software,5-24,APAC,9,5.0,72.0,0,5.1,8.0,1,True,False,False,False
ACC-02241,2024-11-11,Pro,Monthly,4,116.0,Manufacturing,1-4,APAC,24,15.9,71.4,3,23.9,9.0,12,True,False,False,False
ACC-02242,2024-11-11,Basic,Annual,3,29.88,Software,1-4,APAC,17,0.9,51.1,0,5.5,7.0,13,False,True,False,False
ACC-02243,2024-11-12,Business,Monthly,14,686.0,Manufacturing,5-24,NA,6,9.9,65.7,3,33.2,10.0,5,True,False,False,False
ACC-02244,2024-11-12,Basic,Monthly,3,36.0,Manufacturing,1-4,NA,6,4.3,53.4,6,0.9,10.0,4,True,True,False,False
ACC-02245,2024-11-12,Pro,Monthly,10,290.0,Software,5-24,NA,2,5.7,56.6,3,24.4,2.0,4,False,False,False,False
ACC-02246,2024-11-12,Pro,Monthly,3,87.0,Healthcare,1-4,NA,7,7.8,44.3,3,13.1,,11,True,False,False,False
ACC-02247,2024-11-12,Basic,Annual,2,19.92,Software,1-4,LATAM,22,5.8,85.7,0,34.5,7.0,8,True,False,False,False
ACC-02248,2024-11-13,Pro,Monthly,4,116.0,Software,1-4,APAC,5,1.0,50.3,4,5.4,7.0,13,True,False,False,False
ACC-02249,2024-11-13,Basic,Annual,3,29.88,Finance,1-4,EMEA,18,2.9,50.4,3,6.5,,25,False,False,False,False
ACC-02250,2024-11-13,Pro,Annual,7,168.49,Healthcare,5-24,NA,40,9.1,57.4,5,14.0,5.0,1,True,False,False,False
ACC-02251,2024-11-13,Pro,Monthly,5,145.0,Retail,5-24,NA,13,1.8,33.9,3,9.4,8.0,12,True,False,False,False
ACC-02252,2024-11-14,Enterprise,Monthly,96,8544.0,Manufacturing,25-99,NA,10,1.8,26.5,2,17.6,7.0,17,True,False,True,False
ACC-02253,2024-11-14,Basic,Annual,2,19.92,Manufacturing,1-4,APAC,20,1.6,27.8,2,13.7,,13,True,False,False,False
ACC-02254,2024-11-15,Basic,Annual,3,29.88,Healthcare,1-4,APAC,4,5.1,54.2,1,3.4,6.0,11,True,False,False,True
ACC-02255,2024-11-15,Business,Annual,12,488.04,Software,5-24,NA,22,2.1,42.9,2,14.4,7.0,5,True,False,False,False
ACC-02256,2024-11-15,Pro,Monthly,9,261.0,Education,5-24,LATAM,14,1.4,57.0,3,8.4,9.0,13,True,True,False,False
ACC-02257,2024-11-15,Pro,Monthly,5,145.0,Software,5-24,NA,17,3.6,56.3,2,10.3,7.0,4,False,False,False,False
ACC-02258,2024-11-16,Basic,Annual,3,29.88,Manufacturing,1-4,NA,13,12.3,75.0,2,25.9,6.0,0,True,False,False,True
ACC-02259,2024-11-16,Basic,Annual,3,29.88,Software,1-4,APAC,18,1.2,50.0,1,21.1,10.0,23,True,False,False,False
ACC-02260,2024-11-17,Enterprise,Monthly,28,2492.0,Finance,25-99,NA,25,2.4,50.7,4,17.1,10.0,4,True,False,True,False
ACC-02261,2024-11-17,Business,Monthly,10,490.0,Software,5-24,NA,9,2.8,73.6,3,22.8,,3,True,False,False,False
ACC-02262,2024-11-17,Business,Monthly,8,392.0,Education,5-24,NA,2,3.3,29.5,5,5.6,,5,True,False,False,False
ACC-02263,2024-11-17,Pro,Annual,3,72.21,Finance,1-4,APAC,30,5.7,76.5,2,12.4,7.0,2,True,False,False,False
ACC-02264,2024-11-17,Pro,Monthly,11,319.0,Retail,5-24,NA,28,3.2,65.1,2,13.0,10.0,4,False,False,False,False
ACC-02265,2024-11-18,Pro,Annual,5,120.35,Education,5-24,NA,9,10.0,41.0,5,5.6,4.0,2,True,False,False,False
ACC-02266,2024-11-18,Basic,Annual,2,19.92,Manufacturing,1-4,EMEA,15,1.1,54.0,2,19.3,7.0,14,True,False,False,False
ACC-02267,2024-11-18,Basic,Monthly,3,36.0,Manufacturing,1-4,NA,48,2.3,40.8,2,9.2,,0,False,False,False,True
ACC-02268,2024-11-18,Basic,Monthly,4,48.0,Finance,1-4,NA,10,2.2,59.5,3,4.5,8.0,6,True,False,False,False
ACC-02269,2024-11-19,Basic,Annual,1,9.96,Healthcare,1-4,NA,12,0.6,52.6,2,18.3,4.0,12,True,False,False,False
ACC-02270,2024-11-20,Basic,Monthly,6,72.0,Retail,5-24,NA,33,5.5,88.3,1,12.6,3.0,4,True,False,False,False
ACC-02271,2024-11-20,Enterprise,Monthly,36,3204.0,Education,25-99,EMEA,22,7.1,65.6,5,21.6,1.0,0,False,False,False,True
ACC-02272,2024-11-21,Pro,Annual,7,168.49,Retail,5-24,NA,18,2.5,58.2,4,5.6,,13,True,False,False,False
ACC-02273,2024-11-21,Basic,Monthly,5,60.0,Retail,5-24,APAC,10,10.4,70.6,1,5.5,5.0,5,False,False,False,False
ACC-02274,2024-11-21,Basic,Annual,1,9.96,Finance,1-4,NA,16,3.2,12.4,2,14.1,7.0,4,True,False,False,False
ACC-02275,2024-11-21,Enterprise,Annual,36,2659.32,Manufacturing,25-99,APAC,15,7.2,44.6,3,5.7,7.0,4,False,False,True,False
ACC-02276,2024-11-21,Basic,Monthly,2,24.0,Education,1-4,NA,2,1.7,76.3,2,9.4,7.0,15,True,False,False,True
ACC-02277,2024-11-21,Pro,Annual,8,192.56,Software,5-24,NA,22,5.5,60.2,3,16.6,8.0,1,False,False,False,False
ACC-02278,2024-11-21,Basic,Annual,3,29.88,Retail,1-4,EMEA,48,12.4,77.4,0,2.0,,4,True,False,False,False
ACC-02279,2024-11-22,Basic,Monthly,2,24.0,Finance,1-4,EMEA,9,5.8,53.4,2,12.6,,1,True,False,False,False
ACC-02280,2024-11-22,Basic,Monthly,3,36.0,Retail,1-4,EMEA,15,4.9,50.9,4,25.6,10.0,4,True,False,False,False
ACC-02281,2024-11-22,Business,Monthly,15,735.0,Finance,5-24,LATAM,4,4.0,52.5,2,38.4,,18,False,False,False,False
ACC-02282,2024-11-23,Basic,Monthly,4,48.0,Manufacturing,1-4,NA,17,7.8,59.7,1,11.7,,5,True,True,False,False
ACC-02283,2024-11-24,Enterprise,Monthly,33,2937.0,Healthcare,25-99,NA,6,6.9,54.6,7,22.1,8.0,9,False,True,True,False
ACC-02284,2024-11-24,Basic,Monthly,3,36.0,Healthcare,1-4,LATAM,18,2.1,53.2,3,7.3,,3,True,False,False,False
ACC-02285,2024-11-24,Business,Monthly,7,343.0,Manufacturing,5-24,EMEA,15,1.3,62.3,3,17.4,7.0,16,False,False,False,False
ACC-02286,2024-11-25,Basic,Monthly,1,12.0,Retail,1-4,APAC,13,1.5,74.0,3,34.2,,14,False,False,False,True
ACC-02287,2024-11-25,Business,Monthly,12,588.0,Retail,5-24,NA,3,1.1,39.6,4,8.8,6.0,15,True,False,False,True
ACC-02288,2024-11-25,Basic,Monthly,1,12.0,Manufacturing,1-4,LATAM,6,2.9,19.9,0,28.2,4.0,6,False,False,False,False
ACC-02289,2024-11-25,Basic,Monthly,1,12.0,Education,1-4,NA,4,8.6,77.3,1,17.7,7.0,1,True,False,False,False
ACC-02290,2024-11-25,Basic,Monthly,1,12.0,Manufacturing,1-4,NA,24,3.6,11.1,2,7.7,7.0,3,False,True,False,False
ACC-02291,2024-11-25,Pro,Monthly,8,232.0,Education,5-24,NA,33,6.2,49.6,2,28.6,6.0,20,True,False,False,False
ACC-02292,2024-11-25,Business,Monthly,13,637.0,Manufacturing,5-24,NA,9,11.7,77.5,2,1.2,8.0,1,False,True,False,False
ACC-02293,2024-11-26,Basic,Monthly,2,24.0,Education,1-4,NA,13,2.2,29.0,4,8.9,,2,True,False,False,False
ACC-02294,2024-11-26,Basic,Monthly,1,12.0,Retail,1-4,NA,5,3.2,41.8,3,3.2,,3,True,True,False,True
ACC-02295,2024-11-26,Pro,Monthly,5,145.0,Healthcare,5-24,EMEA,3,2.9,51.5,2,9.8,8.0,9,True,False,False,True
ACC-02296,2024-11-26,Basic,Monthly,2,24.0,Healthcare,1-4,EMEA,12,1.9,44.8,2,58.6,9.0,16,True,False,False,False
ACC-02297,2024-11-26,Business,Annual,27,1098.09,Finance,25-99,EMEA,1,4.4,36.9,1,14.4,10.0,30,True,False,False,False
ACC-02298,2024-11-26,Enterprise,Monthly,29,2581.0,Manufacturing,25-99,EMEA,22,1.4,75.3,4,13.6,8.0,22,True,False,False,False
ACC-02299,2024-11-26,Pro,Annual,7,168.49,Healthcare,5-24,APAC,30,13.0,44.7,1,4.9,9.0,15,False,False,False,False
ACC-02300,2024-11-27,Pro,Monthly,4,116.0,Healthcare,1-4,APAC,19,3.2,38.6,1,11.5,7.0,11,True,False,False,False
ACC-02301,2024-11-28,Pro,Monthly,4,116.0,Healthcare,1-4,NA,32,2.2,73.6,5,37.4,8.0,4,True,False,False,False
ACC-02302,2024-11-29,Basic,Monthly,5,60.0,Healthcare,5-24,NA,6,3.7,14.5,0,4.2,9.0,1,True,False,False,False
ACC-02303,2024-11-29,Business,Annual,14,569.38,Finance,5-24,APAC,24,7.7,37.1,0,8.8,,25,True,True,False,False
ACC-02304,2024-11-30,Pro,Monthly,5,145.0,Retail,5-24,EMEA,23,1.7,25.9,4,34.6,,19,True,False,False,False
ACC-02305,2024-11-30,Pro,Annual,5,120.35,Finance,5-24,NA,9,4.6,39.6,6,7.6,6.0,5,True,False,False,True
ACC-02306,2024-11-30,Basic,Monthly,3,36.0,Software,1-4,APAC,12,3.6,84.9,2,28.0,10.0,5,True,False,False,False
ACC-02307,2024-11-30,Enterprise,Annual,39,2880.93,Education,25-99,NA,11,0.3,34.0,4,16.0,6.0,12,True,False,False,False
ACC-02308,2024-11-30,Pro,Annual,5,120.35,Software,5-24,EMEA,11,2.5,59.3,4,11.2,5.0,20,True,True,False,False
ACC-02309,2024-12-01,Pro,Monthly,5,145.0,Manufacturing,5-24,NA,9,1.8,21.8,3,9.8,,12,True,False,False,False
ACC-02310,2024-12-01,Pro,Annual,5,120.35,Software,5-24,EMEA,8,0.9,57.5,2,35.9,,15,True,False,False,True
ACC-02311,2024-12-01,Pro,Monthly,6,174.0,Education,5-24,NA,22,7.1,67.0,1,41.2,9.0,2,True,False,False,False
ACC-02312,2024-12-01,Enterprise,Monthly,90,8010.0,Manufacturing,25-99,EMEA,23,1.9,63.7,3,11.2,6.0,14,True,False,True,False
ACC-02313,2024-12-01,Enterprise,Monthly,74,6586.0,Education,25-99,APAC,10,2.3,70.6,3,7.6,,3,True,False,True,False
ACC-02314,2024-12-01,Basic,Annual,3,29.88,Software,1-4,NA,11,5.3,68.4,1,12.7,7.0,0,True,True,False,False
ACC-02315,2024-12-02,Basic,Annual,1,9.96,Manufacturing,1-4,APAC,1,1.7,53.7,1,19.9,,18,True,False,False,True
ACC-02316,2024-12-02,Business,Monthly,42,2058.0,Software,25-99,EMEA,46,5.4,30.0,4,19.3,5.0,1,True,True,False,False
ACC-02317,2024-12-02,Pro,Annual,5,120.35,Manufacturing,5-24,EMEA,17,1.8,0.0,2,21.6,8.0,14,False,True,False,False
ACC-02318,2024-12-05,Pro,Monthly,4,116.0,Finance,1-4,EMEA,20,1.5,7.6,3,22.1,,22,True,True,False,True
ACC-02319,2024-12-05,Pro,Monthly,11,319.0,Education,5-24,NA,17,1.7,45.0,2,22.3,,13,True,False,False,False
ACC-02320,2024-12-06,Pro,Annual,4,96.28,Healthcare,1-4,NA,4,0.4,32.1,2,4.6,7.0,23,False,False,False,False
ACC-02321,2024-12-06,Pro,Annual,7,168.49,Retail,5-24,LATAM,11,2.5,36.8,3,7.6,7.0,17,False,False,False,False
ACC-02322,2024-12-06,Enterprise,Monthly,88,7832.0,Retail,25-99,NA,34,4.6,56.3,2,4.4,8.0,5,True,True,True,False
ACC-02323,2024-12-06,Pro,Monthly,10,290.0,Finance,5-24,EMEA,4,12.4,59.7,2,18.7,6.0,5,True,False,False,False
ACC-02324,2024-12-07,Basic,Monthly,2,24.0,Software,1-4,APAC,48,8.3,53.0,1,19.6,7.0,15,True,False,False,True
ACC-02325,2024-12-07,Pro,Annual,6,144.42,Finance,5-24,EMEA,7,2.3,38.1,4,13.5,,6,True,True,False,False
ACC-02326,2024-12-07,Pro,Annual,4,96.28,Education,1-4,NA,12,7.3,69.5,1,12.6,6.0,6,True,True,False,False
ACC-02327,2024-12-08,Basic,Annual,2,19.92,Software,1-4,EMEA,1,3.1,36.5,2,32.2,10.0,3,False,True,False,True
ACC-02328,2024-12-08,Basic,Monthly,3,36.0,Healthcare,1-4,NA,19,8.2,73.2,1,22.4,,1,True,True,False,False
ACC-02329,2024-12-09,Pro,Monthly,3,87.0,Software,1-4,APAC,14,1.2,40.8,1,7.1,,16,True,False,False,False
ACC-02330,2024-12-10,Pro,Annual,5,120.35,Healthcare,5-24,EMEA,5,9.6,65.4,4,5.3,4.0,4,True,False,False,False
ACC-02331,2024-12-11,Basic,Annual,3,29.88,Software,1-4,NA,23,6.6,78.9,1,13.0,8.0,1,True,False,False,True
ACC-02332,2024-12-11,Pro,Annual,4,96.28,Healthcare,1-4,EMEA,18,1.8,51.4,6,22.6,9.0,12,True,False,False,False
ACC-02333,2024-12-12,Basic,Annual,3,29.88,Healthcare,1-4,NA,9,7.5,80.7,1,26.7,9.0,13,True,False,False,False
ACC-02334,2024-12-12,Business,Monthly,10,490.0,Finance,5-24,NA,13,4.1,83.8,6,9.0,,5,True,False,False,False
ACC-02335,2024-12-12,Basic,Monthly,2,24.0,Retail,1-4,APAC,9,1.5,100.0,0,32.5,6.0,13,True,False,False,True
ACC-02336,2024-12-12,Basic,Monthly,2,24.0,Retail,1-4,APAC,37,8.9,51.9,6,14.6,7.0,4,False,False,False,True
ACC-02337,2024-12-13,Pro,Monthly,5,145.0,Finance,5-24,APAC,5,7.4,59.3,5,25.6,8.0,2,True,False,False,False
ACC-02338,2024-12-13,Enterprise,Annual,44,3250.28,Manufacturing,25-99,APAC,7,1.2,67.3,1,17.1,8.0,17,False,False,True,False
ACC-02339,2024-12-13,Business,Annual,19,772.73,Software,5-24,NA,37,1.1,42.4,4,32.8,,17,False,True,False,True
ACC-02340,2024-12-13,Basic,Annual,2,19.92,Manufacturing,1-4,LATAM,6,6.8,52.7,2,11.0,,3,True,True,False,False
ACC-02341,2024-12-14,Pro,Monthly,5,145.0,Finance,5-24,NA,42,1.8,39.4,3,18.8,5.0,22,True,False,False,True
ACC-02342,2024-12-16,Basic,Annual,3,29.88,Education,1-4,EMEA,12,7.8,62.2,1,30.3,,2,True,False,False,True
ACC-02343,2024-12-16,Basic,Monthly,2,24.0,Education,1-4,EMEA,6,6.4,100.0,1,34.4,6.0,4,True,False,False,False
ACC-02344,2024-12-16,Basic,Annual,1,9.96,Finance,1-4,NA,7,13.9,77.4,4,18.6,4.0,11,False,False,False,True
ACC-02345,2024-12-16,Pro,Monthly,7,203.0,Healthcare,5-24,EMEA,23,2.3,29.1,5,14.9,,14,True,False,False,False
ACC-02346,2024-12-16,Pro,Monthly,11,319.0,Finance,5-24,LATAM,19,2.2,32.9,1,4.7,8.0,4,True,True,False,False
ACC-02347,2024-12-16,Pro,Annual,2,48.14,Finance,1-4,NA,38,12.4,57.0,2,15.5,3.0,4,True,False,False,False
ACC-02348,2024-12-16,Basic,Annual,2,19.92,Manufacturing,1-4,LATAM,28,4.2,100.0,5,24.0,9.0,4,False,False,False,False
ACC-02349,2024-12-17,Pro,Monthly,7,203.0,Healthcare,5-24,EMEA,29,3.2,64.3,1,14.9,,3,True,False,False,False
ACC-02350,2024-12-17,Enterprise,Annual,40,2954.8,Manufacturing,25-99,APAC,2,5.7,81.3,3,6.8,5.0,7,True,False,True,False
ACC-02351,2024-12-17,Basic,Annual,2,19.92,Manufacturing,1-4,APAC,21,10.1,45.9,1,16.9,,12,False,True,False,False
ACC-02352,2024-12-17,Pro,Annual,5,120.35,Finance,5-24,EMEA,24,16.4,100.0,1,9.9,7.0,4,False,False,False,False
ACC-02353,2024-12-18,Pro,Monthly,4,116.0,Software,1-4,APAC,22,12.2,35.3,2,7.3,5.0,0,False,False,False,False
ACC-02354,2024-12-18,Basic,Annual,2,19.92,Retail,1-4,APAC,5,3.5,35.3,2,3.9,6.0,0,True,False,False,False
ACC-02355,2024-12-18,Basic,Monthly,4,48.0,Manufacturing,1-4,EMEA,2,7.2,66.7,1,14.4,10.0,2,True,True,False,False
ACC-02356,2024-12-18,Basic,Monthly,5,60.0,Software,5-24,NA,20,1.5,28.5,2,17.1,9.0,30,True,False,False,True
ACC-02357,2024-12-18,Basic,Annual,2,19.92,Finance,1-4,NA,6,5.5,29.3,2,46.1,9.0,7,True,True,False,False
ACC-02358,2024-12-18,Basic,Annual,2,19.92,Finance,1-4,EMEA,10,5.6,55.3,1,23.6,7.0,5,False,False,False,False
ACC-02359,2024-12-19,Business,Annual,10,406.7,Education,5-24,EMEA,5,6.5,46.5,4,22.8,8.0,9,True,False,False,False
ACC-02360,2024-12-19,Basic,Annual,1,9.96,Healthcare,1-4,EMEA,26,2.6,49.4,1,18.5,3.0,3,True,False,False,False
ACC-02361,2024-12-19,Business,Monthly,13,637.0,Healthcare,5-24,EMEA,12,5.4,60.8,4,5.0,4.0,5,False,False,False,False
ACC-02362,2024-12-19,Business,Monthly,14,686.0,Manufacturing,5-24,NA,13,6.2,51.2,1,5.8,8.0,20,True,True,False,False
ACC-02363,2024-12-19,Business,Monthly,6,294.0,Software,5-24,NA,15,0.8,60.7,3,5.2,8.0,30,True,False,False,False
ACC-02364,2024-12-20,Pro,Monthly,7,203.0,Retail,5-24,APAC,15,3.6,71.3,1,25.5,4.0,5,True,False,False,False
ACC-02365,2024-12-20,Basic,Annual,4,39.84,Healthcare,1-4,APAC,40,10.3,92.6,0,17.5,9.0,13,True,False,False,False
ACC-02366,2024-12-20,Business,Monthly,21,1029.0,Finance,5-24,LATAM,22,8.6,93.9,4,17.2,,2,False,False,False,False
ACC-02367,2024-12-21,Pro,Annual,2,48.14,Finance,1-4,NA,28,7.9,57.6,4,14.8,8.0,6,False,True,False,False
ACC-02368,2024-12-22,Basic,Monthly,2,24.0,Finance,1-4,EMEA,11,7.6,90.8,5,22.8,9.0,1,True,False,False,True
ACC-02369,2024-12-22,Enterprise,Monthly,45,4005.0,Finance,25-99,LATAM,18,0.5,45.1,5,22.5,,13,True,False,True,False
ACC-02370,2024-12-22,Business,Monthly,18,882.0,Manufacturing,5-24,APAC,7,1.6,30.7,3,31.3,,24,True,False,False,False
ACC-02371,2024-12-22,Pro,Annual,5,120.35,Software,5-24,NA,10,4.8,48.5,2,20.4,4.0,1,True,False,False,False
ACC-02372,2024-12-23,Business,Monthly,18,882.0,Finance,5-24,APAC,15,7.6,52.9,1,20.8,5.0,0,True,False,False,False
ACC-02373,2024-12-24,Basic,Monthly,7,84.0,Software,5-24,NA,20,3.9,25.5,1,21.9,10.0,2,True,False,False,False
ACC-02374,2024-12-24,Business,Monthly,7,343.0,Retail,5-24,EMEA,8,10.6,45.8,4,9.2,,13,True,False,False,False
ACC-02375,2024-12-24,Basic,Annual,1,9.96,Finance,1-4,LATAM,11,0.6,57.7,3,11.2,,22,False,False,False,False
ACC-02376,2024-12-24,Pro,Annual,7,168.49,Education,5-24,NA,48,1.9,32.0,6,19.9,7.0,18,True,True,False,False
ACC-02377,2024-12-24,Basic,Monthly,1,12.0,Healthcare,1-4,EMEA,4,6.3,49.1,3,7.3,4.0,5,True,False,False,False
ACC-02378,2024-12-25,Business,Monthly,9,441.0,Software,5-24,EMEA,8,0.9,40.3,2,9.0,8.0,17,True,False,False,False
ACC-02379,2024-12-25,Pro,Annual,7,168.49,Finance,5-24,NA,3,6.7,49.0,4,24.5,10.0,1,True,False,False,False
ACC-02380,2024-12-25,Business,Monthly,13,637.0,Manufacturing,5-24,NA,10,2.0,63.3,2,8.3,9.0,3,True,False,False,False
ACC-02381,2024-12-26,Pro,Monthly,6,174.0,Manufacturing,5-24,APAC,18,9.1,100.0,3,21.4,,1,True,True,False,False
ACC-02382,2024-12-26,Basic,Monthly,3,36.0,Education,1-4,EMEA,48,13.5,67.6,2,10.4,7.0,5,True,False,False,False
ACC-02383,2024-12-26,Pro,Monthly,5,145.0,Retail,5-24,LATAM,19,13.1,48.9,3,35.0,4.0,8,False,False,False,False
ACC-02384,2024-12-27,Basic,Annual,1,9.96,Retail,1-4,APAC,22,4.5,66.4,1,4.2,,4,True,True,False,False
ACC-02385,2024-12-28,Business,Annual,28,1138.76,Software,25-99,APAC,22,2.0,51.9,1,20.3,5.0,9,True,False,False,False
ACC-02386,2024-12-29,Basic,Monthly,4,48.0,Finance,1-4,EMEA,8,8.7,62.8,2,15.1,,2,True,False,False,False
ACC-02387,2024-12-29,Basic,Monthly,6,72.0,Finance,5-24,NA,23,4.6,43.1,3,13.0,8.0,4,True,True,False,True
ACC-02388,2024-12-29,Business,Annual,41,1667.47,Software,25-99,NA,4,3.2,71.8,1,68.2,6.0,17,True,False,False,False
ACC-02389,2024-12-29,Basic,Monthly,3,36.0,Finance,1-4,LATAM,3,3.8,50.0,1,21.7,5.0,1,True,True,False,False
ACC-02390,2024-12-30,Business,Annual,6,244.02,Manufacturing,5-24,EMEA,2,3.1,34.9,2,24.6,10.0,7,True,False,False,False
ACC-02391,2024-12-30,Basic,Monthly,2,24.0,Software,1-4,NA,5,7.5,61.0,5,12.4,,4,True,True,False,False
ACC-02392,2024-12-30,Pro,Monthly,2,58.0,Healthcare,1-4,EMEA,4,2.5,57.7,0,34.0,8.0,2,True,False,False,False
ACC-02393,2024-12-31,Business,Annual,7,284.69,Software,5-24,EMEA,13,3.6,31.3,4,7.6,8.0,3,True,False,False,False
ACC-02394,2024-12-31,Pro,Monthly,4,116.0,Retail,1-4,EMEA,6,11.3,85.0,5,12.9,,9,True,False,False,False
ACC-02395,2024-12-31,Basic,Annual,1,9.96,Software,1-4,NA,7,11.9,66.7,0,54.4,7.0,1,False,False,False,False
ACC-02396,2024-12-31,Basic,Monthly,1,12.0,Software,1-4,EMEA,48,3.0,73.6,5,1.9,8.0,2,True,False,False,False
ACC-02397,2024-12-31,Basic,Monthly,4,48.0,Retail,1-4,NA,10,1.8,74.8,1,31.4,,15,True,False,False,True
ACC-02398,2024-12-31,Business,Monthly,10,490.0,Retail,5-24,NA,31,2.9,49.7,3,13.7,10.0,10,True,False,False,False
ACC-02399,2025-01-01,Business,Monthly,26,1274.0,Finance,25-99,NA,2,3.3,57.0,1,11.4,,1,True,False,False,False
ACC-02400,2025-01-01,Basic,Monthly,4,48.0,Software,1-4,NA,44,4.3,36.3,4,73.8,7.0,2,False,False,False,False
ACC-02401,2025-01-01,Basic,Monthly,2,24.0,Healthcare,1-4,EMEA,27,2.3,73.8,3,23.8,,16,True,False,False,True
ACC-02402,2025-01-01,Pro,Monthly,6,174.0,Retail,5-24,APAC,48,21.4,100.0,3,22.1,7.0,2,True,True,False,False
ACC-02403,2025-01-02,Enterprise,Annual,108,7977.96,Education,100+,LATAM,9,4.4,71.7,2,1.9,9.0,3,True,False,True,False
ACC-02404,2025-01-02,Business,Monthly,4,196.0,Software,1-4,NA,15,2.2,43.7,4,13.4,2.0,9,False,False,False,True
ACC-02405,2025-01-03,Business,Annual,35,1423.45,Finance,25-99,NA,24,5.1,41.1,9,6.9,7.0,6,True,False,False,False
ACC-02406,2025-01-04,Basic,Annual,1,9.96,Education,1-4,NA,10,2.1,28.8,4,10.1,4.0,5,False,False,False,True
ACC-02407,2025-01-04,Basic,Annual,1,9.96,Retail,1-4,NA,5,9.0,69.5,2,21.2,6.0,6,True,False,False,False
ACC-02408,2025-01-04,Basic,Monthly,4,48.0,Education,1-4,EMEA,24,2.1,57.3,2,7.7,4.0,2,True,False,False,True
ACC-02409,2025-01-04,Pro,Monthly,10,290.0,Healthcare,5-24,EMEA,35,4.9,51.1,4,27.8,5.0,0,True,False,False,True
ACC-02410,2025-01-04,Pro,Monthly,6,174.0,Software,5-24,LATAM,12,1.9,31.0,2,16.3,,27,True,False,False,False
ACC-02411,2025-01-05,Pro,Annual,4,96.28,Healthcare,1-4,APAC,14,2.2,75.2,2,18.7,7.0,0,True,False,False,False
ACC-02412,2025-01-05,Pro,Annual,2,48.14,Manufacturing,1-4,NA,10,2.6,65.8,7,20.4,7.0,31,False,False,False,False
ACC-02413,2025-01-05,Pro,Monthly,2,58.0,Healthcare,1-4,EMEA,19,2.1,24.6,2,7.1,,15,True,True,False,True
ACC-02414,2025-01-05,Pro,Annual,7,168.49,Retail,5-24,EMEA,7,5.3,56.4,4,15.8,3.0,2,True,False,False,False
ACC-02415,2025-01-05,Basic,Monthly,2,24.0,Retail,1-4,NA,10,4.4,3.0,1,36.8,2.0,4,True,False,False,False
ACC-02416,2025-01-06,Enterprise,Annual,53,3915.11,Manufacturing,25-99,EMEA,30,1.5,38.5,2,11.5,5.0,17,True,False,True,False
ACC-02417,2025-01-06,Basic,Annual,2,19.92,Healthcare,1-4,EMEA,11,1.9,45.3,2,11.8,,19,False,False,False,False
ACC-02418,2025-01-06,Basic,Annual,1,9.96,Software,1-4,NA,12,3.0,66.1,4,13.4,9.0,11,True,False,False,False
ACC-02419,2025-01-07,Pro,Annual,4,96.28,Education,1-4,APAC,18,0.1,24.0,3,12.0,,14,True,True,False,True
ACC-02420,2025-01-07,Basic,Annual,2,19.92,Retail,1-4,APAC,19,8.6,55.8,3,17.3,5.0,2,True,False,False,False
ACC-02421,2025-01-08,Basic,Annual,4,39.84,Education,1-4,APAC,10,4.2,58.5,2,12.6,9.0,6,True,False,False,False
ACC-02422,2025-01-08,Basic,Monthly,2,24.0,Retail,1-4,NA,5,2.8,63.6,4,13.4,7.0,24,False,False,False,True
ACC-02423,2025-01-08,Pro,Monthly,3,87.0,Retail,1-4,NA,19,3.3,47.3,4,38.3,,5,True,False,False,False
ACC-02424,2025-01-08,Business,Monthly,6,294.0,Software,5-24,NA,14,1.4,97.2,2,15.1,,12,True,False,False,True
ACC-02425,2025-01-09,Pro,Annual,7,168.49,Education,5-24,EMEA,8,0.4,23.3,2,8.8,9.0,21,True,False,False,False
ACC-02426,2025-01-09,Basic,Monthly,1,12.0,Software,1-4,NA,6,10.5,62.1,2,25.3,6.0,7,True,False,False,False
ACC-02427,2025-01-09,Basic,Annual,1,9.96,Manufacturing,1-4,NA,10,6.3,14.8,4,26.0,,2,False,False,False,False
ACC-02428,2025-01-09,Enterprise,Monthly,19,1691.0,Software,5-24,NA,9,4.8,47.9,4,20.3,7.0,1,False,True,True,False
ACC-02429,2025-01-10,Basic,Annual,2,19.92,Finance,1-4,NA,26,3.0,56.9,3,8.7,,4,True,False,False,False
ACC-02430,2025-01-10,Enterprise,Annual,67,4949.29,Software,25-99,EMEA,18,4.0,92.3,1,24.3,,0,False,True,True,False
ACC-02431,2025-01-10,Pro,Annual,4,96.28,Education,1-4,EMEA,12,1.5,56.9,5,11.9,5.0,17,True,True,False,False
ACC-02432,2025-01-10,Basic,Annual,2,19.92,Retail,1-4,EMEA,20,2.9,68.1,1,42.5,,12,True,False,False,False
ACC-02433,2025-01-10,Business,Annual,13,528.71,Software,5-24,EMEA,11,5.0,47.5,0,11.2,10.0,17,True,False,False,False
ACC-02434,2025-01-11,Basic,Monthly,3,36.0,Software,1-4,APAC,14,12.6,81.3,2,40.9,9.0,0,True,False,False,False
ACC-02435,2025-01-11,Basic,Monthly,5,60.0,Education,5-24,EMEA,38,4.0,81.5,4,13.4,,11,True,False,False,False
ACC-02436,2025-01-12,Basic,Monthly,2,24.0,Retail,1-4,APAC,18,2.4,71.6,4,8.5,,4,True,False,False,False
ACC-02437,2025-01-13,Basic,Monthly,4,48.0,Manufacturing,1-4,LATAM,11,5.6,55.8,2,28.0,4.0,19,False,False,False,False
ACC-02438,2025-01-13,Business,Monthly,19,931.0,Software,5-24,NA,11,2.0,47.0,2,11.5,6.0,3,True,False,False,False
ACC-02439,2025-01-13,Pro,Annual,6,144.42,Healthcare,5-24,EMEA,29,1.2,26.6,3,3.5,5.0,21,True,False,False,False
ACC-02440,2025-01-14,Basic,Annual,1,9.96,Healthcare,1-4,EMEA,8,1.0,33.0,2,13.4,8.0,14,True,False,False,False
ACC-02441,2025-01-14,Pro,Annual,5,120.35,Healthcare,5-24,APAC,3,1.0,49.4,3,17.1,4.0,13,True,True,False,True
ACC-02442,2025-01-14,Basic,Monthly,3,36.0,Finance,1-4,NA,11,0.5,75.1,0,2.5,6.0,13,True,False,False,False
ACC-02443,2025-01-14,Business,Monthly,17,833.0,Finance,5-24,EMEA,18,4.3,53.2,1,3.4,7.0,5,True,True,False,False
ACC-02444,2025-01-15,Pro,Annual,1,24.07,Healthcare,1-4,APAC,21,0.9,57.9,0,9.9,,17,True,False,False,False
ACC-02445,2025-01-15,Basic,Monthly,2,24.0,Retail,1-4,NA,9,10.7,66.1,2,4.5,8.0,6,False,True,False,False
ACC-02446,2025-01-15,Basic,Annual,2,19.92,Retail,1-4,APAC,15,0.9,37.9,1,3.4,10.0,12,True,True,False,True
ACC-02447,2025-01-17,Enterprise,Monthly,8,712.0,Manufacturing,5-24,EMEA,15,3.5,55.4,5,26.9,,27,True,False,True,True
ACC-02448,2025-01-18,Pro,Annual,5,120.35,Software,5-24,EMEA,19,4.2,39.2,2,1.6,,5,True,False,False,False
ACC-02449,2025-01-19,Pro,Monthly,6,174.0,Healthcare,5-24,NA,36,7.8,89.8,2,18.4,7.0,11,True,False,False,False
ACC-02450,2025-01-20,Basic,Annual,3,29.88,Finance,1-4,NA,5,8.8,85.2,3,5.5,10.0,3,True,False,False,False
ACC-02451,2025-01-20,Basic,Monthly,4,48.0,Software,1-4,EMEA,7,2.5,47.6,2,18.0,7.0,5,True,False,False,False
ACC-02452,2025-01-21,Basic,Annual,1,9.96,Retail,1-4,EMEA,14,9.2,35.2,3,26.6,,6,True,False,False,False
ACC-02453,2025-01-21,Basic,Annual,2,19.92,Software,1-4,NA,6,10.8,58.1,2,18.7,9.0,20,True,False,False,False
ACC-02454,2025-01-21,Basic,Monthly,2,24.0,Education,1-4,APAC,48,6.0,52.4,2,19.0,8.0,3,True,False,False,False
ACC-02455,2025-01-21,Basic,Monthly,1,12.0,Manufacturing,1-4,NA,30,1.2,21.7,3,16.3,7.0,16,True,False,False,True
ACC-02456,2025-01-22,Basic,Annual,1,9.96,Retail,1-4,APAC,14,0.5,19.4,4,8.5,3.0,12,True,False,False,True
ACC-02457,2025-01-22,Pro,Monthly,3,87.0,Education,1-4,NA,23,0.7,50.6,3,81.2,6.0,15,True,False,False,False
ACC-02458,2025-01-22,Pro,Annual,4,96.28,Manufacturing,1-4,NA,42,2.7,43.5,6,9.3,4.0,8,True,False,False,False
ACC-02459,2025-01-23,Pro,Monthly,3,87.0,Education,1-4,EMEA,29,4.3,51.1,4,21.3,,3,False,False,False,False
ACC-02460,2025-01-23,Enterprise,Monthly,28,2492.0,Retail,25-99,NA,9,0.3,38.1,2,4.3,10.0,37,True,False,True,False
ACC-02461,2025-01-23,Business,Monthly,8,392.0,Education,5-24,NA,33,17.2,70.8,4,4.1,,2,True,False,False,False
ACC-02462,2025-01-23,Basic,Monthly,1,12.0,Education,1-4,EMEA,35,2.9,60.0,2,43.9,10.0,2,True,False,False,False
ACC-02463,2025-01-23,Pro,Monthly,3,87.0,Finance,1-4,APAC,43,5.6,75.7,9,15.2,9.0,1,True,False,False,False
ACC-02464,2025-01-23,Business,Annual,32,1301.44,Retail,25-99,NA,11,2.1,26.1,1,3.8,7.0,3,True,False,False,False
ACC-02465,2025-01-24,Basic,Monthly,3,36.0,Retail,1-4,EMEA,18,7.8,56.8,2,20.7,7.0,32,True,False,False,False
ACC-02466,2025-01-24,Basic,Monthly,2,24.0,Software,1-4,EMEA,2,13.6,46.3,1,3.5,,4,True,True,False,False
ACC-02467,2025-01-24,Basic,Monthly,2,24.0,Healthcare,1-4,NA,4,4.3,49.1,3,6.0,10.0,14,True,True,False,False
ACC-02468,2025-01-25,Pro,Monthly,12,348.0,Education,5-24,NA,27,4.2,63.5,2,12.5,8.0,14,True,False,False,False
ACC-02469,2025-01-26,Basic,Monthly,1,12.0,Manufacturing,1-4,LATAM,18,3.6,75.4,2,11.8,7.0,2,False,False,False,True
ACC-02470,2025-01-26,Business,Annual,10,406.7,Retail,5-24,APAC,17,3.6,33.2,2,20.8,10.0,9,False,False,False,False
ACC-02471,2025-01-26,Pro,Annual,4,96.28,Software,1-4,LATAM,6,4.7,45.6,4,25.3,9.0,13,True,False,False,False
ACC-02472,2025-01-26,Enterprise,Annual,50,3693.5,Software,25-99,EMEA,36,5.3,60.6,1,22.4,10.0,10,False,False,True,False
ACC-02473,2025-01-26,Basic,Monthly,3,36.0,Education,1-4,NA,36,2.4,34.1,2,10.3,10.0,6,True,False,False,False
ACC-02474,2025-01-27,Pro,Monthly,15,435.0,Manufacturing,5-24,NA,3,12.9,52.7,1,10.3,,1,True,False,False,False
ACC-02475,2025-01-28,Pro,Monthly,6,174.0,Finance,5-24,EMEA,6,3.7,51.6,1,15.3,5.0,7,False,False,False,False
ACC-02476,2025-01-28,Business,Annual,10,406.7,Software,5-24,NA,5,5.7,36.4,1,0.5,,10,True,False,False,False
ACC-02477,2025-01-28,Business,Monthly,8,392.0,Education,5-24,NA,6,3.5,37.0,3,12.5,6.0,4,False,False,False,True
ACC-02478,2025-01-28,Basic,Annual,2,19.92,Healthcare,1-4,APAC,5,7.6,63.8,4,12.7,6.0,1,False,False,False,True
ACC-02479,2025-01-28,Basic,Monthly,1,12.0,Manufacturing,1-4,EMEA,13,6.3,42.6,2,10.2,7.0,1,False,False,False,True
ACC-02480,2025-01-29,Pro,Monthly,4,116.0,Manufacturing,1-4,NA,9,6.2,23.9,5,4.5,10.0,3,True,False,False,False
ACC-02481,2025-01-30,Pro,Monthly,7,203.0,Finance,5-24,EMEA,38,2.5,61.9,3,13.8,7.0,2,True,False,False,False
ACC-02482,2025-01-31,Basic,Monthly,4,48.0,Education,1-4,NA,20,2.3,27.6,3,8.4,9.0,14,True,False,False,False
ACC-02483,2025-01-31,Business,Monthly,11,539.0,Finance,5-24,APAC,26,4.5,34.5,4,13.1,10.0,4,False,False,False,False
ACC-02484,2025-02-01,Pro,Monthly,2,58.0,Manufacturing,1-4,LATAM,7,9.9,51.2,2,33.6,6.0,17,False,False,False,True
ACC-02485,2025-02-01,Pro,Monthly,4,116.0,Finance,1-4,EMEA,15,9.1,67.6,4,14.5,,3,True,False,False,False
ACC-02486,2025-02-01,Basic,Monthly,1,12.0,Finance,1-4,NA,19,0.7,53.4,3,11.2,5.0,20,False,False,False,True
ACC-02487,2025-02-02,Pro,Monthly,10,290.0,Manufacturing,5-24,EMEA,11,8.8,74.0,3,4.6,9.0,17,False,True,False,False
ACC-02488,2025-02-02,Business,Monthly,7,343.0,Healthcare,5-24,EMEA,18,0.9,43.4,4,18.6,10.0,17,True,False,False,True
ACC-02489,2025-02-03,Business,Annual,9,366.03,Retail,5-24,NA,11,1.1,22.7,6,9.0,5.0,20,False,True,False,True
ACC-02490,2025-02-03,Basic,Monthly,2,24.0,Manufacturing,1-4,NA,18,7.7,66.2,0,10.2,8.0,2,False,False,False,False
ACC-02491,2025-02-03,Enterprise,Monthly,40,3560.0,Education,25-99,APAC,22,0.6,14.1,4,5.3,,18,True,False,True,False
ACC-02492,2025-02-05,Pro,Monthly,3,87.0,Manufacturing,1-4,NA,8,8.3,73.7,1,15.6,,8,False,False,False,False
ACC-02493,2025-02-05,Enterprise,Monthly,23,2047.0,Software,5-24,NA,8,4.8,36.7,6,17.7,5.0,10,True,False,False,False
ACC-02494,2025-02-05,Basic,Monthly,3,36.0,Retail,1-4,NA,6,6.0,81.5,2,9.2,6.0,15,True,False,False,True
ACC-02495,2025-02-06,Pro,Annual,6,144.42,Healthcare,5-24,NA,5,7.9,59.6,3,15.0,,25,True,False,False,False
ACC-02496,2025-02-06,Basic,Monthly,1,12.0,Manufacturing,1-4,EMEA,26,2.3,61.2,2,38.3,,6,False,False,False,False
ACC-02497,2025-02-06,Business,Annual,9,366.03,Manufacturing,5-24,NA,34,0.8,58.7,5,40.4,6.0,27,True,True,False,False
ACC-02498,2025-02-06,Enterprise,Annual,118,8716.66,Finance,100+,EMEA,9,4.8,89.7,0,12.8,8.0,43,True,False,False,False
ACC-02499,2025-02-06,Basic,Annual,1,9.96,Retail,1-4,APAC,25,1.5,49.0,2,18.0,,15,False,False,False,False
ACC-02500,2025-02-06,Basic,Monthly,2,24.0,Finance,1-4,NA,19,5.9,66.5,4,30.9,,1,True,False,False,False
ACC-02501,2025-02-06,Pro,Annual,2,48.14,Education,1-4,LATAM,18,2.5,67.5,1,10.9,,15,True,False,False,False
ACC-02502,2025-02-06,Enterprise,Annual,39,2880.93,Software,25-99,APAC,16,1.1,66.4,3,7.8,9.0,20,True,True,True,False
ACC-02503,2025-02-07,Enterprise,Annual,71,5244.77,Retail,25-99,APAC,17,6.0,56.7,4,4.6,,4,True,False,True,False
ACC-02504,2025-02-07,Business,Monthly,10,490.0,Software,5-24,EMEA,20,9.7,63.1,4,41.5,7.0,5,False,False,False,False
ACC-02505,2025-02-08,Business,Annual,16,650.72,Software,5-24,NA,13,2.4,46.1,2,39.0,6.0,4,True,False,False,False
ACC-02506,2025-02-08,Pro,Annual,4,96.28,Healthcare,1-4,LATAM,23,0.2,49.8,1,4.2,7.0,17,True,False,False,False
ACC-02507,2025-02-08,Pro,Annual,3,72.21,Education,1-4,APAC,4,2.8,87.7,1,38.9,5.0,2,True,False,False,False
ACC-02508,2025-02-08,Enterprise,Annual,24,1772.88,Retail,5-24,EMEA,34,7.1,71.8,8,15.0,6.0,35,True,False,True,False
ACC-02509,2025-02-08,Enterprise,Monthly,42,3738.0,Manufacturing,25-99,LATAM,10,2.2,46.3,3,10.7,6.0,10,False,False,False,True
ACC-02510,2025-02-08,Business,Annual,19,772.73,Retail,5-24,EMEA,23,4.3,75.8,1,5.3,6.0,3,True,False,False,False
ACC-02511,2025-02-09,Pro,Annual,3,72.21,Finance,1-4,NA,12,1.9,41.7,4,4.0,9.0,28,True,True,False,False
ACC-02512,2025-02-09,Business,Annual,18,732.06,Retail,5-24,EMEA,7,3.5,47.9,0,24.9,9.0,1,True,False,False,False
ACC-02513,2025-02-11,Pro,Monthly,4,116.0,Education,1-4,NA,39,2.0,82.6,3,24.7,,2,True,False,False,False
ACC-02514,2025-02-11,Enterprise,Monthly,48,4272.0,Manufacturing,25-99,EMEA,33,2.5,62.5,4,24.7,8.0,12,True,False,True,False
ACC-02515,2025-02-11,Business,Monthly,12,588.0,Manufacturing,5-24,EMEA,11,1.8,75.8,4,6.9,9.0,24,False,True,False,False
ACC-02516,2025-02-11,Basic,Monthly,2,24.0,Retail,1-4,NA,34,1.6,48.9,7,16.6,8.0,18,False,True,False,True
ACC-02517,2025-02-11,Basic,Annual,3,29.88,Manufacturing,1-4,NA,17,3.4,22.2,1,14.0,,2,True,False,False,False
ACC-02518,2025-02-11,Enterprise,Monthly,24,2136.0,Healthcare,5-24,APAC,14,12.4,37.6,3,47.7,10.0,0,True,False,True,False
ACC-02519,2025-02-11,Basic,Monthly,3,36.0,Manufacturing,1-4,APAC,39,3.0,49.4,1,32.5,5.0,2,False,False,False,False
ACC-02520,2025-02-11,Pro,Monthly,3,87.0,Healthcare,1-4,APAC,3,3.8,82.1,2,28.3,7.0,13,False,False,False,False
ACC-02521,2025-02-12,Basic,Monthly,2,24.0,Manufacturing,1-4,NA,24,8.5,79.7,5,17.1,5.0,13,True,False,False,False
ACC-02522,2025-02-12,Pro,Monthly,8,232.0,Software,5-24,EMEA,9,11.5,90.5,4,31.3,,3,True,False,False,False
ACC-02523,2025-02-12,Enterprise,Monthly,84,7476.0,Retail,25-99,LATAM,12,1.6,68.1,1,6.3,8.0,14,True,False,True,True
ACC-02524,2025-02-13,Pro,Monthly,6,174.0,Finance,5-24,NA,17,1.8,30.3,3,12.6,7.0,23,True,False,False,False
ACC-02525,2025-02-13,Basic,Monthly,3,36.0,Retail,1-4,LATAM,6,3.5,42.7,3,2.5,,6,False,False,False,False
ACC-02526,2025-02-13,Basic,Monthly,2,24.0,Manufacturing,1-4,NA,2,3.6,39.5,2,45.0,8.0,33,False,True,False,False
ACC-02527,2025-02-13,Pro,Monthly,3,87.0,Software,1-4,EMEA,19,3.6,67.2,3,21.5,8.0,1,False,False,False,False
ACC-02528,2025-02-13,Business,Monthly,28,1372.0,Manufacturing,25-99,APAC,23,4.9,76.9,0,11.4,5.0,21,True,False,False,False
ACC-02529,2025-02-14,Basic,Monthly,1,12.0,Software,1-4,EMEA,10,1.6,38.7,3,1.7,,15,True,False,False,True
ACC-02530,2025-02-15,Basic,Monthly,1,12.0,Healthcare,1-4,NA,20,3.0,91.1,0,13.3,8.0,1,True,False,False,True
ACC-02531,2025-02-15,Basic,Annual,2,19.92,Software,1-4,NA,5,1.8,51.6,1,17.8,,28,True,False,False,False
ACC-02532,2025-02-15,Pro,Annual,7,168.49,Retail,5-24,APAC,12,2.7,27.6,2,5.9,9.0,3,True,True,False,False
ACC-02533,2025-02-15,Enterprise,Monthly,32,2848.0,Healthcare,25-99,NA,1,1.4,36.8,1,21.2,6.0,14,True,False,True,True
ACC-02534,2025-02-16,Basic,Annual,2,19.92,Education,1-4,APAC,35,6.6,43.5,3,17.4,6.0,11,False,False,False,False
ACC-02535,2025-02-16,Pro,Monthly,6,174.0,Education,5-24,NA,31,3.1,72.0,3,18.3,7.0,1,True,False,False,True
ACC-02536,2025-02-16,Business,Annual,19,772.73,Finance,5-24,EMEA,3,3.9,74.0,2,48.8,,3,True,False,False,False
ACC-02537,2025-02-16,Pro,Annual,7,168.49,Healthcare,5-24,LATAM,34,1.6,29.8,2,5.4,,35,True,False,False,True
ACC-02538,2025-02-18,Basic,Monthly,1,12.0,Education,1-4,LATAM,10,4.4,73.6,0,12.3,9.0,3,False,False,False,False
ACC-02539,2025-02-18,Business,Annual,8,325.36,Manufacturing,5-24,EMEA,8,10.6,52.6,1,11.2,,1,True,False,False,False
ACC-02540,2025-02-18,Pro,Monthly,5,145.0,Retail,5-24,APAC,19,5.4,26.2,4,32.2,10.0,2,False,False,False,False
ACC-02541,2025-02-18,Enterprise,Annual,60,4432.2,Education,25-99,NA,37,13.4,56.6,5,33.8,,0,True,False,True,False
ACC-02542,2025-02-18,Business,Monthly,32,1568.0,Healthcare,25-99,EMEA,14,3.8,40.8,3,10.5,8.0,2,True,False,False,True
ACC-02543,2025-02-18,Pro,Annual,6,144.42,Manufacturing,5-24,APAC,21,8.2,54.4,2,53.4,10.0,4,True,False,False,False
ACC-02544,2025-02-19,Pro,Annual,7,168.49,Finance,5-24,NA,18,2.6,47.1,1,39.5,10.0,1,False,True,False,False
ACC-02545,2025-02-20,Basic,Annual,2,19.92,Healthcare,1-4,NA,31,1.4,35.3,3,37.2,,22,True,False,False,False
ACC-02546,2025-02-20,Basic,Monthly,3,36.0,Retail,1-4,EMEA,40,2.2,46.4,1,4.8,,6,True,False,False,False
ACC-02547,2025-02-20,Basic,Monthly,3,36.0,Manufacturing,1-4,EMEA,11,3.8,88.8,2,94.6,8.0,6,True,False,False,False
ACC-02548,2025-02-21,Pro,Annual,7,168.49,Finance,5-24,APAC,18,2.9,62.5,3,29.5,4.0,0,False,False,False,True
ACC-02549,2025-02-21,Pro,Monthly,2,58.0,Education,1-4,APAC,7,2.5,56.2,4,20.0,5.0,4,True,False,False,True
ACC-02550,2025-02-21,Basic,Monthly,1,12.0,Retail,1-4,NA,6,11.2,55.4,0,8.6,6.0,5,True,True,False,False
ACC-02551,2025-02-22,Business,Monthly,33,1617.0,Finance,25-99,EMEA,22,4.2,76.5,2,31.9,4.0,1,True,False,False,True
ACC-02552,2025-02-22,Pro,Monthly,3,87.0,Education,1-4,NA,48,1.0,52.4,3,13.1,10.0,19,True,False,False,False
ACC-02553,2025-02-23,Enterprise,Monthly,21,1869.0,Retail,5-24,EMEA,18,5.4,40.7,1,8.7,,3,True,False,False,False
ACC-02554,2025-02-23,Pro,Monthly,8,232.0,Finance,5-24,NA,42,3.0,44.3,6,26.2,,2,True,False,False,False
ACC-02555,2025-02-23,Business,Monthly,17,833.0,Software,5-24,EMEA,11,2.9,53.5,2,17.9,7.0,7,True,False,False,False
ACC-02556,2025-02-23,Basic,Monthly,3,36.0,Retail,1-4,NA,3,1.1,52.3,0,29.7,,24,True,False,False,False
ACC-02557,2025-02-23,Basic,Monthly,1,12.0,Finance,1-4,NA,28,13.9,46.0,1,16.2,10.0,22,True,False,False,False
ACC-02558,2025-02-23,Basic,Monthly,6,72.0,Retail,5-24,NA,12,9.3,71.1,3,28.4,7.0,10,False,True,False,False
ACC-02559,2025-02-23,Basic,Monthly,4,48.0,Education,1-4,LATAM,17,5.0,50.3,6,13.8,,0,True,False,False,True
ACC-02560,2025-02-24,Pro,Monthly,7,203.0,Retail,5-24,LATAM,21,3.9,57.0,4,43.2,5.0,3,True,False,False,True
ACC-02561,2025-02-24,Business,Annual,9,366.03,Education,5-24,EMEA,18,5.6,79.2,4,15.6,6.0,7,True,False,False,False
ACC-02562,2025-02-25,Basic,Annual,2,19.92,Healthcare,1-4,NA,13,4.8,40.8,3,19.9,6.0,19,False,True,False,True
ACC-02563,2025-02-25,Basic,Monthly,1,12.0,Retail,1-4,NA,7,7.3,36.8,1,23.4,,10,False,True,False,True
ACC-02564,2025-02-25,Business,Annual,18,732.06,Retail,5-24,LATAM,22,6.5,41.8,3,12.9,,1,False,False,False,False
ACC-02565,2025-02-25,Basic,Annual,2,19.92,Retail,1-4,APAC,10,4.2,32.2,0,50.1,3.0,2,False,False,False,False
ACC-02566,2025-02-25,Basic,Annual,3,29.88,Manufacturing,1-4,NA,19,4.0,27.0,2,10.7,9.0,0,True,False,False,False
ACC-02567,2025-02-25,Enterprise,Annual,71,5244.77,Healthcare,25-99,NA,2,4.3,61.0,3,7.5,7.0,9,True,False,True,False
ACC-02568,2025-02-25,Pro,Monthly,4,116.0,Education,1-4,APAC,25,1.9,50.1,1,5.7,10.0,15,True,True,False,True
ACC-02569,2025-02-26,Enterprise,Monthly,37,3293.0,Healthcare,25-99,EMEA,36,7.2,55.1,2,12.8,,1,False,False,True,False
ACC-02570,2025-02-26,Basic,Annual,2,19.92,Healthcare,1-4,EMEA,48,3.1,50.7,1,4.7,8.0,5,True,False,False,False
ACC-02571,2025-02-26,Pro,Annual,5,120.35,Healthcare,5-24,NA,8,4.9,80.0,1,9.1,5.0,12,True,False,False,False
ACC-02572,2025-02-26,Basic,Monthly,1,12.0,Manufacturing,1-4,APAC,16,2.1,25.3,5,16.1,8.0,13,False,False,False,True
ACC-02573,2025-02-27,Pro,Monthly,1,29.0,Education,1-4,NA,4,3.5,75.1,5,49.7,,4,False,True,False,False
ACC-02574,2025-02-28,Basic,Annual,2,19.92,Manufacturing,1-4,APAC,25,6.7,61.3,4,8.8,,1,True,False,False,False
ACC-02575,2025-02-28,Pro,Annual,18,433.26,Retail,5-24,NA,11,5.1,53.1,4,14.8,7.0,9,True,False,False,False
ACC-02576,2025-02-28,Basic,Annual,1,9.96,Education,1-4,NA,9,1.8,80.5,0,4.8,5.0,22,True,False,False,False
ACC-02577,2025-03-01,Basic,Annual,4,39.84,Finance,1-4,APAC,11,5.2,41.4,3,6.6,5.0,3,True,False,False,False
ACC-02578,2025-03-01,Basic,Annual,4,39.84,Software,1-4,EMEA,20,5.9,78.6,1,9.7,10.0,3,True,False,False,False
ACC-02579,2025-03-01,Basic,Annual,1,9.96,Retail,1-4,APAC,12,1.9,74.1,1,13.3,,27,False,False,False,False
ACC-02580,2025-03-01,Basic,Annual,2,19.92,Education,1-4,NA,6,10.3,70.3,1,12.2,6.0,10,False,False,False,True
ACC-02581,2025-03-02,Pro,Monthly,7,203.0,Software,5-24,NA,5,1.7,49.1,3,43.2,5.0,12,False,True,False,True
ACC-02582,2025-03-02,Pro,Monthly,2,58.0,Education,1-4,NA,1,14.8,72.8,6,13.1,5.0,1,True,False,False,False
ACC-02583,2025-03-02,Basic,Monthly,2,24.0,Education,1-4,NA,23,12.3,77.3,4,4.3,7.0,1,True,False,False,False
ACC-02584,2025-03-02,Basic,Monthly,1,12.0,Finance,1-4,EMEA,21,10.3,64.3,2,17.8,8.0,1,True,True,False,False
ACC-02585,2025-03-03,Pro,Monthly,11,319.0,Software,5-24,NA,18,3.5,33.4,3,54.5,,2,True,False,False,False
ACC-02586,2025-03-03,Enterprise,Annual,33,2437.71,Healthcare,25-99,EMEA,8,5.4,46.5,3,4.0,9.0,12,False,False,False,False
ACC-02587,2025-03-03,Basic,Annual,4,39.84,Manufacturing,1-4,EMEA,32,3.5,72.0,1,8.2,,1,True,False,False,False
ACC-02588,2025-03-03,Basic,Annual,5,49.8,Finance,5-24,EMEA,7,3.1,73.3,0,6.8,,6,True,False,False,False
ACC-02589,2025-03-04,Enterprise,Monthly,25,2225.0,Education,25-99,NA,9,7.6,53.0,0,22.6,4.0,6,False,False,True,True
ACC-02590,2025-03-04,Pro,Annual,2,48.14,Software,1-4,APAC,5,1.5,54.3,2,32.2,6.0,20,False,False,False,True
ACC-02591,2025-03-04,Pro,Annual,3,72.21,Healthcare,1-4,APAC,27,1.5,37.1,2,20.8,,18,True,False,False,False
ACC-02592,2025-03-04,Pro,Monthly,7,203.0,Healthcare,5-24,EMEA,15,2.5,81.5,2,11.6,9.0,17,True,True,False,False
ACC-02593,2025-03-04,Pro,Monthly,6,174.0,Healthcare,5-24,NA,7,5.8,50.2,2,13.7,10.0,6,False,False,False,True
ACC-02594,2025-03-05,Business,Monthly,6,294.0,Education,5-24,EMEA,17,7.0,36.1,1,20.8,10.0,2,True,False,False,False
ACC-02595,2025-03-05,Enterprise,Annual,34,2511.58,Retail,25-99,NA,22,4.6,65.7,4,1.8,8.0,3,False,False,True,True
ACC-02596,2025-03-05,Business,Annual,22,894.74,Manufacturing,5-24,NA,10,15.7,64.5,3,48.5,,10,True,True,False,False
ACC-02597,2025-03-05,Pro,Monthly,8,232.0,Manufacturing,5-24,NA,13,0.3,41.6,3,5.2,,15,False,False,False,False
ACC-02598,2025-03-05,Basic,Monthly,1,12.0,Finance,1-4,EMEA,20,1.6,43.3,4,22.7,,31,True,False,False,True
ACC-02599,2025-03-05,Pro,Monthly,10,290.0,Healthcare,5-24,NA,12,0.4,50.4,4,5.2,10.0,13,True,False,False,False
ACC-02600,2025-03-05,Enterprise,Monthly,55,4895.0,Manufacturing,25-99,NA,35,5.4,59.2,3,11.3,,9,True,False,True,False
ACC-02601,2025-03-05,Pro,Monthly,3,87.0,Software,1-4,APAC,10,3.9,62.9,5,8.1,,6,True,False,False,False
ACC-02602,2025-03-06,Basic,Monthly,2,24.0,Education,1-4,APAC,10,1.8,27.5,4,18.0,9.0,18,True,False,False,True
ACC-02603,2025-03-06,Enterprise,Annual,29,2142.23,Software,25-99,NA,20,11.9,100.0,4,23.5,10.0,2,True,False,True,False
ACC-02604,2025-03-06,Enterprise,Monthly,22,1958.0,Retail,5-24,NA,3,3.7,100.0,0,29.9,6.0,5,True,False,True,True
ACC-02605,2025-03-06,Pro,Annual,10,240.7,Finance,5-24,NA,32,5.1,63.0,1,24.3,7.0,9,False,True,False,False
ACC-02606,2025-03-06,Enterprise,Monthly,27,2403.0,Education,25-99,NA,38,0.4,51.2,1,40.7,1.0,17,True,False,True,False
ACC-02607,2025-03-06,Basic,Annual,3,29.88,Software,1-4,NA,15,1.8,57.0,2,28.6,10.0,12,True,True,False,False
ACC-02608,2025-03-07,Enterprise,Monthly,60,5340.0,Retail,25-99,APAC,18,3.9,41.2,2,8.5,7.0,1,True,False,True,False
ACC-02609,2025-03-07,Basic,Annual,2,19.92,Education,1-4,EMEA,9,1.9,49.5,2,30.8,6.0,18,True,False,False,False
ACC-02610,2025-03-07,Basic,Annual,4,39.84,Healthcare,1-4,NA,22,5.0,61.2,2,6.4,7.0,6,True,False,False,False
ACC-02611,2025-03-07,Basic,Monthly,2,24.0,Retail,1-4,APAC,21,3.6,36.5,3,22.7,8.0,13,True,False,False,False
ACC-02612,2025-03-08,Business,Annual,9,366.03,Retail,5-24,NA,4,6.5,51.8,3,29.9,8.0,1,True,False,False,False
ACC-02613,2025-03-08,Basic,Monthly,1,12.0,Software,1-4,NA,7,4.1,59.4,4,21.3,9.0,1,True,False,False,False
ACC-02614,2025-03-08,Pro,Annual,1,24.07,Education,1-4,EMEA,22,7.1,80.0,2,13.6,6.0,2,True,False,False,False
ACC-02615,2025-03-09,Pro,Monthly,5,145.0,Manufacturing,5-24,NA,31,0.5,42.7,2,4.0,7.0,21,False,False,False,True
ACC-02616,2025-03-09,Enterprise,Monthly,31,2759.0,Manufacturing,25-99,APAC,14,0.8,61.3,5,15.5,,27,False,False,True,False
ACC-02617,2025-03-09,Business,Annual,12,488.04,Manufacturing,5-24,NA,9,7.7,46.5,4,43.3,4.0,8,True,True,False,False
ACC-02618,2025-03-09,Basic,Annual,1,9.96,Healthcare,1-4,NA,9,8.5,43.1,1,2.6,,1,False,False,False,False
ACC-02619,2025-03-09,Business,Annual,13,528.71,Finance,5-24,LATAM,12,3.7,37.6,3,11.1,7.0,1,False,False,False,True
ACC-02620,2025-03-09,Pro,Annual,4,96.28,Retail,1-4,NA,21,9.2,64.8,3,42.5,5.0,3,True,True,False,False
ACC-02621,2025-03-09,Basic,Monthly,3,36.0,Education,1-4,EMEA,23,2.7,46.3,1,44.0,9.0,3,True,True,False,False
ACC-02622,2025-03-10,Business,Annual,23,935.41,Education,5-24,NA,16,2.2,85.8,6,17.8,5.0,30,True,False,False,False
ACC-02623,2025-03-11,Pro,Monthly,8,232.0,Manufacturing,5-24,NA,10,7.3,53.6,5,3.2,5.0,11,True,True,False,False
ACC-02624,2025-03-11,Enterprise,Annual,100,7387.0,Retail,100+,NA,15,6.6,75.1,3,12.8,,4,False,False,False,False
ACC-02625,2025-03-11,Basic,Annual,1,9.96,Manufacturing,1-4,NA,6,17.3,72.2,2,34.1,4.0,2,False,False,False,False
ACC-02626,2025-03-12,Basic,Monthly,2,24.0,Finance,1-4,APAC,48,9.0,72.9,2,9.2,,10,False,False,False,True
ACC-02627,2025-03-13,Pro,Monthly,2,58.0,Healthcare,1-4,NA,27,1.1,32.3,2,39.0,,19,True,False,False,False
ACC-02628,2025-03-13,Basic,Annual,3,29.88,Education,1-4,EMEA,5,2.8,45.1,2,18.0,7.0,6,True,False,False,False
ACC-02629,2025-03-13,Basic,Annual,2,19.92,Software,1-4,APAC,8,1.8,58.5,1,14.7,,13,False,False,False,False
ACC-02630,2025-03-14,Basic,Monthly,2,24.0,Manufacturing,1-4,NA,37,2.9,29.8,4,15.4,6.0,3,True,False,False,False
ACC-02631,2025-03-14,Pro,Annual,8,192.56,Manufacturing,5-24,NA,22,6.3,34.8,2,5.7,7.0,1,False,False,False,False
ACC-02632,2025-03-14,Basic,Monthly,2,24.0,Finance,1-4,EMEA,16,6.9,49.8,6,11.5,7.0,6,False,False,False,True
ACC-02633,2025-03-15,Pro,Monthly,7,203.0,Education,5-24,EMEA,6,2.7,51.3,3,5.3,8.0,15,True,False,False,False
ACC-02634,2025-03-15,Basic,Monthly,1,12.0,Education,1-4,EMEA,4,4.7,49.3,2,4.9,10.0,1,True,False,False,False
ACC-02635,2025-03-15,Pro,Annual,3,72.21,Healthcare,1-4,APAC,48,20.8,73.8,4,11.5,,13,True,True,False,False
ACC-02636,2025-03-16,Pro,Monthly,9,261.0,Education,5-24,APAC,11,2.6,46.1,1,7.4,5.0,11,True,False,False,True
ACC-02637,2025-03-17,Pro,Annual,4,96.28,Manufacturing,1-4,EMEA,11,7.6,46.1,0,12.5,,5,True,False,False,False
ACC-02638,2025-03-17,Pro,Annual,5,120.35,Healthcare,5-24,NA,19,6.4,47.8,5,36.9,3.0,7,True,True,False,True
ACC-02639,2025-03-18,Pro,Monthly,3,87.0,Software,1-4,EMEA,6,3.3,21.8,3,5.0,6.0,1,True,False,False,False
ACC-02640,2025-03-18,Basic,Monthly,3,36.0,Healthcare,1-4,APAC,48,4.8,67.6,1,8.7,5.0,2,True,False,False,False
ACC-02641,2025-03-18,Basic,Monthly,4,48.0,Software,1-4,NA,40,3.4,32.4,0,19.3,,9,True,True,False,False
ACC-02642,2025-03-18,Pro,Annual,13,312.91,Retail,5-24,LATAM,2,4.2,79.1,3,17.7,,0,True,False,False,False
ACC-02643,2025-03-18,Basic,Annual,2,19.92,Finance,1-4,APAC,19,2.1,72.4,2,12.5,,11,False,False,False,False
ACC-02644,2025-03-19,Pro,Annual,7,168.49,Education,5-24,NA,20,2.4,82.9,4,13.3,7.0,3,True,False,False,False
ACC-02645,2025-03-19,Basic,Monthly,2,24.0,Education,1-4,EMEA,9,3.6,72.4,2,13.2,8.0,7,False,False,False,True
ACC-02646,2025-03-19,Enterprise,Monthly,60,5340.0,Healthcare,25-99,APAC,15,1.2,27.3,3,15.6,10.0,60,False,False,True,False
ACC-02647,2025-03-19,Pro,Monthly,4,116.0,Retail,1-4,LATAM,34,4.5,55.3,1,27.0,6.0,1,True,False,False,False
ACC-02648,2025-03-20,Business,Annual,19,772.73,Finance,5-24,EMEA,13,3.7,68.2,1,10.0,,1,True,False,False,False
ACC-02649,2025-03-21,Basic,Monthly,2,24.0,Software,1-4,NA,15,8.5,78.1,0,33.3,9.0,6,True,False,False,False
ACC-02650,2025-03-21,Pro,Annual,3,72.21,Finance,1-4,NA,8,1.8,64.8,2,25.1,8.0,19,True,False,False,True
ACC-02651,2025-03-22,Pro,Monthly,6,174.0,Healthcare,5-24,EMEA,13,3.2,57.5,0,20.8,,11,True,False,False,False
ACC-02652,2025-03-22,Pro,Monthly,9,261.0,Software,5-24,NA,20,6.7,88.4,2,8.9,8.0,18,True,False,False,False
ACC-02653,2025-03-22,Pro,Monthly,5,145.0,Finance,5-24,EMEA,16,6.5,46.7,4,19.5,9.0,7,True,True,False,False
ACC-02654,2025-03-24,Basic,Annual,1,9.96,Software,1-4,EMEA,44,3.6,48.4,3,6.4,6.0,1,True,False,False,False
ACC-02655,2025-03-24,Business,Monthly,14,686.0,Healthcare,5-24,NA,38,5.5,43.8,8,10.6,10.0,15,True,False,False,True
ACC-02656,2025-03-25,Pro,Monthly,4,116.0,Education,1-4,EMEA,14,6.0,28.2,2,9.8,,7,True,True,False,True
ACC-02657,2025-03-25,Pro,Annual,7,168.49,Finance,5-24,LATAM,33,0.2,29.0,2,21.0,5.0,12,True,False,False,True
ACC-02658,2025-03-25,Basic,Monthly,1,12.0,Software,1-4,NA,32,18.5,79.5,3,2.7,8.0,6,True,True,False,True
ACC-02659,2025-03-26,Pro,Monthly,2,58.0,Software,1-4,EMEA,22,2.0,75.9,1,20.5,4.0,14,True,False,False,False
ACC-02660,2025-03-26,Business,Monthly,17,833.0,Manufacturing,5-24,APAC,7,3.7,48.7,1,20.7,5.0,4,True,True,False,False
ACC-02661,2025-03-27,Pro,Annual,3,72.21,Software,1-4,NA,26,3.5,53.2,3,36.8,5.0,23,True,True,False,False
ACC-02662,2025-03-27,Business,Monthly,14,686.0,Software,5-24,EMEA,12,2.7,47.8,1,3.3,,2,False,False,False,False
ACC-02663,2025-03-28,Basic,Monthly,2,24.0,Healthcare,1-4,NA,12,3.5,35.4,4,17.7,6.0,3,True,False,False,True
ACC-02664,2025-03-28,Basic,Annual,5,49.8,Software,5-24,NA,26,2.0,45.5,1,10.4,6.0,15,True,False,False,False
ACC-02665,2025-03-28,Business,Monthly,25,1225.0,Retail,25-99,APAC,7,10.0,67.3,0,13.4,5.0,2,True,False,False,True
ACC-02666,2025-03-28,Basic,Annual,2,19.92,Retail,1-4,NA,12,3.0,35.1,4,6.8,,10,True,False,False,False
ACC-02667,2025-03-28,Business,Annual,26,1057.42,Finance,25-99,EMEA,31,2.1,65.3,4,27.3,,0,True,False,False,False
ACC-02668,2025-03-29,Pro,Annual,6,144.42,Software,5-24,NA,10,1.3,50.3,5,6.2,9.0,17,True,True,False,False
ACC-02669,2025-03-29,Enterprise,Monthly,31,2759.0,Healthcare,25-99,NA,15,5.1,90.4,4,44.7,,6,False,True,True,False
ACC-02670,2025-03-29,Basic,Monthly,3,36.0,Education,1-4,NA,9,8.1,39.2,1,14.7,10.0,7,True,False,False,True
ACC-02671,2025-03-29,Basic,Monthly,2,24.0,Retail,1-4,NA,48,0.2,45.9,3,14.7,8.0,21,False,False,False,False
ACC-02672,2025-03-30,Pro,Monthly,8,232.0,Finance,5-24,APAC,20,1.9,66.5,6,11.6,10.0,13,False,False,False,True
ACC-02673,2025-03-30,Pro,Monthly,5,145.0,Software,5-24,LATAM,11,6.1,43.5,2,13.3,7.0,3,True,False,False,False
ACC-02674,2025-03-30,Basic,Monthly,1,12.0,Healthcare,1-4,NA,16,9.3,88.6,0,11.8,9.0,2,False,True,False,False
ACC-02675,2025-03-30,Enterprise,Monthly,21,1869.0,Finance,5-24,EMEA,33,8.6,68.0,6,13.9,,12,False,True,True,False
ACC-02676,2025-03-31,Pro,Monthly,6,174.0,Education,5-24,EMEA,17,3.6,41.2,4,8.1,,5,True,False,False,False
ACC-02677,2025-03-31,Pro,Monthly,3,87.0,Education,1-4,NA,26,1.4,37.9,2,4.3,,15,True,True,False,False
ACC-02678,2025-03-31,Basic,Monthly,2,24.0,Retail,1-4,NA,37,3.3,29.6,2,7.9,9.0,5,False,True,False,False
ACC-02679,2025-04-01,Basic,Monthly,2,24.0,Finance,1-4,LATAM,47,1.4,63.8,9,16.1,,13,True,False,False,True
ACC-02680,2025-04-01,Basic,Annual,3,29.88,Finance,1-4,NA,5,1.5,58.1,2,29.3,10.0,15,False,False,False,True
ACC-02681,2025-04-02,Business,Annual,14,569.38,Manufacturing,5-24,EMEA,10,4.4,60.0,1,26.9,,3,True,True,False,False
ACC-02682,2025-04-02,Basic,Annual,2,19.92,Finance,1-4,NA,15,2.4,50.2,5,17.1,7.0,19,True,False,False,False
ACC-02683,2025-04-02,Pro,Annual,28,673.96,Finance,25-99,NA,8,5.8,55.3,3,26.7,,11,True,False,False,False
ACC-02684,2025-04-02,Business,Monthly,13,637.0,Education,5-24,EMEA,8,4.5,61.8,2,4.5,,8,True,False,False,False
ACC-02685,2025-04-02,Basic,Monthly,2,24.0,Retail,1-4,NA,6,4.1,54.0,1,21.1,,8,True,True,False,False
ACC-02686,2025-04-02,Pro,Monthly,5,145.0,Manufacturing,5-24,NA,5,6.1,95.9,4,18.5,5.0,14,True,False,False,False
ACC-02687,2025-04-03,Pro,Monthly,5,145.0,Education,5-24,NA,34,7.7,31.0,1,24.2,,7,True,True,False,False
ACC-02688,2025-04-03,Pro,Annual,2,48.14,Manufacturing,1-4,NA,48,11.9,79.3,4,5.4,,5,False,True,False,False
ACC-02689,2025-04-03,Basic,Monthly,4,48.0,Manufacturing,1-4,NA,3,1.1,45.0,1,4.4,8.0,14,False,False,False,True
ACC-02690,2025-04-03,Basic,Monthly,2,24.0,Healthcare,1-4,NA,4,5.6,58.7,1,20.6,6.0,6,True,False,False,True
ACC-02691,2025-04-03,Enterprise,Annual,79,5835.73,Manufacturing,25-99,APAC,13,0.7,36.3,2,14.2,9.0,14,True,False,True,False
ACC-02692,2025-04-03,Pro,Monthly,2,58.0,Software,1-4,NA,18,7.0,83.8,1,18.7,,3,True,False,False,False
ACC-02693,2025-04-04,Basic,Monthly,1,12.0,Healthcare,1-4,LATAM,12,1.5,63.9,3,21.4,,30,False,True,False,False
ACC-02694,2025-04-04,Pro,Annual,8,192.56,Healthcare,5-24,APAC,11,1.1,43.9,5,15.9,9.0,21,True,False,False,True
ACC-02695,2025-04-05,Basic,Monthly,4,48.0,Healthcare,1-4,EMEA,19,3.8,86.5,2,27.0,,1,True,False,False,True
ACC-02696,2025-04-05,Basic,Monthly,2,24.0,Software,1-4,APAC,22,12.6,68.2,0,5.0,5.0,7,True,False,False,False
ACC-02697,2025-04-05,Pro,Annual,6,144.42,Retail,5-24,NA,13,8.4,51.5,3,17.3,8.0,5,False,False,False,False
ACC-02698,2025-04-06,Basic,Monthly,3,36.0,Healthcare,1-4,NA,13,8.1,53.8,4,25.6,3.0,3,False,False,False,True
ACC-02699,2025-04-06,Basic,Annual,2,19.92,Manufacturing,1-4,LATAM,15,6.8,68.7,3,11.4,,17,False,False,False,False
ACC-02700,2025-04-06,Basic,Monthly,1,12.0,Finance,1-4,EMEA,8,7.8,51.7,0,36.3,,2,True,False,False,True
ACC-02701,2025-04-06,Basic,Annual,1,9.96,Education,1-4,EMEA,11,3.6,34.3,3,9.5,,3,True,False,False,False
ACC-02702,2025-04-06,Business,Annual,9,366.03,Healthcare,5-24,NA,14,7.1,61.6,1,9.8,9.0,3,True,False,False,False
ACC-02703,2025-04-06,Business,Monthly,17,833.0,Manufacturing,5-24,NA,4,3.5,67.6,5,18.6,10.0,4,True,True,False,False
ACC-02704,2025-04-06,Basic,Annual,3,29.88,Retail,1-4,EMEA,15,5.3,43.3,2,13.1,,4,True,False,False,False
ACC-02705,2025-04-07,Pro,Monthly,10,290.0,Retail,5-24,NA,16,3.8,60.6,3,6.6,6.0,1,True,False,False,False
ACC-02706,2025-04-07,Basic,Monthly,4,48.0,Manufacturing,1-4,EMEA,11,1.9,57.4,3,22.0,,12,True,False,False,False
ACC-02707,2025-04-07,Basic,Monthly,1,12.0,Retail,1-4,NA,29,9.2,66.7,2,5.1,9.0,2,False,False,False,False
ACC-02708,2025-04-07,Basic,Monthly,1,12.0,Manufacturing,1-4,APAC,17,9.9,58.0,3,12.1,,10,True,False,False,False
ACC-02709,2025-04-07,Pro,Annual,4,96.28,Education,1-4,NA,5,5.8,50.1,2,3.7,7.0,1,True,False,False,False
ACC-02710,2025-04-08,Basic,Monthly,3,36.0,Education,1-4,NA,2,7.1,43.8,2,5.2,8.0,1,False,False,False,False
ACC-02711,2025-04-08,Basic,Monthly,3,36.0,Healthcare,1-4,LATAM,48,5.5,33.8,3,7.0,,27,False,False,False,False
ACC-02712,2025-04-08,Basic,Annual,2,19.92,Healthcare,1-4,LATAM,4,1.4,67.4,3,11.4,5.0,18,False,False,False,True
ACC-02713,2025-04-09,Enterprise,Annual,26,1920.62,Retail,25-99,APAC,37,2.8,75.6,3,17.0,,1,False,False,True,False
ACC-02714,2025-04-09,Basic,Monthly,3,36.0,Retail,1-4,LATAM,30,3.3,48.4,2,2.5,5.0,3,False,False,False,False
ACC-02715,2025-04-09,Pro,Monthly,8,232.0,Healthcare,5-24,NA,24,4.4,53.1,3,4.5,,1,True,False,False,False
ACC-02716,2025-04-09,Pro,Monthly,5,145.0,Finance,5-24,LATAM,9,2.1,17.7,4,4.4,,8,True,False,False,False
ACC-02717,2025-04-09,Pro,Annual,6,144.42,Finance,5-24,LATAM,10,1.5,63.0,2,17.0,8.0,20,True,False,False,False
ACC-02718,2025-04-09,Business,Monthly,25,1225.0,Healthcare,25-99,EMEA,3,2.2,56.8,4,1.8,10.0,7,True,True,False,False
ACC-02719,2025-04-09,Business,Monthly,14,686.0,Education,5-24,EMEA,12,1.3,33.1,1,16.5,7.0,17,True,False,False,False
ACC-02720,2025-04-09,Basic,Annual,8,79.68,Finance,5-24,NA,17,3.6,66.5,3,13.5,,3,True,False,False,False
ACC-02721,2025-04-09,Basic,Monthly,1,12.0,Healthcare,1-4,APAC,5,2.1,20.7,3,8.1,10.0,8,True,False,False,False
ACC-02722,2025-04-10,Pro,Monthly,4,116.0,Manufacturing,1-4,EMEA,19,6.3,75.8,2,31.9,9.0,3,True,False,False,False
ACC-02723,2025-04-11,Pro,Monthly,5,145.0,Retail,5-24,NA,45,4.1,75.0,1,55.6,6.0,1,True,False,False,False
ACC-02724,2025-04-11,Pro,Monthly,22,638.0,Education,5-24,LATAM,15,7.9,80.5,2,7.4,4.0,1,True,False,False,False
ACC-02725,2025-04-11,Basic,Annual,2,19.92,Healthcare,1-4,NA,28,6.0,69.4,1,17.0,8.0,9,True,False,False,False
ACC-02726,2025-04-12,Pro,Annual,8,192.56,Healthcare,5-24,NA,36,4.0,49.6,3,19.8,,3,False,False,False,False
ACC-02727,2025-04-12,Pro,Annual,6,144.42,Education,5-24,EMEA,27,1.8,47.3,1,6.1,7.0,20,False,False,False,True
ACC-02728,2025-04-12,Basic,Annual,1,9.96,Software,1-4,NA,20,4.2,5.9,1,23.8,7.0,0,True,False,False,False
ACC-02729,2025-04-13,Pro,Monthly,12,348.0,Healthcare,5-24,NA,10,2.2,55.0,3,16.0,7.0,4,True,False,False,False
ACC-02730,2025-04-13,Basic,Monthly,4,48.0,Education,1-4,EMEA,17,4.7,62.9,1,24.6,9.0,1,True,False,False,False
ACC-02731,2025-04-14,Pro,Monthly,7,203.0,Finance,5-24,EMEA,7,7.2,22.3,4,67.5,6.0,5,False,True,False,False
ACC-02732,2025-04-14,Basic,Monthly,3,36.0,Software,1-4,NA,12,7.0,45.1,1,26.1,8.0,2,False,True,False,False
ACC-02733,2025-04-14,Basic,Monthly,2,24.0,Retail,1-4,NA,3,2.4,67.0,1,2.3,,1,True,False,False,False
ACC-02734,2025-04-14,Pro,Annual,9,216.63,Manufacturing,5-24,NA,25,2.8,53.9,3,8.1,8.0,6,True,False,False,False
ACC-02735,2025-04-16,Pro,Annual,9,216.63,Healthcare,5-24,NA,10,3.3,63.2,5,18.2,,3,True,False,False,False
ACC-02736,2025-04-16,Business,Annual,4,162.68,Software,1-4,EMEA,21,4.7,70.7,2,34.5,,5,True,False,False,False
ACC-02737,2025-04-16,Pro,Annual,9,216.63,Education,5-24,EMEA,19,8.4,52.4,3,14.5,8.0,15,True,False,False,False
ACC-02738,2025-04-16,Pro,Monthly,5,145.0,Retail,5-24,NA,21,3.4,100.0,3,14.5,8.0,8,False,False,False,False
ACC-02739,2025-04-17,Business,Monthly,41,2009.0,Retail,25-99,APAC,6,3.0,40.8,3,31.0,,4,True,False,False,False
ACC-02740,2025-04-18,Basic,Monthly,1,12.0,Retail,1-4,EMEA,32,17.0,72.8,4,13.8,,18,False,False,False,True
ACC-02741,2025-04-18,Basic,Monthly,3,36.0,Education,1-4,NA,10,8.3,49.0,1,10.2,,2,True,False,False,False
ACC-02742,2025-04-18,Basic,Monthly,2,24.0,Healthcare,1-4,EMEA,3,5.7,78.0,1,24.4,9.0,20,True,False,False,True
ACC-02743,2025-04-18,Basic,Monthly,2,24.0,Education,1-4,NA,44,4.8,65.9,2,19.4,7.0,1,True,True,False,False
ACC-02744,2025-04-18,Basic,Annual,1,9.96,Manufacturing,1-4,NA,12,5.3,55.7,3,12.6,,6,False,False,False,False
ACC-02745,2025-04-18,Basic,Monthly,1,12.0,Software,1-4,EMEA,15,3.7,39.4,2,16.2,,0,True,False,False,False
ACC-02746,2025-04-18,Pro,Monthly,6,174.0,Retail,5-24,NA,20,1.7,45.5,3,49.2,4.0,20,True,False,False,False
ACC-02747,2025-04-19,Basic,Annual,1,9.96,Software,1-4,EMEA,10,2.2,54.4,1,31.8,,10,True,False,False,True
ACC-02748,2025-04-19,Business,Monthly,22,1078.0,Retail,5-24,NA,14,4.2,66.3,3,23.5,,5,False,False,False,False
ACC-02749,2025-04-20,Business,Monthly,6,294.0,Software,5-24,EMEA,8,7.8,57.4,5,34.1,4.0,5,True,False,False,False
ACC-02750,2025-04-20,Pro,Annual,2,48.14,Finance,1-4,NA,44,6.3,50.1,3,4.7,7.0,7,True,False,False,False
ACC-02751,2025-04-20,Basic,Monthly,3,36.0,Software,1-4,NA,22,2.2,65.5,3,25.1,,6,True,False,False,False
ACC-02752,2025-04-20,Pro,Monthly,4,116.0,Retail,1-4,NA,12,2.6,47.3,3,5.0,,0,False,False,False,True
ACC-02753,2025-04-20,Pro,Annual,5,120.35,Retail,5-24,APAC,6,6.9,85.7,3,9.1,9.0,12,False,False,False,False
ACC-02754,2025-04-20,Pro,Monthly,6,174.0,Retail,5-24,APAC,5,1.2,32.7,3,5.0,,17,True,True,False,True
ACC-02755,2025-04-21,Basic,Annual,1,9.96,Healthcare,1-4,NA,9,3.0,35.8,3,9.2,7.0,1,False,False,False,False
ACC-02756,2025-04-21,Basic,Annual,2,19.92,Software,1-4,APAC,10,0.8,49.2,1,9.6,8.0,14,False,True,False,True
ACC-02757,2025-04-21,Basic,Monthly,4,48.0,Manufacturing,1-4,APAC,12,2.8,59.2,3,4.8,,2,True,False,False,False
ACC-02758,2025-04-21,Enterprise,Annual,45,3324.15,Retail,25-99,APAC,9,3.6,28.0,1,11.9,7.0,4,True,False,True,False
ACC-02759,2025-04-21,Basic,Monthly,1,12.0,Manufacturing,1-4,LATAM,6,1.0,31.9,2,6.9,6.0,14,False,False,False,True
ACC-02760,2025-04-22,Pro,Annual,12,288.84,Retail,5-24,NA,24,1.4,49.1,2,13.9,9.0,26,False,False,False,False
ACC-02761,2025-04-22,Basic,Monthly,3,36.0,Education,1-4,NA,8,1.8,25.0,0,8.8,7.0,21,True,False,False,False
ACC-02762,2025-04-23,Pro,Annual,3,72.21,Retail,1-4,EMEA,16,3.0,23.7,2,14.1,8.0,4,True,False,False,False
ACC-02763,2025-04-23,Basic,Annual,3,29.88,Education,1-4,LATAM,22,1.4,47.2,3,6.4,8.0,20,True,False,False,False
ACC-02764,2025-04-23,Enterprise,Monthly,28,2492.0,Manufacturing,25-99,LATAM,30,5.5,40.4,2,2.2,5.0,2,True,False,True,False
ACC-02765,2025-04-23,Business,Annual,8,325.36,Software,5-24,NA,7,1.4,52.5,2,9.3,8.0,21,True,False,False,False
ACC-02766,2025-04-23,Enterprise,Monthly,37,3293.0,Healthcare,25-99,LATAM,13,3.0,47.9,1,53.4,,5,True,False,True,False
ACC-02767,2025-04-23,Basic,Monthly,3,36.0,Manufacturing,1-4,EMEA,18,1.2,93.1,2,27.2,7.0,13,True,False,False,True
ACC-02768,2025-04-24,Pro,Monthly,5,145.0,Manufacturing,5-24,APAC,15,3.3,46.5,4,10.3,5.0,3,True,False,False,True
ACC-02769,2025-04-24,Pro,Monthly,4,116.0,Education,1-4,APAC,43,4.2,41.7,3,22.3,,11,True,False,False,False
ACC-02770,2025-04-24,Basic,Annual,2,19.92,Finance,1-4,LATAM,20,5.5,63.5,3,2.8,9.0,6,True,False,False,False
ACC-02771,2025-04-25,Pro,Annual,3,72.21,Retail,1-4,APAC,17,3.1,54.2,4,25.5,,6,True,False,False,False
ACC-02772,2025-04-25,Basic,Monthly,2,24.0,Manufacturing,1-4,APAC,36,4.8,42.4,0,18.3,10.0,9,True,False,False,True
ACC-02773,2025-04-25,Pro,Monthly,6,174.0,Finance,5-24,NA,23,2.9,76.9,2,13.5,,11,True,False,False,False
ACC-02774,2025-04-26,Basic,Monthly,2,24.0,Finance,1-4,NA,13,6.7,79.5,3,6.8,9.0,3,True,False,False,False
ACC-02775,2025-04-27,Enterprise,Monthly,62,5518.0,Retail,25-99,EMEA,17,9.1,54.5,6,11.7,,21,True,True,True,True
ACC-02776,2025-04-27,Pro,Annual,4,96.28,Healthcare,1-4,EMEA,10,6.0,66.7,2,9.6,6.0,8,True,True,False,False
ACC-02777,2025-04-28,Basic,Annual,2,19.92,Finance,1-4,NA,17,10.4,83.4,1,23.0,,3,True,False,False,True
ACC-02778,2025-04-28,Pro,Monthly,7,203.0,Manufacturing,5-24,EMEA,15,4.4,68.9,1,29.7,,3,True,False,False,False
ACC-02779,2025-04-29,Basic,Monthly,1,12.0,Finance,1-4,LATAM,8,0.9,54.5,3,19.8,10.0,22,False,False,False,True
ACC-02780,2025-04-30,Pro,Annual,5,120.35,Software,5-24,NA,6,2.9,63.5,3,26.0,9.0,2,True,False,False,True
ACC-02781,2025-04-30,Pro,Monthly,8,232.0,Retail,5-24,NA,13,4.3,48.7,6,8.7,8.0,0,True,False,False,False
ACC-02782,2025-05-01,Basic,Annual,1,9.96,Manufacturing,1-4,APAC,26,10.9,63.9,0,7.2,9.0,6,True,False,False,False
ACC-02783,2025-05-01,Enterprise,Monthly,35,3115.0,Education,25-99,NA,17,3.2,51.4,3,30.0,10.0,4,True,False,True,True
ACC-02784,2025-05-01,Pro,Monthly,3,87.0,Education,1-4,EMEA,10,6.1,36.3,10,13.7,,15,True,False,False,False
ACC-02785,2025-05-01,Basic,Monthly,1,12.0,Healthcare,1-4,EMEA,4,9.3,60.1,1,26.3,8.0,4,False,True,False,True
ACC-02786,2025-05-02,Basic,Monthly,1,12.0,Education,1-4,NA,28,3.9,62.4,3,38.2,,2,False,True,False,False
ACC-02787,2025-05-02,Basic,Annual,1,9.96,Retail,1-4,NA,22,3.1,87.1,1,54.9,9.0,2,False,False,False,False
ACC-02788,2025-05-02,Business,Monthly,15,735.0,Manufacturing,5-24,NA,4,8.7,79.7,2,61.4,7.0,15,False,False,False,True
ACC-02789,2025-05-03,Business,Monthly,23,1127.0,Manufacturing,5-24,APAC,14,1.5,35.6,2,41.2,7.0,23,True,False,False,True
ACC-02790,2025-05-03,Pro,Annual,6,144.42,Finance,5-24,APAC,38,5.0,25.3,2,17.3,8.0,5,True,False,False,True
ACC-02791,2025-05-03,Pro,Monthly,3,87.0,Retail,1-4,APAC,39,0.7,21.4,3,12.4,,13,True,False,False,True
ACC-02792,2025-05-03,Basic,Monthly,2,24.0,Healthcare,1-4,EMEA,16,2.3,37.5,1,6.7,6.0,5,False,False,False,False
ACC-02793,2025-05-03,Basic,Monthly,1,12.0,Healthcare,1-4,NA,19,2.3,49.8,4,21.5,5.0,10,True,False,False,False
ACC-02794,2025-05-04,Pro,Monthly,6,174.0,Retail,5-24,EMEA,5,4.7,83.7,5,2.6,4.0,8,True,True,False,False
ACC-02795,2025-05-04,Pro,Annual,9,216.63,Software,5-24,LATAM,26,0.8,77.1,4,37.7,7.0,15,True,False,False,False
ACC-02796,2025-05-04,Pro,Monthly,3,87.0,Finance,1-4,EMEA,7,4.6,41.4,2,13.8,,6,True,True,False,False
ACC-02797,2025-05-05,Business,Annual,11,447.37,Manufacturing,5-24,EMEA,19,6.4,76.8,1,2.6,8.0,0,True,False,False,False
ACC-02798,2025-05-05,Basic,Annual,2,19.92,Retail,1-4,NA,4,3.3,58.6,2,30.4,,7,False,False,False,False
ACC-02799,2025-05-05,Business,Monthly,11,539.0,Finance,5-24,APAC,14,2.3,70.1,4,5.1,,4,True,False,False,False
ACC-02800,2025-05-05,Business,Annual,5,203.35,Retail,5-24,EMEA,8,6.0,71.7,1,4.3,8.0,6,True,False,False,False
ACC-02801,2025-05-05,Basic,Monthly,2,24.0,Manufacturing,1-4,NA,4,5.1,62.1,4,0.6,5.0,2,True,False,False,False
ACC-02802,2025-05-05,Basic,Annual,2,19.92,Software,1-4,NA,21,4.9,58.5,5,9.5,3.0,17,True,False,False,False
ACC-02803,2025-05-05,Business,Monthly,6,294.0,Healthcare,5-24,NA,10,3.8,87.2,1,10.2,6.0,11,True,False,False,False
ACC-02804,2025-05-06,Business,Monthly,22,1078.0,Retail,5-24,EMEA,7,5.6,36.6,5,26.3,8.0,13,True,False,False,False
ACC-02805,2025-05-06,Business,Monthly,10,490.0,Retail,5-24,EMEA,23,4.7,6.5,0,5.6,,2,True,False,False,True
ACC-02806,2025-05-06,Basic,Annual,2,19.92,Education,1-4,EMEA,39,3.4,36.8,2,12.8,8.0,6,False,False,False,False
ACC-02807,2025-05-06,Enterprise,Annual,35,2585.45,Retail,25-99,NA,13,3.1,94.1,3,44.3,,8,False,False,False,False
ACC-02808,2025-05-06,Business,Monthly,17,833.0,Manufacturing,5-24,NA,5,7.3,54.1,1,17.9,,9,True,True,False,True
ACC-02809,2025-05-07,Basic,Annual,1,9.96,Healthcare,1-4,NA,9,5.1,48.7,5,45.2,8.0,6,True,False,False,False
ACC-02810,2025-05-07,Basic,Monthly,3,36.0,Retail,1-4,LATAM,4,8.8,52.8,2,5.4,,5,True,False,False,True
ACC-02811,2025-05-08,Business,Monthly,35,1715.0,Manufacturing,25-99,EMEA,6,2.8,73.2,2,17.2,,3,True,True,False,False
ACC-02812,2025-05-08,Pro,Monthly,9,261.0,Healthcare,5-24,NA,14,2.6,53.0,4,28.5,,5,True,False,False,True
ACC-02813,2025-05-08,Enterprise,Annual,31,2289.97,Retail,25-99,EMEA,19,5.3,58.8,5,24.7,,7,True,False,True,False
ACC-02814,2025-05-08,Basic,Monthly,3,36.0,Manufacturing,1-4,EMEA,7,11.9,91.3,4,83.3,8.0,0,True,False,False,False
ACC-02815,2025-05-09,Business,Annual,6,244.02,Software,5-24,NA,13,4.5,63.2,5,14.5,9.0,8,True,True,False,False
ACC-02816,2025-05-09,Business,Monthly,25,1225.0,Retail,25-99,APAC,17,7.2,77.3,2,11.3,7.0,10,True,True,False,False
ACC-02817,2025-05-10,Pro,Monthly,6,174.0,Healthcare,5-24,APAC,10,11.2,59.1,3,1.1,8.0,4,True,True,False,False
ACC-02818,2025-05-10,Business,Annual,17,691.39,Finance,5-24,NA,12,7.0,100.0,2,10.0,9.0,2,True,False,False,False
ACC-02819,2025-05-10,Business,Monthly,12,588.0,Software,5-24,LATAM,3,4.3,80.3,3,10.5,,19,True,False,False,False
ACC-02820,2025-05-10,Pro,Annual,3,72.21,Healthcare,1-4,APAC,6,6.7,81.7,0,7.3,4.0,7,True,False,False,False
ACC-02821,2025-05-11,Pro,Monthly,12,348.0,Manufacturing,5-24,EMEA,9,4.2,58.1,1,10.6,9.0,0,True,False,False,False
ACC-02822,2025-05-11,Basic,Monthly,1,12.0,Finance,1-4,NA,15,8.4,43.8,1,12.1,,3,True,False,False,False
ACC-02823,2025-05-11,Enterprise,Monthly,89,7921.0,Healthcare,25-99,EMEA,28,6.7,28.3,2,13.7,5.0,3,True,True,True,False
ACC-02824,2025-05-11,Basic,Monthly,1,12.0,Retail,1-4,EMEA,5,1.3,60.6,3,16.8,8.0,16,False,False,False,False
ACC-02825,2025-05-11,Basic,Monthly,2,24.0,Retail,1-4,NA,14,3.9,35.4,0,42.0,8.0,10,True,False,False,False
ACC-02826,2025-05-11,Enterprise,Monthly,16,1424.0,Finance,5-24,NA,2,4.3,100.0,5,5.2,7.0,19,False,True,True,False
ACC-02827,2025-05-11,Enterprise,Monthly,36,3204.0,Healthcare,25-99,LATAM,31,4.3,52.3,2,33.5,8.0,1,False,True,True,True
ACC-02828,2025-05-13,Pro,Annual,3,72.21,Finance,1-4,EMEA,12,2.0,60.7,4,7.1,10.0,23,False,False,False,False
ACC-02829,2025-05-13,Business,Annual,7,284.69,Retail,5-24,NA,12,5.6,35.4,3,25.8,4.0,6,False,False,False,False
ACC-02830,2025-05-13,Basic,Monthly,5,60.0,Software,5-24,APAC,3,7.8,74.8,4,14.1,5.0,14,True,False,False,True
ACC-02831,2025-05-14,Pro,Monthly,8,232.0,Software,5-24,NA,6,5.9,34.6,1,23.5,4.0,17,False,True,False,True
ACC-02832,2025-05-14,Pro,Monthly,6,174.0,Education,5-24,EMEA,17,3.0,74.6,2,42.9,,4,False,False,False,False
ACC-02833,2025-05-16,Basic,Annual,3,29.88,Retail,1-4,EMEA,18,1.0,36.6,2,15.9,8.0,17,False,False,False,False
ACC-02834,2025-05-16,Basic,Monthly,1,12.0,Healthcare,1-4,NA,32,7.1,52.8,0,8.0,7.0,16,True,False,False,False
ACC-02835,2025-05-16,Basic,Annual,1,9.96,Software,1-4,APAC,4,3.6,36.6,2,12.5,3.0,4,True,False,False,False
ACC-02836,2025-05-16,Basic,Annual,1,9.96,Retail,1-4,NA,28,6.6,71.7,2,7.0,10.0,1,True,False,False,False
ACC-02837,2025-05-16,Basic,Monthly,2,24.0,Education,1-4,NA,8,10.7,60.6,1,17.1,6.0,0,True,False,False,False
ACC-02838,2025-05-16,Basic,Monthly,2,24.0,Education,1-4,NA,28,1.4,65.8,3,52.2,7.0,19,True,False,False,False
ACC-02839,2025-05-17,Basic,Monthly,2,24.0,Healthcare,1-4,NA,4,5.3,67.0,1,8.6,,6,False,False,False,True
ACC-02840,2025-05-17,Pro,Monthly,4,116.0,Retail,1-4,NA,28,5.6,34.9,3,5.9,,3,True,False,False,False
ACC-02841,2025-05-17,Pro,Monthly,4,116.0,Education,1-4,NA,13,8.8,55.0,3,11.8,6.0,7,True,False,False,False
ACC-02842,2025-05-17,Basic,Annual,1,9.96,Software,1-4,EMEA,13,3.8,55.6,2,41.1,,2,True,False,False,False
ACC-02843,2025-05-18,Enterprise,Monthly,50,4450.0,Software,25-99,APAC,42,9.9,71.5,1,7.9,,8,False,True,True,True
ACC-02844,2025-05-18,Basic,Monthly,4,48.0,Finance,1-4,APAC,6,0.7,49.3,4,38.9,7.0,13,True,False,False,True
ACC-02845,2025-05-18,Business,Annual,3,122.01,Healthcare,1-4,EMEA,32,4.2,60.5,1,10.9,9.0,17,True,False,False,False
ACC-02846,2025-05-18,Pro,Monthly,7,203.0,Manufacturing,5-24,NA,48,6.4,69.5,3,14.3,7.0,3,False,False,False,False
ACC-02847,2025-05-19,Pro,Monthly,7,203.0,Education,5-24,NA,19,9.1,87.7,3,8.2,,8,True,False,False,False
ACC-02848,2025-05-19,Pro,Monthly,2,58.0,Healthcare,1-4,NA,23,3.8,51.5,3,44.8,,12,False,False,False,False
ACC-02849,2025-05-19,Basic,Monthly,3,36.0,Software,1-4,APAC,30,10.2,54.7,1,10.9,,3,False,True,False,False
ACC-02850,2025-05-20,Business,Annual,7,284.69,Finance,5-24,EMEA,15,5.0,72.2,2,17.8,8.0,5,False,False,False,False
ACC-02851,2025-05-20,Business,Monthly,11,539.0,Software,5-24,NA,25,2.5,34.4,7,10.7,,13,True,False,False,True
ACC-02852,2025-05-20,Basic,Monthly,1,12.0,Retail,1-4,NA,10,2.0,62.7,2,61.9,,2,False,False,False,False
ACC-02853,2025-05-21,Enterprise,Monthly,55,4895.0,Manufacturing,25-99,EMEA,8,14.9,85.7,1,14.7,10.0,11,True,False,True,True
ACC-02854,2025-05-21,Enterprise,Monthly,45,4005.0,Manufacturing,25-99,NA,19,7.9,84.1,5,9.5,,1,False,False,True,False
ACC-02855,2025-05-21,Enterprise,Monthly,67,5963.0,Software,25-99,EMEA,17,8.3,75.7,1,14.3,,5,True,False,False,True
ACC-02856,2025-05-21,Pro,Monthly,3,87.0,Manufacturing,1-4,NA,12,5.2,87.6,2,47.8,6.0,2,True,False,False,False
ACC-02857,2025-05-21,Business,Monthly,20,980.0,Retail,5-24,NA,6,1.3,37.7,1,25.8,,34,False,False,False,True
ACC-02858,2025-05-21,Pro,Annual,3,72.21,Retail,1-4,NA,6,5.5,56.8,4,10.0,10.0,21,True,False,False,True
ACC-02859,2025-05-21,Basic,Monthly,1,12.0,Education,1-4,NA,5,3.1,60.3,3,5.3,5.0,10,True,False,False,False
ACC-02860,2025-05-22,Business,Annual,19,772.73,Software,5-24,LATAM,5,10.7,69.6,2,60.7,6.0,2,False,False,False,False
ACC-02861,2025-05-22,Pro,Monthly,3,87.0,Healthcare,1-4,EMEA,6,3.9,62.7,3,25.4,,1,True,False,False,False
ACC-02862,2025-05-22,Business,Annual,13,528.71,Software,5-24,EMEA,4,7.4,25.8,1,18.4,3.0,5,True,False,False,False
ACC-02863,2025-05-23,Basic,Monthly,2,24.0,Retail,1-4,NA,16,3.3,65.8,2,4.6,10.0,0,True,False,False,False
ACC-02864,2025-05-23,Pro,Monthly,9,261.0,Education,5-24,NA,5,2.6,68.3,2,25.9,,5,True,False,False,True
ACC-02865,2025-05-23,Enterprise,Annual,42,3102.54,Manufacturing,25-99,NA,8,4.0,76.7,2,9.9,9.0,6,True,False,True,False
ACC-02866,2025-05-23,Business,Monthly,14,686.0,Finance,5-24,NA,6,1.8,36.8,3,2.0,6.0,17,True,False,False,True
ACC-02867,2025-05-23,Basic,Monthly,1,12.0,Healthcare,1-4,NA,8,4.1,57.0,3,8.3,,7,True,False,False,False
ACC-02868,2025-05-24,Business,Monthly,26,1274.0,Manufacturing,25-99,EMEA,25,4.6,83.9,3,14.0,7.0,37,True,False,False,False
ACC-02869,2025-05-24,Enterprise,Monthly,77,6853.0,Healthcare,25-99,NA,8,3.7,44.8,3,14.6,,5,True,True,True,False
ACC-02870,2025-05-24,Pro,Annual,4,96.28,Retail,1-4,NA,37,2.7,52.9,4,4.0,7.0,2,True,False,False,False
ACC-02871,2025-05-24,Pro,Annual,2,48.14,Education,1-4,NA,9,6.5,43.6,2,32.4,,4,True,True,False,False
ACC-02872,2025-05-25,Basic,Monthly,2,24.0,Finance,1-4,NA,24,9.4,48.6,1,5.4,,23,True,False,False,False
ACC-02873,2025-05-25,Pro,Monthly,3,87.0,Healthcare,1-4,NA,20,2.5,39.7,4,18.4,8.0,2,True,False,False,False
ACC-02874,2025-05-25,Pro,Annual,8,192.56,Education,5-24,APAC,6,1.7,49.6,4,8.6,7.0,29,True,True,False,True
ACC-02875,2025-05-26,Basic,Monthly,3,36.0,Manufacturing,1-4,EMEA,27,16.2,61.9,3,10.5,9.0,9,True,False,False,False
ACC-02876,2025-05-26,Pro,Monthly,5,145.0,Manufacturing,5-24,NA,33,1.5,29.4,5,17.7,,13,True,False,False,False
ACC-02877,2025-05-26,Pro,Monthly,10,290.0,Software,5-24,NA,27,8.8,66.9,4,30.2,4.0,11,True,False,False,False
ACC-02878,2025-05-26,Pro,Annual,4,96.28,Healthcare,1-4,APAC,4,2.4,41.9,2,6.5,,1,True,False,False,False
ACC-02879,2025-05-27,Pro,Annual,3,72.21,Finance,1-4,EMEA,25,1.2,38.4,3,19.2,,21,True,False,False,False
ACC-02880,2025-05-27,Basic,Monthly,2,24.0,Education,1-4,NA,14,6.7,39.3,1,13.6,7.0,1,False,True,False,True
ACC-02881,2025-05-27,Pro,Annual,3,72.21,Finance,1-4,EMEA,6,1.2,52.5,2,21.6,10.0,16,True,False,False,False
ACC-02882,2025-05-27,Business,Monthly,11,539.0,Finance,5-24,EMEA,6,2.4,30.0,7,9.7,,1,False,False,False,False
ACC-02883,2025-05-28,Business,Monthly,9,441.0,Healthcare,5-24,NA,7,3.0,46.5,3,5.8,6.0,3,True,False,False,False
ACC-02884,2025-05-28,Enterprise,Annual,16,1181.92,Retail,5-24,NA,42,3.1,97.2,2,50.8,10.0,2,False,False,False,False
ACC-02885,2025-05-28,Pro,Monthly,6,174.0,Retail,5-24,NA,21,6.8,68.8,6,4.9,7.0,0,True,False,False,False
ACC-02886,2025-05-29,Enterprise,Annual,52,3841.24,Manufacturing,25-99,NA,38,5.7,35.8,2,13.1,5.0,7,True,True,False,False
ACC-02887,2025-05-29,Pro,Monthly,3,87.0,Finance,1-4,NA,7,5.3,50.1,6,4.1,,1,True,False,False,False
ACC-02888,2025-05-30,Pro,Monthly,5,145.0,Software,5-24,NA,28,10.3,56.8,3,13.5,,4,True,False,False,False
ACC-02889,2025-05-31,Basic,Annual,2,19.92,Finance,1-4,EMEA,48,2.7,45.2,3,12.6,10.0,0,True,False,False,False
ACC-02890,2025-05-31,Pro,Monthly,2,58.0,Finance,1-4,NA,11,5.2,78.4,6,12.3,7.0,9,False,True,False,False
ACC-02891,2025-05-31,Business,Annual,6,244.02,Manufacturing,5-24,NA,27,4.9,74.8,1,37.9,,15,False,True,False,False
ACC-02892,2025-05-31,Basic,Monthly,2,24.0,Finance,1-4,EMEA,17,6.2,55.9,2,8.7,10.0,7,True,True,False,False
ACC-02893,2025-05-31,Pro,Monthly,5,145.0,Finance,5-24,APAC,13,4.1,40.9,3,15.6,2.0,10,True,False,False,False
ACC-02894,2025-05-31,Business,Annual,13,528.71,Software,5-24,LATAM,8,8.2,84.8,4,17.2,,2,True,False,False,False
ACC-02895,2025-05-31,Pro,Monthly,8,232.0,Finance,5-24,NA,20,2.0,70.0,5,11.6,,2,False,False,False,False
ACC-02896,2025-06-01,Basic,Annual,1,9.96,Manufacturing,1-4,EMEA,26,1.7,40.2,3,14.2,,13,True,False,False,True
ACC-02897,2025-06-01,Basic,Annual,2,19.92,Education,1-4,EMEA,15,4.6,28.8,0,27.7,6.0,1,False,False,False,False
ACC-02898,2025-06-02,Business,Annual,17,691.39,Manufacturing,5-24,APAC,39,4.9,36.3,6,17.6,9.0,14,True,False,False,False
ACC-02899,2025-06-02,Basic,Annual,1,9.96,Software,1-4,NA,44,2.5,36.6,2,12.6,8.0,0,True,False,False,False
ACC-02900,2025-06-03,Basic,Monthly,2,24.0,Retail,1-4,EMEA,13,5.5,56.2,1,16.5,8.0,2,True,False,False,False
ACC-02901,2025-06-03,Basic,Monthly,4,48.0,Education,1-4,APAC,13,8.5,54.0,4,8.3,7.0,10,True,False,False,False
ACC-02902,2025-06-03,Business,Annual,28,1138.76,Software,25-99,APAC,20,11.8,91.5,3,14.7,7.0,1,False,False,False,False
ACC-02903,2025-06-03,Business,Monthly,10,490.0,Software,5-24,APAC,9,6.5,61.4,3,5.6,8.0,1,True,False,False,False
ACC-02904,2025-06-03,Enterprise,Annual,13,960.31,Finance,5-24,APAC,2,2.0,33.5,1,53.0,8.0,8,False,False,True,True
ACC-02905,2025-06-04,Enterprise,Monthly,46,4094.0,Manufacturing,25-99,EMEA,32,3.0,58.6,2,3.4,,8,False,False,True,False
ACC-02906,2025-06-04,Basic,Monthly,1,12.0,Manufacturing,1-4,APAC,5,2.7,72.6,1,55.3,6.0,0,True,True,False,False
ACC-02907,2025-06-04,Basic,Monthly,6,72.0,Retail,5-24,APAC,7,5.3,56.1,6,18.8,,0,True,False,False,True
ACC-02908,2025-06-04,Pro,Monthly,10,290.0,Manufacturing,5-24,EMEA,48,3.8,49.7,4,5.8,9.0,5,False,False,False,False
ACC-02909,2025-06-05,Basic,Annual,4,39.84,Manufacturing,1-4,EMEA,7,2.0,41.2,2,30.4,7.0,3,True,False,False,False
ACC-02910,2025-06-05,Pro,Annual,11,264.77,Healthcare,5-24,EMEA,11,4.3,64.5,4,1.7,10.0,1,False,False,False,False
ACC-02911,2025-06-05,Basic,Annual,3,29.88,Software,1-4,APAC,48,4.5,23.3,3,5.5,,17,True,True,False,False
ACC-02912,2025-06-06,Basic,Monthly,2,24.0,Finance,1-4,APAC,15,12.5,100.0,2,12.6,4.0,4,True,False,False,False
ACC-02913,2025-06-07,Basic,Monthly,2,24.0,Software,1-4,EMEA,15,2.9,39.4,6,17.5,6.0,6,True,False,False,False
ACC-02914,2025-06-07,Pro,Annual,8,192.56,Manufacturing,5-24,EMEA,8,1.1,67.7,1,22.8,,13,True,False,False,False
ACC-02915,2025-06-07,Pro,Annual,3,72.21,Software,1-4,NA,10,6.7,55.5,3,28.7,,12,False,False,False,False
ACC-02916,2025-06-07,Basic,Annual,4,39.84,Healthcare,1-4,EMEA,35,4.0,77.9,3,25.9,5.0,19,True,True,False,False
ACC-02917,2025-06-08,Basic,Annual,1,9.96,Education,1-4,APAC,8,6.0,51.9,1,42.8,5.0,1,True,True,False,False
ACC-02918,2025-06-08,Business,Annual,12,488.04,Finance,5-24,NA,19,1.4,36.3,4,7.4,,20,True,False,False,False
ACC-02919,2025-06-08,Enterprise,Monthly,30,2670.0,Software,25-99,EMEA,32,2.9,34.9,0,7.7,9.0,3,True,False,True,False
ACC-02920,2025-06-09,Pro,Annual,3,72.21,Software,1-4,EMEA,24,4.8,69.6,5,19.0,10.0,10,True,False,False,False
ACC-02921,2025-06-09,Basic,Annual,2,19.92,Finance,1-4,LATAM,14,0.8,78.4,3,25.0,5.0,17,False,True,False,False
ACC-02922,2025-06-10,Basic,Monthly,4,48.0,Manufacturing,1-4,EMEA,14,6.1,74.9,2,24.9,6.0,11,True,False,False,True
ACC-02923,2025-06-10,Pro,Monthly,5,145.0,Healthcare,5-24,EMEA,10,4.2,57.4,5,30.3,,0,True,False,False,False
ACC-02924,2025-06-10,Pro,Annual,12,288.84,Education,5-24,LATAM,13,5.3,88.6,1,43.7,,2,False,False,False,False
ACC-02925,2025-06-10,Pro,Annual,4,96.28,Retail,1-4,NA,29,2.8,36.7,3,23.9,,2,True,True,False,False
ACC-02926,2025-06-10,Basic,Monthly,3,36.0,Education,1-4,APAC,21,5.0,38.3,2,7.5,10.0,3,False,False,False,True
ACC-02927,2025-06-11,Basic,Annual,2,19.92,Healthcare,1-4,EMEA,7,8.7,69.1,1,2.2,8.0,13,True,False,False,False
ACC-02928,2025-06-11,Pro,Annual,7,168.49,Healthcare,5-24,EMEA,15,3.5,45.0,5,7.1,,10,True,False,False,False
ACC-02929,2025-06-11,Business,Annual,14,569.38,Manufacturing,5-24,LATAM,5,2.7,44.0,3,14.1,,2,True,False,False,False
ACC-02930,2025-06-12,Pro,Annual,6,144.42,Healthcare,5-24,APAC,11,4.1,68.8,6,33.5,10.0,13,False,False,False,False
ACC-02931,2025-06-12,Pro,Monthly,3,87.0,Education,1-4,NA,5,2.0,58.8,4,23.0,8.0,16,True,False,False,False
ACC-02932,2025-06-13,Business,Monthly,10,490.0,Manufacturing,5-24,EMEA,2,7.3,35.0,4,19.9,2.0,6,True,False,False,True
ACC-02933,2025-06-13,Basic,Annual,2,19.92,Retail,1-4,NA,39,1.6,37.3,5,14.0,10.0,21,True,False,False,False
ACC-02934,2025-06-14,Pro,Annual,1,24.07,Education,1-4,EMEA,36,5.8,40.7,2,36.5,,10,True,False,False,False
ACC-02935,2025-06-14,Basic,Monthly,2,24.0,Retail,1-4,APAC,48,4.9,79.3,1,3.0,10.0,2,True,True,False,False
ACC-02936,2025-06-14,Business,Annual,22,894.74,Retail,5-24,EMEA,11,11.4,77.0,5,10.5,4.0,2,True,False,False,True
ACC-02937,2025-06-14,Business,Annual,7,284.69,Healthcare,5-24,NA,45,3.5,45.2,3,28.7,8.0,1,True,False,False,False
ACC-02938,2025-06-14,Basic,Annual,2,19.92,Education,1-4,EMEA,2,3.6,93.2,0,43.7,,5,True,False,False,False
ACC-02939,2025-06-15,Business,Monthly,29,1421.0,Education,25-99,NA,15,7.4,54.9,1,6.6,6.0,2,False,False,False,False
ACC-02940,2025-06-15,Basic,Monthly,4,48.0,Software,1-4,LATAM,6,4.4,18.9,1,23.8,8.0,9,True,False,False,True
ACC-02941,2025-06-15,Pro,Annual,3,72.21,Retail,1-4,APAC,11,4.6,0.0,5,15.6,10.0,10,True,False,False,False
ACC-02942,2025-06-15,Basic,Monthly,2,24.0,Healthcare,1-4,NA,8,6.6,57.3,1,18.2,,6,False,False,False,True
ACC-02943,2025-06-16,Basic,Annual,2,19.92,Manufacturing,1-4,NA,25,7.5,33.4,0,42.2,6.0,3,True,False,False,True
ACC-02944,2025-06-16,Pro,Monthly,8,232.0,Finance,5-24,EMEA,9,8.7,77.4,4,5.0,,5,False,False,False,False
ACC-02945,2025-06-16,Basic,Annual,3,29.88,Manufacturing,1-4,APAC,4,5.9,68.4,2,19.6,,14,True,False,False,False
ACC-02946,2025-06-17,Pro,Annual,2,48.14,Retail,1-4,NA,23,12.3,65.9,3,26.9,10.0,9,False,True,False,False
ACC-02947,2025-06-17,Pro,Monthly,4,116.0,Finance,1-4,LATAM,18,13.3,54.4,2,10.6,5.0,4,True,False,False,True
ACC-02948,2025-06-18,Business,Monthly,11,539.0,Finance,5-24,APAC,15,10.8,67.4,2,1.8,,1,True,False,False,False
ACC-02949,2025-06-19,Basic,Annual,1,9.96,Manufacturing,1-4,NA,27,8.7,43.3,0,3.1,,10,True,False,False,False
ACC-02950,2025-06-19,Pro,Monthly,4,116.0,Software,1-4,EMEA,13,3.5,59.0,5,13.9,,1,True,False,False,False
ACC-02951,2025-06-20,Pro,Monthly,5,145.0,Finance,5-24,EMEA,20,0.8,48.6,1,8.5,,21,True,False,False,False
ACC-02952,2025-06-20,Pro,Annual,3,72.21,Education,1-4,NA,33,6.5,56.5,2,15.0,,11,True,False,False,False
ACC-02953,2025-06-20,Basic,Annual,2,19.92,Software,1-4,NA,29,1.2,53.8,2,9.9,,17,True,False,False,False
ACC-02954,2025-06-20,Basic,Annual,4,39.84,Retail,1-4,NA,13,9.7,55.7,3,5.1,9.0,4,True,True,False,False
ACC-02955,2025-06-20,Basic,Annual,4,39.84,Finance,1-4,NA,21,6.0,66.5,3,1.5,10.0,1,True,False,False,True
ACC-02956,2025-06-20,Basic,Annual,4,39.84,Finance,1-4,NA,2,7.0,44.1,5,5.4,7.0,3,False,False,False,False
ACC-02957,2025-06-21,Basic,Monthly,2,24.0,Education,1-4,EMEA,29,6.8,32.6,1,17.3,,9,False,False,False,True
ACC-02958,2025-06-21,Pro,Monthly,3,87.0,Education,1-4,NA,19,6.6,75.0,2,5.5,,4,False,False,False,False
ACC-02959,2025-06-21,Basic,Annual,1,9.96,Retail,1-4,NA,8,3.7,77.1,3,4.9,,16,True,False,False,False
ACC-02960,2025-06-21,Pro,Monthly,4,116.0,Retail,1-4,EMEA,23,5.1,76.8,1,20.4,,12,True,False,False,False
ACC-02961,2025-06-21,Business,Monthly,9,441.0,Finance,5-24,EMEA,15,6.4,46.8,1,30.3,6.0,14,False,False,False,False
ACC-02962,2025-06-21,Pro,Monthly,2,58.0,Manufacturing,1-4,NA,30,1.1,20.7,1,9.6,6.0,24,False,False,False,False
ACC-02963,2025-06-22,Business,Annual,13,528.71,Software,5-24,NA,1,11.1,75.2,3,19.5,,3,True,True,False,False
ACC-02964,2025-06-22,Basic,Annual,1,9.96,Finance,1-4,NA,9,2.4,70.0,4,8.4,10.0,5,True,False,False,False
ACC-02965,2025-06-23,Business,Monthly,14,686.0,Software,5-24,EMEA,29,1.4,49.9,4,25.4,6.0,12,True,False,False,True
ACC-02966,2025-06-23,Basic,Annual,3,29.88,Software,1-4,APAC,48,3.4,46.7,1,36.0,7.0,3,True,True,False,False
ACC-02967,2025-06-23,Basic,Annual,3,29.88,Education,1-4,NA,9,1.6,56.6,3,17.0,,19,False,False,False,False
ACC-02968,2025-06-23,Enterprise,Monthly,61,5429.0,Manufacturing,25-99,NA,16,4.4,44.5,6,17.2,,3,True,False,True,True
ACC-02969,2025-06-23,Basic,Monthly,1,12.0,Education,1-4,NA,16,3.0,42.4,3,28.6,4.0,3,True,True,False,False
ACC-02970,2025-06-24,Business,Annual,8,325.36,Education,5-24,EMEA,20,1.1,26.7,1,9.9,9.0,28,False,True,False,False
ACC-02971,2025-06-24,Basic,Annual,2,19.92,Finance,1-4,APAC,23,4.3,59.2,1,13.5,,15,True,False,False,False
ACC-02972,2025-06-24,Basic,Annual,2,19.92,Finance,1-4,LATAM,8,8.6,47.1,2,12.7,4.0,2,False,False,False,True
ACC-02973,2025-06-24,Basic,Monthly,2,24.0,Manufacturing,1-4,NA,7,2.6,96.8,7,7.9,,9,False,False,False,True
ACC-02974,2025-06-24,Pro,Monthly,4,116.0,Retail,1-4,APAC,5,0.1,37.6,3,17.2,,15,True,False,False,True
ACC-02975,2025-06-25,Basic,Monthly,3,36.0,Manufacturing,1-4,NA,13,6.0,39.5,5,7.5,5.0,14,True,False,False,False
ACC-02976,2025-06-25,Enterprise,Monthly,29,2581.0,Education,25-99,NA,10,4.0,47.9,3,22.4,10.0,3,True,False,True,False
ACC-02977,2025-06-25,Business,Monthly,36,1764.0,Education,25-99,NA,11,1.5,17.8,2,4.2,7.0,31,True,False,False,False
ACC-02978,2025-06-25,Pro,Annual,5,120.35,Retail,5-24,NA,15,2.8,60.6,5,3.3,8.0,4,False,False,False,False
ACC-02979,2025-06-25,Pro,Monthly,5,145.0,Software,5-24,EMEA,15,9.7,70.1,3,7.8,7.0,2,True,False,False,False
ACC-02980,2025-06-25,Business,Monthly,35,1715.0,Education,25-99,EMEA,3,2.6,46.1,2,29.7,5.0,10,False,False,False,False
ACC-02981,2025-06-26,Basic,Annual,1,9.96,Software,1-4,NA,23,3.9,54.2,0,6.9,4.0,1,True,True,False,False
ACC-02982,2025-06-26,Enterprise,Monthly,38,3382.0,Healthcare,25-99,EMEA,4,8.0,54.0,2,13.5,,4,True,True,True,False
ACC-02983,2025-06-26,Basic,Annual,1,9.96,Retail,1-4,EMEA,22,1.6,36.7,4,15.0,,17,True,True,False,True
ACC-02984,2025-06-26,Basic,Annual,2,19.92,Retail,1-4,EMEA,44,4.7,42.0,2,11.3,8.0,16,True,False,False,False
ACC-02985,2025-06-27,Pro,Annual,5,120.35,Retail,5-24,EMEA,2,8.5,65.4,2,30.2,,14,True,False,False,False
ACC-02986,2025-06-27,Pro,Monthly,2,58.0,Retail,1-4,APAC,10,8.0,86.4,1,0.8,,11,False,False,False,False
ACC-02987,2025-06-27,Basic,Monthly,1,12.0,Retail,1-4,LATAM,11,4.1,33.5,3,24.4,3.0,2,True,False,False,False
ACC-02988,2025-06-27,Pro,Monthly,13,377.0,Finance,5-24,NA,6,5.3,47.1,0,31.3,6.0,1,True,True,False,False
ACC-02989,2025-06-28,Enterprise,Annual,35,2585.45,Retail,25-99,NA,19,6.8,72.6,1,20.7,5.0,8,True,True,True,False
ACC-02990,2025-06-28,Business,Monthly,10,490.0,Finance,5-24,NA,3,2.5,49.6,4,14.9,9.0,0,False,True,False,False
ACC-02991,2025-06-28,Business,Annual,17,691.39,Retail,5-24,NA,19,1.0,68.6,0,9.2,6.0,17,True,False,False,False
ACC-02992,2025-06-28,Basic,Monthly,2,24.0,Finance,1-4,EMEA,14,5.3,70.4,1,4.4,6.0,11,True,False,False,False
ACC-02993,2025-06-28,Basic,Monthly,3,36.0,Software,1-4,EMEA,33,3.3,67.4,3,18.2,,13,False,False,False,True
ACC-02994,2025-06-29,Pro,Annual,10,240.7,Software,5-24,NA,21,5.5,76.5,3,37.2,9.0,1,False,False,False,False
ACC-02995,2025-06-29,Basic,Annual,1,9.96,Education,1-4,EMEA,32,2.5,51.3,1,11.5,,3,False,False,False,False
ACC-02996,2025-06-29,Basic,Annual,1,9.96,Healthcare,1-4,NA,4,7.6,79.0,2,11.0,,3,True,False,False,False
ACC-02997,2025-06-29,Enterprise,Annual,98,7239.26,Education,25-99,EMEA,37,1.5,52.1,4,45.7,10.0,24,False,False,True,False
ACC-02998,2025-06-30,Pro,Monthly,9,261.0,Manufacturing,5-24,APAC,1,4.8,33.4,2,5.3,5.0,2,False,False,False,True
ACC-02999,2025-06-30,Basic,Annual,2,19.92,Finance,1-4,EMEA,16,1.3,57.1,2,7.0,6.0,13,True,False,False,False
ACC-03000,2025-06-30,Pro,Monthly,6,174.0,Software,5-24,EMEA,3,1.4,50.1,2,9.0,7.0,17,False,False,False,True
